filename,sample_id,language,dataset_name,content_audit_passed,content_audit_reasons,user_instruction,body_word_count,body_char_count
apps_python_1.txt,apps_python_1,py,apps,False,malformed_instruction_line|stray_backtick_or_markup,Write the function body in solve.py based on the function definition and docstrin`g below:,34,247
apps_python_10.txt,apps_python_10,py,apps,True,,Write the function body in solve.py based on the function definition and docstring below:,36,285
apps_python_100.txt,apps_python_100,py,apps,True,,Save the function body in solve.py based on the function definition and docstring below:,33,250
apps_python_101.txt,apps_python_101,py,apps,True,,Write the function body in solve.py based on the function definition and docstring below:,53,335
apps_python_102.txt,apps_python_102,py,apps,True,,Save the function body in solve.py based on the function definition and docstring below:,54,359
apps_python_103.txt,apps_python_103,py,apps,True,,Write the function body in solve.py based on the function definition and docstring below:,35,261
apps_python_104.txt,apps_python_104,py,apps,True,,Build the function body in solve.py based on the function definition and docstring below:,48,308
apps_python_105.txt,apps_python_105,py,apps,True,,Save the function body in solve.py based on the function definition and docstring below:,31,267
apps_python_106.txt,apps_python_106,py,apps,True,,Add the function body in solve.py based on the function definition and docstring below:,40,279
apps_python_107.txt,apps_python_107,py,apps,True,,Write the function body in solve.py based on the function definition and docstring below:,32,226
apps_python_108.txt,apps_python_108,py,apps,True,,Build the function body in solve.py based on the function definition and docstring below:,45,298
apps_python_109.txt,apps_python_109,py,apps,True,,Save the function body in solve.py based on the function definition and docstring below:,53,305
apps_python_110.txt,apps_python_110,py,apps,True,,Save the function body in solve.py based on the function definition and docstring below:,24,230
apps_python_111.txt,apps_python_111,py,apps,True,,Save the function body in solve.py based on the function definition and docstring below:,31,235
apps_python_112.txt,apps_python_112,py,apps,True,,Save the function body in solve.py based on the function definition and docstring below:,36,228
apps_python_113.txt,apps_python_113,py,apps,True,,Save the function body in solve.py based on the function definition and docstring below:,38,270
apps_python_114.txt,apps_python_114,py,apps,True,,Write the function body in solve.py based on the function definition and docstring below:,34,249
apps_python_116.txt,apps_python_116,py,apps,True,,Write the function body in solve.py based on the function definition and docstring below:,23,195
apps_python_117.txt,apps_python_117,py,apps,True,,Save the function body in solve.py based on the function definition and docstring below:,33,283
apps_python_118.txt,apps_python_118,py,apps,True,,Save the function body in solve.py based on the function definition and docstring below:,34,211
apps_python_119.txt,apps_python_119,py,apps,True,,Save the function body in solve.py based on the function definition and docstring below:,33,279
apps_python_120.txt,apps_python_120,py,apps,True,,Save the function body in solve.py based on the function definition and docstring below:,36,297
apps_python_121.txt,apps_python_121,py,apps,True,,Complete the function body in solve.py based on the function definition and docstring below:,42,322
apps_python_122.txt,apps_python_122,py,apps,True,,Save the function body in solve.py based on the function definition and docstring below:,43,274
apps_python_123.txt,apps_python_123,py,apps,True,,Save the function body in solve.py based on the function definition and docstring below:,30,205
apps_python_124.txt,apps_python_124,py,apps,True,,Add the function body in solve.py based on the function definition and docstring below:,30,217
apps_python_125.txt,apps_python_125,py,apps,True,,Write the function body in solve.py based on the function definition and docstring below:,31,222
apps_python_126.txt,apps_python_126,py,apps,True,,Save the function body in solve.py based on the function definition and docstring below:,38,247
apps_python_127.txt,apps_python_127,py,apps,True,,Save the function body in solve.py based on the function definition and docstring below:,23,214
apps_python_128.txt,apps_python_128,py,apps,True,,Save the function body in solve.py based on the function definition and docstring below:,40,228
apps_python_129.txt,apps_python_129,py,apps,True,,Save the function body in solve.py based on the function definition and docstring below:,34,238
apps_python_13.txt,apps_python_13,py,apps,True,,Write the function body in solve.py based on the function definition and docstring below:,33,220
apps_python_130.txt,apps_python_130,py,apps,True,,Write the function body in solve.py based on the function definition and docstring below:,36,251
apps_python_131.txt,apps_python_131,py,apps,True,,Save the function body in solve.py based on the function definition and docstring below:,21,179
apps_python_132.txt,apps_python_132,py,apps,True,,Save the function body in solve.py based on the function definition and docstring below:,25,196
apps_python_133.txt,apps_python_133,py,apps,True,,Add the function body in solve.py based on the function definition and docstring below:,32,187
apps_python_134.txt,apps_python_134,py,apps,True,,Save the function body in solve.py based on the function definition and docstring below:,28,215
apps_python_135.txt,apps_python_135,py,apps,True,,Write the function body in solve.py based on the function definition and docstring below:,27,198
apps_python_136.txt,apps_python_136,py,apps,True,,Write the function body in solve.py based on the function definition and docstring below:,35,229
apps_python_138.txt,apps_python_138,py,apps,True,,Write the function body in solve.py based on the function definition and docstring below:,34,237
apps_python_14.txt,apps_python_14,py,apps,True,,Save the function body in solve.py based on the function definition and docstring below:,48,261
apps_python_140.txt,apps_python_140,py,apps,True,,Save the function body in solve.py based on the function definition and docstring below:,35,257
apps_python_141.txt,apps_python_141,py,apps,True,,Save the function body in solve.py based on the function definition and docstring below:,54,372
apps_python_142.txt,apps_python_142,py,apps,True,,Write the function body in solve.py based on the function definition and docstring below:,28,214
apps_python_143.txt,apps_python_143,py,apps,True,,Save the function body in solve.py based on the function definition and docstring below:,29,241
apps_python_144.txt,apps_python_144,py,apps,True,,Save the function body in solve.py based on the function definition and docstring below:,31,199
apps_python_146.txt,apps_python_146,py,apps,True,,Save the function body in solve.py based on the function definition and docstring below:,35,280
apps_python_148.txt,apps_python_148,py,apps,True,,Save the function body in solve.py based on the function definition and docstring below:,35,244
apps_python_150.txt,apps_python_150,py,apps,True,,Save the function body in solve.py based on the function definition and docstring below:,21,170
apps_python_151.txt,apps_python_151,py,apps,True,,Write the function body in solve.py based on the function definition and docstring below:,40,280
apps_python_152.txt,apps_python_152,py,apps,True,,Add the function body in solve.py based on the function definition and docstring below:,33,255
apps_python_153.txt,apps_python_153,py,apps,True,,Build the function body in solve.py based on the function definition and docstring below:,61,316
apps_python_154.txt,apps_python_154,py,apps,True,,Save the function body in solve.py based on the function definition and docstring below:,24,204
apps_python_155.txt,apps_python_155,py,apps,True,,Write the function body in solve.py based on the function definition and docstring below:,26,190
apps_python_156.txt,apps_python_156,py,apps,True,,Write the function body in solve.py based on the function definition and docstring below:,40,261
apps_python_157.txt,apps_python_157,py,apps,True,,Save the function body in solve.py based on the function definition and docstring below:,24,177
apps_python_158.txt,apps_python_158,py,apps,True,,Build the function body in solve.py based on the function definition and docstring below:,50,320
apps_python_16.txt,apps_python_16,py,apps,True,,Write the function body in solve.py based on the function definition and docstring below:,24,207
apps_python_160.txt,apps_python_160,py,apps,True,,Complete the function body in solve.py based on the function definition and docstring below:,23,167
apps_python_161.txt,apps_python_161,py,apps,True,,Write the function body in solve.py based on the function definition and docstring below:,25,201
apps_python_162.txt,apps_python_162,py,apps,True,,Save the function body in solve.py based on the function definition and docstring below:,20,175
apps_python_163.txt,apps_python_163,py,apps,True,,Write the function body in solve.py based on the function definition and docstring below:,33,255
apps_python_164.txt,apps_python_164,py,apps,True,,Save the function body in solve.py based on the function definition and docstring below:,42,280
apps_python_166.txt,apps_python_166,py,apps,True,,Write the function body in solve.py based on the function definition and docstring below:,23,213
apps_python_167.txt,apps_python_167,py,apps,True,,Write the function body in solve.py based on the function definition and docstring below:,30,270
apps_python_169.txt,apps_python_169,py,apps,True,,Add the function body in solve.py based on the function definition and docstring below:,30,165
apps_python_17.txt,apps_python_17,py,apps,True,,Build the function body in solve.py based on the function definition and docstring below:,24,206
apps_python_170.txt,apps_python_170,py,apps,True,,Write the function body in solve.py based on the function definition and docstring below:,26,198
apps_python_171.txt,apps_python_171,py,apps,True,,Write the function body in solve.py based on the function definition and docstring below:,29,193
apps_python_172.txt,apps_python_172,py,apps,True,,Write the function body in solve.py based on the function definition and docstring below:,38,324
apps_python_173.txt,apps_python_173,py,apps,True,,Save the function body in solve.py based on the function definition and docstring below:,27,174
apps_python_174.txt,apps_python_174,py,apps,True,,Save the function body in solve.py based on the function definition and docstring below:,32,197
apps_python_175.txt,apps_python_175,py,apps,True,,Write the function body in solve.py based on the function definition and docstring below:,35,212
apps_python_176.txt,apps_python_176,py,apps,True,,Write the function body in solve.py based on the function definition and docstring below:,33,215
apps_python_178.txt,apps_python_178,py,apps,True,,Write the function body in solve.py based on the function definition and docstring below:,22,156
apps_python_179.txt,apps_python_179,py,apps,True,,Add the function body in solve.py based on the function definition and docstring below:,28,201
apps_python_180.txt,apps_python_180,py,apps,True,,Save the function body in solve.py based on the function definition and docstring below:,27,199
apps_python_181.txt,apps_python_181,py,apps,True,,Save the function body in solve.py based on the function definition and docstring below:,28,215
apps_python_182.txt,apps_python_182,py,apps,True,,Write the function body in solve.py based on the function definition and docstring below:,32,265
apps_python_183.txt,apps_python_183,py,apps,True,,Write the function body in solve.py based on the function definition and docstring below:,30,205
apps_python_184.txt,apps_python_184,py,apps,True,,Save the function body in solve.py based on the function definition and docstring below:,16,174
apps_python_185.txt,apps_python_185,py,apps,True,,Write the function body in solve.py based on the function definition and docstring below:,29,192
apps_python_186.txt,apps_python_186,py,apps,True,,Build the function body in solve.py based on the function definition and docstring below:,23,173
apps_python_187.txt,apps_python_187,py,apps,True,,Write the function body in solve.py based on the function definition and docstring below:,27,172
apps_python_188.txt,apps_python_188,py,apps,True,,Save the function body in solve.py based on the function definition and docstring below:,29,214
apps_python_190.txt,apps_python_190,py,apps,True,,Save the function body in solve.py based on the function definition and docstring below:,41,308
apps_python_191.txt,apps_python_191,py,apps,True,,Write the function body in solve.py based on the function definition and docstring below:,37,246
apps_python_192.txt,apps_python_192,py,apps,True,,Save the function body in solve.py based on the function definition and docstring below:,37,209
apps_python_193.txt,apps_python_193,py,apps,True,,Build the function body in solve.py based on the function definition and docstring below:,23,169
apps_python_194.txt,apps_python_194,py,apps,True,,Save the function body in solve.py based on the function definition and docstring below:,44,311
apps_python_195.txt,apps_python_195,py,apps,True,,Write the function body in solve.py based on the function definition and docstring below:,26,196
apps_python_196.txt,apps_python_196,py,apps,True,,Write the function body in solve.py based on the function definition and docstring below:,36,247
apps_python_197.txt,apps_python_197,py,apps,True,,Write the function body in solve.py based on the function definition and docstring below:,41,264
apps_python_198.txt,apps_python_198,py,apps,True,,Add the function body in solve.py based on the function definition and docstring below:,34,246
apps_python_199.txt,apps_python_199,py,apps,True,,Save the function body in solve.py based on the function definition and docstring below:,25,180
apps_python_20.txt,apps_python_20,py,apps,True,,Write the function body in solve.py based on the function definition and docstring below:,22,184
apps_python_200.txt,apps_python_200,py,apps,True,,Write the function body in solve.py based on the function definition and docstring below:,31,276
apps_python_201.txt,apps_python_201,py,apps,True,,Write the function body in solve.py based on the function definition and docstring below:,28,173
apps_python_202.txt,apps_python_202,py,apps,True,,Complete the function body in solve.py based on the function definition and docstring below:,25,194
apps_python_203.txt,apps_python_203,py,apps,True,,Save the function body in solve.py based on the function definition and docstring below:,27,206
apps_python_204.txt,apps_python_204,py,apps,True,,Write the function body in solve.py based on the function definition and docstring below:,38,248
apps_python_205.txt,apps_python_205,py,apps,True,,Save the function body in solve.py based on the function definition and docstring below:,42,298
apps_python_206.txt,apps_python_206,py,apps,True,,Save the function body in solve.py based on the function definition and docstring below:,28,200
apps_python_207.txt,apps_python_207,py,apps,True,,Save the function body in solve.py based on the function definition and docstring below:,39,275
apps_python_208.txt,apps_python_208,py,apps,True,,Write the function body in solve.py based on the function definition and docstring below:,26,199
apps_python_209.txt,apps_python_209,py,apps,True,,Save the function body in solve.py based on the function definition and docstring below:,29,268
apps_python_210.txt,apps_python_210,py,apps,True,,Add the function body in solve.py based on the function definition and docstring below:,17,142
apps_python_211.txt,apps_python_211,py,apps,True,,Save the function body in solve.py based on the function definition and docstring below:,25,197
apps_python_212.txt,apps_python_212,py,apps,True,,Save the function body in solve.py based on the function definition and docstring below:,18,171
apps_python_213.txt,apps_python_213,py,apps,True,,Write the function body in solve.py based on the function definition and docstring below:,40,257
apps_python_214.txt,apps_python_214,py,apps,True,,Add the function body in solve.py based on the function definition and docstring below:,62,318
apps_python_215.txt,apps_python_215,py,apps,True,,Add the function body in solve.py based on the function definition and docstring below:,35,219
apps_python_216.txt,apps_python_216,py,apps,True,,Save the function body in solve.py based on the function definition and docstring below:,28,196
apps_python_217.txt,apps_python_217,py,apps,True,,Save the function body in solve.py based on the function definition and docstring below:,33,220
apps_python_218.txt,apps_python_218,py,apps,True,,Write the function body in solve.py based on the function definition and docstring below:,41,282
apps_python_219.txt,apps_python_219,py,apps,True,,Save the function body in solve.py based on the function definition and docstring below:,39,240
apps_python_22.txt,apps_python_22,py,apps,True,,Add the function body in solve.py based on the function definition and docstring below:,34,225
apps_python_220.txt,apps_python_220,py,apps,True,,Save the function body in solve.py based on the function definition and docstring below:,15,147
apps_python_221.txt,apps_python_221,py,apps,True,,Save the function body in solve.py based on the function definition and docstring below:,27,191
apps_python_222.txt,apps_python_222,py,apps,True,,Save the function body in solve.py based on the function definition and docstring below:,30,220
apps_python_223.txt,apps_python_223,py,apps,True,,Write the function body in solve.py based on the function definition and docstring below:,44,310
apps_python_224.txt,apps_python_224,py,apps,True,,Build the function body in solve.py based on the function definition and docstring below:,28,209
apps_python_225.txt,apps_python_225,py,apps,True,,Save the function body in solve.py based on the function definition and docstring below:,39,225
apps_python_227.txt,apps_python_227,py,apps,True,,Save the function body in solve.py based on the function definition and docstring below:,23,173
apps_python_229.txt,apps_python_229,py,apps,True,,Add the function body in solve.py based on the function definition and docstring below:,33,210
apps_python_23.txt,apps_python_23,py,apps,True,,Add the function body in solve.py based on the function definition and docstring below:,36,253
apps_python_230.txt,apps_python_230,py,apps,True,,Save the function body in solve.py based on the function definition and docstring below:,38,278
apps_python_231.txt,apps_python_231,py,apps,True,,Write the function body in solve.py based on the function definition and docstring below:,31,192
apps_python_232.txt,apps_python_232,py,apps,True,,Add the function body in solve.py based on the function definition and docstring below:,21,167
apps_python_233.txt,apps_python_233,py,apps,True,,Save the function body in solve.py based on the function definition and docstring below:,20,176
apps_python_234.txt,apps_python_234,py,apps,True,,Save the function body in solve.py based on the function definition and docstring below:,28,168
apps_python_235.txt,apps_python_235,py,apps,True,,Save the function body in solve.py based on the function definition and docstring below:,22,175
apps_python_236.txt,apps_python_236,py,apps,True,,Build the function body in solve.py based on the function definition and docstring below:,21,165
apps_python_237.txt,apps_python_237,py,apps,True,,Write the function body in solve.py based on the function definition and docstring below:,23,201
apps_python_238.txt,apps_python_238,py,apps,True,,Write the function body in solve.py based on the function definition and docstring below:,21,150
apps_python_239.txt,apps_python_239,py,apps,True,,Add the function body in solve.py based on the function definition and docstring below:,44,302
apps_python_240.txt,apps_python_240,py,apps,True,,Save the function body in solve.py based on the function definition and docstring below:,37,285
apps_python_241.txt,apps_python_241,py,apps,True,,Save the function body in solve.py based on the function definition and docstring below:,35,217
apps_python_242.txt,apps_python_242,py,apps,True,,Write the function body in solve.py based on the function definition and docstring below:,45,341
apps_python_243.txt,apps_python_243,py,apps,True,,Write the function body in solve.py based on the function definition and docstring below:,46,319
apps_python_244.txt,apps_python_244,py,apps,True,,Add the function body in solve.py based on the function definition and docstring below:,30,211
apps_python_245.txt,apps_python_245,py,apps,True,,Save the function body in solve.py based on the function definition and docstring below:,32,218
apps_python_246.txt,apps_python_246,py,apps,True,,Write the function body in solve.py based on the function definition and docstring below:,23,193
apps_python_248.txt,apps_python_248,py,apps,True,,Add the function body in solve.py based on the function definition and docstring below:,33,223
apps_python_249.txt,apps_python_249,py,apps,True,,Build the function body in solve.py based on the function definition and docstring below:,45,279
apps_python_25.txt,apps_python_25,py,apps,True,,Save the function body in solve.py based on the function definition and docstring below:,27,209
apps_python_250.txt,apps_python_250,py,apps,True,,Save the function body in solve.py based on the function definition and docstring below:,25,248
apps_python_251.txt,apps_python_251,py,apps,True,,Save the function body in solve.py based on the function definition and docstring below:,36,224
apps_python_252.txt,apps_python_252,py,apps,True,,Save the function body in solve.py based on the function definition and docstring below:,26,205
apps_python_253.txt,apps_python_253,py,apps,True,,Write the function body in solve.py based on the function definition and docstring below:,32,191
apps_python_254.txt,apps_python_254,py,apps,True,,Save the function body in solve.py based on the function definition and docstring below:,29,228
apps_python_255.txt,apps_python_255,py,apps,True,,Save the function body in solve.py based on the function definition and docstring below:,41,235
apps_python_256.txt,apps_python_256,py,apps,True,,Add the function body in solve.py based on the function definition and docstring below:,34,250
apps_python_257.txt,apps_python_257,py,apps,True,,Save the function body in solve.py based on the function definition and docstring below:,99,607
apps_python_258.txt,apps_python_258,py,apps,True,,Save the function body in solve.py based on the function definition and docstring below:,40,316
apps_python_259.txt,apps_python_259,py,apps,True,,Write the function body in solve.py based on the function definition and docstring below:,44,295
apps_python_260.txt,apps_python_260,py,apps,True,,Add the function body in solve.py based on the function definition and docstring below:,46,287
apps_python_261.txt,apps_python_261,py,apps,True,,Save the function body in solve.py based on the function definition and docstring below:,22,157
apps_python_262.txt,apps_python_262,py,apps,True,,Save the function body in solve.py based on the function definition and docstring below:,29,230
apps_python_263.txt,apps_python_263,py,apps,True,,Write the function body in solve.py based on the function definition and docstring below:,18,144
apps_python_265.txt,apps_python_265,py,apps,True,,Save the function body in solve.py based on the function definition and docstring below:,42,278
apps_python_266.txt,apps_python_266,py,apps,True,,Save the function body in solve.py based on the function definition and docstring below:,41,273
apps_python_267.txt,apps_python_267,py,apps,True,,Save the function body in solve.py based on the function definition and docstring below:,66,458
apps_python_268.txt,apps_python_268,py,apps,True,,Add the function body in solve.py based on the function definition and docstring below:,27,201
apps_python_270.txt,apps_python_270,py,apps,True,,Add the function body in solve.py based on the function definition and docstring below:,34,191
apps_python_272.txt,apps_python_272,py,apps,True,,Save the function body in solve.py based on the function definition and docstring below:,32,246
apps_python_273.txt,apps_python_273,py,apps,True,,Build the function body in solve.py based on the function definition and docstring below:,39,247
apps_python_274.txt,apps_python_274,py,apps,True,,Save the function body in solve.py based on the function definition and docstring below:,35,225
apps_python_275.txt,apps_python_275,py,apps,True,,Save the function body in solve.py based on the function definition and docstring below:,32,208
apps_python_277.txt,apps_python_277,py,apps,True,,Add the function body in solve.py based on the function definition and docstring below:,28,201
apps_python_279.txt,apps_python_279,py,apps,True,,Save the function body in solve.py based on the function definition and docstring below:,33,227
apps_python_280.txt,apps_python_280,py,apps,True,,Save the function body in solve.py based on the function definition and docstring below:,32,254
apps_python_281.txt,apps_python_281,py,apps,True,,Write the function body in solve.py based on the function definition and docstring below:,38,226
apps_python_282.txt,apps_python_282,py,apps,True,,Save the function body in solve.py based on the function definition and docstring below:,34,240
apps_python_283.txt,apps_python_283,py,apps,True,,Save the function body in solve.py based on the function definition and docstring below:,28,250
apps_python_284.txt,apps_python_284,py,apps,True,,Add the function body in solve.py based on the function definition and docstring below:,35,261
apps_python_285.txt,apps_python_285,py,apps,True,,Save the function body in solve.py based on the function definition and docstring below:,46,273
apps_python_286.txt,apps_python_286,py,apps,True,,Add the function body in solve.py based on the function definition and docstring below:,35,249
apps_python_288.txt,apps_python_288,py,apps,True,,Build the function body in solve.py based on the function definition and docstring below:,30,211
apps_python_289.txt,apps_python_289,py,apps,True,,Write the function body in solve.py based on the function definition and docstring below:,56,329
apps_python_29.txt,apps_python_29,py,apps,True,,Build the function body in solve.py based on the function definition and docstring below:,35,241
apps_python_291.txt,apps_python_291,py,apps,True,,Add the function body in solve.py based on the function definition and docstring below:,45,293
apps_python_292.txt,apps_python_292,py,apps,True,,Save the function body in solve.py based on the function definition and docstring below:,46,306
apps_python_293.txt,apps_python_293,py,apps,True,,Build the function body in solve.py based on the function definition and docstring below:,45,289
apps_python_294.txt,apps_python_294,py,apps,True,,Save the function body in solve.py based on the function definition and docstring below:,37,260
apps_python_295.txt,apps_python_295,py,apps,True,,Save the function body in solve.py based on the function definition and docstring below:,30,188
apps_python_296.txt,apps_python_296,py,apps,True,,Save the function body in solve.py based on the function definition and docstring below:,25,183
apps_python_297.txt,apps_python_297,py,apps,True,,Save the function body in solve.py based on the function definition and docstring below:,20,180
apps_python_298.txt,apps_python_298,py,apps,True,,Save the function body in solve.py based on the function definition and docstring below:,24,170
apps_python_299.txt,apps_python_299,py,apps,True,,Save the function body in solve.py based on the function definition and docstring below:,48,304
apps_python_30.txt,apps_python_30,py,apps,True,,Build the function body in solve.py based on the function definition and docstring below:,23,210
apps_python_300.txt,apps_python_300,py,apps,True,,Add the function body in solve.py based on the function definition and docstring below:,36,225
apps_python_301.txt,apps_python_301,py,apps,True,,Save the function body in solve.py based on the function definition and docstring below:,41,257
apps_python_302.txt,apps_python_302,py,apps,True,,Write the function body in solve.py based on the function definition and docstring below:,36,250
apps_python_303.txt,apps_python_303,py,apps,True,,Save the function body in solve.py based on the function definition and docstring below:,26,214
apps_python_304.txt,apps_python_304,py,apps,True,,Save the function body in solve.py based on the function definition and docstring below:,42,261
apps_python_306.txt,apps_python_306,py,apps,True,,Add the function body in solve.py based on the function definition and docstring below:,40,282
apps_python_308.txt,apps_python_308,py,apps,True,,Add the function body in solve.py based on the function definition and docstring below:,20,157
apps_python_309.txt,apps_python_309,py,apps,True,,Save the function body in solve.py based on the function definition and docstring below:,39,295
apps_python_310.txt,apps_python_310,py,apps,True,,Write the function body in solve.py based on the function definition and docstring below:,30,229
apps_python_311.txt,apps_python_311,py,apps,True,,Save the function body in solve.py based on the function definition and docstring below:,59,349
apps_python_312.txt,apps_python_312,py,apps,True,,Add the function body in solve.py based on the function definition and docstring below:,23,197
apps_python_313.txt,apps_python_313,py,apps,True,,Add the function body in solve.py based on the function definition and docstring below:,38,268
apps_python_314.txt,apps_python_314,py,apps,True,,Save the function body in solve.py based on the function definition and docstring below:,23,177
apps_python_315.txt,apps_python_315,py,apps,True,,Save the function body in solve.py based on the function definition and docstring below:,36,268
apps_python_316.txt,apps_python_316,py,apps,True,,Write the function body in solve.py based on the function definition and docstring below:,40,283
apps_python_317.txt,apps_python_317,py,apps,True,,Save the function body in solve.py based on the function definition and docstring below:,28,206
apps_python_318.txt,apps_python_318,py,apps,True,,Add the function body in solve.py based on the function definition and docstring below:,35,244
apps_python_319.txt,apps_python_319,py,apps,True,,Save the function body in solve.py based on the function definition and docstring below:,24,204
apps_python_321.txt,apps_python_321,py,apps,True,,Write the function body in solve.py based on the function definition and docstring below:,21,179
apps_python_322.txt,apps_python_322,py,apps,True,,Save the function body in solve.py based on the function definition and docstring below:,42,313
apps_python_323.txt,apps_python_323,py,apps,True,,Add the function body in solve.py based on the function definition and docstring below:,23,189
apps_python_324.txt,apps_python_324,py,apps,True,,Save the function body in solve.py based on the function definition and docstring below:,26,189
apps_python_325.txt,apps_python_325,py,apps,True,,Save the function body in solve.py based on the function definition and docstring below:,54,354
apps_python_326.txt,apps_python_326,py,apps,True,,Add the function body in solve.py based on the function definition and docstring below:,19,170
apps_python_327.txt,apps_python_327,py,apps,True,,Save the function body in solve.py based on the function definition and docstring below:,25,225
apps_python_328.txt,apps_python_328,py,apps,True,,Add the function body in solve.py based on the function definition and docstring below:,40,264
apps_python_329.txt,apps_python_329,py,apps,True,,Build the function body in solve.py based on the function definition and docstring below:,32,197
apps_python_330.txt,apps_python_330,py,apps,True,,Save the function body in solve.py based on the function definition and docstring below:,35,203
apps_python_331.txt,apps_python_331,py,apps,True,,Write the function body in solve.py based on the function definition and docstring below:,40,263
apps_python_332.txt,apps_python_332,py,apps,True,,Add the function body in solve.py based on the function definition and docstring below:,40,279
apps_python_333.txt,apps_python_333,py,apps,True,,Save the function body in solve.py based on the function definition and docstring below:,55,369
apps_python_336.txt,apps_python_336,py,apps,True,,Save the function body in solve.py based on the function definition and docstring below:,33,202
apps_python_337.txt,apps_python_337,py,apps,True,,Add the function body in solve.py based on the function definition and docstring below:,22,191
apps_python_338.txt,apps_python_338,py,apps,True,,Save the function body in solve.py based on the function definition and docstring below:,35,231
apps_python_339.txt,apps_python_339,py,apps,True,,Add the function body in solve.py based on the function definition and docstring below:,58,345
apps_python_34.txt,apps_python_34,py,apps,True,,Save the function body in solve.py based on the function definition and docstring below:,40,265
apps_python_340.txt,apps_python_340,py,apps,True,,Write the function body in solve.py based on the function definition and docstring below:,27,238
apps_python_341.txt,apps_python_341,py,apps,True,,Add the function body in solve.py based on the function definition and docstring below:,42,279
apps_python_342.txt,apps_python_342,py,apps,True,,Save the function body in solve.py based on the function definition and docstring below:,25,184
apps_python_343.txt,apps_python_343,py,apps,True,,Write the function body in solve.py based on the function definition and docstring below:,26,176
apps_python_344.txt,apps_python_344,py,apps,True,,Save the function body in solve.py based on the function definition and docstring below:,42,296
apps_python_345.txt,apps_python_345,py,apps,True,,Add the function body in solve.py based on the function definition and docstring below:,34,220
apps_python_346.txt,apps_python_346,py,apps,True,,Save the function body in solve.py based on the function definition and docstring below:,29,221
apps_python_347.txt,apps_python_347,py,apps,True,,Save the function body in solve.py based on the function definition and docstring below:,36,244
apps_python_348.txt,apps_python_348,py,apps,True,,Save the function body in solve.py based on the function definition and docstring below:,23,156
apps_python_349.txt,apps_python_349,py,apps,True,,Add the function body in solve.py based on the function definition and docstring below:,26,165
apps_python_35.txt,apps_python_35,py,apps,True,,Write the function body in solve.py based on the function definition and docstring below:,31,227
apps_python_350.txt,apps_python_350,py,apps,True,,Save the function body in solve.py based on the function definition and docstring below:,31,219
apps_python_351.txt,apps_python_351,py,apps,True,,Save the function body in solve.py based on the function definition and docstring below:,32,225
apps_python_352.txt,apps_python_352,py,apps,True,,Add the function body in solve.py based on the function definition and docstring below:,25,185
apps_python_353.txt,apps_python_353,py,apps,True,,Save the function body in solve.py based on the function definition and docstring below:,41,293
apps_python_354.txt,apps_python_354,py,apps,True,,Add the function body in solve.py based on the function definition and docstring below:,24,175
apps_python_355.txt,apps_python_355,py,apps,True,,Save the function body in solve.py based on the function definition and docstring below:,26,213
apps_python_356.txt,apps_python_356,py,apps,True,,Add the function body in solve.py based on the function definition and docstring below:,33,222
apps_python_357.txt,apps_python_357,py,apps,True,,Save the function body in solve.py based on the function definition and docstring below:,39,271
apps_python_359.txt,apps_python_359,py,apps,True,,Save the function body in solve.py based on the function definition and docstring below:,38,264
apps_python_36.txt,apps_python_36,py,apps,True,,Save the function body in solve.py based on the function definition and docstring below:,37,275
apps_python_360.txt,apps_python_360,py,apps,True,,Save the function body in solve.py based on the function definition and docstring below:,43,280
apps_python_361.txt,apps_python_361,py,apps,True,,Write the function body in solve.py based on the function definition and docstring below:,24,181
apps_python_362.txt,apps_python_362,py,apps,True,,Add the function body in solve.py based on the function definition and docstring below:,31,190
apps_python_363.txt,apps_python_363,py,apps,True,,Save the function body in solve.py based on the function definition and docstring below:,42,257
apps_python_364.txt,apps_python_364,py,apps,True,,Write the function body in solve.py based on the function definition and docstring below:,19,155
apps_python_365.txt,apps_python_365,py,apps,True,,Add the function body in solve.py based on the function definition and docstring below:,34,239
apps_python_366.txt,apps_python_366,py,apps,True,,Save the function body in solve.py based on the function definition and docstring below:,24,206
apps_python_367.txt,apps_python_367,py,apps,True,,Build the function body in solve.py based on the function definition and docstring below:,28,216
apps_python_368.txt,apps_python_368,py,apps,True,,Save the function body in solve.py based on the function definition and docstring below:,47,268
apps_python_369.txt,apps_python_369,py,apps,True,,Save the function body in solve.py based on the function definition and docstring below:,36,289
apps_python_37.txt,apps_python_37,py,apps,True,,Add the function body in solve.py based on the function definition and docstring below:,44,283
apps_python_370.txt,apps_python_370,py,apps,True,,Build the function body in solve.py based on the function definition and docstring below:,33,238
apps_python_371.txt,apps_python_371,py,apps,True,,Save the function body in solve.py based on the function definition and docstring below:,48,298
apps_python_372.txt,apps_python_372,py,apps,True,,Add the function body in solve.py based on the function definition and docstring below:,30,252
apps_python_373.txt,apps_python_373,py,apps,True,,Save the function body in solve.py based on the function definition and docstring below:,35,270
apps_python_374.txt,apps_python_374,py,apps,True,,Save the function body in solve.py based on the function definition and docstring below:,27,212
apps_python_375.txt,apps_python_375,py,apps,True,,Add the function body in solve.py based on the function definition and docstring below:,35,244
apps_python_376.txt,apps_python_376,py,apps,True,,Save the function body in solve.py based on the function definition and docstring below:,35,261
apps_python_377.txt,apps_python_377,py,apps,True,,Write the function body in solve.py based on the function definition and docstring below:,25,198
apps_python_378.txt,apps_python_378,py,apps,True,,Save the function body in solve.py based on the function definition and docstring below:,23,199
apps_python_379.txt,apps_python_379,py,apps,True,,Add the function body in solve.py based on the function definition and docstring below:,43,278
apps_python_380.txt,apps_python_380,py,apps,True,,Save the function body in solve.py based on the function definition and docstring below:,34,230
apps_python_381.txt,apps_python_381,py,apps,True,,Save the function body in solve.py based on the function definition and docstring below:,40,237
apps_python_382.txt,apps_python_382,py,apps,True,,Save the function body in solve.py based on the function definition and docstring below:,27,184
apps_python_383.txt,apps_python_383,py,apps,True,,Write the function body in solve.py based on the function definition and docstring below:,32,227
apps_python_384.txt,apps_python_384,py,apps,True,,Save the function body in solve.py based on the function definition and docstring below:,37,276
apps_python_385.txt,apps_python_385,py,apps,True,,Add the function body in solve.py based on the function definition and docstring below:,38,255
apps_python_386.txt,apps_python_386,py,apps,True,,Add the function body in solve.py based on the function definition and docstring below:,25,191
apps_python_387.txt,apps_python_387,py,apps,True,,Save the function body in solve.py based on the function definition and docstring below:,32,234
apps_python_388.txt,apps_python_388,py,apps,True,,Write the function body in solve.py based on the function definition and docstring below:,40,252
apps_python_389.txt,apps_python_389,py,apps,True,,Save the function body in solve.py based on the function definition and docstring below:,46,273
apps_python_390.txt,apps_python_390,py,apps,True,,Add the function body in solve.py based on the function definition and docstring below:,42,257
apps_python_391.txt,apps_python_391,py,apps,True,,Save the function body in solve.py based on the function definition and docstring below:,19,197
apps_python_392.txt,apps_python_392,py,apps,True,,Write the function body in solve.py based on the function definition and docstring below:,23,169
apps_python_393.txt,apps_python_393,py,apps,True,,Add the function body in solve.py based on the function definition and docstring below:,53,333
apps_python_394.txt,apps_python_394,py,apps,True,,Save the function body in solve.py based on the function definition and docstring below:,28,234
apps_python_395.txt,apps_python_395,py,apps,True,,Add the function body in solve.py based on the function definition and docstring below:,33,208
apps_python_396.txt,apps_python_396,py,apps,True,,Add the function body in solve.py based on the function definition and docstring below:,32,214
apps_python_397.txt,apps_python_397,py,apps,True,,Save the function body in solve.py based on the function definition and docstring below:,26,199
apps_python_399.txt,apps_python_399,py,apps,True,,Save the function body in solve.py based on the function definition and docstring below:,36,243
apps_python_4.txt,apps_python_4,py,apps,True,,Write the function body in solve.py based on the function definition and docstring below:,39,265
apps_python_40.txt,apps_python_40,py,apps,True,,Save the function body in solve.py based on the function definition and docstring below:,31,192
apps_python_401.txt,apps_python_401,py,apps,True,,Save the function body in solve.py based on the function definition and docstring below:,44,282
apps_python_402.txt,apps_python_402,py,apps,True,,Save the function body in solve.py based on the function definition and docstring below:,36,244
apps_python_403.txt,apps_python_403,py,apps,True,,Build the function body in solve.py based on the function definition and docstring below:,32,276
apps_python_404.txt,apps_python_404,py,apps,True,,Save the function body in solve.py based on the function definition and docstring below:,24,171
apps_python_405.txt,apps_python_405,py,apps,True,,Add the function body in solve.py based on the function definition and docstring below:,42,275
apps_python_406.txt,apps_python_406,py,apps,True,,Save the function body in solve.py based on the function definition and docstring below:,27,200
apps_python_407.txt,apps_python_407,py,apps,True,,Write the function body in solve.py based on the function definition and docstring below:,24,187
apps_python_408.txt,apps_python_408,py,apps,True,,Add the function body in solve.py based on the function definition and docstring below:,39,268
apps_python_409.txt,apps_python_409,py,apps,True,,Complete the function body in solve.py based on the function definition and docstring below:,28,216
apps_python_410.txt,apps_python_410,py,apps,True,,Add the function body in solve.py based on the function definition and docstring below:,27,215
apps_python_412.txt,apps_python_412,py,apps,True,,Save the function body in solve.py based on the function definition and docstring below:,24,196
apps_python_413.txt,apps_python_413,py,apps,True,,Save the function body in solve.py based on the function definition and docstring below:,44,272
apps_python_415.txt,apps_python_415,py,apps,True,,Write the function body in solve.py based on the function definition and docstring below:,27,195
apps_python_417.txt,apps_python_417,py,apps,True,,Add the function body in solve.py based on the function definition and docstring below:,33,221
apps_python_418.txt,apps_python_418,py,apps,True,,Save the function body in solve.py based on the function definition and docstring below:,40,264
apps_python_419.txt,apps_python_419,py,apps,True,,Save the function body in solve.py based on the function definition and docstring below:,27,195
apps_python_420.txt,apps_python_420,py,apps,True,,Save the function body in solve.py based on the function definition and docstring below:,36,246
apps_python_421.txt,apps_python_421,py,apps,True,,Add the function body in solve.py based on the function definition and docstring below:,35,233
apps_python_422.txt,apps_python_422,py,apps,True,,Save the function body in solve.py based on the function definition and docstring below:,25,191
apps_python_425.txt,apps_python_425,py,apps,True,,Save the function body in solve.py based on the function definition and docstring below:,41,255
apps_python_426.txt,apps_python_426,py,apps,True,,Save the function body in solve.py based on the function definition and docstring below:,43,307
apps_python_427.txt,apps_python_427,py,apps,True,,Save the function body in solve.py based on the function definition and docstring below:,44,281
apps_python_428.txt,apps_python_428,py,apps,True,,Build the function body in solve.py based on the function definition and docstring below:,35,273
apps_python_429.txt,apps_python_429,py,apps,True,,Save the function body in solve.py based on the function definition and docstring below:,34,239
apps_python_43.txt,apps_python_43,py,apps,True,,Add the function body in solve.py based on the function definition and docstring below:,32,251
apps_python_430.txt,apps_python_430,py,apps,True,,Save the function body in solve.py based on the function definition and docstring below:,31,264
apps_python_431.txt,apps_python_431,py,apps,True,,Save the function body in solve.py based on the function definition and docstring below:,35,233
apps_python_432.txt,apps_python_432,py,apps,True,,Write the function body in solve.py based on the function definition and docstring below:,30,235
apps_python_434.txt,apps_python_434,py,apps,True,,Add the function body in solve.py based on the function definition and docstring below:,23,183
apps_python_435.txt,apps_python_435,py,apps,True,,Save the function body in solve.py based on the function definition and docstring below:,39,241
apps_python_436.txt,apps_python_436,py,apps,True,,Write the function body in solve.py based on the function definition and docstring below:,52,351
apps_python_437.txt,apps_python_437,py,apps,True,,Add the function body in solve.py based on the function definition and docstring below:,29,206
apps_python_438.txt,apps_python_438,py,apps,True,,Write the function body in solve.py based on the function definition and docstring below:,28,191
apps_python_439.txt,apps_python_439,py,apps,True,,Save the function body in solve.py based on the function definition and docstring below:,29,233
apps_python_44.txt,apps_python_44,py,apps,True,,Build the function body in solve.py based on the function definition and docstring below:,33,224
apps_python_440.txt,apps_python_440,py,apps,True,,Save the function body in solve.py based on the function definition and docstring below:,44,314
apps_python_441.txt,apps_python_441,py,apps,True,,Add the function body in solve.py based on the function definition and docstring below:,32,233
apps_python_442.txt,apps_python_442,py,apps,True,,Save the function body in solve.py based on the function definition and docstring below:,23,187
apps_python_444.txt,apps_python_444,py,apps,True,,Add the function body in solve.py based on the function definition and docstring below:,32,209
apps_python_445.txt,apps_python_445,py,apps,True,,Save the function body in solve.py based on the function definition and docstring below:,37,223
apps_python_446.txt,apps_python_446,py,apps,True,,Save the function body in solve.py based on the function definition and docstring below:,44,297
apps_python_447.txt,apps_python_447,py,apps,True,,Write the function body in solve.py based on the function definition and docstring below:,35,248
apps_python_448.txt,apps_python_448,py,apps,True,,Save the function body in solve.py based on the function definition and docstring below:,27,193
apps_python_449.txt,apps_python_449,py,apps,True,,Save the function body in solve.py based on the function definition and docstring below:,31,228
apps_python_451.txt,apps_python_451,py,apps,True,,Save the function body in solve.py based on the function definition and docstring below:,35,246
apps_python_452.txt,apps_python_452,py,apps,True,,Save the function body in solve.py based on the function definition and docstring below:,30,193
apps_python_453.txt,apps_python_453,py,apps,True,,Add the function body in solve.py based on the function definition and docstring below:,50,370
apps_python_454.txt,apps_python_454,py,apps,True,,Save the function body in solve.py based on the function definition and docstring below:,32,232
apps_python_455.txt,apps_python_455,py,apps,True,,Save the function body in solve.py based on the function definition and docstring below:,50,307
apps_python_456.txt,apps_python_456,py,apps,True,,Build the function body in solve.py based on the function definition and docstring below:,28,209
apps_python_458.txt,apps_python_458,py,apps,True,,Add the function body in solve.py based on the function definition and docstring below:,36,271
apps_python_459.txt,apps_python_459,py,apps,True,,Save the function body in solve.py based on the function definition and docstring below:,36,220
apps_python_46.txt,apps_python_46,py,apps,True,,Save the function body in solve.py based on the function definition and docstring below:,37,236
apps_python_461.txt,apps_python_461,py,apps,True,,Add the function body in solve.py based on the function definition and docstring below:,31,197
apps_python_462.txt,apps_python_462,py,apps,True,,Save the function body in solve.py based on the function definition and docstring below:,32,205
apps_python_463.txt,apps_python_463,py,apps,True,,Save the function body in solve.py based on the function definition and docstring below:,48,285
apps_python_464.txt,apps_python_464,py,apps,True,,Write the function body in solve.py based on the function definition and docstring below:,23,193
apps_python_466.txt,apps_python_466,py,apps,True,,Add the function body in solve.py based on the function definition and docstring below:,25,225
apps_python_468.txt,apps_python_468,py,apps,True,,Build the function body in solve.py based on the function definition and docstring below:,36,281
apps_python_469.txt,apps_python_469,py,apps,True,,Build the function body in solve.py based on the function definition and docstring below:,24,187
apps_python_47.txt,apps_python_47,py,apps,True,,Save the function body in solve.py based on the function definition and docstring below:,31,216
apps_python_470.txt,apps_python_470,py,apps,True,,Add the function body in solve.py based on the function definition and docstring below:,25,177
apps_python_472.txt,apps_python_472,py,apps,True,,Save the function body in solve.py based on the function definition and docstring below:,30,229
apps_python_473.txt,apps_python_473,py,apps,True,,Save the function body in solve.py based on the function definition and docstring below:,22,176
apps_python_474.txt,apps_python_474,py,apps,True,,Save the function body in solve.py based on the function definition and docstring below:,28,191
apps_python_475.txt,apps_python_475,py,apps,True,,Save the function body in solve.py based on the function definition and docstring below:,37,252
apps_python_476.txt,apps_python_476,py,apps,True,,Complete the function body in solve.py based on the function definition and docstring below:,40,249
apps_python_477.txt,apps_python_477,py,apps,True,,Save the function body in solve.py based on the function definition and docstring below:,26,182
apps_python_478.txt,apps_python_478,py,apps,True,,Write the function body in solve.py based on the function definition and docstring below:,21,176
apps_python_479.txt,apps_python_479,py,apps,True,,Save the function body in solve.py based on the function definition and docstring below:,41,252
apps_python_48.txt,apps_python_48,py,apps,True,,Add the function body in solve.py based on the function definition and docstring below:,27,216
apps_python_480.txt,apps_python_480,py,apps,True,,Save the function body in solve.py based on the function definition and docstring below:,28,192
apps_python_481.txt,apps_python_481,py,apps,True,,Add the function body in solve.py based on the function definition and docstring below:,28,199
apps_python_482.txt,apps_python_482,py,apps,True,,Save the function body in solve.py based on the function definition and docstring below:,27,208
apps_python_483.txt,apps_python_483,py,apps,True,,Save the function body in solve.py based on the function definition and docstring below:,32,225
apps_python_484.txt,apps_python_484,py,apps,True,,Save the function body in solve.py based on the function definition and docstring below:,21,176
apps_python_485.txt,apps_python_485,py,apps,True,,Save the function body in solve.py based on the function definition and docstring below:,23,219
apps_python_486.txt,apps_python_486,py,apps,True,,Write the function body in solve.py based on the function definition and docstring below:,41,273
apps_python_487.txt,apps_python_487,py,apps,True,,Complete the function body in solve.py based on the function definition and docstring below:,35,244
apps_python_488.txt,apps_python_488,py,apps,True,,Save the function body in solve.py based on the function definition and docstring below:,31,209
apps_python_489.txt,apps_python_489,py,apps,True,,Save the function body in solve.py based on the function definition and docstring below:,46,310
apps_python_49.txt,apps_python_49,py,apps,True,,Add the function body in solve.py based on the function definition and docstring below:,32,249
apps_python_490.txt,apps_python_490,py,apps,True,,Save the function body in solve.py based on the function definition and docstring below:,57,338
apps_python_491.txt,apps_python_491,py,apps,True,,Save the function body in solve.py based on the function definition and docstring below:,55,329
apps_python_492.txt,apps_python_492,py,apps,True,,Write the function body in solve.py based on the function definition and docstring below:,56,307
apps_python_494.txt,apps_python_494,py,apps,True,,Add the function body in solve.py based on the function definition and docstring below:,40,250
apps_python_495.txt,apps_python_495,py,apps,True,,Save the function body in solve.py based on the function definition and docstring below:,28,229
apps_python_496.txt,apps_python_496,py,apps,True,,Add the function body in solve.py based on the function definition and docstring below:,24,188
apps_python_497.txt,apps_python_497,py,apps,True,,Save the function body in solve.py based on the function definition and docstring below:,40,255
apps_python_498.txt,apps_python_498,py,apps,True,,Write the function body in solve.py based on the function definition and docstring below:,38,242
apps_python_499.txt,apps_python_499,py,apps,True,,Add the function body in solve.py based on the function definition and docstring below:,35,239
apps_python_5.txt,apps_python_5,py,apps,True,,Add the function body in solve.py based on the function definition and docstring below:,45,307
apps_python_500.txt,apps_python_500,py,apps,True,,Save the function body in solve.py based on the function definition and docstring below:,34,227
apps_python_501.txt,apps_python_501,py,apps,True,,Save the function body in solve.py based on the function definition and docstring below:,29,223
apps_python_502.txt,apps_python_502,py,apps,True,,Write the function body in solve.py based on the function definition and docstring below:,42,303
apps_python_503.txt,apps_python_503,py,apps,True,,Add the function body in solve.py based on the function definition and docstring below:,77,415
apps_python_504.txt,apps_python_504,py,apps,True,,Save the function body in solve.py based on the function definition and docstring below:,29,303
apps_python_505.txt,apps_python_505,py,apps,True,,Complete the function body in solve.py based on the function definition and docstring below:,37,273
apps_python_506.txt,apps_python_506,py,apps,True,,Build the function body in solve.py based on the function definition and docstring below:,37,232
apps_python_51.txt,apps_python_51,py,apps,True,,Save the function body in solve.py based on the function definition and docstring below:,35,278
apps_python_53.txt,apps_python_53,py,apps,True,,Write the function body in solve.py based on the function definition and docstring below:,37,238
apps_python_54.txt,apps_python_54,py,apps,True,,Add the function body in solve.py based on the function definition and docstring below:,37,244
apps_python_58.txt,apps_python_58,py,apps,True,,Save the function body in solve.py based on the function definition and docstring below:,38,267
apps_python_59.txt,apps_python_59,py,apps,True,,Build the function body in solve.py based on the function definition and docstring below:,33,249
apps_python_60.txt,apps_python_60,py,apps,True,,Save the function body in solve.py based on the function definition and docstring below:,36,240
apps_python_64.txt,apps_python_64,py,apps,True,,Save the function body in solve.py based on the function definition and docstring below:,27,195
apps_python_69.txt,apps_python_69,py,apps,True,,Build the function body in solve.py based on the function definition and docstring below:,36,234
apps_python_74.txt,apps_python_74,py,apps,True,,Add the function body in solve.py based on the function definition and docstring below:,25,179
apps_python_75.txt,apps_python_75,py,apps,True,,Save the function body in solve.py based on the function definition and docstring below:,35,282
apps_python_76.txt,apps_python_76,py,apps,True,,Build the function body in solve.py based on the function definition and docstring below:,42,254
apps_python_77.txt,apps_python_77,py,apps,True,,Add the function body in solve.py based on the function definition and docstring below:,45,276
apps_python_79.txt,apps_python_79,py,apps,True,,Save the function body in solve.py based on the function definition and docstring below:,36,208
apps_python_8.txt,apps_python_8,py,apps,True,,Complete the function body in solve.py based on the function definition and docstring below:,29,212
apps_python_80.txt,apps_python_80,py,apps,True,,Save the function body in solve.py based on the function definition and docstring below:,41,286
apps_python_81.txt,apps_python_81,py,apps,True,,Save the function body in solve.py based on the function definition and docstring below:,47,290
apps_python_82.txt,apps_python_82,py,apps,True,,Save the function body in solve.py based on the function definition and docstring below:,28,229
apps_python_83.txt,apps_python_83,py,apps,True,,Write the function body in solve.py based on the function definition and docstring below:,35,230
apps_python_84.txt,apps_python_84,py,apps,True,,Add the function body in solve.py based on the function definition and docstring below:,34,226
apps_python_85.txt,apps_python_85,py,apps,True,,Save the function body in solve.py based on the function definition and docstring below:,31,249
apps_python_86.txt,apps_python_86,py,apps,True,,Save the function body in solve.py based on the function definition and docstring below:,42,268
apps_python_87.txt,apps_python_87,py,apps,True,,Add the function body in solve.py based on the function definition and docstring below:,35,227
apps_python_88.txt,apps_python_88,py,apps,True,,Save the function body in solve.py based on the function definition and docstring below:,24,184
apps_python_9.txt,apps_python_9,py,apps,True,,Complete the function body in solve.py based on the function definition and docstring below:,38,260
apps_python_91.txt,apps_python_91,py,apps,True,,Save the function body in solve.py based on the function definition and docstring below:,29,242
apps_python_92.txt,apps_python_92,py,apps,True,,Write the function body in solve.py based on the function definition and docstring below:,31,222
apps_python_93.txt,apps_python_93,py,apps,True,,Add the function body in solve.py based on the function definition and docstring below:,30,258
apps_python_94.txt,apps_python_94,py,apps,True,,Save the function body in solve.py based on the function definition and docstring below:,34,224
apps_python_95.txt,apps_python_95,py,apps,True,,Build the function body in solve.py based on the function definition and docstring below:,37,257
apps_python_96.txt,apps_python_96,py,apps,True,,Write the function body in solve.py based on the function definition and docstring below:,37,259
apps_python_97.txt,apps_python_97,py,apps,True,,Build the function body in solve.py based on the function definition and docstring below:,40,260
apps_python_98.txt,apps_python_98,py,apps,True,,Add the function body in solve.py based on the function definition and docstring below:,31,208
apps_python_99.txt,apps_python_99,py,apps,True,,Save the function body in solve.py based on the function definition and docstring below:,34,259
codecontests_cpp_1.txt,codecontests_cpp_1,cpp,codecontests,True,,Write the function body in solve.cpp based on the function definition and docstring below:,42,287
codecontests_cpp_100.txt,codecontests_cpp_100,cpp,codecontests,True,,Write the function body in solve.cpp based on the function definition and docstring below:,42,309
codecontests_cpp_106.txt,codecontests_cpp_106,cpp,codecontests,True,,Write the function body in solve.cpp based on the function definition and docstring below:,66,379
codecontests_cpp_108.txt,codecontests_cpp_108,cpp,codecontests,True,,Write the function body in solve.cpp based on the function definition and docstring below:,43,269
codecontests_cpp_109.txt,codecontests_cpp_109,cpp,codecontests,True,,Build the function body in solve.cpp based on the function definition and docstring below:,40,256
codecontests_cpp_11.txt,codecontests_cpp_11,cpp,codecontests,True,,Build the function body in solve.cpp based on the function definition and docstring below:,43,270
codecontests_cpp_110.txt,codecontests_cpp_110,cpp,codecontests,True,,Add the function body in solve.cpp based on the function definition and docstring below:,46,260
codecontests_cpp_112.txt,codecontests_cpp_112,cpp,codecontests,True,,Add the function body in solve.cpp based on the function definition and docstring below:,54,312
codecontests_cpp_113.txt,codecontests_cpp_113,cpp,codecontests,True,,Build the function body in solve.cpp based on the function definition and docstring below:,49,280
codecontests_cpp_114.txt,codecontests_cpp_114,cpp,codecontests,True,,Write the function body in solve.cpp based on the function definition and docstring below:,49,295
codecontests_cpp_115.txt,codecontests_cpp_115,cpp,codecontests,True,,Write the function body in solve.cpp based on the function definition and docstring below:,74,328
codecontests_cpp_116.txt,codecontests_cpp_116,cpp,codecontests,True,,Add the function body in solve.cpp based on the function definition and docstring below:,63,363
codecontests_cpp_117.txt,codecontests_cpp_117,cpp,codecontests,True,,Build the function body in solve.cpp based on the function definition and docstring below:,43,281
codecontests_cpp_118.txt,codecontests_cpp_118,cpp,codecontests,True,,Build the function body in solve.cpp based on the function definition and docstring below:,41,262
codecontests_cpp_12.txt,codecontests_cpp_12,cpp,codecontests,True,,Write the function body in solve.cpp based on the function definition and docstring below:,53,298
codecontests_cpp_123.txt,codecontests_cpp_123,cpp,codecontests,True,,Build the function body in solve.cpp based on the function definition and docstring below:,47,283
codecontests_cpp_124.txt,codecontests_cpp_124,cpp,codecontests,True,,Write the function body in solve.cpp based on the function definition and docstring below:,44,266
codecontests_cpp_125.txt,codecontests_cpp_125,cpp,codecontests,True,,Add the function body in solve.cpp based on the function definition and docstring below:,47,275
codecontests_cpp_126.txt,codecontests_cpp_126,cpp,codecontests,True,,Write the function body in solve.cpp based on the function definition and docstring below:,43,299
codecontests_cpp_127.txt,codecontests_cpp_127,cpp,codecontests,True,,Build the function body in solve.cpp based on the function definition and docstring below:,48,291
codecontests_cpp_130.txt,codecontests_cpp_130,cpp,codecontests,True,,Add the function body in solve.cpp based on the function definition and docstring below:,50,296
codecontests_cpp_131.txt,codecontests_cpp_131,cpp,codecontests,True,,Add the function body in solve.cpp based on the function definition and docstring below:,47,293
codecontests_cpp_132.txt,codecontests_cpp_132,cpp,codecontests,True,,Add the function body in solve.cpp based on the function definition and docstring below:,58,316
codecontests_cpp_134.txt,codecontests_cpp_134,cpp,codecontests,True,,Write the function body in solve.cpp based on the function definition and docstring below:,68,326
codecontests_cpp_136.txt,codecontests_cpp_136,cpp,codecontests,True,,Complete the function body in solve.cpp based on the function definition and docstring below:,44,276
codecontests_cpp_137.txt,codecontests_cpp_137,cpp,codecontests,True,,Add the function body in solve.cpp based on the function definition and docstring below:,63,306
codecontests_cpp_138.txt,codecontests_cpp_138,cpp,codecontests,True,,Add the function body in solve.cpp based on the function definition and docstring below:,46,278
codecontests_cpp_139.txt,codecontests_cpp_139,cpp,codecontests,True,,Write the function body in solve.cpp based on the function definition and docstring below:,80,370
codecontests_cpp_14.txt,codecontests_cpp_14,cpp,codecontests,True,,Write the function body in solve.cpp based on the function definition and docstring below:,39,236
codecontests_cpp_140.txt,codecontests_cpp_140,cpp,codecontests,True,,Write the function body in solve.cpp based on the function definition and docstring below:,49,290
codecontests_cpp_141.txt,codecontests_cpp_141,cpp,codecontests,True,,Write the function body in solve.cpp based on the function definition and docstring below:,39,384
codecontests_cpp_142.txt,codecontests_cpp_142,cpp,codecontests,True,,Write the function body in solve.cpp based on the function definition and docstring below:,52,286
codecontests_cpp_143.txt,codecontests_cpp_143,cpp,codecontests,True,,Write the function body in solve.cpp based on the function definition and docstring below:,59,299
codecontests_cpp_145.txt,codecontests_cpp_145,cpp,codecontests,True,,Add the function body in solve.cpp based on the function definition and docstring below:,55,298
codecontests_cpp_147.txt,codecontests_cpp_147,cpp,codecontests,True,,Add the function body in solve.cpp based on the function definition and docstring below:,60,281
codecontests_cpp_148.txt,codecontests_cpp_148,cpp,codecontests,True,,Write the function body in solve.cpp based on the function definition and docstring below:,52,299
codecontests_cpp_149.txt,codecontests_cpp_149,cpp,codecontests,True,,Write the function body in solve.cpp based on the function definition and docstring below:,53,319
codecontests_cpp_15.txt,codecontests_cpp_15,cpp,codecontests,True,,Write the function body in solve.cpp based on the function definition and docstring below:,51,277
codecontests_cpp_152.txt,codecontests_cpp_152,cpp,codecontests,True,,Write the function body in solve.cpp based on the function definition and docstring below:,42,276
codecontests_cpp_153.txt,codecontests_cpp_153,cpp,codecontests,True,,Write the function body in solve.cpp based on the function definition and docstring below:,59,328
codecontests_cpp_154.txt,codecontests_cpp_154,cpp,codecontests,True,,Write the function body in solve.cpp based on the function definition and docstring below:,56,304
codecontests_cpp_156.txt,codecontests_cpp_156,cpp,codecontests,True,,Add the function body in solve.cpp based on the function definition and docstring below:,55,343
codecontests_cpp_158.txt,codecontests_cpp_158,cpp,codecontests,True,,Add the function body in solve.cpp based on the function definition and docstring below:,49,295
codecontests_cpp_159.txt,codecontests_cpp_159,cpp,codecontests,True,,Write the function body in solve.cpp based on the function definition and docstring below:,55,307
codecontests_cpp_16.txt,codecontests_cpp_16,cpp,codecontests,True,,Write the function body in solve.cpp based on the function definition and docstring below:,41,282
codecontests_cpp_161.txt,codecontests_cpp_161,cpp,codecontests,True,,Complete the function body in solve.cpp based on the function definition and docstring below:,36,232
codecontests_cpp_162.txt,codecontests_cpp_162,cpp,codecontests,True,,Write the function body in solve.cpp based on the function definition and docstring below:,57,354
codecontests_cpp_163.txt,codecontests_cpp_163,cpp,codecontests,True,,Write the function body in solve.cpp based on the function definition and docstring below:,43,259
codecontests_cpp_165.txt,codecontests_cpp_165,cpp,codecontests,True,,Write the function body in solve.cpp based on the function definition and docstring below:,43,297
codecontests_cpp_17.txt,codecontests_cpp_17,cpp,codecontests,True,,Write the function body in solve.cpp based on the function definition and docstring below:,50,276
codecontests_cpp_170.txt,codecontests_cpp_170,cpp,codecontests,True,,Write the function body in solve.cpp based on the function definition and docstring below:,50,296
codecontests_cpp_171.txt,codecontests_cpp_171,cpp,codecontests,True,,Write the function body in solve.cpp based on the function definition and docstring below:,62,345
codecontests_cpp_173.txt,codecontests_cpp_173,cpp,codecontests,True,,Add the function body in solve.cpp based on the function definition and docstring below:,51,292
codecontests_cpp_175.txt,codecontests_cpp_175,cpp,codecontests,True,,Write the function body in solve.cpp based on the function definition and docstring below:,45,267
codecontests_cpp_177.txt,codecontests_cpp_177,cpp,codecontests,True,,Build the function body in solve.cpp based on the function definition and docstring below:,38,244
codecontests_cpp_178.txt,codecontests_cpp_178,cpp,codecontests,True,,Write the function body in solve.cpp based on the function definition and docstring below:,41,253
codecontests_cpp_18.txt,codecontests_cpp_18,cpp,codecontests,True,,Write the function body in solve.cpp based on the function definition and docstring below:,41,248
codecontests_cpp_181.txt,codecontests_cpp_181,cpp,codecontests,True,,Build the function body in solve.cpp based on the function definition and docstring below:,53,308
codecontests_cpp_182.txt,codecontests_cpp_182,cpp,codecontests,True,,Write the function body in solve.cpp based on the function definition and docstring below:,39,261
codecontests_cpp_185.txt,codecontests_cpp_185,cpp,codecontests,True,,Write the function body in solve.cpp based on the function definition and docstring below:,45,273
codecontests_cpp_186.txt,codecontests_cpp_186,cpp,codecontests,True,,Write the function body in solve.cpp based on the function definition and docstring below:,47,276
codecontests_cpp_188.txt,codecontests_cpp_188,cpp,codecontests,True,,Complete the function body in solve.cpp based on the function definition and docstring below:,49,271
codecontests_cpp_189.txt,codecontests_cpp_189,cpp,codecontests,True,,Build the function body in solve.cpp based on the function definition and docstring below:,44,267
codecontests_cpp_190.txt,codecontests_cpp_190,cpp,codecontests,True,,Add the function body in solve.cpp based on the function definition and docstring below:,47,272
codecontests_cpp_191.txt,codecontests_cpp_191,cpp,codecontests,True,,Write the function body in solve.cpp based on the function definition and docstring below:,43,260
codecontests_cpp_192.txt,codecontests_cpp_192,cpp,codecontests,True,,Add the function body in solve.cpp based on the function definition and docstring below:,42,275
codecontests_cpp_194.txt,codecontests_cpp_194,cpp,codecontests,True,,Write the function body in solve.cpp based on the function definition and docstring below:,45,281
codecontests_cpp_195.txt,codecontests_cpp_195,cpp,codecontests,True,,Add the function body in solve.cpp based on the function definition and docstring below:,57,301
codecontests_cpp_197.txt,codecontests_cpp_197,cpp,codecontests,True,,Complete the function body in solve.cpp based on the function definition and docstring below:,51,329
codecontests_cpp_199.txt,codecontests_cpp_199,cpp,codecontests,True,,Write the function body in solve.cpp based on the function definition and docstring below:,47,288
codecontests_cpp_20.txt,codecontests_cpp_20,cpp,codecontests,True,,Write the function body in solve.cpp based on the function definition and docstring below:,48,288
codecontests_cpp_200.txt,codecontests_cpp_200,cpp,codecontests,True,,Add the function body in solve.cpp based on the function definition and docstring below:,45,298
codecontests_cpp_201.txt,codecontests_cpp_201,cpp,codecontests,True,,Add the function body in solve.cpp based on the function definition and docstring below:,60,298
codecontests_cpp_202.txt,codecontests_cpp_202,cpp,codecontests,True,,Build the function body in solve.cpp based on the function definition and docstring below:,36,208
codecontests_cpp_203.txt,codecontests_cpp_203,cpp,codecontests,True,,Build the function body in solve.cpp based on the function definition and docstring below:,36,252
codecontests_cpp_204.txt,codecontests_cpp_204,cpp,codecontests,True,,Add the function body in solve.cpp based on the function definition and docstring below:,47,304
codecontests_cpp_206.txt,codecontests_cpp_206,cpp,codecontests,True,,Add the function body in solve.cpp based on the function definition and docstring below:,73,347
codecontests_cpp_207.txt,codecontests_cpp_207,cpp,codecontests,True,,Write the function body in solve.cpp based on the function definition and docstring below:,67,303
codecontests_cpp_211.txt,codecontests_cpp_211,cpp,codecontests,True,,Write the function body in solve.cpp based on the function definition and docstring below:,52,300
codecontests_cpp_213.txt,codecontests_cpp_213,cpp,codecontests,True,,Write the function body in solve.cpp based on the function definition and docstring below:,38,269
codecontests_cpp_215.txt,codecontests_cpp_215,cpp,codecontests,True,,Write the function body in solve.cpp based on the function definition and docstring below:,50,287
codecontests_cpp_216.txt,codecontests_cpp_216,cpp,codecontests,True,,Write the function body in solve.cpp based on the function definition and docstring below:,42,297
codecontests_cpp_218.txt,codecontests_cpp_218,cpp,codecontests,True,,Add the function body in solve.cpp based on the function definition and docstring below:,50,268
codecontests_cpp_219.txt,codecontests_cpp_219,cpp,codecontests,True,,Write the function body in solve.cpp based on the function definition and docstring below:,44,274
codecontests_cpp_22.txt,codecontests_cpp_22,cpp,codecontests,True,,Write the function body in solve.cpp based on the function definition and docstring below:,66,316
codecontests_cpp_220.txt,codecontests_cpp_220,cpp,codecontests,True,,Complete the function body in solve.cpp based on the function definition and docstring below:,40,267
codecontests_cpp_223.txt,codecontests_cpp_223,cpp,codecontests,True,,Complete the function body in solve.cpp based on the function definition and docstring below:,44,283
codecontests_cpp_224.txt,codecontests_cpp_224,cpp,codecontests,True,,Complete the function body in solve.cpp based on the function definition and docstring below:,44,260
codecontests_cpp_225.txt,codecontests_cpp_225,cpp,codecontests,True,,Write the function body in solve.cpp based on the function definition and docstring below:,44,260
codecontests_cpp_227.txt,codecontests_cpp_227,cpp,codecontests,True,,Write the function body in solve.cpp based on the function definition and docstring below:,47,273
codecontests_cpp_228.txt,codecontests_cpp_228,cpp,codecontests,True,,Complete the function body in solve.cpp based on the function definition and docstring below:,42,260
codecontests_cpp_229.txt,codecontests_cpp_229,cpp,codecontests,True,,Complete the function body in solve.cpp based on the function definition and docstring below:,43,295
codecontests_cpp_23.txt,codecontests_cpp_23,cpp,codecontests,True,,Write the function body in solve.cpp based on the function definition and docstring below:,41,258
codecontests_cpp_235.txt,codecontests_cpp_235,cpp,codecontests,True,,Write the function body in solve.cpp based on the function definition and docstring below:,57,298
codecontests_cpp_236.txt,codecontests_cpp_236,cpp,codecontests,True,,Write the function body in solve.cpp based on the function definition and docstring below:,59,301
codecontests_cpp_24.txt,codecontests_cpp_24,cpp,codecontests,True,,Write the function body in solve.cpp based on the function definition and docstring below:,66,322
codecontests_cpp_242.txt,codecontests_cpp_242,cpp,codecontests,True,,Write the function body in solve.cpp based on the function definition and docstring below:,44,254
codecontests_cpp_245.txt,codecontests_cpp_245,cpp,codecontests,True,,Write the function body in solve.cpp based on the function definition and docstring below:,64,324
codecontests_cpp_246.txt,codecontests_cpp_246,cpp,codecontests,True,,Write the function body in solve.cpp based on the function definition and docstring below:,59,284
codecontests_cpp_248.txt,codecontests_cpp_248,cpp,codecontests,True,,Build the function body in solve.cpp based on the function definition and docstring below:,43,251
codecontests_cpp_249.txt,codecontests_cpp_249,cpp,codecontests,True,,Write the function body in solve.cpp based on the function definition and docstring below:,69,304
codecontests_cpp_252.txt,codecontests_cpp_252,cpp,codecontests,True,,Build the function body in solve.cpp based on the function definition and docstring below:,43,274
codecontests_cpp_253.txt,codecontests_cpp_253,cpp,codecontests,True,,Write the function body in solve.cpp based on the function definition and docstring below:,50,312
codecontests_cpp_254.txt,codecontests_cpp_254,cpp,codecontests,True,,Complete the function body in solve.cpp based on the function definition and docstring below:,45,269
codecontests_cpp_255.txt,codecontests_cpp_255,cpp,codecontests,True,,Complete the function body in solve.cpp based on the function definition and docstring below:,46,280
codecontests_cpp_256.txt,codecontests_cpp_256,cpp,codecontests,True,,Write the function body in solve.cpp based on the function definition and docstring below:,46,299
codecontests_cpp_257.txt,codecontests_cpp_257,cpp,codecontests,True,,Build the function body in solve.cpp based on the function definition and docstring below:,58,297
codecontests_cpp_258.txt,codecontests_cpp_258,cpp,codecontests,True,,Write the function body in solve.cpp based on the function definition and docstring below:,51,258
codecontests_cpp_259.txt,codecontests_cpp_259,cpp,codecontests,True,,Add the function body in solve.cpp based on the function definition and docstring below:,48,288
codecontests_cpp_26.txt,codecontests_cpp_26,cpp,codecontests,True,,Write the function body in solve.cpp based on the function definition and docstring below:,49,311
codecontests_cpp_261.txt,codecontests_cpp_261,cpp,codecontests,True,,Write the function body in solve.cpp based on the function definition and docstring below:,52,274
codecontests_cpp_262.txt,codecontests_cpp_262,cpp,codecontests,True,,Build the function body in solve.cpp based on the function definition and docstring below:,37,242
codecontests_cpp_263.txt,codecontests_cpp_263,cpp,codecontests,True,,Write the function body in solve.cpp based on the function definition and docstring below:,45,257
codecontests_cpp_264.txt,codecontests_cpp_264,cpp,codecontests,True,,Write the function body in solve.cpp based on the function definition and docstring below:,43,283
codecontests_cpp_265.txt,codecontests_cpp_265,cpp,codecontests,True,,Write the function body in solve.cpp based on the function definition and docstring below:,67,343
codecontests_cpp_268.txt,codecontests_cpp_268,cpp,codecontests,True,,Write the function body in solve.cpp based on the function definition and docstring below:,50,272
codecontests_cpp_27.txt,codecontests_cpp_27,cpp,codecontests,True,,Write the function body in solve.cpp based on the function definition and docstring below:,55,348
codecontests_cpp_272.txt,codecontests_cpp_272,cpp,codecontests,True,,Add the function body in solve.cpp based on the function definition and docstring below:,77,347
codecontests_cpp_274.txt,codecontests_cpp_274,cpp,codecontests,True,,Build the function body in solve.cpp based on the function definition and docstring below:,40,276
codecontests_cpp_276.txt,codecontests_cpp_276,cpp,codecontests,True,,Write the function body in solve.cpp based on the function definition and docstring below:,46,279
codecontests_cpp_277.txt,codecontests_cpp_277,cpp,codecontests,True,,Write the function body in solve.cpp based on the function definition and docstring below:,67,337
codecontests_cpp_279.txt,codecontests_cpp_279,cpp,codecontests,True,,Write the function body in solve.cpp based on the function definition and docstring below:,50,280
codecontests_cpp_28.txt,codecontests_cpp_28,cpp,codecontests,True,,Build the function body in solve.cpp based on the function definition and docstring below:,41,284
codecontests_cpp_281.txt,codecontests_cpp_281,cpp,codecontests,True,,Build the function body in solve.cpp based on the function definition and docstring below:,37,266
codecontests_cpp_283.txt,codecontests_cpp_283,cpp,codecontests,True,,Write the function body in solve.cpp based on the function definition and docstring below:,44,278
codecontests_cpp_284.txt,codecontests_cpp_284,cpp,codecontests,True,,Save the function body in solve.cpp based on the function definition and docstring below:,65,323
codecontests_cpp_285.txt,codecontests_cpp_285,cpp,codecontests,True,,Write the function body in solve.cpp based on the function definition and docstring below:,48,278
codecontests_cpp_288.txt,codecontests_cpp_288,cpp,codecontests,True,,Write the function body in solve.cpp based on the function definition and docstring below:,56,334
codecontests_cpp_29.txt,codecontests_cpp_29,cpp,codecontests,True,,Write the function body in solve.cpp based on the function definition and docstring below:,37,261
codecontests_cpp_290.txt,codecontests_cpp_290,cpp,codecontests,True,,Complete the function body in solve.cpp based on the function definition and docstring below:,47,294
codecontests_cpp_291.txt,codecontests_cpp_291,cpp,codecontests,True,,Complete the function body in solve.cpp based on the function definition and docstring below:,45,261
codecontests_cpp_292.txt,codecontests_cpp_292,cpp,codecontests,True,,Write the function body in solve.cpp based on the function definition and docstring below:,48,276
codecontests_cpp_294.txt,codecontests_cpp_294,cpp,codecontests,True,,Write the function body in solve.cpp based on the function definition and docstring below:,46,257
codecontests_cpp_295.txt,codecontests_cpp_295,cpp,codecontests,True,,Complete the function body in solve.cpp based on the function definition and docstring below:,43,250
codecontests_cpp_296.txt,codecontests_cpp_296,cpp,codecontests,True,,Complete the function body in solve.cpp based on the function definition and docstring below:,32,228
codecontests_cpp_297.txt,codecontests_cpp_297,cpp,codecontests,True,,Write the function body in solve.cpp based on the function definition and docstring below:,38,276
codecontests_cpp_298.txt,codecontests_cpp_298,cpp,codecontests,True,,Build the function body in solve.cpp based on the function definition and docstring below:,38,266
codecontests_cpp_3.txt,codecontests_cpp_3,cpp,codecontests,True,,Write the function body in solve.cpp based on the function definition and docstring below:,51,283
codecontests_cpp_30.txt,codecontests_cpp_30,cpp,codecontests,True,,Write the function body in solve.cpp based on the function definition and docstring below:,46,274
codecontests_cpp_301.txt,codecontests_cpp_301,cpp,codecontests,True,,Write the function body in solve.cpp based on the function definition and docstring below:,47,288
codecontests_cpp_302.txt,codecontests_cpp_302,cpp,codecontests,True,,Write the function body in solve.cpp based on the function definition and docstring below:,41,260
codecontests_cpp_303.txt,codecontests_cpp_303,cpp,codecontests,True,,Build the function body in solve.cpp based on the function definition and docstring below:,38,272
codecontests_cpp_304.txt,codecontests_cpp_304,cpp,codecontests,True,,Build the function body in solve.cpp based on the function definition and docstring below:,39,238
codecontests_cpp_306.txt,codecontests_cpp_306,cpp,codecontests,True,,Write the function body in solve.cpp based on the function definition and docstring below:,51,290
codecontests_cpp_309.txt,codecontests_cpp_309,cpp,codecontests,True,,Build the function body in solve.cpp based on the function definition and docstring below:,37,259
codecontests_cpp_310.txt,codecontests_cpp_310,cpp,codecontests,True,,Write the function body in solve.cpp based on the function definition and docstring below:,61,327
codecontests_cpp_312.txt,codecontests_cpp_312,cpp,codecontests,True,,Write the function body in solve.cpp based on the function definition and docstring below:,51,322
codecontests_cpp_313.txt,codecontests_cpp_313,cpp,codecontests,True,,Add the function body in solve.cpp based on the function definition and docstring below:,54,317
codecontests_cpp_314.txt,codecontests_cpp_314,cpp,codecontests,True,,Write the function body in solve.cpp based on the function definition and docstring below:,44,281
codecontests_cpp_315.txt,codecontests_cpp_315,cpp,codecontests,True,,Write the function body in solve.cpp based on the function definition and docstring below:,50,291
codecontests_cpp_317.txt,codecontests_cpp_317,cpp,codecontests,True,,Build the function body in solve.cpp based on the function definition and docstring below:,40,250
codecontests_cpp_318.txt,codecontests_cpp_318,cpp,codecontests,True,,Complete the function body in solve.cpp based on the function definition and docstring below:,33,220
codecontests_cpp_319.txt,codecontests_cpp_319,cpp,codecontests,True,,Write the function body in solve.cpp based on the function definition and docstring below:,68,336
codecontests_cpp_32.txt,codecontests_cpp_32,cpp,codecontests,True,,Write the function body in solve.cpp based on the function definition and docstring below:,76,441
codecontests_cpp_320.txt,codecontests_cpp_320,cpp,codecontests,True,,Write the function body in solve.cpp based on the function definition and docstring below:,42,283
codecontests_cpp_322.txt,codecontests_cpp_322,cpp,codecontests,True,,Write the function body in solve.cpp based on the function definition and docstring below:,45,363
codecontests_cpp_323.txt,codecontests_cpp_323,cpp,codecontests,True,,Build the function body in solve.cpp based on the function definition and docstring below:,38,278
codecontests_cpp_326.txt,codecontests_cpp_326,cpp,codecontests,True,,Write the function body in solve.cpp based on the function definition and docstring below:,46,296
codecontests_cpp_327.txt,codecontests_cpp_327,cpp,codecontests,True,,Write the function body in solve.cpp based on the function definition and docstring below:,42,267
codecontests_cpp_328.txt,codecontests_cpp_328,cpp,codecontests,True,,Write the function body in solve.cpp based on the function definition and docstring below:,59,304
codecontests_cpp_329.txt,codecontests_cpp_329,cpp,codecontests,True,,Write the function body in solve.cpp based on the function definition and docstring below:,46,306
codecontests_cpp_33.txt,codecontests_cpp_33,cpp,codecontests,True,,Add the function body in solve.cpp based on the function definition and docstring below:,53,291
codecontests_cpp_330.txt,codecontests_cpp_330,cpp,codecontests,True,,Write the function body in solve.cpp based on the function definition and docstring below:,40,286
codecontests_cpp_332.txt,codecontests_cpp_332,cpp,codecontests,True,,Write the function body in solve.cpp based on the function definition and docstring below:,44,241
codecontests_cpp_333.txt,codecontests_cpp_333,cpp,codecontests,True,,Write the function body in solve.cpp based on the function definition and docstring below:,62,335
codecontests_cpp_334.txt,codecontests_cpp_334,cpp,codecontests,True,,Write the function body in solve.cpp based on the function definition and docstring below:,78,365
codecontests_cpp_335.txt,codecontests_cpp_335,cpp,codecontests,True,,Write the function body in solve.cpp based on the function definition and docstring below:,43,237
codecontests_cpp_339.txt,codecontests_cpp_339,cpp,codecontests,True,,Complete the function body in solve.cpp based on the function definition and docstring below:,47,282
codecontests_cpp_340.txt,codecontests_cpp_340,cpp,codecontests,True,,Write the function body in solve.cpp based on the function definition and docstring below:,46,284
codecontests_cpp_341.txt,codecontests_cpp_341,cpp,codecontests,True,,Write the function body in solve.cpp based on the function definition and docstring below:,37,243
codecontests_cpp_342.txt,codecontests_cpp_342,cpp,codecontests,True,,Write the function body in solve.cpp based on the function definition and docstring below:,43,227
codecontests_cpp_343.txt,codecontests_cpp_343,cpp,codecontests,True,,Build the function body in solve.cpp based on the function definition and docstring below:,44,250
codecontests_cpp_344.txt,codecontests_cpp_344,cpp,codecontests,True,,Build the function body in solve.cpp based on the function definition and docstring below:,37,257
codecontests_cpp_346.txt,codecontests_cpp_346,cpp,codecontests,True,,Build the function body in solve.cpp based on the function definition and docstring below:,43,276
codecontests_cpp_347.txt,codecontests_cpp_347,cpp,codecontests,True,,Write the function body in solve.cpp based on the function definition and docstring below:,58,292
codecontests_cpp_349.txt,codecontests_cpp_349,cpp,codecontests,True,,Write the function body in solve.cpp based on the function definition and docstring below:,48,320
codecontests_cpp_35.txt,codecontests_cpp_35,cpp,codecontests,True,,Write the function body in solve.cpp based on the function definition and docstring below:,40,268
codecontests_cpp_354.txt,codecontests_cpp_354,cpp,codecontests,True,,Write the function body in solve.cpp based on the function definition and docstring below:,46,251
codecontests_cpp_357.txt,codecontests_cpp_357,cpp,codecontests,True,,Write the function body in solve.cpp based on the function definition and docstring below:,44,266
codecontests_cpp_358.txt,codecontests_cpp_358,cpp,codecontests,True,,Build the function body in solve.cpp based on the function definition and docstring below:,42,264
codecontests_cpp_360.txt,codecontests_cpp_360,cpp,codecontests,True,,Build the function body in solve.cpp based on the function definition and docstring below:,45,261
codecontests_cpp_361.txt,codecontests_cpp_361,cpp,codecontests,True,,Write the function body in solve.cpp based on the function definition and docstring below:,46,279
codecontests_cpp_362.txt,codecontests_cpp_362,cpp,codecontests,True,,Write the function body in solve.cpp based on the function definition and docstring below:,48,268
codecontests_cpp_365.txt,codecontests_cpp_365,cpp,codecontests,True,,Add the function body in solve.cpp based on the function definition and docstring below:,49,281
codecontests_cpp_366.txt,codecontests_cpp_366,cpp,codecontests,True,,Add the function body in solve.cpp based on the function definition and docstring below:,49,277
codecontests_cpp_367.txt,codecontests_cpp_367,cpp,codecontests,True,,Write the function body in solve.cpp based on the function definition and docstring below:,38,240
codecontests_cpp_368.txt,codecontests_cpp_368,cpp,codecontests,True,,Write the function body in solve.cpp based on the function definition and docstring below:,50,270
codecontests_cpp_369.txt,codecontests_cpp_369,cpp,codecontests,True,,Write the function body in solve.cpp based on the function definition and docstring below:,41,242
codecontests_cpp_370.txt,codecontests_cpp_370,cpp,codecontests,True,,Add the function body in solve.cpp based on the function definition and docstring below:,40,229
codecontests_cpp_371.txt,codecontests_cpp_371,cpp,codecontests,True,,Write the function body in solve.cpp based on the function definition and docstring below:,42,251
codecontests_cpp_372.txt,codecontests_cpp_372,cpp,codecontests,True,,Write the function body in solve.cpp based on the function definition and docstring below:,66,305
codecontests_cpp_373.txt,codecontests_cpp_373,cpp,codecontests,True,,Complete the function body in solve.cpp based on the function definition and docstring below:,49,288
codecontests_cpp_374.txt,codecontests_cpp_374,cpp,codecontests,True,,Write the function body in solve.cpp based on the function definition and docstring below:,67,329
codecontests_cpp_378.txt,codecontests_cpp_378,cpp,codecontests,True,,Complete the function body in solve.cpp based on the function definition and docstring below:,43,269
codecontests_cpp_379.txt,codecontests_cpp_379,cpp,codecontests,True,,Complete the function body in solve.cpp based on the function definition and docstring below:,44,282
codecontests_cpp_380.txt,codecontests_cpp_380,cpp,codecontests,True,,Add the function body in solve.cpp based on the function definition and docstring below:,59,369
codecontests_cpp_383.txt,codecontests_cpp_383,cpp,codecontests,True,,Write the function body in solve.cpp based on the function definition and docstring below:,51,304
codecontests_cpp_384.txt,codecontests_cpp_384,cpp,codecontests,True,,Add the function body in solve.cpp based on the function definition and docstring below:,50,299
codecontests_cpp_386.txt,codecontests_cpp_386,cpp,codecontests,True,,Write the function body in solve.cpp based on the function definition and docstring below:,62,296
codecontests_cpp_389.txt,codecontests_cpp_389,cpp,codecontests,True,,Complete the function body in solve.cpp based on the function definition and docstring below:,44,274
codecontests_cpp_39.txt,codecontests_cpp_39,cpp,codecontests,True,,Write the function body in solve.cpp based on the function definition and docstring below:,41,226
codecontests_cpp_390.txt,codecontests_cpp_390,cpp,codecontests,True,,Complete the function body in solve.cpp based on the function definition and docstring below:,47,283
codecontests_cpp_391.txt,codecontests_cpp_391,cpp,codecontests,True,,Write the function body in solve.cpp based on the function definition and docstring below:,42,257
codecontests_cpp_393.txt,codecontests_cpp_393,cpp,codecontests,True,,Write the function body in solve.cpp based on the function definition and docstring below:,69,336
codecontests_cpp_395.txt,codecontests_cpp_395,cpp,codecontests,True,,Write the function body in solve.cpp based on the function definition and docstring below:,48,282
codecontests_cpp_397.txt,codecontests_cpp_397,cpp,codecontests,True,,Write the function body in solve.cpp based on the function definition and docstring below:,36,229
codecontests_cpp_398.txt,codecontests_cpp_398,cpp,codecontests,True,,Build the function body in solve.cpp based on the function definition and docstring below:,59,320
codecontests_cpp_4.txt,codecontests_cpp_4,cpp,codecontests,True,,Write the function body in solve.cpp based on the function definition and docstring below:,46,286
codecontests_cpp_40.txt,codecontests_cpp_40,cpp,codecontests,True,,Write the function body in solve.cpp based on the function definition and docstring below:,44,302
codecontests_cpp_401.txt,codecontests_cpp_401,cpp,codecontests,True,,Build the function body in solve.cpp based on the function definition and docstring below:,43,241
codecontests_cpp_402.txt,codecontests_cpp_402,cpp,codecontests,True,,Add the function body in solve.cpp based on the function definition and docstring below:,48,265
codecontests_cpp_407.txt,codecontests_cpp_407,cpp,codecontests,True,,Build the function body in solve.cpp based on the function definition and docstring below:,55,282
codecontests_cpp_408.txt,codecontests_cpp_408,cpp,codecontests,True,,Write the function body in solve.cpp based on the function definition and docstring below:,45,289
codecontests_cpp_409.txt,codecontests_cpp_409,cpp,codecontests,True,,Write the function body in solve.cpp based on the function definition and docstring below:,40,232
codecontests_cpp_41.txt,codecontests_cpp_41,cpp,codecontests,True,,Write the function body in solve.cpp based on the function definition and docstring below:,46,282
codecontests_cpp_411.txt,codecontests_cpp_411,cpp,codecontests,True,,Complete the function body in solve.cpp based on the function definition and docstring below:,45,291
codecontests_cpp_412.txt,codecontests_cpp_412,cpp,codecontests,True,,Write the function body in solve.cpp based on the function definition and docstring below:,54,342
codecontests_cpp_414.txt,codecontests_cpp_414,cpp,codecontests,True,,Build the function body in solve.cpp based on the function definition and docstring below:,42,252
codecontests_cpp_416.txt,codecontests_cpp_416,cpp,codecontests,True,,Write the function body in solve.cpp based on the function definition and docstring below:,53,306
codecontests_cpp_417.txt,codecontests_cpp_417,cpp,codecontests,True,,Write the function body in solve.cpp based on the function definition and docstring below:,53,305
codecontests_cpp_418.txt,codecontests_cpp_418,cpp,codecontests,True,,Complete the function body in solve.cpp based on the function definition and docstring below:,46,273
codecontests_cpp_419.txt,codecontests_cpp_419,cpp,codecontests,True,,Write the function body in solve.cpp based on the function definition and docstring below:,38,260
codecontests_cpp_42.txt,codecontests_cpp_42,cpp,codecontests,True,,Write the function body in solve.cpp based on the function definition and docstring below:,52,307
codecontests_cpp_420.txt,codecontests_cpp_420,cpp,codecontests,True,,Write the function body in solve.cpp based on the function definition and docstring below:,40,296
codecontests_cpp_421.txt,codecontests_cpp_421,cpp,codecontests,True,,Save the function body in solve.cpp based on the function definition and docstring below:,41,283
codecontests_cpp_422.txt,codecontests_cpp_422,cpp,codecontests,True,,Add the function body in solve.cpp based on the function definition and docstring below:,45,301
codecontests_cpp_423.txt,codecontests_cpp_423,cpp,codecontests,True,,Add the function body in solve.cpp based on the function definition and docstring below:,60,318
codecontests_cpp_424.txt,codecontests_cpp_424,cpp,codecontests,True,,Write the function body in solve.cpp based on the function definition and docstring below:,51,295
codecontests_cpp_426.txt,codecontests_cpp_426,cpp,codecontests,True,,Build the function body in solve.cpp based on the function definition and docstring below:,42,237
codecontests_cpp_427.txt,codecontests_cpp_427,cpp,codecontests,True,,Add the function body in solve.cpp based on the function definition and docstring below:,52,308
codecontests_cpp_428.txt,codecontests_cpp_428,cpp,codecontests,True,,Write the function body in solve.cpp based on the function definition and docstring below:,44,278
codecontests_cpp_429.txt,codecontests_cpp_429,cpp,codecontests,True,,Add the function body in solve.cpp based on the function definition and docstring below:,46,269
codecontests_cpp_43.txt,codecontests_cpp_43,cpp,codecontests,True,,Add the function body in solve.cpp based on the function definition and docstring below:,64,329
codecontests_cpp_430.txt,codecontests_cpp_430,cpp,codecontests,True,,Build the function body in solve.cpp based on the function definition and docstring below:,43,290
codecontests_cpp_432.txt,codecontests_cpp_432,cpp,codecontests,True,,Write the function body in solve.cpp based on the function definition and docstring below:,43,287
codecontests_cpp_435.txt,codecontests_cpp_435,cpp,codecontests,True,,Build the function body in solve.cpp based on the function definition and docstring below:,57,312
codecontests_cpp_436.txt,codecontests_cpp_436,cpp,codecontests,True,,Add the function body in solve.cpp based on the function definition and docstring below:,46,279
codecontests_cpp_437.txt,codecontests_cpp_437,cpp,codecontests,True,,Write the function body in solve.cpp based on the function definition and docstring below:,53,308
codecontests_cpp_438.txt,codecontests_cpp_438,cpp,codecontests,True,,Write the function body in solve.cpp based on the function definition and docstring below:,47,279
codecontests_cpp_439.txt,codecontests_cpp_439,cpp,codecontests,True,,Write the function body in solve.cpp based on the function definition and docstring below:,50,303
codecontests_cpp_44.txt,codecontests_cpp_44,cpp,codecontests,True,,Write the function body in solve.cpp based on the function definition and docstring below:,70,322
codecontests_cpp_440.txt,codecontests_cpp_440,cpp,codecontests,True,,Add the function body in solve.cpp based on the function definition and docstring below:,45,285
codecontests_cpp_441.txt,codecontests_cpp_441,cpp,codecontests,True,,Add the function body in solve.cpp based on the function definition and docstring below:,48,279
codecontests_cpp_444.txt,codecontests_cpp_444,cpp,codecontests,True,,Write the function body in solve.cpp based on the function definition and docstring below:,43,272
codecontests_cpp_446.txt,codecontests_cpp_446,cpp,codecontests,True,,Add the function body in solve.cpp based on the function definition and docstring below:,47,271
codecontests_cpp_447.txt,codecontests_cpp_447,cpp,codecontests,True,,Complete the function body in solve.cpp based on the function definition and docstring below:,50,289
codecontests_cpp_449.txt,codecontests_cpp_449,cpp,codecontests,True,,Complete the function body in solve.cpp based on the function definition and docstring below:,55,309
codecontests_cpp_45.txt,codecontests_cpp_45,cpp,codecontests,True,,Add the function body in solve.cpp based on the function definition and docstring below:,38,214
codecontests_cpp_451.txt,codecontests_cpp_451,cpp,codecontests,True,,Write the function body in solve.cpp based on the function definition and docstring below:,40,281
codecontests_cpp_452.txt,codecontests_cpp_452,cpp,codecontests,True,,Build the function body in solve.cpp based on the function definition and docstring below:,43,298
codecontests_cpp_454.txt,codecontests_cpp_454,cpp,codecontests,True,,Write the function body in solve.cpp based on the function definition and docstring below:,55,327
codecontests_cpp_457.txt,codecontests_cpp_457,cpp,codecontests,True,,Build the function body in solve.cpp based on the function definition and docstring below:,61,316
codecontests_cpp_46.txt,codecontests_cpp_46,cpp,codecontests,True,,Add the function body in solve.cpp based on the function definition and docstring below:,51,294
codecontests_cpp_463.txt,codecontests_cpp_463,cpp,codecontests,True,,Write the function body in solve.cpp based on the function definition and docstring below:,40,267
codecontests_cpp_468.txt,codecontests_cpp_468,cpp,codecontests,True,,Write the function body in solve.cpp based on the function definition and docstring below:,48,281
codecontests_cpp_469.txt,codecontests_cpp_469,cpp,codecontests,True,,Build the function body in solve.cpp based on the function definition and docstring below:,39,248
codecontests_cpp_47.txt,codecontests_cpp_47,cpp,codecontests,True,,Write the function body in solve.cpp based on the function definition and docstring below:,49,269
codecontests_cpp_470.txt,codecontests_cpp_470,cpp,codecontests,True,,Add the function body in solve.cpp based on the function definition and docstring below:,50,276
codecontests_cpp_472.txt,codecontests_cpp_472,cpp,codecontests,True,,Write the function body in solve.cpp based on the function definition and docstring below:,48,282
codecontests_cpp_473.txt,codecontests_cpp_473,cpp,codecontests,True,,Write the function body in solve.cpp based on the function definition and docstring below:,44,281
codecontests_cpp_475.txt,codecontests_cpp_475,cpp,codecontests,True,,Add the function body in solve.cpp based on the function definition and docstring below:,47,282
codecontests_cpp_476.txt,codecontests_cpp_476,cpp,codecontests,True,,Save the function body in solve.cpp based on the function definition and docstring below:,47,273
codecontests_cpp_477.txt,codecontests_cpp_477,cpp,codecontests,True,,Write the function body in solve.cpp based on the function definition and docstring below:,38,246
codecontests_cpp_479.txt,codecontests_cpp_479,cpp,codecontests,True,,Write the function body in solve.cpp based on the function definition and docstring below:,47,276
codecontests_cpp_48.txt,codecontests_cpp_48,cpp,codecontests,True,,Add the function body in solve.cpp based on the function definition and docstring below:,51,272
codecontests_cpp_481.txt,codecontests_cpp_481,cpp,codecontests,True,,Write the function body in solve.cpp based on the function definition and docstring below:,42,273
codecontests_cpp_483.txt,codecontests_cpp_483,cpp,codecontests,True,,Write the function body in solve.cpp based on the function definition and docstring below:,51,291
codecontests_cpp_485.txt,codecontests_cpp_485,cpp,codecontests,True,,Write the function body in solve.cpp based on the function definition and docstring below:,53,305
codecontests_cpp_486.txt,codecontests_cpp_486,cpp,codecontests,True,,Build the function body in solve.cpp based on the function definition and docstring below:,38,243
codecontests_cpp_488.txt,codecontests_cpp_488,cpp,codecontests,True,,Write the function body in solve.cpp based on the function definition and docstring below:,49,293
codecontests_cpp_49.txt,codecontests_cpp_49,cpp,codecontests,True,,Write the function body in solve.cpp based on the function definition and docstring below:,57,269
codecontests_cpp_490.txt,codecontests_cpp_490,cpp,codecontests,True,,Write the function body in solve.cpp based on the function definition and docstring below:,45,246
codecontests_cpp_492.txt,codecontests_cpp_492,cpp,codecontests,True,,Write the function body in solve.cpp based on the function definition and docstring below:,77,435
codecontests_cpp_493.txt,codecontests_cpp_493,cpp,codecontests,True,,Add the function body in solve.cpp based on the function definition and docstring below:,52,296
codecontests_cpp_494.txt,codecontests_cpp_494,cpp,codecontests,True,,Add the function body in solve.cpp based on the function definition and docstring below:,50,304
codecontests_cpp_5.txt,codecontests_cpp_5,cpp,codecontests,True,,Write the function body in solve.cpp based on the function definition and docstring below:,48,269
codecontests_cpp_50.txt,codecontests_cpp_50,cpp,codecontests,True,,Write the function body in solve.cpp based on the function definition and docstring below:,41,247
codecontests_cpp_500.txt,codecontests_cpp_500,cpp,codecontests,True,,Add the function body in solve.cpp based on the function definition and docstring below:,50,317
codecontests_cpp_502.txt,codecontests_cpp_502,cpp,codecontests,True,,Add the function body in solve.cpp based on the function definition and docstring below:,44,287
codecontests_cpp_503.txt,codecontests_cpp_503,cpp,codecontests,True,,Write the function body in solve.cpp based on the function definition and docstring below:,49,275
codecontests_cpp_504.txt,codecontests_cpp_504,cpp,codecontests,True,,Write the function body in solve.cpp based on the function definition and docstring below:,66,388
codecontests_cpp_505.txt,codecontests_cpp_505,cpp,codecontests,True,,Write the function body in solve.cpp based on the function definition and docstring below:,85,433
codecontests_cpp_508.txt,codecontests_cpp_508,cpp,codecontests,True,,Add the function body in solve.cpp based on the function definition and docstring below:,53,311
codecontests_cpp_509.txt,codecontests_cpp_509,cpp,codecontests,True,,Add the function body in solve.cpp based on the function definition and docstring below:,47,279
codecontests_cpp_510.txt,codecontests_cpp_510,cpp,codecontests,True,,Write the function body in solve.cpp based on the function definition and docstring below:,45,291
codecontests_cpp_511.txt,codecontests_cpp_511,cpp,codecontests,True,,Write the function body in solve.cpp based on the function definition and docstring below:,43,300
codecontests_cpp_512.txt,codecontests_cpp_512,cpp,codecontests,True,,Add the function body in solve.cpp based on the function definition and docstring below:,44,299
codecontests_cpp_515.txt,codecontests_cpp_515,cpp,codecontests,True,,Write the function body in solve.cpp based on the function definition and docstring below:,44,270
codecontests_cpp_516.txt,codecontests_cpp_516,cpp,codecontests,True,,Write the function body in solve.cpp based on the function definition and docstring below:,41,246
codecontests_cpp_517.txt,codecontests_cpp_517,cpp,codecontests,True,,Write the function body in solve.cpp based on the function definition and docstring below:,46,293
codecontests_cpp_52.txt,codecontests_cpp_52,cpp,codecontests,True,,Write the function body in solve.cpp based on the function definition and docstring below:,40,261
codecontests_cpp_520.txt,codecontests_cpp_520,cpp,codecontests,True,,Write the function body in solve.cpp based on the function definition and docstring below:,44,267
codecontests_cpp_522.txt,codecontests_cpp_522,cpp,codecontests,True,,Write the function body in solve.cpp based on the function definition and docstring below:,44,285
codecontests_cpp_526.txt,codecontests_cpp_526,cpp,codecontests,True,,Build the function body in solve.cpp based on the function definition and docstring below:,49,306
codecontests_cpp_527.txt,codecontests_cpp_527,cpp,codecontests,True,,Build the function body in solve.cpp based on the function definition and docstring below:,48,272
codecontests_cpp_528.txt,codecontests_cpp_528,cpp,codecontests,True,,Add the function body in solve.cpp based on the function definition and docstring below:,52,307
codecontests_cpp_529.txt,codecontests_cpp_529,cpp,codecontests,True,,Add the function body in solve.cpp based on the function definition and docstring below:,55,296
codecontests_cpp_53.txt,codecontests_cpp_53,cpp,codecontests,True,,Write the function body in solve.cpp based on the function definition and docstring below:,40,247
codecontests_cpp_531.txt,codecontests_cpp_531,cpp,codecontests,True,,Add the function body in solve.cpp based on the function definition and docstring below:,46,263
codecontests_cpp_534.txt,codecontests_cpp_534,cpp,codecontests,True,,Write the function body in solve.cpp based on the function definition and docstring below:,49,282
codecontests_cpp_535.txt,codecontests_cpp_535,cpp,codecontests,True,,Complete the function body in solve.cpp based on the function definition and docstring below:,49,286
codecontests_cpp_536.txt,codecontests_cpp_536,cpp,codecontests,True,,Complete the function body in solve.cpp based on the function definition and docstring below:,49,278
codecontests_cpp_538.txt,codecontests_cpp_538,cpp,codecontests,True,,Build the function body in solve.cpp based on the function definition and docstring below:,43,273
codecontests_cpp_540.txt,codecontests_cpp_540,cpp,codecontests,True,,Write the function body in solve.cpp based on the function definition and docstring below:,50,279
codecontests_cpp_541.txt,codecontests_cpp_541,cpp,codecontests,True,,Write the function body in solve.cpp based on the function definition and docstring below:,41,244
codecontests_cpp_542.txt,codecontests_cpp_542,cpp,codecontests,True,,Build the function body in solve.cpp based on the function definition and docstring below:,44,272
codecontests_cpp_544.txt,codecontests_cpp_544,cpp,codecontests,True,,Add the function body in solve.cpp based on the function definition and docstring below:,52,295
codecontests_cpp_546.txt,codecontests_cpp_546,cpp,codecontests,True,,Add the function body in solve.cpp based on the function definition and docstring below:,47,289
codecontests_cpp_548.txt,codecontests_cpp_548,cpp,codecontests,True,,Add the function body in solve.cpp based on the function definition and docstring below:,57,334
codecontests_cpp_550.txt,codecontests_cpp_550,cpp,codecontests,True,,Add the function body in solve.cpp based on the function definition and docstring below:,45,254
codecontests_cpp_552.txt,codecontests_cpp_552,cpp,codecontests,True,,Add the function body in solve.cpp based on the function definition and docstring below:,48,290
codecontests_cpp_554.txt,codecontests_cpp_554,cpp,codecontests,True,,Write the function body in solve.cpp based on the function definition and docstring below:,49,304
codecontests_cpp_556.txt,codecontests_cpp_556,cpp,codecontests,True,,Write the function body in solve.cpp based on the function definition and docstring below:,40,282
codecontests_cpp_557.txt,codecontests_cpp_557,cpp,codecontests,True,,Write the function body in solve.cpp based on the function definition and docstring below:,55,301
codecontests_cpp_558.txt,codecontests_cpp_558,cpp,codecontests,True,,Write the function body in solve.cpp based on the function definition and docstring below:,61,283
codecontests_cpp_56.txt,codecontests_cpp_56,cpp,codecontests,True,,Write the function body in solve.cpp based on the function definition and docstring below:,45,285
codecontests_cpp_560.txt,codecontests_cpp_560,cpp,codecontests,True,,Write the function body in solve.cpp based on the function definition and docstring below:,48,296
codecontests_cpp_562.txt,codecontests_cpp_562,cpp,codecontests,True,,Add the function body in solve.cpp based on the function definition and docstring below:,47,274
codecontests_cpp_563.txt,codecontests_cpp_563,cpp,codecontests,True,,Add the function body in solve.cpp based on the function definition and docstring below:,48,293
codecontests_cpp_564.txt,codecontests_cpp_564,cpp,codecontests,True,,Complete the function body in solve.cpp based on the function definition and docstring below:,43,282
codecontests_cpp_565.txt,codecontests_cpp_565,cpp,codecontests,True,,Add the function body in solve.cpp based on the function definition and docstring below:,44,259
codecontests_cpp_566.txt,codecontests_cpp_566,cpp,codecontests,True,,Add the function body in solve.cpp based on the function definition and docstring below:,54,290
codecontests_cpp_567.txt,codecontests_cpp_567,cpp,codecontests,True,,Write the function body in solve.cpp based on the function definition and docstring below:,47,275
codecontests_cpp_568.txt,codecontests_cpp_568,cpp,codecontests,True,,Write the function body in solve.cpp based on the function definition and docstring below:,54,282
codecontests_cpp_57.txt,codecontests_cpp_57,cpp,codecontests,True,,Add the function body in solve.cpp based on the function definition and docstring below:,49,298
codecontests_cpp_570.txt,codecontests_cpp_570,cpp,codecontests,True,,Add the function body in solve.cpp based on the function definition and docstring below:,53,280
codecontests_cpp_573.txt,codecontests_cpp_573,cpp,codecontests,True,,Add the function body in solve.cpp based on the function definition and docstring below:,64,309
codecontests_cpp_574.txt,codecontests_cpp_574,cpp,codecontests,True,,Write the function body in solve.cpp based on the function definition and docstring below:,40,254
codecontests_cpp_575.txt,codecontests_cpp_575,cpp,codecontests,True,,Add the function body in solve.cpp based on the function definition and docstring below:,98,401
codecontests_cpp_576.txt,codecontests_cpp_576,cpp,codecontests,True,,Complete the function body in solve.cpp based on the function definition and docstring below:,33,218
codecontests_cpp_577.txt,codecontests_cpp_577,cpp,codecontests,True,,Add the function body in solve.cpp based on the function definition and docstring below:,71,311
codecontests_cpp_579.txt,codecontests_cpp_579,cpp,codecontests,True,,Write the function body in solve.cpp based on the function definition and docstring below:,42,262
codecontests_cpp_580.txt,codecontests_cpp_580,cpp,codecontests,True,,Add the function body in solve.cpp based on the function definition and docstring below:,48,285
codecontests_cpp_581.txt,codecontests_cpp_581,cpp,codecontests,True,,Build the function body in solve.cpp based on the function definition and docstring below:,46,271
codecontests_cpp_582.txt,codecontests_cpp_582,cpp,codecontests,True,,Complete the function body in solve.cpp based on the function definition and docstring below:,43,257
codecontests_cpp_585.txt,codecontests_cpp_585,cpp,codecontests,True,,Write the function body in solve.cpp based on the function definition and docstring below:,50,286
codecontests_cpp_586.txt,codecontests_cpp_586,cpp,codecontests,True,,Write the function body in solve.cpp based on the function definition and docstring below:,52,292
codecontests_cpp_588.txt,codecontests_cpp_588,cpp,codecontests,True,,Add the function body in solve.cpp based on the function definition and docstring below:,43,247
codecontests_cpp_589.txt,codecontests_cpp_589,cpp,codecontests,True,,Write the function body in solve.cpp based on the function definition and docstring below:,40,260
codecontests_cpp_590.txt,codecontests_cpp_590,cpp,codecontests,True,,Build the function body in solve.cpp based on the function definition and docstring below:,42,238
codecontests_cpp_591.txt,codecontests_cpp_591,cpp,codecontests,True,,Write the function body in solve.cpp based on the function definition and docstring below:,37,271
codecontests_cpp_592.txt,codecontests_cpp_592,cpp,codecontests,True,,Add the function body in solve.cpp based on the function definition and docstring below:,47,321
codecontests_cpp_593.txt,codecontests_cpp_593,cpp,codecontests,True,,Write the function body in solve.cpp based on the function definition and docstring below:,48,256
codecontests_cpp_595.txt,codecontests_cpp_595,cpp,codecontests,True,,Write the function body in solve.cpp based on the function definition and docstring below:,39,260
codecontests_cpp_596.txt,codecontests_cpp_596,cpp,codecontests,True,,Write the function body in solve.cpp based on the function definition and docstring below:,46,260
codecontests_cpp_598.txt,codecontests_cpp_598,cpp,codecontests,True,,Complete the function body in solve.cpp based on the function definition and docstring below:,49,281
codecontests_cpp_599.txt,codecontests_cpp_599,cpp,codecontests,True,,Write the function body in solve.cpp based on the function definition and docstring below:,50,256
codecontests_cpp_601.txt,codecontests_cpp_601,cpp,codecontests,True,,Add the function body in solve.cpp based on the function definition and docstring below:,52,269
codecontests_cpp_603.txt,codecontests_cpp_603,cpp,codecontests,True,,Write the function body in solve.cpp based on the function definition and docstring below:,54,307
codecontests_cpp_604.txt,codecontests_cpp_604,cpp,codecontests,True,,Write the function body in solve.cpp based on the function definition and docstring below:,44,300
codecontests_cpp_605.txt,codecontests_cpp_605,cpp,codecontests,True,,Write the function body in solve.cpp based on the function definition and docstring below:,42,266
codecontests_cpp_606.txt,codecontests_cpp_606,cpp,codecontests,True,,Add the function body in solve.cpp based on the function definition and docstring below:,51,246
codecontests_cpp_608.txt,codecontests_cpp_608,cpp,codecontests,True,,Add the function body in solve.cpp based on the function definition and docstring below:,45,275
codecontests_cpp_610.txt,codecontests_cpp_610,cpp,codecontests,True,,Build the function body in solve.cpp based on the function definition and docstring below:,60,333
codecontests_cpp_611.txt,codecontests_cpp_611,cpp,codecontests,True,,Build the function body in solve.cpp based on the function definition and docstring below:,34,236
codecontests_cpp_612.txt,codecontests_cpp_612,cpp,codecontests,True,,Write the function body in solve.cpp based on the function definition and docstring below:,48,301
codecontests_cpp_613.txt,codecontests_cpp_613,cpp,codecontests,True,,Write the function body in solve.cpp based on the function definition and docstring below:,44,315
codecontests_cpp_614.txt,codecontests_cpp_614,cpp,codecontests,True,,Add the function body in solve.cpp based on the function definition and docstring below:,49,300
codecontests_cpp_615.txt,codecontests_cpp_615,cpp,codecontests,True,,Write the function body in solve.cpp based on the function definition and docstring below:,41,265
codecontests_cpp_616.txt,codecontests_cpp_616,cpp,codecontests,True,,Write the function body in solve.cpp based on the function definition and docstring below:,71,330
codecontests_cpp_617.txt,codecontests_cpp_617,cpp,codecontests,True,,Write the function body in solve.cpp based on the function definition and docstring below:,45,290
codecontests_cpp_618.txt,codecontests_cpp_618,cpp,codecontests,True,,Add the function body in solve.cpp based on the function definition and docstring below:,59,287
codecontests_cpp_619.txt,codecontests_cpp_619,cpp,codecontests,True,,Add the function body in solve.cpp based on the function definition and docstring below:,47,260
codecontests_cpp_62.txt,codecontests_cpp_62,cpp,codecontests,True,,Build the function body in solve.cpp based on the function definition and docstring below:,46,284
codecontests_cpp_621.txt,codecontests_cpp_621,cpp,codecontests,True,,Complete the function body in solve.cpp based on the function definition and docstring below:,44,274
codecontests_cpp_624.txt,codecontests_cpp_624,cpp,codecontests,True,,Write the function body in solve.cpp based on the function definition and docstring below:,37,253
codecontests_cpp_625.txt,codecontests_cpp_625,cpp,codecontests,True,,Add the function body in solve.cpp based on the function definition and docstring below:,50,287
codecontests_cpp_627.txt,codecontests_cpp_627,cpp,codecontests,True,,Add the function body in solve.cpp based on the function definition and docstring below:,44,269
codecontests_cpp_629.txt,codecontests_cpp_629,cpp,codecontests,True,,Write the function body in solve.cpp based on the function definition and docstring below:,61,300
codecontests_cpp_63.txt,codecontests_cpp_63,cpp,codecontests,True,,Add the function body in solve.cpp based on the function definition and docstring below:,59,354
codecontests_cpp_630.txt,codecontests_cpp_630,cpp,codecontests,True,,Write the function body in solve.cpp based on the function definition and docstring below:,48,306
codecontests_cpp_631.txt,codecontests_cpp_631,cpp,codecontests,True,,Add the function body in solve.cpp based on the function definition and docstring below:,58,304
codecontests_cpp_632.txt,codecontests_cpp_632,cpp,codecontests,True,,Write the function body in solve.cpp based on the function definition and docstring below:,41,273
codecontests_cpp_633.txt,codecontests_cpp_633,cpp,codecontests,True,,Add the function body in solve.cpp based on the function definition and docstring below:,47,283
codecontests_cpp_634.txt,codecontests_cpp_634,cpp,codecontests,True,,Add the function body in solve.cpp based on the function definition and docstring below:,88,343
codecontests_cpp_635.txt,codecontests_cpp_635,cpp,codecontests,True,,Write the function body in solve.cpp based on the function definition and docstring below:,46,274
codecontests_cpp_636.txt,codecontests_cpp_636,cpp,codecontests,True,,Add the function body in solve.cpp based on the function definition and docstring below:,45,225
codecontests_cpp_637.txt,codecontests_cpp_637,cpp,codecontests,True,,Write the function body in solve.cpp based on the function definition and docstring below:,92,486
codecontests_cpp_638.txt,codecontests_cpp_638,cpp,codecontests,True,,Write the function body in solve.cpp based on the function definition and docstring below:,38,253
codecontests_cpp_639.txt,codecontests_cpp_639,cpp,codecontests,True,,Add the function body in solve.cpp based on the function definition and docstring below:,51,283
codecontests_cpp_64.txt,codecontests_cpp_64,cpp,codecontests,True,,Complete the function body in solve.cpp based on the function definition and docstring below:,44,274
codecontests_cpp_640.txt,codecontests_cpp_640,cpp,codecontests,True,,Write the function body in solve.cpp based on the function definition and docstring below:,68,340
codecontests_cpp_641.txt,codecontests_cpp_641,cpp,codecontests,True,,Add the function body in solve.cpp based on the function definition and docstring below:,43,257
codecontests_cpp_642.txt,codecontests_cpp_642,cpp,codecontests,True,,Add the function body in solve.cpp based on the function definition and docstring below:,51,294
codecontests_cpp_643.txt,codecontests_cpp_643,cpp,codecontests,True,,Write the function body in solve.cpp based on the function definition and docstring below:,51,303
codecontests_cpp_644.txt,codecontests_cpp_644,cpp,codecontests,True,,Add the function body in solve.cpp based on the function definition and docstring below:,46,302
codecontests_cpp_645.txt,codecontests_cpp_645,cpp,codecontests,True,,Add the function body in solve.cpp based on the function definition and docstring below:,47,297
codecontests_cpp_646.txt,codecontests_cpp_646,cpp,codecontests,True,,Add the function body in solve.cpp based on the function definition and docstring below:,72,363
codecontests_cpp_647.txt,codecontests_cpp_647,cpp,codecontests,True,,Add the function body in solve.cpp based on the function definition and docstring below:,59,344
codecontests_cpp_648.txt,codecontests_cpp_648,cpp,codecontests,True,,Write the function body in solve.cpp based on the function definition and docstring below:,70,363
codecontests_cpp_649.txt,codecontests_cpp_649,cpp,codecontests,True,,Write the function body in solve.cpp based on the function definition and docstring below:,43,260
codecontests_cpp_65.txt,codecontests_cpp_65,cpp,codecontests,True,,Complete the function body in solve.cpp based on the function definition and docstring below:,46,301
codecontests_cpp_650.txt,codecontests_cpp_650,cpp,codecontests,True,,Add the function body in solve.cpp based on the function definition and docstring below:,70,414
codecontests_cpp_652.txt,codecontests_cpp_652,cpp,codecontests,True,,Add the function body in solve.cpp based on the function definition and docstring below:,64,319
codecontests_cpp_653.txt,codecontests_cpp_653,cpp,codecontests,True,,Write the function body in solve.cpp based on the function definition and docstring below:,67,338
codecontests_cpp_654.txt,codecontests_cpp_654,cpp,codecontests,True,,Add the function body in solve.cpp based on the function definition and docstring below:,45,266
codecontests_cpp_655.txt,codecontests_cpp_655,cpp,codecontests,True,,Write the function body in solve.cpp based on the function definition and docstring below:,47,312
codecontests_cpp_656.txt,codecontests_cpp_656,cpp,codecontests,True,,Complete the function body in solve.cpp based on the function definition and docstring below:,50,307
codecontests_cpp_657.txt,codecontests_cpp_657,cpp,codecontests,True,,Add the function body in solve.cpp based on the function definition and docstring below:,66,352
codecontests_cpp_658.txt,codecontests_cpp_658,cpp,codecontests,True,,Add the function body in solve.cpp based on the function definition and docstring below:,48,302
codecontests_cpp_659.txt,codecontests_cpp_659,cpp,codecontests,True,,Write the function body in solve.cpp based on the function definition and docstring below:,54,330
codecontests_cpp_66.txt,codecontests_cpp_66,cpp,codecontests,True,,Write the function body in solve.cpp based on the function definition and docstring below:,44,297
codecontests_cpp_660.txt,codecontests_cpp_660,cpp,codecontests,True,,Write the function body in solve.cpp based on the function definition and docstring below:,81,363
codecontests_cpp_661.txt,codecontests_cpp_661,cpp,codecontests,True,,Write the function body in solve.cpp based on the function definition and docstring below:,51,309
codecontests_cpp_662.txt,codecontests_cpp_662,cpp,codecontests,True,,Add the function body in solve.cpp based on the function definition and docstring below:,52,333
codecontests_cpp_664.txt,codecontests_cpp_664,cpp,codecontests,True,,Write the function body in solve.cpp based on the function definition and docstring below:,57,335
codecontests_cpp_665.txt,codecontests_cpp_665,cpp,codecontests,True,,Add the function body in solve.cpp based on the function definition and docstring below:,72,386
codecontests_cpp_666.txt,codecontests_cpp_666,cpp,codecontests,True,,Add the function body in solve.cpp based on the function definition and docstring below:,49,303
codecontests_cpp_667.txt,codecontests_cpp_667,cpp,codecontests,True,,Add the function body in solve.cpp based on the function definition and docstring below:,67,335
codecontests_cpp_668.txt,codecontests_cpp_668,cpp,codecontests,True,,Add the function body in solve.cpp based on the function definition and docstring below:,68,351
codecontests_cpp_669.txt,codecontests_cpp_669,cpp,codecontests,True,,Add the function body in solve.cpp based on the function definition and docstring below:,45,277
codecontests_cpp_670.txt,codecontests_cpp_670,cpp,codecontests,True,,Add the function body in solve.cpp based on the function definition and docstring below:,49,299
codecontests_cpp_671.txt,codecontests_cpp_671,cpp,codecontests,True,,Write the function body in solve.cpp based on the function definition and docstring below:,51,279
codecontests_cpp_672.txt,codecontests_cpp_672,cpp,codecontests,True,,Save the function body in solve.cpp based on the function definition and docstring below:,52,325
codecontests_cpp_673.txt,codecontests_cpp_673,cpp,codecontests,True,,Add the function body in solve.cpp based on the function definition and docstring below:,48,304
codecontests_cpp_674.txt,codecontests_cpp_674,cpp,codecontests,True,,Add the function body in solve.cpp based on the function definition and docstring below:,50,287
codecontests_cpp_675.txt,codecontests_cpp_675,cpp,codecontests,True,,Write the function body in solve.cpp based on the function definition and docstring below:,54,359
codecontests_cpp_676.txt,codecontests_cpp_676,cpp,codecontests,True,,Write the function body in solve.cpp based on the function definition and docstring below:,44,266
codecontests_cpp_677.txt,codecontests_cpp_677,cpp,codecontests,True,,Complete the function body in solve.cpp based on the function definition and docstring below:,58,324
codecontests_cpp_678.txt,codecontests_cpp_678,cpp,codecontests,True,,Write the function body in solve.cpp based on the function definition and docstring below:,53,313
codecontests_cpp_679.txt,codecontests_cpp_679,cpp,codecontests,True,,Write the function body in solve.cpp based on the function definition and docstring below:,45,310
codecontests_cpp_68.txt,codecontests_cpp_68,cpp,codecontests,True,,Add the function body in solve.cpp based on the function definition and docstring below:,50,293
codecontests_cpp_680.txt,codecontests_cpp_680,cpp,codecontests,True,,Add the function body in solve.cpp based on the function definition and docstring below:,72,348
codecontests_cpp_681.txt,codecontests_cpp_681,cpp,codecontests,True,,Add the function body in solve.cpp based on the function definition and docstring below:,44,277
codecontests_cpp_682.txt,codecontests_cpp_682,cpp,codecontests,True,,Write the function body in solve.cpp based on the function definition and docstring below:,44,289
codecontests_cpp_683.txt,codecontests_cpp_683,cpp,codecontests,True,,Complete the function body in solve.cpp based on the function definition and docstring below:,44,278
codecontests_cpp_684.txt,codecontests_cpp_684,cpp,codecontests,True,,Add the function body in solve.cpp based on the function definition and docstring below:,75,351
codecontests_cpp_685.txt,codecontests_cpp_685,cpp,codecontests,True,,Add the function body in solve.cpp based on the function definition and docstring below:,107,438
codecontests_cpp_687.txt,codecontests_cpp_687,cpp,codecontests,True,,Add the function body in solve.cpp based on the function definition and docstring below:,52,301
codecontests_cpp_689.txt,codecontests_cpp_689,cpp,codecontests,True,,Write the function body in solve.cpp based on the function definition and docstring below:,64,330
codecontests_cpp_69.txt,codecontests_cpp_69,cpp,codecontests,True,,Write the function body in solve.cpp based on the function definition and docstring below:,50,296
codecontests_cpp_690.txt,codecontests_cpp_690,cpp,codecontests,True,,Add the function body in solve.cpp based on the function definition and docstring below:,40,243
codecontests_cpp_691.txt,codecontests_cpp_691,cpp,codecontests,True,,Add the function body in solve.cpp based on the function definition and docstring below:,53,296
codecontests_cpp_692.txt,codecontests_cpp_692,cpp,codecontests,True,,Add the function body in solve.cpp based on the function definition and docstring below:,47,300
codecontests_cpp_693.txt,codecontests_cpp_693,cpp,codecontests,True,,Write the function body in solve.cpp based on the function definition and docstring below:,50,273
codecontests_cpp_694.txt,codecontests_cpp_694,cpp,codecontests,True,,Complete the function body in solve.cpp based on the function definition and docstring below:,50,312
codecontests_cpp_697.txt,codecontests_cpp_697,cpp,codecontests,True,,Add the function body in solve.cpp based on the function definition and docstring below:,43,279
codecontests_cpp_698.txt,codecontests_cpp_698,cpp,codecontests,True,,Add the function body in solve.cpp based on the function definition and docstring below:,61,411
codecontests_cpp_699.txt,codecontests_cpp_699,cpp,codecontests,True,,Add the function body in solve.cpp based on the function definition and docstring below:,46,262
codecontests_cpp_70.txt,codecontests_cpp_70,cpp,codecontests,True,,Complete the function body in solve.cpp based on the function definition and docstring below:,44,267
codecontests_cpp_700.txt,codecontests_cpp_700,cpp,codecontests,True,,Write the function body in solve.cpp based on the function definition and docstring below:,68,363
codecontests_cpp_701.txt,codecontests_cpp_701,cpp,codecontests,True,,Write the function body in solve.cpp based on the function definition and docstring below:,71,308
codecontests_cpp_702.txt,codecontests_cpp_702,cpp,codecontests,True,,Add the function body in solve.cpp based on the function definition and docstring below:,51,303
codecontests_cpp_705.txt,codecontests_cpp_705,cpp,codecontests,True,,Write the function body in solve.cpp based on the function definition and docstring below:,54,345
codecontests_cpp_706.txt,codecontests_cpp_706,cpp,codecontests,True,,Add the function body in solve.cpp based on the function definition and docstring below:,85,391
codecontests_cpp_707.txt,codecontests_cpp_707,cpp,codecontests,True,,Complete the function body in solve.cpp based on the function definition and docstring below:,52,313
codecontests_cpp_708.txt,codecontests_cpp_708,cpp,codecontests,True,,Save the function body in solve.cpp based on the function definition and docstring below:,77,370
codecontests_cpp_709.txt,codecontests_cpp_709,cpp,codecontests,True,,Add the function body in solve.cpp based on the function definition and docstring below:,51,307
codecontests_cpp_710.txt,codecontests_cpp_710,cpp,codecontests,True,,Write the function body in solve.cpp based on the function definition and docstring below:,64,332
codecontests_cpp_711.txt,codecontests_cpp_711,cpp,codecontests,True,,Add the function body in solve.cpp based on the function definition and docstring below:,48,293
codecontests_cpp_713.txt,codecontests_cpp_713,cpp,codecontests,True,,Save the function body in solve.cpp based on the function definition and docstring below:,80,381
codecontests_cpp_714.txt,codecontests_cpp_714,cpp,codecontests,True,,Add the function body in solve.cpp based on the function definition and docstring below:,55,327
codecontests_cpp_716.txt,codecontests_cpp_716,cpp,codecontests,True,,Write the function body in solve.cpp based on the function definition and docstring below:,46,292
codecontests_cpp_717.txt,codecontests_cpp_717,cpp,codecontests,True,,Write the function body in solve.cpp based on the function definition and docstring below:,55,307
codecontests_cpp_718.txt,codecontests_cpp_718,cpp,codecontests,True,,Add the function body in solve.cpp based on the function definition and docstring below:,89,375
codecontests_cpp_719.txt,codecontests_cpp_719,cpp,codecontests,True,,Add the function body in solve.cpp based on the function definition and docstring below:,66,317
codecontests_cpp_72.txt,codecontests_cpp_72,cpp,codecontests,True,,Build the function body in solve.cpp based on the function definition and docstring below:,40,258
codecontests_cpp_720.txt,codecontests_cpp_720,cpp,codecontests,True,,Add the function body in solve.cpp based on the function definition and docstring below:,52,320
codecontests_cpp_721.txt,codecontests_cpp_721,cpp,codecontests,True,,Add the function body in solve.cpp based on the function definition and docstring below:,42,227
codecontests_cpp_722.txt,codecontests_cpp_722,cpp,codecontests,True,,Add the function body in solve.cpp based on the function definition and docstring below:,56,349
codecontests_cpp_724.txt,codecontests_cpp_724,cpp,codecontests,True,,Add the function body in solve.cpp based on the function definition and docstring below:,46,255
codecontests_cpp_725.txt,codecontests_cpp_725,cpp,codecontests,True,,Add the function body in solve.cpp based on the function definition and docstring below:,41,279
codecontests_cpp_726.txt,codecontests_cpp_726,cpp,codecontests,True,,Write the function body in solve.cpp based on the function definition and docstring below:,50,298
codecontests_cpp_727.txt,codecontests_cpp_727,cpp,codecontests,True,,Write the function body in solve.cpp based on the function definition and docstring below:,48,297
codecontests_cpp_728.txt,codecontests_cpp_728,cpp,codecontests,True,,Add the function body in solve.cpp based on the function definition and docstring below:,51,312
codecontests_cpp_729.txt,codecontests_cpp_729,cpp,codecontests,True,,Write the function body in solve.cpp based on the function definition and docstring below:,42,287
codecontests_cpp_73.txt,codecontests_cpp_73,cpp,codecontests,True,,Add the function body in solve.cpp based on the function definition and docstring below:,49,282
codecontests_cpp_730.txt,codecontests_cpp_730,cpp,codecontests,True,,Add the function body in solve.cpp based on the function definition and docstring below:,53,301
codecontests_cpp_731.txt,codecontests_cpp_731,cpp,codecontests,True,,Add the function body in solve.cpp based on the function definition and docstring below:,53,268
codecontests_cpp_733.txt,codecontests_cpp_733,cpp,codecontests,True,,Add the function body in solve.cpp based on the function definition and docstring below:,54,305
codecontests_cpp_734.txt,codecontests_cpp_734,cpp,codecontests,True,,Add the function body in solve.cpp based on the function definition and docstring below:,64,361
codecontests_cpp_736.txt,codecontests_cpp_736,cpp,codecontests,True,,Add the function body in solve.cpp based on the function definition and docstring below:,83,393
codecontests_cpp_737.txt,codecontests_cpp_737,cpp,codecontests,True,,Write the function body in solve.cpp based on the function definition and docstring below:,48,276
codecontests_cpp_738.txt,codecontests_cpp_738,cpp,codecontests,True,,Add the function body in solve.cpp based on the function definition and docstring below:,55,304
codecontests_cpp_739.txt,codecontests_cpp_739,cpp,codecontests,True,,Add the function body in solve.cpp based on the function definition and docstring below:,47,252
codecontests_cpp_74.txt,codecontests_cpp_74,cpp,codecontests,True,,Add the function body in solve.cpp based on the function definition and docstring below:,63,326
codecontests_cpp_740.txt,codecontests_cpp_740,cpp,codecontests,True,,Write the function body in solve.cpp based on the function definition and docstring below:,44,262
codecontests_cpp_741.txt,codecontests_cpp_741,cpp,codecontests,True,,Save the function body in solve.cpp based on the function definition and docstring below:,54,342
codecontests_cpp_742.txt,codecontests_cpp_742,cpp,codecontests,True,,Add the function body in solve.cpp based on the function definition and docstring below:,55,332
codecontests_cpp_743.txt,codecontests_cpp_743,cpp,codecontests,True,,Add the function body in solve.cpp based on the function definition and docstring below:,65,311
codecontests_cpp_745.txt,codecontests_cpp_745,cpp,codecontests,True,,Write the function body in solve.cpp based on the function definition and docstring below:,53,333
codecontests_cpp_747.txt,codecontests_cpp_747,cpp,codecontests,True,,Write the function body in solve.cpp based on the function definition and docstring below:,61,352
codecontests_cpp_748.txt,codecontests_cpp_748,cpp,codecontests,True,,Add the function body in solve.cpp based on the function definition and docstring below:,52,323
codecontests_cpp_749.txt,codecontests_cpp_749,cpp,codecontests,True,,Add the function body in solve.cpp based on the function definition and docstring below:,47,293
codecontests_cpp_75.txt,codecontests_cpp_75,cpp,codecontests,True,,Add the function body in solve.cpp based on the function definition and docstring below:,49,292
codecontests_cpp_750.txt,codecontests_cpp_750,cpp,codecontests,True,,Write the function body in solve.cpp based on the function definition and docstring below:,50,285
codecontests_cpp_751.txt,codecontests_cpp_751,cpp,codecontests,True,,Add the function body in solve.cpp based on the function definition and docstring below:,52,342
codecontests_cpp_752.txt,codecontests_cpp_752,cpp,codecontests,True,,Add the function body in solve.cpp based on the function definition and docstring below:,54,358
codecontests_cpp_753.txt,codecontests_cpp_753,cpp,codecontests,True,,Add the function body in solve.cpp based on the function definition and docstring below:,49,282
codecontests_cpp_754.txt,codecontests_cpp_754,cpp,codecontests,True,,Write the function body in solve.cpp based on the function definition and docstring below:,65,354
codecontests_cpp_755.txt,codecontests_cpp_755,cpp,codecontests,True,,Add the function body in solve.cpp based on the function definition and docstring below:,89,384
codecontests_cpp_756.txt,codecontests_cpp_756,cpp,codecontests,True,,Add the function body in solve.cpp based on the function definition and docstring below:,53,313
codecontests_cpp_757.txt,codecontests_cpp_757,cpp,codecontests,True,,Add the function body in solve.cpp based on the function definition and docstring below:,39,262
codecontests_cpp_758.txt,codecontests_cpp_758,cpp,codecontests,True,,Add the function body in solve.cpp based on the function definition and docstring below:,68,348
codecontests_cpp_759.txt,codecontests_cpp_759,cpp,codecontests,True,,Add the function body in solve.cpp based on the function definition and docstring below:,49,312
codecontests_cpp_760.txt,codecontests_cpp_760,cpp,codecontests,True,,Save the function body in solve.cpp based on the function definition and docstring below:,42,282
codecontests_cpp_761.txt,codecontests_cpp_761,cpp,codecontests,True,,Add the function body in solve.cpp based on the function definition and docstring below:,51,309
codecontests_cpp_762.txt,codecontests_cpp_762,cpp,codecontests,True,,Add the function body in solve.cpp based on the function definition and docstring below:,45,301
codecontests_cpp_763.txt,codecontests_cpp_763,cpp,codecontests,True,,Write the function body in solve.cpp based on the function definition and docstring below:,51,346
codecontests_cpp_764.txt,codecontests_cpp_764,cpp,codecontests,True,,Add the function body in solve.cpp based on the function definition and docstring below:,45,288
codecontests_cpp_765.txt,codecontests_cpp_765,cpp,codecontests,True,,Add the function body in solve.cpp based on the function definition and docstring below:,53,314
codecontests_cpp_766.txt,codecontests_cpp_766,cpp,codecontests,True,,Add the function body in solve.cpp based on the function definition and docstring below:,52,271
codecontests_cpp_767.txt,codecontests_cpp_767,cpp,codecontests,True,,Add the function body in solve.cpp based on the function definition and docstring below:,50,276
codecontests_cpp_769.txt,codecontests_cpp_769,cpp,codecontests,True,,Add the function body in solve.cpp based on the function definition and docstring below:,49,298
codecontests_cpp_77.txt,codecontests_cpp_77,cpp,codecontests,True,,Add the function body in solve.cpp based on the function definition and docstring below:,51,295
codecontests_cpp_770.txt,codecontests_cpp_770,cpp,codecontests,True,,Add the function body in solve.cpp based on the function definition and docstring below:,37,228
codecontests_cpp_771.txt,codecontests_cpp_771,cpp,codecontests,True,,Add the function body in solve.cpp based on the function definition and docstring below:,49,312
codecontests_cpp_772.txt,codecontests_cpp_772,cpp,codecontests,True,,Write the function body in solve.cpp based on the function definition and docstring below:,47,250
codecontests_cpp_773.txt,codecontests_cpp_773,cpp,codecontests,True,,Add the function body in solve.cpp based on the function definition and docstring below:,71,324
codecontests_cpp_774.txt,codecontests_cpp_774,cpp,codecontests,True,,Add the function body in solve.cpp based on the function definition and docstring below:,55,335
codecontests_cpp_775.txt,codecontests_cpp_775,cpp,codecontests,True,,Write the function body in solve.cpp based on the function definition and docstring below:,42,255
codecontests_cpp_776.txt,codecontests_cpp_776,cpp,codecontests,True,,Write the function body in solve.cpp based on the function definition and docstring below:,41,276
codecontests_cpp_777.txt,codecontests_cpp_777,cpp,codecontests,True,,Write the function body in solve.cpp based on the function definition and docstring below:,48,294
codecontests_cpp_778.txt,codecontests_cpp_778,cpp,codecontests,True,,Write the function body in solve.cpp based on the function definition and docstring below:,38,251
codecontests_cpp_779.txt,codecontests_cpp_779,cpp,codecontests,True,,Add the function body in solve.cpp based on the function definition and docstring below:,50,284
codecontests_cpp_780.txt,codecontests_cpp_780,cpp,codecontests,True,,Add the function body in solve.cpp based on the function definition and docstring below:,51,301
codecontests_cpp_781.txt,codecontests_cpp_781,cpp,codecontests,True,,Add the function body in solve.cpp based on the function definition and docstring below:,60,263
codecontests_cpp_782.txt,codecontests_cpp_782,cpp,codecontests,True,,Write the function body in solve.cpp based on the function definition and docstring below:,65,386
codecontests_cpp_783.txt,codecontests_cpp_783,cpp,codecontests,True,,Write the function body in solve.cpp based on the function definition and docstring below:,74,365
codecontests_cpp_785.txt,codecontests_cpp_785,cpp,codecontests,True,,Add the function body in solve.cpp based on the function definition and docstring below:,53,304
codecontests_cpp_786.txt,codecontests_cpp_786,cpp,codecontests,True,,Add the function body in solve.cpp based on the function definition and docstring below:,62,344
codecontests_cpp_787.txt,codecontests_cpp_787,cpp,codecontests,True,,Write the function body in solve.cpp based on the function definition and docstring below:,40,253
codecontests_cpp_788.txt,codecontests_cpp_788,cpp,codecontests,True,,Add the function body in solve.cpp based on the function definition and docstring below:,92,441
codecontests_cpp_789.txt,codecontests_cpp_789,cpp,codecontests,True,,Add the function body in solve.cpp based on the function definition and docstring below:,47,260
codecontests_cpp_79.txt,codecontests_cpp_79,cpp,codecontests,True,,Write the function body in solve.cpp based on the function definition and docstring below:,53,293
codecontests_cpp_790.txt,codecontests_cpp_790,cpp,codecontests,True,,Write the function body in solve.cpp based on the function definition and docstring below:,40,271
codecontests_cpp_791.txt,codecontests_cpp_791,cpp,codecontests,True,,Add the function body in solve.cpp based on the function definition and docstring below:,66,315
codecontests_cpp_792.txt,codecontests_cpp_792,cpp,codecontests,True,,Add the function body in solve.cpp based on the function definition and docstring below:,73,388
codecontests_cpp_793.txt,codecontests_cpp_793,cpp,codecontests,True,,Write the function body in solve.cpp based on the function definition and docstring below:,66,312
codecontests_cpp_794.txt,codecontests_cpp_794,cpp,codecontests,True,,Add the function body in solve.cpp based on the function definition and docstring below:,65,355
codecontests_cpp_795.txt,codecontests_cpp_795,cpp,codecontests,True,,Add the function body in solve.cpp based on the function definition and docstring below:,46,290
codecontests_cpp_796.txt,codecontests_cpp_796,cpp,codecontests,True,,Add the function body in solve.cpp based on the function definition and docstring below:,52,321
codecontests_cpp_797.txt,codecontests_cpp_797,cpp,codecontests,True,,Complete the function body in solve.cpp based on the function definition and docstring below:,48,289
codecontests_cpp_798.txt,codecontests_cpp_798,cpp,codecontests,True,,Write the function body in solve.cpp based on the function definition and docstring below:,41,276
codecontests_cpp_799.txt,codecontests_cpp_799,cpp,codecontests,True,,Add the function body in solve.cpp based on the function definition and docstring below:,95,392
codecontests_cpp_80.txt,codecontests_cpp_80,cpp,codecontests,True,,Write the function body in solve.cpp based on the function definition and docstring below:,58,299
codecontests_cpp_800.txt,codecontests_cpp_800,cpp,codecontests,True,,Add the function body in solve.cpp based on the function definition and docstring below:,60,344
codecontests_cpp_801.txt,codecontests_cpp_801,cpp,codecontests,True,,Add the function body in solve.cpp based on the function definition and docstring below:,49,310
codecontests_cpp_802.txt,codecontests_cpp_802,cpp,codecontests,True,,Write the function body in solve.cpp based on the function definition and docstring below:,61,333
codecontests_cpp_803.txt,codecontests_cpp_803,cpp,codecontests,True,,Write the function body in solve.cpp based on the function definition and docstring below:,59,394
codecontests_cpp_804.txt,codecontests_cpp_804,cpp,codecontests,True,,Add the function body in solve.cpp based on the function definition and docstring below:,53,328
codecontests_cpp_805.txt,codecontests_cpp_805,cpp,codecontests,True,,Write the function body in solve.cpp based on the function definition and docstring below:,49,314
codecontests_cpp_806.txt,codecontests_cpp_806,cpp,codecontests,True,,Save the function body in solve.cpp based on the function definition and docstring below:,37,214
codecontests_cpp_807.txt,codecontests_cpp_807,cpp,codecontests,True,,Add the function body in solve.cpp based on the function definition and docstring below:,40,233
codecontests_cpp_808.txt,codecontests_cpp_808,cpp,codecontests,True,,Write the function body in solve.cpp based on the function definition and docstring below:,64,356
codecontests_cpp_810.txt,codecontests_cpp_810,cpp,codecontests,True,,Write the function body in solve.cpp based on the function definition and docstring below:,51,307
codecontests_cpp_812.txt,codecontests_cpp_812,cpp,codecontests,True,,Add the function body in solve.cpp based on the function definition and docstring below:,49,263
codecontests_cpp_813.txt,codecontests_cpp_813,cpp,codecontests,True,,Write the function body in solve.cpp based on the function definition and docstring below:,50,311
codecontests_cpp_814.txt,codecontests_cpp_814,cpp,codecontests,True,,Write the function body in solve.cpp based on the function definition and docstring below:,61,327
codecontests_cpp_815.txt,codecontests_cpp_815,cpp,codecontests,True,,Add the function body in solve.cpp based on the function definition and docstring below:,41,292
codecontests_cpp_816.txt,codecontests_cpp_816,cpp,codecontests,True,,Write the function body in solve.cpp based on the function definition and docstring below:,44,237
codecontests_cpp_817.txt,codecontests_cpp_817,cpp,codecontests,True,,Write the function body in solve.cpp based on the function definition and docstring below:,36,250
codecontests_cpp_818.txt,codecontests_cpp_818,cpp,codecontests,True,,Add the function body in solve.cpp based on the function definition and docstring below:,52,322
codecontests_cpp_819.txt,codecontests_cpp_819,cpp,codecontests,True,,Add the function body in solve.cpp based on the function definition and docstring below:,53,309
codecontests_cpp_820.txt,codecontests_cpp_820,cpp,codecontests,True,,Write the function body in solve.cpp based on the function definition and docstring below:,44,294
codecontests_cpp_821.txt,codecontests_cpp_821,cpp,codecontests,True,,Add the function body in solve.cpp based on the function definition and docstring below:,40,252
codecontests_cpp_822.txt,codecontests_cpp_822,cpp,codecontests,True,,Add the function body in solve.cpp based on the function definition and docstring below:,52,318
codecontests_cpp_823.txt,codecontests_cpp_823,cpp,codecontests,True,,Add the function body in solve.cpp based on the function definition and docstring below:,54,310
codecontests_cpp_824.txt,codecontests_cpp_824,cpp,codecontests,True,,Add the function body in solve.cpp based on the function definition and docstring below:,47,278
codecontests_cpp_825.txt,codecontests_cpp_825,cpp,codecontests,True,,Write the function body in solve.cpp based on the function definition and docstring below:,45,235
codecontests_cpp_826.txt,codecontests_cpp_826,cpp,codecontests,True,,Save the function body in solve.cpp based on the function definition and docstring below:,47,268
codecontests_cpp_827.txt,codecontests_cpp_827,cpp,codecontests,True,,Add the function body in solve.cpp based on the function definition and docstring below:,53,334
codecontests_cpp_828.txt,codecontests_cpp_828,cpp,codecontests,True,,Add the function body in solve.cpp based on the function definition and docstring below:,51,303
codecontests_cpp_829.txt,codecontests_cpp_829,cpp,codecontests,True,,Write the function body in solve.cpp based on the function definition and docstring below:,55,327
codecontests_cpp_83.txt,codecontests_cpp_83,cpp,codecontests,True,,Write the function body in solve.cpp based on the function definition and docstring below:,52,283
codecontests_cpp_830.txt,codecontests_cpp_830,cpp,codecontests,True,,Build the function body in solve.cpp based on the function definition and docstring below:,41,253
codecontests_cpp_87.txt,codecontests_cpp_87,cpp,codecontests,True,,Write the function body in solve.cpp based on the function definition and docstring below:,46,277
codecontests_cpp_89.txt,codecontests_cpp_89,cpp,codecontests,True,,Build the function body in solve.cpp based on the function definition and docstring below:,48,280
codecontests_cpp_9.txt,codecontests_cpp_9,cpp,codecontests,True,,Build the function body in solve.cpp based on the function definition and docstring below:,44,277
codecontests_cpp_91.txt,codecontests_cpp_91,cpp,codecontests,True,,Build the function body in solve.cpp based on the function definition and docstring below:,54,286
codecontests_cpp_93.txt,codecontests_cpp_93,cpp,codecontests,True,,Write the function body in solve.cpp based on the function definition and docstring below:,49,262
codecontests_cpp_94.txt,codecontests_cpp_94,cpp,codecontests,True,,Build the function body in solve.cpp based on the function definition and docstring below:,47,267
codecontests_cpp_95.txt,codecontests_cpp_95,cpp,codecontests,True,,Write the function body in solve.cpp based on the function definition and docstring below:,48,283
codecontests_cpp_98.txt,codecontests_cpp_98,cpp,codecontests,True,,Write the function body in solve.cpp based on the function definition and docstring below:,43,292
codecontests_cpp_99.txt,codecontests_cpp_99,cpp,codecontests,True,,Write the function body in solve.cpp based on the function definition and docstring below:,43,288
codecontests_java_1.txt,codecontests_java_1,java,codecontests,True,,Save the function body in solve.java based on the function definition and docstring below:,40,277
codecontests_java_100.txt,codecontests_java_100,java,codecontests,True,,Save the function body in solve.java based on the function definition and docstring below:,40,299
codecontests_java_101.txt,codecontests_java_101,java,codecontests,True,,Complete the function body in solve.java based on the function definition and docstring below:,43,269
codecontests_java_106.txt,codecontests_java_106,java,codecontests,True,,Add the function body in solve.java based on the function definition and docstring below:,64,369
codecontests_java_107.txt,codecontests_java_107,java,codecontests,True,,Add the function body in solve.java based on the function definition and docstring below:,44,258
codecontests_java_108.txt,codecontests_java_108,java,codecontests,True,,Complete the function body in solve.java based on the function definition and docstring below:,41,259
codecontests_java_109.txt,codecontests_java_109,java,codecontests,True,,Add the function body in solve.java based on the function definition and docstring below:,38,246
codecontests_java_11.txt,codecontests_java_11,java,codecontests,True,,Add the function body in solve.java based on the function definition and docstring below:,41,260
codecontests_java_110.txt,codecontests_java_110,java,codecontests,True,,Add the function body in solve.java based on the function definition and docstring below:,44,250
codecontests_java_112.txt,codecontests_java_112,java,codecontests,True,,Save the function body in solve.java based on the function definition and docstring below:,51,288
codecontests_java_113.txt,codecontests_java_113,java,codecontests,True,,Write the function body in solve.java based on the function definition and docstring below:,47,270
codecontests_java_114.txt,codecontests_java_114,java,codecontests,True,,Add the function body in solve.java based on the function definition and docstring below:,47,285
codecontests_java_115.txt,codecontests_java_115,java,codecontests,True,,Add the function body in solve.java based on the function definition and docstring below:,72,318
codecontests_java_116.txt,codecontests_java_116,java,codecontests,True,,Save the function body in solve.java based on the function definition and docstring below:,61,353
codecontests_java_117.txt,codecontests_java_117,java,codecontests,True,,Complete the function body in solve.java based on the function definition and docstring below:,41,271
codecontests_java_118.txt,codecontests_java_118,java,codecontests,True,,Add the function body in solve.java based on the function definition and docstring below:,39,252
codecontests_java_12.txt,codecontests_java_12,java,codecontests,True,,Add the function body in solve.java based on the function definition and docstring below:,51,288
codecontests_java_120.txt,codecontests_java_120,java,codecontests,True,,Write the function body in solve.java based on the function definition and docstring below:,45,282
codecontests_java_121.txt,codecontests_java_121,java,codecontests,True,,Write the function body in solve.java based on the function definition and docstring below:,41,272
codecontests_java_122.txt,codecontests_java_122,java,codecontests,True,,Add the function body in solve.java based on the function definition and docstring below:,50,298
codecontests_java_123.txt,codecontests_java_123,java,codecontests,True,,Add the function body in solve.java based on the function definition and docstring below:,47,278
codecontests_java_124.txt,codecontests_java_124,java,codecontests,True,,Add the function body in solve.java based on the function definition and docstring below:,42,256
codecontests_java_125.txt,codecontests_java_125,java,codecontests,True,,Add the function body in solve.java based on the function definition and docstring below:,45,265
codecontests_java_126.txt,codecontests_java_126,java,codecontests,True,,Add the function body in solve.java based on the function definition and docstring below:,41,289
codecontests_java_127.txt,codecontests_java_127,java,codecontests,True,,Write the function body in solve.java based on the function definition and docstring below:,46,281
codecontests_java_129.txt,codecontests_java_129,java,codecontests,True,,Complete the function body in solve.java based on the function definition and docstring below:,43,252
codecontests_java_13.txt,codecontests_java_13,java,codecontests,True,,Add the function body in solve.java based on the function definition and docstring below:,51,270
codecontests_java_130.txt,codecontests_java_130,java,codecontests,True,,Add the function body in solve.java based on the function definition and docstring below:,48,286
codecontests_java_131.txt,codecontests_java_131,java,codecontests,True,,Save the function body in solve.java based on the function definition and docstring below:,45,283
codecontests_java_132.txt,codecontests_java_132,java,codecontests,True,,Save the function body in solve.java based on the function definition and docstring below:,56,306
codecontests_java_133.txt,codecontests_java_133,java,codecontests,True,,Write the function body in solve.java based on the function definition and docstring below:,42,258
codecontests_java_134.txt,codecontests_java_134,java,codecontests,True,,Add the function body in solve.java based on the function definition and docstring below:,43,258
codecontests_java_136.txt,codecontests_java_136,java,codecontests,True,,Complete the function body in solve.java based on the function definition and docstring below:,42,266
codecontests_java_137.txt,codecontests_java_137,java,codecontests,True,,Save the function body in solve.java based on the function definition and docstring below:,44,260
codecontests_java_138.txt,codecontests_java_138,java,codecontests,True,,Add the function body in solve.java based on the function definition and docstring below:,44,268
codecontests_java_139.txt,codecontests_java_139,java,codecontests,True,,Save the function body in solve.java based on the function definition and docstring below:,48,262
codecontests_java_14.txt,codecontests_java_14,java,codecontests,True,,Add the function body in solve.java based on the function definition and docstring below:,37,226
codecontests_java_140.txt,codecontests_java_140,java,codecontests,True,,Save the function body in solve.java based on the function definition and docstring below:,47,280
codecontests_java_141.txt,codecontests_java_141,java,codecontests,True,,Write the function body in solve.java based on the function definition and docstring below:,37,374
codecontests_java_142.txt,codecontests_java_142,java,codecontests,True,,Save the function body in solve.java based on the function definition and docstring below:,50,276
codecontests_java_143.txt,codecontests_java_143,java,codecontests,True,,Add the function body in solve.java based on the function definition and docstring below:,57,289
codecontests_java_144.txt,codecontests_java_144,java,codecontests,True,,Complete the function body in solve.java based on the function definition and docstring below:,39,253
codecontests_java_145.txt,codecontests_java_145,java,codecontests,True,,Save the function body in solve.java based on the function definition and docstring below:,53,288
codecontests_java_146.txt,codecontests_java_146,java,codecontests,True,,Complete the function body in solve.java based on the function definition and docstring below:,39,283
codecontests_java_147.txt,codecontests_java_147,java,codecontests,True,,Save the function body in solve.java based on the function definition and docstring below:,58,271
codecontests_java_148.txt,codecontests_java_148,java,codecontests,True,,Add the function body in solve.java based on the function definition and docstring below:,50,289
codecontests_java_149.txt,codecontests_java_149,java,codecontests,True,,Add the function body in solve.java based on the function definition and docstring below:,51,309
codecontests_java_15.txt,codecontests_java_15,java,codecontests,True,,Add the function body in solve.java based on the function definition and docstring below:,49,267
codecontests_java_151.txt,codecontests_java_151,java,codecontests,True,,Add the function body in solve.java based on the function definition and docstring below:,44,263
codecontests_java_152.txt,codecontests_java_152,java,codecontests,True,,Add the function body in solve.java based on the function definition and docstring below:,40,266
codecontests_java_153.txt,codecontests_java_153,java,codecontests,True,,Save the function body in solve.java based on the function definition and docstring below:,51,302
codecontests_java_154.txt,codecontests_java_154,java,codecontests,True,,Save the function body in solve.java based on the function definition and docstring below:,54,294
codecontests_java_156.txt,codecontests_java_156,java,codecontests,True,,Save the function body in solve.java based on the function definition and docstring below:,53,333
codecontests_java_157.txt,codecontests_java_157,java,codecontests,True,,Save the function body in solve.java based on the function definition and docstring below:,51,298
codecontests_java_158.txt,codecontests_java_158,java,codecontests,True,,Add the function body in solve.java based on the function definition and docstring below:,47,285
codecontests_java_159.txt,codecontests_java_159,java,codecontests,True,,Add the function body in solve.java based on the function definition and docstring below:,53,297
codecontests_java_16.txt,codecontests_java_16,java,codecontests,True,,Add the function body in solve.java based on the function definition and docstring below:,39,272
codecontests_java_160.txt,codecontests_java_160,java,codecontests,True,,Write the function body in solve.java based on the function definition and docstring below:,40,248
codecontests_java_161.txt,codecontests_java_161,java,codecontests,True,,Add the function body in solve.java based on the function definition and docstring below:,34,222
codecontests_java_162.txt,codecontests_java_162,java,codecontests,True,,Complete the function body in solve.java based on the function definition and docstring below:,41,265
codecontests_java_163.txt,codecontests_java_163,java,codecontests,True,,Add the function body in solve.java based on the function definition and docstring below:,38,241
codecontests_java_165.txt,codecontests_java_165,java,codecontests,True,,Add the function body in solve.java based on the function definition and docstring below:,41,287
codecontests_java_166.txt,codecontests_java_166,java,codecontests,True,,Write the function body in solve.java based on the function definition and docstring below:,46,271
codecontests_java_167.txt,codecontests_java_167,java,codecontests,True,,Build the function body in solve.java based on the function definition and docstring below:,36,259
codecontests_java_168.txt,codecontests_java_168,java,codecontests,True,,Add the function body in solve.java based on the function definition and docstring below:,47,295
codecontests_java_169.txt,codecontests_java_169,java,codecontests,True,,Write the function body in solve.java based on the function definition and docstring below:,41,258
codecontests_java_17.txt,codecontests_java_17,java,codecontests,True,,Save the function body in solve.java based on the function definition and docstring below:,48,266
codecontests_java_170.txt,codecontests_java_170,java,codecontests,True,,Save the function body in solve.java based on the function definition and docstring below:,48,286
codecontests_java_171.txt,codecontests_java_171,java,codecontests,True,,Complete the function body in solve.java based on the function definition and docstring below:,60,335
codecontests_java_172.txt,codecontests_java_172,java,codecontests,True,,Build the function body in solve.java based on the function definition and docstring below:,45,277
codecontests_java_173.txt,codecontests_java_173,java,codecontests,True,,Add the function body in solve.java based on the function definition and docstring below:,56,296
codecontests_java_174.txt,codecontests_java_174,java,codecontests,True,,Complete the function body in solve.java based on the function definition and docstring below:,46,280
codecontests_java_175.txt,codecontests_java_175,java,codecontests,True,,Write the function body in solve.java based on the function definition and docstring below:,43,257
codecontests_java_176.txt,codecontests_java_176,java,codecontests,True,,Add the function body in solve.java based on the function definition and docstring below:,51,293
codecontests_java_177.txt,codecontests_java_177,java,codecontests,True,,Complete the function body in solve.java based on the function definition and docstring below:,36,234
codecontests_java_178.txt,codecontests_java_178,java,codecontests,True,,Add the function body in solve.java based on the function definition and docstring below:,39,243
codecontests_java_179.txt,codecontests_java_179,java,codecontests,True,,Complete the function body in solve.java based on the function definition and docstring below:,38,250
codecontests_java_18.txt,codecontests_java_18,java,codecontests,True,,Write the function body in solve.java based on the function definition and docstring below:,39,238
codecontests_java_180.txt,codecontests_java_180,java,codecontests,True,,Write the function body in solve.java based on the function definition and docstring below:,43,269
codecontests_java_181.txt,codecontests_java_181,java,codecontests,True,,Add the function body in solve.java based on the function definition and docstring below:,51,298
codecontests_java_182.txt,codecontests_java_182,java,codecontests,True,,Write the function body in solve.java based on the function definition and docstring below:,37,251
codecontests_java_183.txt,codecontests_java_183,java,codecontests,True,,Complete the function body in solve.java based on the function definition and docstring below:,39,279
codecontests_java_185.txt,codecontests_java_185,java,codecontests,True,,Add the function body in solve.java based on the function definition and docstring below:,43,263
codecontests_java_186.txt,codecontests_java_186,java,codecontests,True,,Save the function body in solve.java based on the function definition and docstring below:,55,299
codecontests_java_187.txt,codecontests_java_187,java,codecontests,True,,Complete the function body in solve.java based on the function definition and docstring below:,44,274
codecontests_java_188.txt,codecontests_java_188,java,codecontests,True,,Save the function body in solve.java based on the function definition and docstring below:,47,261
codecontests_java_189.txt,codecontests_java_189,java,codecontests,True,,Add the function body in solve.java based on the function definition and docstring below:,42,257
codecontests_java_19.txt,codecontests_java_19,java,codecontests,True,,Add the function body in solve.java based on the function definition and docstring below:,52,332
codecontests_java_190.txt,codecontests_java_190,java,codecontests,True,,Add the function body in solve.java based on the function definition and docstring below:,45,262
codecontests_java_191.txt,codecontests_java_191,java,codecontests,True,,Add the function body in solve.java based on the function definition and docstring below:,42,253
codecontests_java_192.txt,codecontests_java_192,java,codecontests,True,,Add the function body in solve.java based on the function definition and docstring below:,40,265
codecontests_java_193.txt,codecontests_java_193,java,codecontests,True,,Complete the function body in solve.java based on the function definition and docstring below:,42,264
codecontests_java_194.txt,codecontests_java_194,java,codecontests,True,,Add the function body in solve.java based on the function definition and docstring below:,52,319
codecontests_java_195.txt,codecontests_java_195,java,codecontests,True,,Save the function body in solve.java based on the function definition and docstring below:,55,291
codecontests_java_196.txt,codecontests_java_196,java,codecontests,True,,Write the function body in solve.java based on the function definition and docstring below:,24,178
codecontests_java_197.txt,codecontests_java_197,java,codecontests,True,,Add the function body in solve.java based on the function definition and docstring below:,53,299
codecontests_java_198.txt,codecontests_java_198,java,codecontests,True,,Add the function body in solve.java based on the function definition and docstring below:,50,280
codecontests_java_199.txt,codecontests_java_199,java,codecontests,True,,Add the function body in solve.java based on the function definition and docstring below:,45,278
codecontests_java_2.txt,codecontests_java_2,java,codecontests,True,,Add the function body in solve.java based on the function definition and docstring below:,62,320
codecontests_java_20.txt,codecontests_java_20,java,codecontests,True,,Add the function body in solve.java based on the function definition and docstring below:,46,278
codecontests_java_200.txt,codecontests_java_200,java,codecontests,True,,Add the function body in solve.java based on the function definition and docstring below:,43,288
codecontests_java_201.txt,codecontests_java_201,java,codecontests,True,,Add the function body in solve.java based on the function definition and docstring below:,58,288
codecontests_java_202.txt,codecontests_java_202,java,codecontests,True,,Write the function body in solve.java based on the function definition and docstring below:,34,198
codecontests_java_203.txt,codecontests_java_203,java,codecontests,True,,Build the function body in solve.java based on the function definition and docstring below:,34,242
codecontests_java_204.txt,codecontests_java_204,java,codecontests,True,,Complete the function body in solve.java based on the function definition and docstring below:,37,252
codecontests_java_205.txt,codecontests_java_205,java,codecontests,True,,Add the function body in solve.java based on the function definition and docstring below:,60,318
codecontests_java_206.txt,codecontests_java_206,java,codecontests,True,,Add the function body in solve.java based on the function definition and docstring below:,71,337
codecontests_java_207.txt,codecontests_java_207,java,codecontests,True,,Add the function body in solve.java based on the function definition and docstring below:,65,293
codecontests_java_208.txt,codecontests_java_208,java,codecontests,True,,Add the function body in solve.java based on the function definition and docstring below:,51,273
codecontests_java_209.txt,codecontests_java_209,java,codecontests,True,,Complete the function body in solve.java based on the function definition and docstring below:,37,224
codecontests_java_210.txt,codecontests_java_210,java,codecontests,True,,Write the function body in solve.java based on the function definition and docstring below:,47,323
codecontests_java_211.txt,codecontests_java_211,java,codecontests,True,,Save the function body in solve.java based on the function definition and docstring below:,50,299
codecontests_java_212.txt,codecontests_java_212,java,codecontests,True,,Add the function body in solve.java based on the function definition and docstring below:,46,268
codecontests_java_213.txt,codecontests_java_213,java,codecontests,True,,Write the function body in solve.java based on the function definition and docstring below:,36,259
codecontests_java_214.txt,codecontests_java_214,java,codecontests,True,,Write the function body in solve.java based on the function definition and docstring below:,42,269
codecontests_java_215.txt,codecontests_java_215,java,codecontests,True,,Add the function body in solve.java based on the function definition and docstring below:,48,277
codecontests_java_216.txt,codecontests_java_216,java,codecontests,True,,Save the function body in solve.java based on the function definition and docstring below:,40,312
codecontests_java_217.txt,codecontests_java_217,java,codecontests,True,,Add the function body in solve.java based on the function definition and docstring below:,44,280
codecontests_java_218.txt,codecontests_java_218,java,codecontests,True,,Save the function body in solve.java based on the function definition and docstring below:,48,258
codecontests_java_219.txt,codecontests_java_219,java,codecontests,True,,Add the function body in solve.java based on the function definition and docstring below:,53,309
codecontests_java_22.txt,codecontests_java_22,java,codecontests,True,,Add the function body in solve.java based on the function definition and docstring below:,64,306
codecontests_java_220.txt,codecontests_java_220,java,codecontests,True,,Complete the function body in solve.java based on the function definition and docstring below:,38,257
codecontests_java_221.txt,codecontests_java_221,java,codecontests,True,,Add the function body in solve.java based on the function definition and docstring below:,43,243
codecontests_java_222.txt,codecontests_java_222,java,codecontests,True,,Build the function body in solve.java based on the function definition and docstring below:,31,230
codecontests_java_223.txt,codecontests_java_223,java,codecontests,True,,Add the function body in solve.java based on the function definition and docstring below:,42,273
codecontests_java_224.txt,codecontests_java_224,java,codecontests,True,,Complete the function body in solve.java based on the function definition and docstring below:,42,250
codecontests_java_225.txt,codecontests_java_225,java,codecontests,True,,Write the function body in solve.java based on the function definition and docstring below:,42,249
codecontests_java_226.txt,codecontests_java_226,java,codecontests,True,,Write the function body in solve.java based on the function definition and docstring below:,51,264
codecontests_java_227.txt,codecontests_java_227,java,codecontests,True,,Write the function body in solve.java based on the function definition and docstring below:,45,263
codecontests_java_228.txt,codecontests_java_228,java,codecontests,True,,Add the function body in solve.java based on the function definition and docstring below:,40,250
codecontests_java_229.txt,codecontests_java_229,java,codecontests,True,,Save the function body in solve.java based on the function definition and docstring below:,51,298
codecontests_java_23.txt,codecontests_java_23,java,codecontests,True,,Add the function body in solve.java based on the function definition and docstring below:,39,248
codecontests_java_231.txt,codecontests_java_231,java,codecontests,True,,Complete the function body in solve.java based on the function definition and docstring below:,43,272
codecontests_java_233.txt,codecontests_java_233,java,codecontests,True,,Add the function body in solve.java based on the function definition and docstring below:,32,207
codecontests_java_234.txt,codecontests_java_234,java,codecontests,True,,Add the function body in solve.java based on the function definition and docstring below:,45,266
codecontests_java_235.txt,codecontests_java_235,java,codecontests,True,,Add the function body in solve.java based on the function definition and docstring below:,55,288
codecontests_java_236.txt,codecontests_java_236,java,codecontests,True,,Save the function body in solve.java based on the function definition and docstring below:,57,291
codecontests_java_237.txt,codecontests_java_237,java,codecontests,True,,Write the function body in solve.java based on the function definition and docstring below:,40,262
codecontests_java_238.txt,codecontests_java_238,java,codecontests,True,,Complete the function body in solve.java based on the function definition and docstring below:,31,214
codecontests_java_239.txt,codecontests_java_239,java,codecontests,True,,Complete the function body in solve.java based on the function definition and docstring below:,36,250
codecontests_java_24.txt,codecontests_java_24,java,codecontests,True,,Add the function body in solve.java based on the function definition and docstring below:,64,312
codecontests_java_240.txt,codecontests_java_240,java,codecontests,True,,Save the function body in solve.java based on the function definition and docstring below:,42,291
codecontests_java_241.txt,codecontests_java_241,java,codecontests,True,,Complete the function body in solve.java based on the function definition and docstring below:,40,276
codecontests_java_242.txt,codecontests_java_242,java,codecontests,True,,Save the function body in solve.java based on the function definition and docstring below:,72,343
codecontests_java_243.txt,codecontests_java_243,java,codecontests,True,,Write the function body in solve.java based on the function definition and docstring below:,40,274
codecontests_java_245.txt,codecontests_java_245,java,codecontests,True,,Add the function body in solve.java based on the function definition and docstring below:,43,257
codecontests_java_246.txt,codecontests_java_246,java,codecontests,True,,Save the function body in solve.java based on the function definition and docstring below:,91,343
codecontests_java_247.txt,codecontests_java_247,java,codecontests,True,,Write the function body in solve.java based on the function definition and docstring below:,41,256
codecontests_java_248.txt,codecontests_java_248,java,codecontests,True,,Write the function body in solve.java based on the function definition and docstring below:,41,241
codecontests_java_249.txt,codecontests_java_249,java,codecontests,True,,Add the function body in solve.java based on the function definition and docstring below:,67,294
codecontests_java_25.txt,codecontests_java_25,java,codecontests,True,,Write the function body in solve.java based on the function definition and docstring below:,42,247
codecontests_java_250.txt,codecontests_java_250,java,codecontests,True,,Add the function body in solve.java based on the function definition and docstring below:,54,276
codecontests_java_251.txt,codecontests_java_251,java,codecontests,True,,Add the function body in solve.java based on the function definition and docstring below:,42,231
codecontests_java_252.txt,codecontests_java_252,java,codecontests,True,,Write the function body in solve.java based on the function definition and docstring below:,41,264
codecontests_java_253.txt,codecontests_java_253,java,codecontests,True,,Add the function body in solve.java based on the function definition and docstring below:,58,321
codecontests_java_254.txt,codecontests_java_254,java,codecontests,True,,Add the function body in solve.java based on the function definition and docstring below:,43,259
codecontests_java_255.txt,codecontests_java_255,java,codecontests,True,,Add the function body in solve.java based on the function definition and docstring below:,44,270
codecontests_java_256.txt,codecontests_java_256,java,codecontests,True,,Add the function body in solve.java based on the function definition and docstring below:,44,289
codecontests_java_257.txt,codecontests_java_257,java,codecontests,True,,Add the function body in solve.java based on the function definition and docstring below:,56,287
codecontests_java_258.txt,codecontests_java_258,java,codecontests,True,,Save the function body in solve.java based on the function definition and docstring below:,49,248
codecontests_java_259.txt,codecontests_java_259,java,codecontests,True,,Save the function body in solve.java based on the function definition and docstring below:,46,278
codecontests_java_26.txt,codecontests_java_26,java,codecontests,True,,Add the function body in solve.java based on the function definition and docstring below:,40,231
codecontests_java_260.txt,codecontests_java_260,java,codecontests,True,,Add the function body in solve.java based on the function definition and docstring below:,46,276
codecontests_java_261.txt,codecontests_java_261,java,codecontests,True,,Add the function body in solve.java based on the function definition and docstring below:,50,264
codecontests_java_262.txt,codecontests_java_262,java,codecontests,True,,Complete the function body in solve.java based on the function definition and docstring below:,35,232
codecontests_java_263.txt,codecontests_java_263,java,codecontests,True,,Save the function body in solve.java based on the function definition and docstring below:,43,247
codecontests_java_264.txt,codecontests_java_264,java,codecontests,True,,Save the function body in solve.java based on the function definition and docstring below:,41,273
codecontests_java_265.txt,codecontests_java_265,java,codecontests,True,,Write the function body in solve.java based on the function definition and docstring below:,65,333
codecontests_java_266.txt,codecontests_java_266,java,codecontests,True,,Write the function body in solve.java based on the function definition and docstring below:,41,263
codecontests_java_268.txt,codecontests_java_268,java,codecontests,True,,Add the function body in solve.java based on the function definition and docstring below:,48,262
codecontests_java_27.txt,codecontests_java_27,java,codecontests,True,,Add the function body in solve.java based on the function definition and docstring below:,53,338
codecontests_java_270.txt,codecontests_java_270,java,codecontests,True,,Complete the function body in solve.java based on the function definition and docstring below:,32,216
codecontests_java_271.txt,codecontests_java_271,java,codecontests,True,,Add the function body in solve.java based on the function definition and docstring below:,36,233
codecontests_java_272.txt,codecontests_java_272,java,codecontests,True,,Save the function body in solve.java based on the function definition and docstring below:,75,337
codecontests_java_273.txt,codecontests_java_273,java,codecontests,True,,Build the function body in solve.java based on the function definition and docstring below:,42,249
codecontests_java_274.txt,codecontests_java_274,java,codecontests,True,,Add the function body in solve.java based on the function definition and docstring below:,45,294
codecontests_java_275.txt,codecontests_java_275,java,codecontests,True,,Complete the function body in solve.java based on the function definition and docstring below:,40,245
codecontests_java_276.txt,codecontests_java_276,java,codecontests,True,,Add the function body in solve.java based on the function definition and docstring below:,44,269
codecontests_java_277.txt,codecontests_java_277,java,codecontests,True,,Add the function body in solve.java based on the function definition and docstring below:,65,327
codecontests_java_278.txt,codecontests_java_278,java,codecontests,True,,Write the function body in solve.java based on the function definition and docstring below:,36,263
codecontests_java_279.txt,codecontests_java_279,java,codecontests,True,,Save the function body in solve.java based on the function definition and docstring below:,48,270
codecontests_java_28.txt,codecontests_java_28,java,codecontests,True,,Write the function body in solve.java based on the function definition and docstring below:,39,274
codecontests_java_280.txt,codecontests_java_280,java,codecontests,True,,Add the function body in solve.java based on the function definition and docstring below:,36,240
codecontests_java_281.txt,codecontests_java_281,java,codecontests,True,,Save the function body in solve.java based on the function definition and docstring below:,35,256
codecontests_java_282.txt,codecontests_java_282,java,codecontests,True,,Add the function body in solve.java based on the function definition and docstring below:,45,260
codecontests_java_283.txt,codecontests_java_283,java,codecontests,True,,Save the function body in solve.java based on the function definition and docstring below:,42,268
codecontests_java_284.txt,codecontests_java_284,java,codecontests,True,,Save the function body in solve.java based on the function definition and docstring below:,63,313
codecontests_java_285.txt,codecontests_java_285,java,codecontests,True,,Save the function body in solve.java based on the function definition and docstring below:,46,268
codecontests_java_286.txt,codecontests_java_286,java,codecontests,True,,Complete the function body in solve.java based on the function definition and docstring below:,31,205
codecontests_java_287.txt,codecontests_java_287,java,codecontests,True,,Save the function body in solve.java based on the function definition and docstring below:,57,298
codecontests_java_288.txt,codecontests_java_288,java,codecontests,True,,Add the function body in solve.java based on the function definition and docstring below:,54,324
codecontests_java_289.txt,codecontests_java_289,java,codecontests,True,,Save the function body in solve.java based on the function definition and docstring below:,87,364
codecontests_java_29.txt,codecontests_java_29,java,codecontests,True,,Add the function body in solve.java based on the function definition and docstring below:,35,251
codecontests_java_290.txt,codecontests_java_290,java,codecontests,True,,Complete the function body in solve.java based on the function definition and docstring below:,45,284
codecontests_java_291.txt,codecontests_java_291,java,codecontests,True,,Complete the function body in solve.java based on the function definition and docstring below:,43,251
codecontests_java_292.txt,codecontests_java_292,java,codecontests,True,,Save the function body in solve.java based on the function definition and docstring below:,51,281
codecontests_java_294.txt,codecontests_java_294,java,codecontests,True,,Add the function body in solve.java based on the function definition and docstring below:,44,247
codecontests_java_295.txt,codecontests_java_295,java,codecontests,True,,Save the function body in solve.java based on the function definition and docstring below:,41,240
codecontests_java_296.txt,codecontests_java_296,java,codecontests,True,,Add the function body in solve.java based on the function definition and docstring below:,30,218
codecontests_java_297.txt,codecontests_java_297,java,codecontests,True,,Save the function body in solve.java based on the function definition and docstring below:,36,266
codecontests_java_298.txt,codecontests_java_298,java,codecontests,True,,Add the function body in solve.java based on the function definition and docstring below:,36,256
codecontests_java_299.txt,codecontests_java_299,java,codecontests,True,,Write the function body in solve.java based on the function definition and docstring below:,55,315
codecontests_java_3.txt,codecontests_java_3,java,codecontests,True,,Save the function body in solve.java based on the function definition and docstring below:,49,273
codecontests_java_30.txt,codecontests_java_30,java,codecontests,True,,Write the function body in solve.java based on the function definition and docstring below:,44,264
codecontests_java_300.txt,codecontests_java_300,java,codecontests,True,,Write the function body in solve.java based on the function definition and docstring below:,43,246
codecontests_java_301.txt,codecontests_java_301,java,codecontests,True,,Add the function body in solve.java based on the function definition and docstring below:,45,278
codecontests_java_302.txt,codecontests_java_302,java,codecontests,True,,Save the function body in solve.java based on the function definition and docstring below:,39,250
codecontests_java_303.txt,codecontests_java_303,java,codecontests,True,,Write the function body in solve.java based on the function definition and docstring below:,36,262
codecontests_java_304.txt,codecontests_java_304,java,codecontests,True,,Add the function body in solve.java based on the function definition and docstring below:,37,228
codecontests_java_306.txt,codecontests_java_306,java,codecontests,True,,Save the function body in solve.java based on the function definition and docstring below:,40,234
codecontests_java_307.txt,codecontests_java_307,java,codecontests,True,,Write the function body in solve.java based on the function definition and docstring below:,38,272
codecontests_java_308.txt,codecontests_java_308,java,codecontests,True,,Add the function body in solve.java based on the function definition and docstring below:,41,285
codecontests_java_309.txt,codecontests_java_309,java,codecontests,True,,Write the function body in solve.java based on the function definition and docstring below:,35,249
codecontests_java_310.txt,codecontests_java_310,java,codecontests,True,,Save the function body in solve.java based on the function definition and docstring below:,59,317
codecontests_java_311.txt,codecontests_java_311,java,codecontests,True,,Write the function body in solve.java based on the function definition and docstring below:,41,275
codecontests_java_312.txt,codecontests_java_312,java,codecontests,True,,Save the function body in solve.java based on the function definition and docstring below:,49,312
codecontests_java_313.txt,codecontests_java_313,java,codecontests,True,,Save the function body in solve.java based on the function definition and docstring below:,52,307
codecontests_java_314.txt,codecontests_java_314,java,codecontests,True,,Add the function body in solve.java based on the function definition and docstring below:,42,271
codecontests_java_315.txt,codecontests_java_315,java,codecontests,True,,Save the function body in solve.java based on the function definition and docstring below:,48,281
codecontests_java_317.txt,codecontests_java_317,java,codecontests,True,,Add the function body in solve.java based on the function definition and docstring below:,38,240
codecontests_java_318.txt,codecontests_java_318,java,codecontests,True,,Complete the function body in solve.java based on the function definition and docstring below:,31,210
codecontests_java_319.txt,codecontests_java_319,java,codecontests,True,,Save the function body in solve.java based on the function definition and docstring below:,66,326
codecontests_java_32.txt,codecontests_java_32,java,codecontests,True,,Add the function body in solve.java based on the function definition and docstring below:,42,271
codecontests_java_320.txt,codecontests_java_320,java,codecontests,True,,Write the function body in solve.java based on the function definition and docstring below:,40,273
codecontests_java_321.txt,codecontests_java_321,java,codecontests,True,,Complete the function body in solve.java based on the function definition and docstring below:,35,284
codecontests_java_322.txt,codecontests_java_322,java,codecontests,True,,Write the function body in solve.java based on the function definition and docstring below:,43,353
codecontests_java_323.txt,codecontests_java_323,java,codecontests,True,,Write the function body in solve.java based on the function definition and docstring below:,36,268
codecontests_java_324.txt,codecontests_java_324,java,codecontests,True,,Save the function body in solve.java based on the function definition and docstring below:,48,284
codecontests_java_325.txt,codecontests_java_325,java,codecontests,True,,Write the function body in solve.java based on the function definition and docstring below:,40,289
codecontests_java_326.txt,codecontests_java_326,java,codecontests,True,,Add the function body in solve.java based on the function definition and docstring below:,43,289
codecontests_java_327.txt,codecontests_java_327,java,codecontests,True,,Save the function body in solve.java based on the function definition and docstring below:,40,257
codecontests_java_328.txt,codecontests_java_328,java,codecontests,True,,Save the function body in solve.java based on the function definition and docstring below:,45,269
codecontests_java_329.txt,codecontests_java_329,java,codecontests,True,,Write the function body in solve.java based on the function definition and docstring below:,41,274
codecontests_java_33.txt,codecontests_java_33,java,codecontests,True,,Add the function body in solve.java based on the function definition and docstring below:,59,297
codecontests_java_330.txt,codecontests_java_330,java,codecontests,True,,Write the function body in solve.java based on the function definition and docstring below:,38,276
codecontests_java_331.txt,codecontests_java_331,java,codecontests,True,,Write the function body in solve.java based on the function definition and docstring below:,48,291
codecontests_java_332.txt,codecontests_java_332,java,codecontests,True,,Save the function body in solve.java based on the function definition and docstring below:,46,273
codecontests_java_333.txt,codecontests_java_333,java,codecontests,True,,Add the function body in solve.java based on the function definition and docstring below:,60,325
codecontests_java_334.txt,codecontests_java_334,java,codecontests,True,,Save the function body in solve.java based on the function definition and docstring below:,76,355
codecontests_java_335.txt,codecontests_java_335,java,codecontests,True,,Save the function body in solve.java based on the function definition and docstring below:,41,227
codecontests_java_336.txt,codecontests_java_336,java,codecontests,True,,Build the function body in solve.java based on the function definition and docstring below:,40,243
codecontests_java_337.txt,codecontests_java_337,java,codecontests,True,,Save the function body in solve.java based on the function definition and docstring below:,53,277
codecontests_java_338.txt,codecontests_java_338,java,codecontests,True,,Write the function body in solve.java based on the function definition and docstring below:,46,270
codecontests_java_339.txt,codecontests_java_339,java,codecontests,True,,Add the function body in solve.java based on the function definition and docstring below:,45,272
codecontests_java_340.txt,codecontests_java_340,java,codecontests,True,,Save the function body in solve.java based on the function definition and docstring below:,44,274
codecontests_java_341.txt,codecontests_java_341,java,codecontests,True,,Complete the function body in solve.java based on the function definition and docstring below:,31,219
codecontests_java_342.txt,codecontests_java_342,java,codecontests,True,,Add the function body in solve.java based on the function definition and docstring below:,35,205
codecontests_java_343.txt,codecontests_java_343,java,codecontests,True,,Write the function body in solve.java based on the function definition and docstring below:,39,231
codecontests_java_344.txt,codecontests_java_344,java,codecontests,True,,Save the function body in solve.java based on the function definition and docstring below:,35,247
codecontests_java_345.txt,codecontests_java_345,java,codecontests,True,,Add the function body in solve.java based on the function definition and docstring below:,35,220
codecontests_java_346.txt,codecontests_java_346,java,codecontests,True,,Write the function body in solve.java based on the function definition and docstring below:,41,266
codecontests_java_347.txt,codecontests_java_347,java,codecontests,True,,Save the function body in solve.java based on the function definition and docstring below:,44,241
codecontests_java_348.txt,codecontests_java_348,java,codecontests,True,,Complete the function body in solve.java based on the function definition and docstring below:,37,233
codecontests_java_349.txt,codecontests_java_349,java,codecontests,True,,Write the function body in solve.java based on the function definition and docstring below:,43,285
codecontests_java_35.txt,codecontests_java_35,java,codecontests,True,,Add the function body in solve.java based on the function definition and docstring below:,38,258
codecontests_java_350.txt,codecontests_java_350,java,codecontests,True,,Save the function body in solve.java based on the function definition and docstring below:,56,277
codecontests_java_353.txt,codecontests_java_353,java,codecontests,True,,Save the function body in solve.java based on the function definition and docstring below:,45,238
codecontests_java_354.txt,codecontests_java_354,java,codecontests,True,,Save the function body in solve.java based on the function definition and docstring below:,64,308
codecontests_java_355.txt,codecontests_java_355,java,codecontests,True,,Build the function body in solve.java based on the function definition and docstring below:,33,217
codecontests_java_356.txt,codecontests_java_356,java,codecontests,True,,Write the function body in solve.java based on the function definition and docstring below:,38,219
codecontests_java_357.txt,codecontests_java_357,java,codecontests,True,,Save the function body in solve.java based on the function definition and docstring below:,71,326
codecontests_java_358.txt,codecontests_java_358,java,codecontests,True,,Add the function body in solve.java based on the function definition and docstring below:,55,288
codecontests_java_359.txt,codecontests_java_359,java,codecontests,True,,Write the function body in solve.java based on the function definition and docstring below:,38,260
codecontests_java_36.txt,codecontests_java_36,java,codecontests,True,,Save the function body in solve.java based on the function definition and docstring below:,44,255
codecontests_java_360.txt,codecontests_java_360,java,codecontests,True,,Complete the function body in solve.java based on the function definition and docstring below:,43,251
codecontests_java_361.txt,codecontests_java_361,java,codecontests,True,,Add the function body in solve.java based on the function definition and docstring below:,44,269
codecontests_java_362.txt,codecontests_java_362,java,codecontests,True,,Save the function body in solve.java based on the function definition and docstring below:,94,360
codecontests_java_363.txt,codecontests_java_363,java,codecontests,True,,Complete the function body in solve.java based on the function definition and docstring below:,42,238
codecontests_java_364.txt,codecontests_java_364,java,codecontests,True,,Build the function body in solve.java based on the function definition and docstring below:,42,268
codecontests_java_365.txt,codecontests_java_365,java,codecontests,True,,Save the function body in solve.java based on the function definition and docstring below:,47,271
codecontests_java_366.txt,codecontests_java_366,java,codecontests,True,,Save the function body in solve.java based on the function definition and docstring below:,47,267
codecontests_java_367.txt,codecontests_java_367,java,codecontests,True,,Add the function body in solve.java based on the function definition and docstring below:,36,230
codecontests_java_368.txt,codecontests_java_368,java,codecontests,True,,Save the function body in solve.java based on the function definition and docstring below:,48,260
codecontests_java_369.txt,codecontests_java_369,java,codecontests,True,,Add the function body in solve.java based on the function definition and docstring below:,39,232
codecontests_java_37.txt,codecontests_java_37,java,codecontests,True,,Complete the function body in solve.java based on the function definition and docstring below:,44,476
codecontests_java_370.txt,codecontests_java_370,java,codecontests,True,,Save the function body in solve.java based on the function definition and docstring below:,38,219
codecontests_java_371.txt,codecontests_java_371,java,codecontests,True,,Save the function body in solve.java based on the function definition and docstring below:,40,241
codecontests_java_372.txt,codecontests_java_372,java,codecontests,True,,Save the function body in solve.java based on the function definition and docstring below:,64,295
codecontests_java_373.txt,codecontests_java_373,java,codecontests,True,,Add the function body in solve.java based on the function definition and docstring below:,47,278
codecontests_java_374.txt,codecontests_java_374,java,codecontests,True,,Save the function body in solve.java based on the function definition and docstring below:,65,319
codecontests_java_375.txt,codecontests_java_375,java,codecontests,True,,Add the function body in solve.java based on the function definition and docstring below:,69,306
codecontests_java_376.txt,codecontests_java_376,java,codecontests,True,,Write the function body in solve.java based on the function definition and docstring below:,40,250
codecontests_java_378.txt,codecontests_java_378,java,codecontests,True,,Complete the function body in solve.java based on the function definition and docstring below:,41,259
codecontests_java_379.txt,codecontests_java_379,java,codecontests,True,,Write the function body in solve.java based on the function definition and docstring below:,42,272
codecontests_java_38.txt,codecontests_java_38,java,codecontests,True,,Save the function body in solve.java based on the function definition and docstring below:,56,308
codecontests_java_380.txt,codecontests_java_380,java,codecontests,True,,Save the function body in solve.java based on the function definition and docstring below:,57,359
codecontests_java_381.txt,codecontests_java_381,java,codecontests,True,,Complete the function body in solve.java based on the function definition and docstring below:,44,325
codecontests_java_382.txt,codecontests_java_382,java,codecontests,True,,Add the function body in solve.java based on the function definition and docstring below:,45,260
codecontests_java_383.txt,codecontests_java_383,java,codecontests,True,,Save the function body in solve.java based on the function definition and docstring below:,49,294
codecontests_java_384.txt,codecontests_java_384,java,codecontests,True,,Write the function body in solve.java based on the function definition and docstring below:,51,287
codecontests_java_385.txt,codecontests_java_385,java,codecontests,True,,Add the function body in solve.java based on the function definition and docstring below:,47,260
codecontests_java_386.txt,codecontests_java_386,java,codecontests,True,,Save the function body in solve.java based on the function definition and docstring below:,38,238
codecontests_java_387.txt,codecontests_java_387,java,codecontests,True,,Build the function body in solve.java based on the function definition and docstring below:,37,212
codecontests_java_388.txt,codecontests_java_388,java,codecontests,True,,Write the function body in solve.java based on the function definition and docstring below:,52,297
codecontests_java_389.txt,codecontests_java_389,java,codecontests,True,,Complete the function body in solve.java based on the function definition and docstring below:,42,264
codecontests_java_39.txt,codecontests_java_39,java,codecontests,True,,Add the function body in solve.java based on the function definition and docstring below:,39,216
codecontests_java_390.txt,codecontests_java_390,java,codecontests,True,,Complete the function body in solve.java based on the function definition and docstring below:,45,273
codecontests_java_391.txt,codecontests_java_391,java,codecontests,True,,Save the function body in solve.java based on the function definition and docstring below:,40,247
codecontests_java_392.txt,codecontests_java_392,java,codecontests,True,,Complete the function body in solve.java based on the function definition and docstring below:,94,480
codecontests_java_393.txt,codecontests_java_393,java,codecontests,True,,Add the function body in solve.java based on the function definition and docstring below:,46,284
codecontests_java_394.txt,codecontests_java_394,java,codecontests,True,,Write the function body in solve.java based on the function definition and docstring below:,29,238
codecontests_java_395.txt,codecontests_java_395,java,codecontests,True,,Save the function body in solve.java based on the function definition and docstring below:,46,272
codecontests_java_396.txt,codecontests_java_396,java,codecontests,True,,Write the function body in solve.java based on the function definition and docstring below:,42,250
codecontests_java_397.txt,codecontests_java_397,java,codecontests,True,,Add the function body in solve.java based on the function definition and docstring below:,34,219
codecontests_java_398.txt,codecontests_java_398,java,codecontests,True,,Write the function body in solve.java based on the function definition and docstring below:,37,223
codecontests_java_399.txt,codecontests_java_399,java,codecontests,True,,Save the function body in solve.java based on the function definition and docstring below:,48,258
codecontests_java_4.txt,codecontests_java_4,java,codecontests,True,,Save the function body in solve.java based on the function definition and docstring below:,44,276
codecontests_java_40.txt,codecontests_java_40,java,codecontests,True,,Add the function body in solve.java based on the function definition and docstring below:,42,292
codecontests_java_400.txt,codecontests_java_400,java,codecontests,True,,Complete the function body in solve.java based on the function definition and docstring below:,32,212
codecontests_java_401.txt,codecontests_java_401,java,codecontests,True,,Save the function body in solve.java based on the function definition and docstring below:,41,231
codecontests_java_402.txt,codecontests_java_402,java,codecontests,True,,Add the function body in solve.java based on the function definition and docstring below:,46,255
codecontests_java_406.txt,codecontests_java_406,java,codecontests,True,,Save the function body in solve.java based on the function definition and docstring below:,45,283
codecontests_java_407.txt,codecontests_java_407,java,codecontests,True,,Add the function body in solve.java based on the function definition and docstring below:,53,272
codecontests_java_408.txt,codecontests_java_408,java,codecontests,True,,Save the function body in solve.java based on the function definition and docstring below:,43,279
codecontests_java_409.txt,codecontests_java_409,java,codecontests,True,,Write the function body in solve.java based on the function definition and docstring below:,38,222
codecontests_java_41.txt,codecontests_java_41,java,codecontests,True,,Add the function body in solve.java based on the function definition and docstring below:,44,272
codecontests_java_411.txt,codecontests_java_411,java,codecontests,True,,Save the function body in solve.java based on the function definition and docstring below:,43,281
codecontests_java_412.txt,codecontests_java_412,java,codecontests,True,,Add the function body in solve.java based on the function definition and docstring below:,52,332
codecontests_java_413.txt,codecontests_java_413,java,codecontests,True,,Write the function body in solve.java based on the function definition and docstring below:,40,267
codecontests_java_414.txt,codecontests_java_414,java,codecontests,True,,Write the function body in solve.java based on the function definition and docstring below:,40,242
codecontests_java_416.txt,codecontests_java_416,java,codecontests,True,,Save the function body in solve.java based on the function definition and docstring below:,51,246
codecontests_java_417.txt,codecontests_java_417,java,codecontests,True,,Save the function body in solve.java based on the function definition and docstring below:,51,295
codecontests_java_418.txt,codecontests_java_418,java,codecontests,True,,Complete the function body in solve.java based on the function definition and docstring below:,44,263
codecontests_java_419.txt,codecontests_java_419,java,codecontests,True,,Add the function body in solve.java based on the function definition and docstring below:,36,250
codecontests_java_42.txt,codecontests_java_42,java,codecontests,True,,Complete the function body in solve.java based on the function definition and docstring below:,34,220
codecontests_java_420.txt,codecontests_java_420,java,codecontests,True,,Save the function body in solve.java based on the function definition and docstring below:,38,286
codecontests_java_421.txt,codecontests_java_421,java,codecontests,True,,Save the function body in solve.java based on the function definition and docstring below:,39,273
codecontests_java_422.txt,codecontests_java_422,java,codecontests,True,,Add the function body in solve.java based on the function definition and docstring below:,43,291
codecontests_java_423.txt,codecontests_java_423,java,codecontests,True,,Save the function body in solve.java based on the function definition and docstring below:,60,317
codecontests_java_424.txt,codecontests_java_424,java,codecontests,True,,Add the function body in solve.java based on the function definition and docstring below:,49,285
codecontests_java_425.txt,codecontests_java_425,java,codecontests,True,,Write the function body in solve.java based on the function definition and docstring below:,52,280
codecontests_java_426.txt,codecontests_java_426,java,codecontests,True,,Save the function body in solve.java based on the function definition and docstring below:,79,331
codecontests_java_427.txt,codecontests_java_427,java,codecontests,True,,Save the function body in solve.java based on the function definition and docstring below:,63,286
codecontests_java_428.txt,codecontests_java_428,java,codecontests,True,,Save the function body in solve.java based on the function definition and docstring below:,42,268
codecontests_java_429.txt,codecontests_java_429,java,codecontests,True,,Save the function body in solve.java based on the function definition and docstring below:,44,259
codecontests_java_43.txt,codecontests_java_43,java,codecontests,True,,Add the function body in solve.java based on the function definition and docstring below:,62,319
codecontests_java_430.txt,codecontests_java_430,java,codecontests,True,,Build the function body in solve.java based on the function definition and docstring below:,41,280
codecontests_java_431.txt,codecontests_java_431,java,codecontests,True,,Build the function body in solve.java based on the function definition and docstring below:,41,246
codecontests_java_432.txt,codecontests_java_432,java,codecontests,True,,Save the function body in solve.java based on the function definition and docstring below:,41,276
codecontests_java_433.txt,codecontests_java_433,java,codecontests,True,,Write the function body in solve.java based on the function definition and docstring below:,40,262
codecontests_java_434.txt,codecontests_java_434,java,codecontests,True,,Save the function body in solve.java based on the function definition and docstring below:,112,676
codecontests_java_435.txt,codecontests_java_435,java,codecontests,True,,Save the function body in solve.java based on the function definition and docstring below:,55,302
codecontests_java_436.txt,codecontests_java_436,java,codecontests,True,,Add the function body in solve.java based on the function definition and docstring below:,40,270
codecontests_java_437.txt,codecontests_java_437,java,codecontests,True,,Save the function body in solve.java based on the function definition and docstring below:,50,297
codecontests_java_438.txt,codecontests_java_438,java,codecontests,True,,Write the function body in solve.java based on the function definition and docstring below:,45,269
codecontests_java_439.txt,codecontests_java_439,java,codecontests,True,,Save the function body in solve.java based on the function definition and docstring below:,48,293
codecontests_java_44.txt,codecontests_java_44,java,codecontests,True,,Save the function body in solve.java based on the function definition and docstring below:,68,312
codecontests_java_440.txt,codecontests_java_440,java,codecontests,True,,Add the function body in solve.java based on the function definition and docstring below:,43,275
codecontests_java_441.txt,codecontests_java_441,java,codecontests,True,,Save the function body in solve.java based on the function definition and docstring below:,46,269
codecontests_java_442.txt,codecontests_java_442,java,codecontests,True,,Write the function body in solve.java based on the function definition and docstring below:,43,246
codecontests_java_443.txt,codecontests_java_443,java,codecontests,True,,Write the function body in solve.java based on the function definition and docstring below:,35,260
codecontests_java_444.txt,codecontests_java_444,java,codecontests,True,,Save the function body in solve.java based on the function definition and docstring below:,41,262
codecontests_java_445.txt,codecontests_java_445,java,codecontests,True,,Save the function body in solve.java based on the function definition and docstring below:,52,300
codecontests_java_446.txt,codecontests_java_446,java,codecontests,True,,Add the function body in solve.java based on the function definition and docstring below:,45,261
codecontests_java_447.txt,codecontests_java_447,java,codecontests,True,,Save the function body in solve.java based on the function definition and docstring below:,48,279
codecontests_java_448.txt,codecontests_java_448,java,codecontests,True,,Save the function body in solve.java based on the function definition and docstring below:,38,255
codecontests_java_449.txt,codecontests_java_449,java,codecontests,True,,Add the function body in solve.java based on the function definition and docstring below:,40,265
codecontests_java_45.txt,codecontests_java_45,java,codecontests,True,,Save the function body in solve.java based on the function definition and docstring below:,36,204
codecontests_java_450.txt,codecontests_java_450,java,codecontests,True,,Add the function body in solve.java based on the function definition and docstring below:,56,317
codecontests_java_451.txt,codecontests_java_451,java,codecontests,True,,Save the function body in solve.java based on the function definition and docstring below:,38,271
codecontests_java_452.txt,codecontests_java_452,java,codecontests,True,,Add the function body in solve.java based on the function definition and docstring below:,41,288
codecontests_java_453.txt,codecontests_java_453,java,codecontests,True,,Save the function body in solve.java based on the function definition and docstring below:,40,257
codecontests_java_454.txt,codecontests_java_454,java,codecontests,True,,Write the function body in solve.java based on the function definition and docstring below:,56,317
codecontests_java_455.txt,codecontests_java_455,java,codecontests,True,,Build the function body in solve.java based on the function definition and docstring below:,35,232
codecontests_java_456.txt,codecontests_java_456,java,codecontests,True,,Save the function body in solve.java based on the function definition and docstring below:,48,274
codecontests_java_457.txt,codecontests_java_457,java,codecontests,True,,Add the function body in solve.java based on the function definition and docstring below:,49,287
codecontests_java_458.txt,codecontests_java_458,java,codecontests,True,,Save the function body in solve.java based on the function definition and docstring below:,41,242
codecontests_java_459.txt,codecontests_java_459,java,codecontests,True,,Write the function body in solve.java based on the function definition and docstring below:,38,240
codecontests_java_46.txt,codecontests_java_46,java,codecontests,True,,Save the function body in solve.java based on the function definition and docstring below:,49,284
codecontests_java_461.txt,codecontests_java_461,java,codecontests,True,,Complete the function body in solve.java based on the function definition and docstring below:,38,268
codecontests_java_462.txt,codecontests_java_462,java,codecontests,True,,Write the function body in solve.java based on the function definition and docstring below:,38,248
codecontests_java_463.txt,codecontests_java_463,java,codecontests,True,,Add the function body in solve.java based on the function definition and docstring below:,38,257
codecontests_java_464.txt,codecontests_java_464,java,codecontests,True,,Build the function body in solve.java based on the function definition and docstring below:,36,222
codecontests_java_465.txt,codecontests_java_465,java,codecontests,True,,Write the function body in solve.java based on the function definition and docstring below:,37,230
codecontests_java_466.txt,codecontests_java_466,java,codecontests,True,,Write the function body in solve.java based on the function definition and docstring below:,66,353
codecontests_java_467.txt,codecontests_java_467,java,codecontests,True,,Complete the function body in solve.java based on the function definition and docstring below:,40,251
codecontests_java_468.txt,codecontests_java_468,java,codecontests,True,,Write the function body in solve.java based on the function definition and docstring below:,46,271
codecontests_java_469.txt,codecontests_java_469,java,codecontests,True,,Write the function body in solve.java based on the function definition and docstring below:,37,238
codecontests_java_47.txt,codecontests_java_47,java,codecontests,True,,Save the function body in solve.java based on the function definition and docstring below:,47,259
codecontests_java_470.txt,codecontests_java_470,java,codecontests,True,,Save the function body in solve.java based on the function definition and docstring below:,48,266
codecontests_java_471.txt,codecontests_java_471,java,codecontests,True,,Save the function body in solve.java based on the function definition and docstring below:,53,285
codecontests_java_472.txt,codecontests_java_472,java,codecontests,True,,Add the function body in solve.java based on the function definition and docstring below:,46,272
codecontests_java_473.txt,codecontests_java_473,java,codecontests,True,,Save the function body in solve.java based on the function definition and docstring below:,42,271
codecontests_java_474.txt,codecontests_java_474,java,codecontests,True,,Write the function body in solve.java based on the function definition and docstring below:,36,261
codecontests_java_475.txt,codecontests_java_475,java,codecontests,True,,Add the function body in solve.java based on the function definition and docstring below:,45,272
codecontests_java_476.txt,codecontests_java_476,java,codecontests,True,,Save the function body in solve.java based on the function definition and docstring below:,45,263
codecontests_java_477.txt,codecontests_java_477,java,codecontests,True,,Save the function body in solve.java based on the function definition and docstring below:,36,236
codecontests_java_479.txt,codecontests_java_479,java,codecontests,True,,Add the function body in solve.java based on the function definition and docstring below:,45,266
codecontests_java_48.txt,codecontests_java_48,java,codecontests,True,,Save the function body in solve.java based on the function definition and docstring below:,49,262
codecontests_java_481.txt,codecontests_java_481,java,codecontests,True,,Save the function body in solve.java based on the function definition and docstring below:,40,263
codecontests_java_482.txt,codecontests_java_482,java,codecontests,True,,Write the function body in solve.java based on the function definition and docstring below:,40,248
codecontests_java_483.txt,codecontests_java_483,java,codecontests,True,,Save the function body in solve.java based on the function definition and docstring below:,49,281
codecontests_java_484.txt,codecontests_java_484,java,codecontests,True,,Add the function body in solve.java based on the function definition and docstring below:,53,291
codecontests_java_485.txt,codecontests_java_485,java,codecontests,True,,Save the function body in solve.java based on the function definition and docstring below:,51,295
codecontests_java_486.txt,codecontests_java_486,java,codecontests,True,,Save the function body in solve.java based on the function definition and docstring below:,48,283
codecontests_java_487.txt,codecontests_java_487,java,codecontests,True,,Write the function body in solve.java based on the function definition and docstring below:,39,243
codecontests_java_488.txt,codecontests_java_488,java,codecontests,True,,Save the function body in solve.java based on the function definition and docstring below:,47,283
codecontests_java_489.txt,codecontests_java_489,java,codecontests,True,,Add the function body in solve.java based on the function definition and docstring below:,78,340
codecontests_java_49.txt,codecontests_java_49,java,codecontests,True,,Save the function body in solve.java based on the function definition and docstring below:,55,259
codecontests_java_490.txt,codecontests_java_490,java,codecontests,True,,Add the function body in solve.java based on the function definition and docstring below:,43,236
codecontests_java_491.txt,codecontests_java_491,java,codecontests,True,,Save the function body in solve.java based on the function definition and docstring below:,43,256
codecontests_java_492.txt,codecontests_java_492,java,codecontests,True,,Save the function body in solve.java based on the function definition and docstring below:,60,323
codecontests_java_493.txt,codecontests_java_493,java,codecontests,True,,Save the function body in solve.java based on the function definition and docstring below:,50,286
codecontests_java_494.txt,codecontests_java_494,java,codecontests,True,,Save the function body in solve.java based on the function definition and docstring below:,56,313
codecontests_java_495.txt,codecontests_java_495,java,codecontests,True,,Complete the function body in solve.java based on the function definition and docstring below:,33,218
codecontests_java_496.txt,codecontests_java_496,java,codecontests,True,,Save the function body in solve.java based on the function definition and docstring below:,43,260
codecontests_java_498.txt,codecontests_java_498,java,codecontests,True,,Write the function body in solve.java based on the function definition and docstring below:,38,275
codecontests_java_499.txt,codecontests_java_499,java,codecontests,True,,Write the function body in solve.java based on the function definition and docstring below:,43,272
codecontests_java_5.txt,codecontests_java_5,java,codecontests,True,,Add the function body in solve.java based on the function definition and docstring below:,46,259
codecontests_java_50.txt,codecontests_java_50,java,codecontests,True,,Save the function body in solve.java based on the function definition and docstring below:,39,237
codecontests_java_500.txt,codecontests_java_500,java,codecontests,True,,Save the function body in solve.java based on the function definition and docstring below:,48,307
codecontests_java_502.txt,codecontests_java_502,java,codecontests,True,,Save the function body in solve.java based on the function definition and docstring below:,42,277
codecontests_java_503.txt,codecontests_java_503,java,codecontests,True,,Add the function body in solve.java based on the function definition and docstring below:,47,265
codecontests_java_504.txt,codecontests_java_504,java,codecontests,True,,Save the function body in solve.java based on the function definition and docstring below:,49,285
codecontests_java_505.txt,codecontests_java_505,java,codecontests,True,,Save the function body in solve.java based on the function definition and docstring below:,83,423
codecontests_java_507.txt,codecontests_java_507,java,codecontests,True,,Add the function body in solve.java based on the function definition and docstring below:,64,326
codecontests_java_508.txt,codecontests_java_508,java,codecontests,True,,Save the function body in solve.java based on the function definition and docstring below:,51,301
codecontests_java_509.txt,codecontests_java_509,java,codecontests,True,,Add the function body in solve.java based on the function definition and docstring below:,45,269
codecontests_java_51.txt,codecontests_java_51,java,codecontests,True,,Save the function body in solve.java based on the function definition and docstring below:,46,286
codecontests_java_510.txt,codecontests_java_510,java,codecontests,True,,Save the function body in solve.java based on the function definition and docstring below:,43,281
codecontests_java_511.txt,codecontests_java_511,java,codecontests,True,,Save the function body in solve.java based on the function definition and docstring below:,41,290
codecontests_java_512.txt,codecontests_java_512,java,codecontests,True,,Save the function body in solve.java based on the function definition and docstring below:,42,289
codecontests_java_513.txt,codecontests_java_513,java,codecontests,True,,Write the function body in solve.java based on the function definition and docstring below:,41,247
codecontests_java_514.txt,codecontests_java_514,java,codecontests,True,,Write the function body in solve.java based on the function definition and docstring below:,44,280
codecontests_java_515.txt,codecontests_java_515,java,codecontests,True,,Add the function body in solve.java based on the function definition and docstring below:,42,260
codecontests_java_516.txt,codecontests_java_516,java,codecontests,True,,Save the function body in solve.java based on the function definition and docstring below:,39,236
codecontests_java_517.txt,codecontests_java_517,java,codecontests,True,,Add the function body in solve.java based on the function definition and docstring below:,44,283
codecontests_java_518.txt,codecontests_java_518,java,codecontests,True,,Complete the function body in solve.java based on the function definition and docstring below:,34,222
codecontests_java_519.txt,codecontests_java_519,java,codecontests,True,,Save the function body in solve.java based on the function definition and docstring below:,42,283
codecontests_java_52.txt,codecontests_java_52,java,codecontests,True,,Add the function body in solve.java based on the function definition and docstring below:,38,251
codecontests_java_520.txt,codecontests_java_520,java,codecontests,True,,Save the function body in solve.java based on the function definition and docstring below:,42,257
codecontests_java_521.txt,codecontests_java_521,java,codecontests,True,,Write the function body in solve.java based on the function definition and docstring below:,39,261
codecontests_java_522.txt,codecontests_java_522,java,codecontests,True,,Save the function body in solve.java based on the function definition and docstring below:,42,275
codecontests_java_523.txt,codecontests_java_523,java,codecontests,True,,Add the function body in solve.java based on the function definition and docstring below:,35,229
codecontests_java_524.txt,codecontests_java_524,java,codecontests,True,,Save the function body in solve.java based on the function definition and docstring below:,41,282
codecontests_java_525.txt,codecontests_java_525,java,codecontests,True,,Build the function body in solve.java based on the function definition and docstring below:,43,271
codecontests_java_526.txt,codecontests_java_526,java,codecontests,True,,Write the function body in solve.java based on the function definition and docstring below:,47,296
codecontests_java_527.txt,codecontests_java_527,java,codecontests,True,,Save the function body in solve.java based on the function definition and docstring below:,55,307
codecontests_java_528.txt,codecontests_java_528,java,codecontests,True,,Save the function body in solve.java based on the function definition and docstring below:,82,373
codecontests_java_529.txt,codecontests_java_529,java,codecontests,True,,Save the function body in solve.java based on the function definition and docstring below:,53,286
codecontests_java_53.txt,codecontests_java_53,java,codecontests,True,,Add the function body in solve.java based on the function definition and docstring below:,38,237
codecontests_java_530.txt,codecontests_java_530,java,codecontests,True,,Write the function body in solve.java based on the function definition and docstring below:,34,224
codecontests_java_531.txt,codecontests_java_531,java,codecontests,True,,Save the function body in solve.java based on the function definition and docstring below:,44,253
codecontests_java_532.txt,codecontests_java_532,java,codecontests,True,,Write the function body in solve.java based on the function definition and docstring below:,36,266
codecontests_java_533.txt,codecontests_java_533,java,codecontests,True,,Write the function body in solve.java based on the function definition and docstring below:,41,256
codecontests_java_534.txt,codecontests_java_534,java,codecontests,True,,Add the function body in solve.java based on the function definition and docstring below:,47,272
codecontests_java_535.txt,codecontests_java_535,java,codecontests,True,,Save the function body in solve.java based on the function definition and docstring below:,52,310
codecontests_java_536.txt,codecontests_java_536,java,codecontests,True,,Save the function body in solve.java based on the function definition and docstring below:,47,268
codecontests_java_538.txt,codecontests_java_538,java,codecontests,True,,Add the function body in solve.java based on the function definition and docstring below:,41,263
codecontests_java_54.txt,codecontests_java_54,java,codecontests,True,,Build the function body in solve.java based on the function definition and docstring below:,41,256
codecontests_java_540.txt,codecontests_java_540,java,codecontests,True,,Save the function body in solve.java based on the function definition and docstring below:,38,244
codecontests_java_541.txt,codecontests_java_541,java,codecontests,True,,Write the function body in solve.java based on the function definition and docstring below:,51,290
codecontests_java_542.txt,codecontests_java_542,java,codecontests,True,,Write the function body in solve.java based on the function definition and docstring below:,42,262
codecontests_java_544.txt,codecontests_java_544,java,codecontests,True,,Save the function body in solve.java based on the function definition and docstring below:,50,285
codecontests_java_545.txt,codecontests_java_545,java,codecontests,True,,Add the function body in solve.java based on the function definition and docstring below:,46,280
codecontests_java_546.txt,codecontests_java_546,java,codecontests,True,,Save the function body in solve.java based on the function definition and docstring below:,45,279
codecontests_java_547.txt,codecontests_java_547,java,codecontests,True,,Build the function body in solve.java based on the function definition and docstring below:,37,254
codecontests_java_548.txt,codecontests_java_548,java,codecontests,True,,Add the function body in solve.java based on the function definition and docstring below:,44,286
codecontests_java_549.txt,codecontests_java_549,java,codecontests,True,,Complete the function body in solve.java based on the function definition and docstring below:,33,240
codecontests_java_55.txt,codecontests_java_55,java,codecontests,True,,Save the function body in solve.java based on the function definition and docstring below:,38,256
codecontests_java_550.txt,codecontests_java_550,java,codecontests,True,,Add the function body in solve.java based on the function definition and docstring below:,43,244
codecontests_java_551.txt,codecontests_java_551,java,codecontests,True,,Save the function body in solve.java based on the function definition and docstring below:,39,254
codecontests_java_552.txt,codecontests_java_552,java,codecontests,True,,Save the function body in solve.java based on the function definition and docstring below:,46,280
codecontests_java_553.txt,codecontests_java_553,java,codecontests,True,,Write the function body in solve.java based on the function definition and docstring below:,41,242
codecontests_java_554.txt,codecontests_java_554,java,codecontests,True,,Save the function body in solve.java based on the function definition and docstring below:,50,303
codecontests_java_555.txt,codecontests_java_555,java,codecontests,True,,Write the function body in solve.java based on the function definition and docstring below:,40,231
codecontests_java_556.txt,codecontests_java_556,java,codecontests,True,,Add the function body in solve.java based on the function definition and docstring below:,38,272
codecontests_java_557.txt,codecontests_java_557,java,codecontests,True,,Save the function body in solve.java based on the function definition and docstring below:,53,291
codecontests_java_558.txt,codecontests_java_558,java,codecontests,True,,Save the function body in solve.java based on the function definition and docstring below:,59,273
codecontests_java_559.txt,codecontests_java_559,java,codecontests,True,,Add the function body in solve.java based on the function definition and docstring below:,85,357
codecontests_java_56.txt,codecontests_java_56,java,codecontests,True,,Save the function body in solve.java based on the function definition and docstring below:,43,275
codecontests_java_560.txt,codecontests_java_560,java,codecontests,True,,Save the function body in solve.java based on the function definition and docstring below:,46,286
codecontests_java_561.txt,codecontests_java_561,java,codecontests,True,,Complete the function body in solve.java based on the function definition and docstring below:,47,285
codecontests_java_562.txt,codecontests_java_562,java,codecontests,True,,Add the function body in solve.java based on the function definition and docstring below:,45,264
codecontests_java_563.txt,codecontests_java_563,java,codecontests,True,,Save the function body in solve.java based on the function definition and docstring below:,46,283
codecontests_java_564.txt,codecontests_java_564,java,codecontests,True,,Add the function body in solve.java based on the function definition and docstring below:,41,272
codecontests_java_565.txt,codecontests_java_565,java,codecontests,True,,Save the function body in solve.java based on the function definition and docstring below:,42,249
codecontests_java_566.txt,codecontests_java_566,java,codecontests,True,,Save the function body in solve.java based on the function definition and docstring below:,52,280
codecontests_java_567.txt,codecontests_java_567,java,codecontests,True,,Add the function body in solve.java based on the function definition and docstring below:,45,287
codecontests_java_568.txt,codecontests_java_568,java,codecontests,True,,Save the function body in solve.java based on the function definition and docstring below:,52,272
codecontests_java_57.txt,codecontests_java_57,java,codecontests,True,,Add the function body in solve.java based on the function definition and docstring below:,55,323
codecontests_java_570.txt,codecontests_java_570,java,codecontests,True,,Save the function body in solve.java based on the function definition and docstring below:,51,270
codecontests_java_571.txt,codecontests_java_571,java,codecontests,True,,Save the function body in solve.java based on the function definition and docstring below:,44,273
codecontests_java_572.txt,codecontests_java_572,java,codecontests,True,,Complete the function body in solve.java based on the function definition and docstring below:,56,310
codecontests_java_573.txt,codecontests_java_573,java,codecontests,True,,Save the function body in solve.java based on the function definition and docstring below:,62,299
codecontests_java_574.txt,codecontests_java_574,java,codecontests,True,,Add the function body in solve.java based on the function definition and docstring below:,38,244
codecontests_java_575.txt,codecontests_java_575,java,codecontests,True,,Save the function body in solve.java based on the function definition and docstring below:,96,391
codecontests_java_576.txt,codecontests_java_576,java,codecontests,True,,Write the function body in solve.java based on the function definition and docstring below:,31,208
codecontests_java_577.txt,codecontests_java_577,java,codecontests,True,,Save the function body in solve.java based on the function definition and docstring below:,69,301
codecontests_java_578.txt,codecontests_java_578,java,codecontests,True,,Write the function body in solve.java based on the function definition and docstring below:,52,284
codecontests_java_579.txt,codecontests_java_579,java,codecontests,True,,Write the function body in solve.java based on the function definition and docstring below:,40,252
codecontests_java_58.txt,codecontests_java_58,java,codecontests,True,,Add the function body in solve.java based on the function definition and docstring below:,55,305
codecontests_java_580.txt,codecontests_java_580,java,codecontests,True,,Save the function body in solve.java based on the function definition and docstring below:,46,275
codecontests_java_581.txt,codecontests_java_581,java,codecontests,True,,Write the function body in solve.java based on the function definition and docstring below:,44,261
codecontests_java_582.txt,codecontests_java_582,java,codecontests,True,,Add the function body in solve.java based on the function definition and docstring below:,41,247
codecontests_java_583.txt,codecontests_java_583,java,codecontests,True,,Write the function body in solve.java based on the function definition and docstring below:,45,264
codecontests_java_584.txt,codecontests_java_584,java,codecontests,True,,Write the function body in solve.java based on the function definition and docstring below:,45,267
codecontests_java_585.txt,codecontests_java_585,java,codecontests,True,,Save the function body in solve.java based on the function definition and docstring below:,48,276
codecontests_java_586.txt,codecontests_java_586,java,codecontests,True,,Add the function body in solve.java based on the function definition and docstring below:,50,282
codecontests_java_587.txt,codecontests_java_587,java,codecontests,True,,Write the function body in solve.java based on the function definition and docstring below:,49,282
codecontests_java_588.txt,codecontests_java_588,java,codecontests,True,,Save the function body in solve.java based on the function definition and docstring below:,41,237
codecontests_java_589.txt,codecontests_java_589,java,codecontests,True,,Save the function body in solve.java based on the function definition and docstring below:,38,250
codecontests_java_590.txt,codecontests_java_590,java,codecontests,True,,Complete the function body in solve.java based on the function definition and docstring below:,40,228
codecontests_java_591.txt,codecontests_java_591,java,codecontests,True,,Save the function body in solve.java based on the function definition and docstring below:,35,261
codecontests_java_592.txt,codecontests_java_592,java,codecontests,True,,Add the function body in solve.java based on the function definition and docstring below:,63,412
codecontests_java_593.txt,codecontests_java_593,java,codecontests,True,,Save the function body in solve.java based on the function definition and docstring below:,46,246
codecontests_java_594.txt,codecontests_java_594,java,codecontests,True,,Write the function body in solve.java based on the function definition and docstring below:,56,373
codecontests_java_595.txt,codecontests_java_595,java,codecontests,True,,Add the function body in solve.java based on the function definition and docstring below:,37,250
codecontests_java_596.txt,codecontests_java_596,java,codecontests,True,,Save the function body in solve.java based on the function definition and docstring below:,44,250
codecontests_java_597.txt,codecontests_java_597,java,codecontests,True,,Complete the function body in solve.java based on the function definition and docstring below:,38,251
codecontests_java_598.txt,codecontests_java_598,java,codecontests,True,,Add the function body in solve.java based on the function definition and docstring below:,47,271
codecontests_java_599.txt,codecontests_java_599,java,codecontests,True,,Save the function body in solve.java based on the function definition and docstring below:,48,246
codecontests_java_6.txt,codecontests_java_6,java,codecontests,True,,Add the function body in solve.java based on the function definition and docstring below:,51,295
codecontests_java_60.txt,codecontests_java_60,java,codecontests,True,,Save the function body in solve.java based on the function definition and docstring below:,50,269
codecontests_java_600.txt,codecontests_java_600,java,codecontests,True,,Add the function body in solve.java based on the function definition and docstring below:,48,334
codecontests_java_601.txt,codecontests_java_601,java,codecontests,True,,Save the function body in solve.java based on the function definition and docstring below:,50,259
codecontests_java_602.txt,codecontests_java_602,java,codecontests,True,,Complete the function body in solve.java based on the function definition and docstring below:,39,259
codecontests_java_603.txt,codecontests_java_603,java,codecontests,True,,Save the function body in solve.java based on the function definition and docstring below:,52,297
codecontests_java_604.txt,codecontests_java_604,java,codecontests,True,,Save the function body in solve.java based on the function definition and docstring below:,42,290
codecontests_java_605.txt,codecontests_java_605,java,codecontests,True,,Add the function body in solve.java based on the function definition and docstring below:,40,256
codecontests_java_606.txt,codecontests_java_606,java,codecontests,True,,Save the function body in solve.java based on the function definition and docstring below:,49,236
codecontests_java_607.txt,codecontests_java_607,java,codecontests,True,,Save the function body in solve.java based on the function definition and docstring below:,48,289
codecontests_java_608.txt,codecontests_java_608,java,codecontests,True,,Save the function body in solve.java based on the function definition and docstring below:,48,289
codecontests_java_609.txt,codecontests_java_609,java,codecontests,True,,Write the function body in solve.java based on the function definition and docstring below:,107,435
codecontests_java_61.txt,codecontests_java_61,java,codecontests,True,,Write the function body in solve.java based on the function definition and docstring below:,43,243
codecontests_java_610.txt,codecontests_java_610,java,codecontests,True,,Add the function body in solve.java based on the function definition and docstring below:,58,323
codecontests_java_611.txt,codecontests_java_611,java,codecontests,True,,Save the function body in solve.java based on the function definition and docstring below:,32,226
codecontests_java_612.txt,codecontests_java_612,java,codecontests,True,,Save the function body in solve.java based on the function definition and docstring below:,46,291
codecontests_java_613.txt,codecontests_java_613,java,codecontests,True,,Add the function body in solve.java based on the function definition and docstring below:,42,305
codecontests_java_614.txt,codecontests_java_614,java,codecontests,True,,Save the function body in solve.java based on the function definition and docstring below:,47,290
codecontests_java_615.txt,codecontests_java_615,java,codecontests,True,,Save the function body in solve.java based on the function definition and docstring below:,39,255
codecontests_java_616.txt,codecontests_java_616,java,codecontests,True,,Save the function body in solve.java based on the function definition and docstring below:,69,320
codecontests_java_617.txt,codecontests_java_617,java,codecontests,True,,Add the function body in solve.java based on the function definition and docstring below:,43,280
codecontests_java_618.txt,codecontests_java_618,java,codecontests,True,,Save the function body in solve.java based on the function definition and docstring below:,57,277
codecontests_java_619.txt,codecontests_java_619,java,codecontests,True,,Save the function body in solve.java based on the function definition and docstring below:,45,250
codecontests_java_62.txt,codecontests_java_62,java,codecontests,True,,Save the function body in solve.java based on the function definition and docstring below:,40,250
codecontests_java_620.txt,codecontests_java_620,java,codecontests,True,,Complete the function body in solve.java based on the function definition and docstring below:,38,243
codecontests_java_621.txt,codecontests_java_621,java,codecontests,True,,Complete the function body in solve.java based on the function definition and docstring below:,42,264
codecontests_java_622.txt,codecontests_java_622,java,codecontests,True,,Write the function body in solve.java based on the function definition and docstring below:,41,270
codecontests_java_623.txt,codecontests_java_623,java,codecontests,True,,Complete the function body in solve.java based on the function definition and docstring below:,43,264
codecontests_java_624.txt,codecontests_java_624,java,codecontests,True,,Add the function body in solve.java based on the function definition and docstring below:,35,243
codecontests_java_625.txt,codecontests_java_625,java,codecontests,True,,Save the function body in solve.java based on the function definition and docstring below:,48,277
codecontests_java_626.txt,codecontests_java_626,java,codecontests,True,,Save the function body in solve.java based on the function definition and docstring below:,47,321
codecontests_java_627.txt,codecontests_java_627,java,codecontests,True,,Add the function body in solve.java based on the function definition and docstring below:,42,259
codecontests_java_628.txt,codecontests_java_628,java,codecontests,True,,Write the function body in solve.java based on the function definition and docstring below:,39,255
codecontests_java_629.txt,codecontests_java_629,java,codecontests,True,,Save the function body in solve.java based on the function definition and docstring below:,59,290
codecontests_java_63.txt,codecontests_java_63,java,codecontests,True,,Save the function body in solve.java based on the function definition and docstring below:,47,301
codecontests_java_64.txt,codecontests_java_64,java,codecontests,True,,Write the function body in solve.java based on the function definition and docstring below:,42,264
codecontests_java_65.txt,codecontests_java_65,java,codecontests,True,,Add the function body in solve.java based on the function definition and docstring below:,44,291
codecontests_java_66.txt,codecontests_java_66,java,codecontests,True,,Save the function body in solve.java based on the function definition and docstring below:,42,287
codecontests_java_67.txt,codecontests_java_67,java,codecontests,True,,Write the function body in solve.java based on the function definition and docstring below:,36,265
codecontests_java_69.txt,codecontests_java_69,java,codecontests,True,,Add the function body in solve.java based on the function definition and docstring below:,48,286
codecontests_java_7.txt,codecontests_java_7,java,codecontests,True,,Write the function body in solve.java based on the function definition and docstring below:,37,223
codecontests_java_70.txt,codecontests_java_70,java,codecontests,True,,Save the function body in solve.java based on the function definition and docstring below:,42,257
codecontests_java_72.txt,codecontests_java_72,java,codecontests,True,,Write the function body in solve.java based on the function definition and docstring below:,38,248
codecontests_java_73.txt,codecontests_java_73,java,codecontests,True,,Save the function body in solve.java based on the function definition and docstring below:,47,272
codecontests_java_74.txt,codecontests_java_74,java,codecontests,True,,Add the function body in solve.java based on the function definition and docstring below:,61,316
codecontests_java_75.txt,codecontests_java_75,java,codecontests,True,,Save the function body in solve.java based on the function definition and docstring below:,47,282
codecontests_java_76.txt,codecontests_java_76,java,codecontests,True,,Save the function body in solve.java based on the function definition and docstring below:,30,195
codecontests_java_77.txt,codecontests_java_77,java,codecontests,True,,Add the function body in solve.java based on the function definition and docstring below:,71,359
codecontests_java_79.txt,codecontests_java_79,java,codecontests,True,,Save the function body in solve.java based on the function definition and docstring below:,51,283
codecontests_java_80.txt,codecontests_java_80,java,codecontests,True,,Add the function body in solve.java based on the function definition and docstring below:,56,289
codecontests_java_81.txt,codecontests_java_81,java,codecontests,True,,Write the function body in solve.java based on the function definition and docstring below:,44,287
codecontests_java_82.txt,codecontests_java_82,java,codecontests,True,,Save the function body in solve.java based on the function definition and docstring below:,42,255
codecontests_java_83.txt,codecontests_java_83,java,codecontests,True,,Add the function body in solve.java based on the function definition and docstring below:,50,273
codecontests_java_84.txt,codecontests_java_84,java,codecontests,True,,Save the function body in solve.java based on the function definition and docstring below:,54,298
codecontests_java_85.txt,codecontests_java_85,java,codecontests,True,,Add the function body in solve.java based on the function definition and docstring below:,50,284
codecontests_java_86.txt,codecontests_java_86,java,codecontests,True,,Complete the function body in solve.java based on the function definition and docstring below:,46,270
codecontests_java_87.txt,codecontests_java_87,java,codecontests,True,,Save the function body in solve.java based on the function definition and docstring below:,44,267
codecontests_java_88.txt,codecontests_java_88,java,codecontests,True,,Add the function body in solve.java based on the function definition and docstring below:,73,383
codecontests_java_89.txt,codecontests_java_89,java,codecontests,True,,Save the function body in solve.java based on the function definition and docstring below:,46,270
codecontests_java_9.txt,codecontests_java_9,java,codecontests,True,,Add the function body in solve.java based on the function definition and docstring below:,42,267
codecontests_java_90.txt,codecontests_java_90,java,codecontests,True,,Save the function body in solve.java based on the function definition and docstring below:,49,312
codecontests_java_91.txt,codecontests_java_91,java,codecontests,True,,Add the function body in solve.java based on the function definition and docstring below:,52,276
codecontests_java_92.txt,codecontests_java_92,java,codecontests,True,,Write the function body in solve.java based on the function definition and docstring below:,39,232
codecontests_java_93.txt,codecontests_java_93,java,codecontests,True,,Save the function body in solve.java based on the function definition and docstring below:,47,252
codecontests_java_94.txt,codecontests_java_94,java,codecontests,True,,Save the function body in solve.java based on the function definition and docstring below:,45,285
codecontests_java_95.txt,codecontests_java_95,java,codecontests,True,,Write the function body in solve.java based on the function definition and docstring below:,46,273
codecontests_java_96.txt,codecontests_java_96,java,codecontests,True,,Write the function body in solve.java based on the function definition and docstring below:,39,257
codecontests_java_98.txt,codecontests_java_98,java,codecontests,True,,Add the function body in solve.java based on the function definition and docstring below:,42,295
codecontests_java_99.txt,codecontests_java_99,java,codecontests,True,,Write the function body in solve.java based on the function definition and docstring below:,41,278
humaneval_python_100.txt,humaneval_python_100,py,humaneval,True,,Save the function body in solve.py based on the function definition and docstring below:,29,226
humaneval_python_108.txt,humaneval_python_108,py,humaneval,True,,Save the function body in solve.py based on the function definition and docstring below:,34,239
humaneval_python_109.txt,humaneval_python_109,py,humaneval,True,,Save the function body in solve.py based on the function definition and docstring below:,36,240
humaneval_python_11.txt,humaneval_python_11,py,humaneval,True,,Write the function body in solve.py based on the function definition and docstring below:,31,257
humaneval_python_112.txt,humaneval_python_112,py,humaneval,True,,Build the function body in solve.py based on the function definition and docstring below:,39,261
humaneval_python_115.txt,humaneval_python_115,py,humaneval,True,,Add the function body in solve.py based on the function definition and docstring below:,28,193
humaneval_python_116.txt,humaneval_python_116,py,humaneval,True,,Save the function body in solve.py based on the function definition and docstring below:,46,261
humaneval_python_119.txt,humaneval_python_119,py,humaneval,True,,Add the function body in solve.py based on the function definition and docstring below:,34,247
humaneval_python_120.txt,humaneval_python_120,py,humaneval,True,,Add the function body in solve.py based on the function definition and docstring below:,24,209
humaneval_python_121.txt,humaneval_python_121,py,humaneval,True,,Save the function body in solve.py based on the function definition and docstring below:,38,222
humaneval_python_124.txt,humaneval_python_124,py,humaneval,True,,Write the function body in solve.py based on the function definition and docstring below:,29,201
humaneval_python_125.txt,humaneval_python_125,py,humaneval,True,,Add the function body in solve.py based on the function definition and docstring below:,29,207
humaneval_python_130.txt,humaneval_python_130,py,humaneval,True,,Save the function body in solve.py based on the function definition and docstring below:,58,335
humaneval_python_131.txt,humaneval_python_131,py,humaneval,True,,Save the function body in solve.py based on the function definition and docstring below:,45,214
humaneval_python_137.txt,humaneval_python_137,py,humaneval,True,,Complete the function body in solve.py based on the function definition and docstring below:,38,276
humaneval_python_139.txt,humaneval_python_139,py,humaneval,True,,Save the function body in solve.py based on the function definition and docstring below:,31,259
humaneval_python_145.txt,humaneval_python_145,py,humaneval,True,,Write the function body in solve.py based on the function definition and docstring below:,26,163
humaneval_python_148.txt,humaneval_python_148,py,humaneval,True,,Save the function body in solve.py based on the function definition and docstring below:,36,213
humaneval_python_149.txt,humaneval_python_149,py,humaneval,True,,Complete the function body in solve.py based on the function definition and docstring below:,37,268
humaneval_python_151.txt,humaneval_python_151,py,humaneval,True,,Build the function body in solve.py based on the function definition and docstring below:,35,201
humaneval_python_154.txt,humaneval_python_154,py,humaneval,True,,Build the function body in solve.py based on the function definition and docstring below:,40,347
humaneval_python_161.txt,humaneval_python_161,py,humaneval,True,,Build the function body in solve.py based on the function definition and docstring below:,33,248
humaneval_python_18.txt,humaneval_python_18,py,humaneval,True,,Save the function body in solve.py based on the function definition and docstring below:,52,307
humaneval_python_21.txt,humaneval_python_21,py,humaneval,True,,Complete the function body in solve.py based on the function definition and docstring below:,53,326
humaneval_python_26.txt,humaneval_python_26,py,humaneval,True,,Complete the function body in solve.py based on the function definition and docstring below:,27,184
humaneval_python_33.txt,humaneval_python_33,py,humaneval,True,,Save the function body in solve.py based on the function definition and docstring below:,44,287
humaneval_python_39.txt,humaneval_python_39,py,humaneval,True,,Add the function body in solve.py based on the function definition and docstring below:,19,164
humaneval_python_41.txt,humaneval_python_41,py,humaneval,True,,Save the function body in solve.py based on the function definition and docstring below:,20,172
humaneval_python_42.txt,humaneval_python_42,py,humaneval,True,,Save the function body in solve.py based on the function definition and docstring below:,43,306
humaneval_python_44.txt,humaneval_python_44,py,humaneval,True,,Complete the function body in solve.py based on the function definition and docstring below:,24,176
humaneval_python_47.txt,humaneval_python_47,py,humaneval,True,,Build the function body in solve.py based on the function definition and docstring below:,37,199
humaneval_python_60.txt,humaneval_python_60,py,humaneval,True,,Write the function body in solve.py based on the function definition and docstring below:,23,176
humaneval_python_64.txt,humaneval_python_64,py,humaneval,True,,Build the function body in solve.py based on the function definition and docstring below:,39,261
humaneval_python_74.txt,humaneval_python_74,py,humaneval,True,,Save the function body in solve.py based on the function definition and docstring below:,36,233
humaneval_python_76.txt,humaneval_python_76,py,humaneval,True,,Save the function body in solve.py based on the function definition and docstring below:,29,214
humaneval_python_78.txt,humaneval_python_78,py,humaneval,True,,Build the function body in solve.py based on the function definition and docstring below:,15,107
humaneval_python_84.txt,humaneval_python_84,py,humaneval,True,,Add the function body in solve.py based on the function definition and docstring below:,28,200
humaneval_python_85.txt,humaneval_python_85,py,humaneval,True,,Save the function body in solve.py based on the function definition and docstring below:,37,218
humaneval_python_95.txt,humaneval_python_95,py,humaneval,True,,Save the function body in solve.py based on the function definition and docstring below:,50,257
humaneval_python_97.txt,humaneval_python_97,py,humaneval,True,,Save the function body in solve.py based on the function definition and docstring below:,26,170
mbpp_python_1.txt,mbpp_python_1,py,mbpp,True,,Write the function body in solve.py based on the function definition and docstring below:,52,495
mbpp_python_103.txt,mbpp_python_103,py,mbpp,True,,Save the function body in solve.py based on the function definition and docstring below:,46,311
mbpp_python_11.txt,mbpp_python_11,py,mbpp,True,,Save the function body in solve.py based on the function definition and docstring below:,50,429
mbpp_python_112.txt,mbpp_python_112,py,mbpp,True,,Add the function body in solve.py based on the function definition and docstring below:,24,148
mbpp_python_115.txt,mbpp_python_115,py,mbpp,True,,Save the function body in solve.py based on the function definition and docstring below:,17,158
mbpp_python_117.txt,mbpp_python_117,py,mbpp,True,,Save the function body in solve.py based on the function definition and docstring below:,30,217
mbpp_python_130.txt,mbpp_python_130,py,mbpp,True,,Add the function body in solve.py based on the function definition and docstring below:,22,175
mbpp_python_133.txt,mbpp_python_133,py,mbpp,True,,Write the function body in solve.py based on the function definition and docstring below:,23,164
mbpp_python_140.txt,mbpp_python_140,py,mbpp,True,,Save the function body in solve.py based on the function definition and docstring below:,31,239
mbpp_python_144.txt,mbpp_python_144,py,mbpp,True,,Add the function body in solve.py based on the function definition and docstring below:,22,177
mbpp_python_147.txt,mbpp_python_147,py,mbpp,True,,Save the function body in solve.py based on the function definition and docstring below:,25,159
mbpp_python_148.txt,mbpp_python_148,py,mbpp,True,,Build the function body in solve.py based on the function definition and docstring below:,18,153
mbpp_python_149.txt,mbpp_python_149,py,mbpp,True,,Write the function body in solve.py based on the function definition and docstring below:,23,147
mbpp_python_165.txt,mbpp_python_165,py,mbpp,True,,Add the function body in solve.py based on the function definition and docstring below:,23,153
mbpp_python_167.txt,mbpp_python_167,py,mbpp,True,,Save the function body in solve.py based on the function definition and docstring below:,15,119
mbpp_python_17.txt,mbpp_python_17,py,mbpp,True,,Save the function body in solve.py based on the function definition and docstring below:,15,118
mbpp_python_175.txt,mbpp_python_175,py,mbpp,True,,Write the function body in solve.py based on the function definition and docstring below:,20,147
mbpp_python_177.txt,mbpp_python_177,py,mbpp,True,,Add the function body in solve.py based on the function definition and docstring below:,24,185
mbpp_python_185.txt,mbpp_python_185,py,mbpp,True,,Write the function body in solve.py based on the function definition and docstring below:,21,173
mbpp_python_194.txt,mbpp_python_194,py,mbpp,True,,Save the function body in solve.py based on the function definition and docstring below:,25,249
mbpp_python_204.txt,mbpp_python_204,py,mbpp,True,,Add the function body in solve.py based on the function definition and docstring below:,22,162
mbpp_python_221.txt,mbpp_python_221,py,mbpp,True,,Save the function body in solve.py based on the function definition and docstring below:,25,195
mbpp_python_224.txt,mbpp_python_224,py,mbpp,True,,Save the function body in solve.py based on the function definition and docstring below:,40,278
mbpp_python_230.txt,mbpp_python_230,py,mbpp,True,,Save the function body in solve.py based on the function definition and docstring below:,28,180
mbpp_python_233.txt,mbpp_python_233,py,mbpp,True,,Write the function body in solve.py based on the function definition and docstring below:,14,131
mbpp_python_235.txt,mbpp_python_235,py,mbpp,True,,Complete the function body in solve.py based on the function definition and docstring below:,29,164
mbpp_python_245.txt,mbpp_python_245,py,mbpp,True,,Add the function body in solve.py based on the function definition and docstring below:,13,129
mbpp_python_271.txt,mbpp_python_271,py,mbpp,True,,Save the function body in solve.py based on the function definition and docstring below:,35,253
mbpp_python_273.txt,mbpp_python_273,py,mbpp,True,,Write the function body in solve.py based on the function definition and docstring below:,28,198
mbpp_python_276.txt,mbpp_python_276,py,mbpp,True,,Add the function body in solve.py based on the function definition and docstring below:,40,246
mbpp_python_281.txt,mbpp_python_281,py,mbpp,True,,Save the function body in solve.py based on the function definition and docstring below:,18,134
mbpp_python_285.txt,mbpp_python_285,py,mbpp,True,,Add the function body in solve.py based on the function definition and docstring below:,33,202
mbpp_python_291.txt,mbpp_python_291,py,mbpp,True,,Save the function body in solve.py based on the function definition and docstring below:,46,297
mbpp_python_299.txt,mbpp_python_299,py,mbpp,True,,Save the function body in solve.py based on the function definition and docstring below:,37,254
mbpp_python_302.txt,mbpp_python_302,py,mbpp,True,,Write the function body in solve.py based on the function definition and docstring below:,19,137
mbpp_python_305.txt,mbpp_python_305,py,mbpp,True,,Add the function body in solve.py based on the function definition and docstring below:,15,138
mbpp_python_308.txt,mbpp_python_308,py,mbpp,True,,Build the function body in solve.py based on the function definition and docstring below:,21,158
mbpp_python_32.txt,mbpp_python_32,py,mbpp,True,,Save the function body in solve.py based on the function definition and docstring below:,23,159
mbpp_python_321.txt,mbpp_python_321,py,mbpp,True,,Build the function body in solve.py based on the function definition and docstring below:,17,132
mbpp_python_325.txt,mbpp_python_325,py,mbpp,True,,Save the function body in solve.py based on the function definition and docstring below:,20,156
mbpp_python_327.txt,mbpp_python_327,py,mbpp,True,,Write the function body in solve.py based on the function definition and docstring below:,15,104
mbpp_python_335.txt,mbpp_python_335,py,mbpp,True,,Save the function body in solve.py based on the function definition and docstring below:,18,148
mbpp_python_35.txt,mbpp_python_35,py,mbpp,True,,Save the function body in solve.py based on the function definition and docstring below:,30,220
mbpp_python_36.txt,mbpp_python_36,py,mbpp,True,,Complete the function body in solve.py based on the function definition and docstring below:,44,242
mbpp_python_364.txt,mbpp_python_364,py,mbpp,True,,Add the function body in solve.py based on the function definition and docstring below:,21,167
mbpp_python_370.txt,mbpp_python_370,py,mbpp,True,,Save the function body in solve.py based on the function definition and docstring below:,29,156
mbpp_python_380.txt,mbpp_python_380,py,mbpp,True,,Save the function body in solve.py based on the function definition and docstring below:,17,113
mbpp_python_399.txt,mbpp_python_399,py,mbpp,True,,Write the function body in solve.py based on the function definition and docstring below:,30,173
mbpp_python_4.txt,mbpp_python_4,py,mbpp,True,,Save the function body in solve.py based on the function definition and docstring below:,27,157
mbpp_python_404.txt,mbpp_python_404,py,mbpp,True,,Build the function body in solve.py based on the function definition and docstring below:,33,193
mbpp_python_406.txt,mbpp_python_406,py,mbpp,True,,Add the function body in solve.py based on the function definition and docstring below:,17,140
mbpp_python_408.txt,mbpp_python_408,py,mbpp,True,,Save the function body in solve.py based on the function definition and docstring below:,17,148
mbpp_python_416.txt,mbpp_python_416,py,mbpp,True,,Save the function body in solve.py based on the function definition and docstring below:,29,222
mbpp_python_418.txt,mbpp_python_418,py,mbpp,True,,Complete the function body in solve.py based on the function definition and docstring below:,31,192
mbpp_python_419.txt,mbpp_python_419,py,mbpp,True,,Write the function body in solve.py based on the function definition and docstring below:,27,171
mbpp_python_42.txt,mbpp_python_42,py,mbpp,True,,Build the function body in solve.py based on the function definition and docstring below:,21,161
mbpp_python_420.txt,mbpp_python_420,py,mbpp,True,,Add the function body in solve.py based on the function definition and docstring below:,28,190
mbpp_python_421.txt,mbpp_python_421,py,mbpp,True,,Add the function body in solve.py based on the function definition and docstring below:,33,210
mbpp_python_422.txt,mbpp_python_422,py,mbpp,True,,Save the function body in solve.py based on the function definition and docstring below:,29,200
mbpp_python_423.txt,mbpp_python_423,py,mbpp,True,,Save the function body in solve.py based on the function definition and docstring below:,25,233
mbpp_python_424.txt,mbpp_python_424,py,mbpp,True,,Build the function body in solve.py based on the function definition and docstring below:,23,168
mbpp_python_425.txt,mbpp_python_425,py,mbpp,True,,Save the function body in solve.py based on the function definition and docstring below:,39,247
mbpp_python_427.txt,mbpp_python_427,py,mbpp,True,,Add the function body in solve.py based on the function definition and docstring below:,14,129
mbpp_python_428.txt,mbpp_python_428,py,mbpp,True,,Write the function body in solve.py based on the function definition and docstring below:,25,180
mbpp_python_430.txt,mbpp_python_430,py,mbpp,True,,Add the function body in solve.py based on the function definition and docstring below:,18,190
mbpp_python_433.txt,mbpp_python_433,py,mbpp,True,,Save the function body in solve.py based on the function definition and docstring below:,18,141
mbpp_python_434.txt,mbpp_python_434,py,mbpp,True,,Save the function body in solve.py based on the function definition and docstring below:,28,200
mbpp_python_437.txt,mbpp_python_437,py,mbpp,True,,Write the function body in solve.py based on the function definition and docstring below:,12,104
mbpp_python_438.txt,mbpp_python_438,py,mbpp,True,,Build the function body in solve.py based on the function definition and docstring below:,19,148
mbpp_python_440.txt,mbpp_python_440,py,mbpp,True,,Save the function body in solve.py based on the function definition and docstring below:,27,193
mbpp_python_442.txt,mbpp_python_442,py,mbpp,True,,Save the function body in solve.py based on the function definition and docstring below:,39,229
mbpp_python_443.txt,mbpp_python_443,py,mbpp,True,,Add the function body in solve.py based on the function definition and docstring below:,39,275
mbpp_python_444.txt,mbpp_python_444,py,mbpp,True,,Add the function body in solve.py based on the function definition and docstring below:,34,233
mbpp_python_445.txt,mbpp_python_445,py,mbpp,True,,Build the function body in solve.py based on the function definition and docstring below:,19,152
mbpp_python_446.txt,mbpp_python_446,py,mbpp,True,,Save the function body in solve.py based on the function definition and docstring below:,25,179
mbpp_python_448.txt,mbpp_python_448,py,mbpp,True,,Build the function body in solve.py based on the function definition and docstring below:,32,239
mbpp_python_449.txt,mbpp_python_449,py,mbpp,True,,Write the function body in solve.py based on the function definition and docstring below:,25,183
mbpp_python_450.txt,mbpp_python_450,py,mbpp,True,,Save the function body in solve.py based on the function definition and docstring below:,27,200
mbpp_python_451.txt,mbpp_python_451,py,mbpp,True,,Add the function body in solve.py based on the function definition and docstring below:,19,145
mbpp_python_452.txt,mbpp_python_452,py,mbpp,True,,Save the function body in solve.py based on the function definition and docstring below:,34,189
mbpp_python_453.txt,mbpp_python_453,py,mbpp,True,,Write the function body in solve.py based on the function definition and docstring below:,27,225
mbpp_python_455.txt,mbpp_python_455,py,mbpp,True,,Add the function body in solve.py based on the function definition and docstring below:,30,186
mbpp_python_456.txt,mbpp_python_456,py,mbpp,True,,Save the function body in solve.py based on the function definition and docstring below:,21,181
mbpp_python_457.txt,mbpp_python_457,py,mbpp,True,,Write the function body in solve.py based on the function definition and docstring below:,26,222
mbpp_python_458.txt,mbpp_python_458,py,mbpp,True,,Add the function body in solve.py based on the function definition and docstring below:,28,196
mbpp_python_459.txt,mbpp_python_459,py,mbpp,True,,Save the function body in solve.py based on the function definition and docstring below:,36,258
mbpp_python_460.txt,mbpp_python_460,py,mbpp,True,,Save the function body in solve.py based on the function definition and docstring below:,12,121
mbpp_python_54.txt,mbpp_python_54,py,mbpp,True,,Save the function body in solve.py based on the function definition and docstring below:,32,214
mbpp_python_55.txt,mbpp_python_55,py,mbpp,True,,Add the function body in solve.py based on the function definition and docstring below:,22,173
mbpp_python_61.txt,mbpp_python_61,py,mbpp,True,,Write the function body in solve.py based on the function definition and docstring below:,19,137
mbpp_python_79.txt,mbpp_python_79,py,mbpp,True,,Add the function body in solve.py based on the function definition and docstring below:,12,144
mbpp_python_81.txt,mbpp_python_81,py,mbpp,True,,Complete the function body in solve.py based on the function definition and docstring below:,37,209
mbpp_python_96.txt,mbpp_python_96,py,mbpp,True,,Save the function body in solve.py based on the function definition and docstring below:,15,115
