group,side,direction,sample_id,pair_index,intervened_tool_logit,intervened_tool_probability,intervened_top1_margin,intervened_log_odds,intervened_tool_rank,intervened_is_tool_top1,tool_logit_delta,tool_probability_delta,top1_margin_delta,log_odds_delta,gate_score,gate_score_delta,baseline_tool_logit,baseline_tool_probability,baseline_tool_rank,baseline_is_tool_top1,baseline_best_non_tool_logit,intervened_best_non_tool_logit,paired_target_tool_logit,paired_target_margin,paired_tool_logit_midpoint,tool_logit_gap_progress,raw_tool_logit_midpoint_flip,raw_tool_logit_reached_paired_target,margin_boundary_flip,top1_flip_same_direction
suppressor_top20,corrupt,ablate,v5_qwen35_9b_298,297,18.375,0.02196103148162365,-3.125,-3.7963027954101562,6,0,-0.125,-0.009546181187033653,-0.375,-0.37075042724609375,-63.25924301147461,1.5086402893066406,18.5,0.0315072126686573,5,0,21.25,21.5,20.75,2.25,19.625,-0.05555555555555555,0,0,0,0
suppressor_top20,corrupt,ablate,v5_qwen35_9b_171,170,18.25,0.011363431811332703,-3.875,-4.465950012207031,6,0,-0.125,-0.0018899152055382729,-0.125,-0.1557636260986328,-57.93623733520508,1.3186759948730469,18.375,0.013253347016870975,5,0,22.125,22.125,21.375,1.375,19.875,-0.041666666666666664,0,0,0,0
suppressor_top20,corrupt,ablate,v5_qwen35_9b_105,104,18.125,0.022551555186510086,-3.25,-3.7691593170166016,3,0,0.0,-0.004083869978785515,-0.125,-0.1706218719482422,-79.90191650390625,2.6785049438476562,18.125,0.0266354251652956,3,0,21.25,21.375,20.375,1.875,19.25,0.0,0,0,0,0
suppressor_top20,corrupt,ablate,v5_qwen35_9b_290,289,17.625,0.014132751151919365,-3.375,-4.245063781738281,5,0,-0.125,-0.003948623314499855,-0.25,-0.2503986358642578,-61.137245178222656,0.6947822570800781,17.75,0.01808137446641922,5,0,20.875,21.0,20.75,3.125,19.25,-0.041666666666666664,0,0,0,0
suppressor_top20,corrupt,ablate,v5_qwen35_9b_110,109,17.125,0.0023422150406986475,-5.25,-6.054328918457031,6,0,-0.25,-0.0006950842216610909,-0.375,-0.26056861877441406,-68.60074615478516,3.4502105712890625,17.375,0.0030372992623597383,6,0,22.25,22.375,20.5,1.25,18.9375,-0.08,0,0,0,0
suppressor_top20,corrupt,ablate,v5_qwen35_9b_199,198,18.75,0.023664433509111404,-3.375,-3.7198486328125,3,0,0.0,-0.003913918510079384,-0.125,-0.1570720672607422,-71.73023223876953,2.600006103515625,18.75,0.02757835201919079,3,0,22.0,22.125,24.25,6.125,21.5,0.0,0,0,0,0
suppressor_top20,corrupt,ablate,v5_qwen35_9b_166,165,18.375,0.023058991879224777,-3.25,-3.7463932037353516,3,0,-0.125,-0.007259290665388107,-0.375,-0.2811546325683594,-73.96348571777344,3.0045700073242188,18.5,0.030318282544612885,3,0,21.375,21.625,20.75,1.375,19.625,-0.05555555555555555,0,0,0,0
suppressor_top20,corrupt,ablate,v5_qwen35_9b_002,1,18.125,0.002354246098548174,-5.75,-6.049186706542969,9,0,0.125,-0.0004277871921658516,-0.125,-0.167388916015625,-82.24275207519531,3.0426406860351562,18.0,0.0027820332907140255,7,0,23.625,23.875,21.25,3.375,19.625,0.038461538461538464,0,0,0,0
suppressor_top20,corrupt,ablate,v5_qwen35_9b_182,181,18.25,0.00308492430485785,-5.625,-5.778146743774414,5,0,0.125,-0.0003828001208603382,-0.125,-0.1173553466796875,-83.35401153564453,2.3654556274414062,18.125,0.0034677244257181883,5,0,23.625,23.875,23.25,5.125,20.6875,0.024390243902439025,0,0,0,0
suppressor_top20,corrupt,ablate,v5_qwen35_9b_296,295,19.0,0.020243240520358086,-3.125,-3.879497528076172,5,0,0.0,-0.002180144190788269,0.0,-0.10450935363769531,-73.77803802490234,1.0509414672851562,19.0,0.022423384711146355,4,0,22.125,22.125,21.375,3.0,20.1875,0.0,0,0,0,0
suppressor_top20,corrupt,ablate,v5_qwen35_9b_299,298,18.125,0.02317672409117222,-2.75,-3.7411937713623047,5,0,-0.25,-0.008547341451048851,-0.25,-0.32271385192871094,-57.52121353149414,2.1815147399902344,18.375,0.03172406554222107,5,0,20.875,20.875,21.25,3.125,19.8125,-0.08695652173913043,0,0,0,0
suppressor_top20,corrupt,ablate,v5_qwen35_9b_031,30,18.5,0.0302721094340086,-2.875,-3.4668102264404297,3,0,0.0,-0.007230209186673164,-0.125,-0.22165679931640625,-75.66248321533203,2.4363632202148438,18.5,0.03750231862068176,3,0,21.25,21.375,19.875,3.375,19.1875,0.0,0,0,0,0
suppressor_top20,corrupt,ablate,v5_qwen35_9b_093,92,19.25,0.03582799434661865,-2.75,-3.292562484741211,5,0,0.0,-0.009661205112934113,-0.25,-0.24881362915039062,-75.16059875488281,2.2398529052734375,19.25,0.045489199459552765,4,0,21.75,22.0,21.125,2.625,20.1875,0.0,0,0,0,0
suppressor_top20,corrupt,ablate,v5_qwen35_9b_216,215,18.625,0.022397680208086967,-2.875,-3.776172637939453,5,0,-0.25,-0.009194506332278252,-0.375,-0.35339927673339844,-55.06018829345703,0.4864845275878906,18.875,0.03159218654036522,5,0,21.375,21.5,23.375,6.25,21.125,-0.05555555555555555,0,0,0,0
suppressor_top20,corrupt,ablate,v5_qwen35_9b_151,150,19.125,0.029213745146989822,-3.25,-3.5034847259521484,3,0,0.0,-0.012265972793102264,-0.375,-0.3632774353027344,-84.0929183959961,2.1659698486328125,19.125,0.04147971794009209,3,0,22.0,22.375,21.0,1.875,20.0625,0.0,0,0,0,0
suppressor_top20,corrupt,ablate,v5_qwen35_9b_183,182,17.875,0.0043405527248978615,-4.875,-5.435413360595703,4,0,0.0,-0.0006280289962887764,-0.25,-0.13576316833496094,-82.26433563232422,2.9265594482421875,17.875,0.004968581721186638,4,0,22.5,22.75,24.0,5.75,20.9375,0.0,0,0,0,0
suppressor_top20,corrupt,ablate,v5_qwen35_9b_220,219,18.625,0.012011769227683544,-4.25,-4.409795761108398,4,0,-0.125,-0.0032790685072541237,-0.25,-0.24468994140625,-62.47248840332031,1.0015335083007812,18.75,0.015290837734937668,3,0,22.75,22.875,24.25,6.75,21.5,-0.022727272727272728,0,0,0,0
suppressor_top20,corrupt,ablate,v5_qwen35_9b_189,188,18.125,0.0044889249838888645,-5.0,-5.401651382446289,6,0,0.0,-0.001226884312927723,-0.25,-0.24285316467285156,-84.88099670410156,2.2006988525390625,18.125,0.0057158092968165874,5,0,22.875,23.125,22.875,5.5,20.5,0.0,0,0,0,0
suppressor_top20,corrupt,ablate,v5_qwen35_9b_200,199,19.0,0.04032420367002487,-2.75,-3.1696643829345703,4,0,-0.125,-0.01266288012266159,-0.25,-0.286376953125,-68.50145721435547,2.4785842895507812,19.125,0.05298708379268646,3,0,21.625,21.75,22.75,4.875,20.9375,-0.034482758620689655,0,0,0,0
suppressor_top20,corrupt,ablate,v5_qwen35_9b_202,201,18.5,0.03598741069436073,-2.75,-3.287961959838867,4,0,0.0,-0.005883175879716873,-0.125,-0.15753555297851562,-69.11936950683594,2.5868759155273438,18.5,0.041870586574077606,4,0,21.125,21.25,22.375,4.875,20.4375,0.0,0,0,0,0
suppressor_top20,corrupt,ablate,v5_qwen35_9b_050,49,18.75,0.05031367763876915,-1.75,-2.9379005432128906,6,0,-0.125,0.007884833961725235,0.25,0.1787128448486328,-45.418548583984375,5.223426818847656,18.875,0.042428843677043915,6,0,20.875,20.5,21.25,3.625,20.0625,-0.05263157894736842,0,0,0,0
suppressor_top20,corrupt,ablate,v5_qwen35_9b_098,97,19.75,0.050082072615623474,-2.625,-2.9427318572998047,3,0,0.0,-0.013354353606700897,-0.25,-0.25052833557128906,-75.11465454101562,2.1482620239257812,19.75,0.06343642622232437,3,0,22.125,22.375,21.25,2.875,20.5,0.0,0,0,0,0
suppressor_top20,corrupt,ablate,v5_qwen35_9b_112,111,17.625,0.008460954762995243,-4.25,-4.763816833496094,5,0,-0.125,-0.0031942659988999367,-0.375,-0.3235149383544922,-72.75650787353516,2.0487213134765625,17.75,0.01165522076189518,5,0,21.625,21.875,20.75,3.75,19.25,-0.041666666666666664,0,0,0,0
suppressor_top20,corrupt,ablate,v5_qwen35_9b_150,149,18.75,0.05493230000138283,-2.75,-2.845174789428711,2,0,0.0,-0.022408898919820786,-0.375,-0.366119384765625,-74.21365356445312,2.8099899291992188,18.75,0.07734119892120361,2,0,21.125,21.5,20.5,2.0,19.625,0.0,0,0,0,0
suppressor_top20,corrupt,ablate,v5_qwen35_9b_247,246,18.625,0.02933000773191452,-3.25,-3.4993972778320312,4,0,0.125,-0.008214469999074936,-0.25,-0.25541114807128906,-70.2918930053711,1.8573989868164062,18.5,0.037544477730989456,4,0,21.5,21.875,20.25,2.0,19.375,0.07142857142857142,0,0,0,0
suppressor_top20,corrupt,ablate,v5_qwen35_9b_049,48,18.75,0.040903396904468536,-2.375,-3.154815673828125,6,0,-0.125,-0.006827745586633682,-0.125,-0.1615161895751953,-53.107627868652344,1.3548011779785156,18.875,0.04773114249110222,6,0,21.125,21.125,21.375,3.625,20.125,-0.05,0,0,0,0
suppressor_top20,corrupt,ablate,v5_qwen35_9b_056,55,19.125,0.038304202258586884,-2.75,-3.2231616973876953,3,0,-0.125,-0.004536561667919159,-0.125,-0.11665725708007812,-54.35466766357422,2.2844314575195312,19.25,0.04284076392650604,3,0,21.875,21.875,21.375,4.0,20.3125,-0.058823529411764705,0,0,0,0
suppressor_top20,corrupt,ablate,v5_qwen35_9b_092,91,19.125,0.05300761014223099,-2.625,-2.8828811645507812,3,0,-0.25,-0.01567511260509491,-0.25,-0.2757530212402344,-72.86795043945312,1.36932373046875,19.375,0.0686827227473259,3,0,21.75,21.75,20.875,3.125,20.125,-0.16666666666666666,0,0,0,0
suppressor_top20,corrupt,ablate,v5_qwen35_9b_111,110,18.0,0.017925549298524857,-3.875,-4.003456115722656,4,0,-0.125,-0.007862366735935211,-0.375,-0.3717155456542969,-65.85494995117188,1.3219451904296875,18.125,0.025787916034460068,4,0,21.625,21.875,21.125,2.875,19.625,-0.041666666666666664,0,0,0,0
suppressor_top20,corrupt,ablate,v5_qwen35_9b_212,211,19.25,0.10114432871341705,-1.0,-2.1846275329589844,5,0,-0.125,-0.005872257053852081,-0.125,-0.06299209594726562,-37.118438720703125,1.0920867919921875,19.375,0.10701658576726913,5,0,20.25,20.25,25.0,7.625,22.1875,-0.022222222222222223,0,0,0,0
suppressor_top20,corrupt,ablate,v5_qwen35_9b_283,282,18.375,0.009538039565086365,-4.0,-4.642900466918945,6,0,0.0,-0.001927737146615982,-0.25,-0.18602561950683594,-68.46748352050781,2.1296005249023438,18.375,0.011465776711702347,5,0,22.125,22.375,21.0,3.75,19.6875,0.0,0,0,0,0
suppressor_top20,corrupt,ablate,v5_qwen35_9b_010,9,19.0,0.038649480789899826,-2.75,-3.2138328552246094,4,0,0.0,-0.005985096096992493,-0.125,-0.1502208709716797,-72.44547271728516,2.3308486938476562,19.0,0.04463457688689232,4,0,21.625,21.75,21.25,3.375,20.125,0.0,0,0,0,0
suppressor_top20,corrupt,ablate,v5_qwen35_9b_173,172,18.75,0.025204652920365334,-3.25,-3.655221939086914,6,0,-0.125,-0.006227197125554085,-0.25,-0.22719955444335938,-59.90182876586914,0.5090179443359375,18.875,0.03143185004591942,6,0,21.875,22.0,20.875,2.375,19.875,-0.0625,0,0,0,0
suppressor_top20,corrupt,ablate,v5_qwen35_9b_196,195,19.0,0.03851839900016785,-2.625,-3.2173595428466797,3,0,0.0,-0.005452059209346771,-0.25,-0.13806724548339844,-72.25385284423828,2.82769775390625,19.0,0.04397045820951462,3,0,21.375,21.625,24.125,6.5,21.5625,0.0,0,0,0,0
suppressor_top20,corrupt,ablate,v5_qwen35_9b_227,226,19.75,0.03413631394505501,-2.5,-3.342679977416992,4,0,-0.125,-0.011016033589839935,-0.25,-0.2911510467529297,-62.861045837402344,1.0505332946777344,19.875,0.04515234753489494,4,0,22.125,22.25,23.0,4.75,21.4375,-0.04,0,0,0,0
suppressor_top20,corrupt,ablate,v5_qwen35_9b_268,267,18.875,0.012569302693009377,-4.0,-4.363861083984375,3,0,-0.25,-0.0029390109702944756,-0.25,-0.21310043334960938,-64.84435272216797,1.4475250244140625,19.125,0.015508313663303852,3,0,22.875,22.875,20.875,2.875,20.0,-0.14285714285714285,0,0,0,0
suppressor_top20,corrupt,ablate,v5_qwen35_9b_090,89,19.0,0.038994092494249344,-2.875,-3.2045936584472656,4,0,0.125,-0.004439044743776321,-0.125,-0.11243820190429688,-80.70230865478516,3.1492767333984375,18.875,0.043433137238025665,4,0,21.625,21.875,21.25,2.5,20.0625,0.05263157894736842,0,0,0,0
suppressor_top20,corrupt,ablate,v5_qwen35_9b_091,90,19.0,0.03715704381465912,-3.0,-3.254758834838867,4,0,0.125,-0.00694027915596962,-0.125,-0.17847633361816406,-75.29451751708984,3.452239990234375,18.875,0.04409732297062874,4,0,21.75,22.0,20.625,2.125,19.75,0.07142857142857142,0,0,0,0
suppressor_top20,corrupt,ablate,v5_qwen35_9b_155,154,19.0,0.04421611130237579,-2.5,-3.0734729766845703,4,0,-0.125,-0.00924282893538475,-0.125,-0.1995410919189453,-72.28153991699219,1.8081741333007812,19.125,0.053458940237760544,4,0,21.5,21.5,21.25,2.625,20.1875,-0.058823529411764705,0,0,0,0
suppressor_top20,corrupt,ablate,v5_qwen35_9b_238,237,18.125,0.018405262380838394,-3.5,-3.9765663146972656,7,0,0.0,-0.005321884527802467,-0.25,-0.2594165802001953,-65.50591278076172,2.2890243530273438,18.125,0.02372714690864086,7,0,21.375,21.625,23.125,5.625,20.625,0.0,0,0,0,0
suppressor_top20,corrupt,ablate,v5_qwen35_9b_293,292,19.75,0.06998816132545471,-2.25,-2.586893081665039,3,0,0.0,-0.018075376749038696,-0.25,-0.2493572235107422,-54.365726470947266,3.178070068359375,19.75,0.08806353807449341,3,0,21.75,22.0,21.5,3.5,20.625,0.0,0,0,0,0
suppressor_top20,corrupt,ablate,v5_qwen35_9b_198,197,19.125,0.026171855628490448,-3.0,-3.6165695190429688,4,0,-0.125,-0.011804036796092987,-0.25,-0.38446044921875,-67.26836395263672,2.4869003295898438,19.25,0.037975892424583435,4,0,22.0,22.125,23.5,6.0,21.375,-0.029411764705882353,0,0,0,0
suppressor_top20,corrupt,ablate,v5_qwen35_9b_230,229,18.625,0.041599076241254807,-2.75,-3.1372203826904297,3,0,-0.125,-0.009725365787744522,-0.25,-0.22028541564941406,-48.030975341796875,2.179790496826172,18.75,0.05132444202899933,3,0,21.25,21.375,21.75,5.5,20.25,-0.041666666666666664,0,0,0,0
suppressor_top20,corrupt,ablate,v5_qwen35_9b_273,272,18.875,0.02424086071550846,-2.875,-3.695199966430664,7,0,-0.25,-0.006351429969072342,-0.125,-0.23923683166503906,-55.066837310791016,2.542236328125,19.125,0.030592290684580803,6,0,21.875,21.75,21.125,3.5,20.125,-0.125,0,0,0,0
suppressor_top20,corrupt,ablate,v5_qwen35_9b_051,50,18.625,0.03542478382587433,-2.625,-3.3043079376220703,4,0,-0.125,-0.008876640349626541,-0.25,-0.2328472137451172,-51.928321838378906,0.42905426025390625,18.75,0.04430142417550087,4,0,21.125,21.25,20.875,2.875,19.8125,-0.058823529411764705,0,0,0,0
suppressor_top20,corrupt,ablate,v5_qwen35_9b_174,173,18.0,0.018486009910702705,-3.25,-3.9721126556396484,6,0,-0.125,-0.005428178235888481,-0.25,-0.26300048828125,-64.51748657226562,1.7708511352539062,18.125,0.023914188146591187,6,0,21.125,21.25,21.25,2.0,19.6875,-0.04,0,0,0,0
suppressor_top20,corrupt,ablate,v5_qwen35_9b_215,214,18.375,0.044453177601099014,-2.125,-3.0678863525390625,5,0,-0.125,0.0023050419986248016,0.0,0.05565834045410156,-49.82190704345703,2.5513877868652344,18.5,0.04214813560247421,5,0,20.625,20.5,23.25,5.25,20.875,-0.02631578947368421,0,0,0,0
suppressor_top20,corrupt,ablate,v5_qwen35_9b_271,270,18.75,0.04560788348317146,-2.125,-3.0410327911376953,5,0,-0.125,-0.009688291698694229,-0.25,-0.20282554626464844,-49.533653259277344,1.3817214965820312,18.875,0.05529617518186569,5,0,20.75,20.875,20.875,3.625,19.875,-0.0625,0,0,0,0
suppressor_top20,corrupt,ablate,v5_qwen35_9b_297,296,19.0,0.05513805150985718,-2.0,-2.8412303924560547,4,0,0.0,-0.007278122007846832,-0.125,-0.1317138671875,-57.137298583984375,2.271648406982422,19.0,0.06241617351770401,3,0,20.875,21.0,21.375,4.0,20.1875,0.0,0,0,0,0
suppressor_top20,corrupt,ablate,v5_qwen35_9b_249,248,18.875,0.033879417926073074,-2.75,-3.3505001068115234,3,0,0.0,-0.0024522095918655396,-0.125,-0.07242012023925781,-69.22989654541016,2.4832077026367188,18.875,0.036331627517938614,3,0,21.5,21.625,20.75,2.5,19.8125,0.0,0,0,0,0
suppressor_top20,corrupt,ablate,v5_qwen35_9b_041,40,19.875,0.1261173039674759,-1.375,-1.9357662200927734,3,0,-0.125,-0.03014977276325226,-0.25,-0.24946212768554688,-46.25455093383789,2.2622108459472656,20.0,0.15626707673072815,3,0,21.125,21.25,21.375,4.5,20.6875,-0.09090909090909091,0,0,0,0
suppressor_top20,corrupt,ablate,v5_qwen35_9b_177,176,18.25,0.017100101336836815,-3.375,-4.051448822021484,6,0,0.0,-0.0021686535328626633,-0.125,-0.12160682678222656,-67.65782165527344,2.010345458984375,18.25,0.019268754869699478,6,0,21.5,21.625,20.875,2.125,19.5625,0.0,0,0,0,0
suppressor_top20,corrupt,ablate,v5_qwen35_9b_211,210,19.125,0.10819786787033081,-0.875,-2.109342575073242,5,0,-0.25,-0.00483936071395874,0.0,-0.04920387268066406,-32.638423919677734,2.5342941284179688,19.375,0.11303722858428955,5,0,20.25,20.0,25.0,6.25,22.1875,-0.044444444444444446,0,0,0,0
suppressor_top20,corrupt,ablate,v5_qwen35_9b_096,95,19.375,0.05093136429786682,-2.625,-2.9250259399414062,3,0,0.0,-0.0128898024559021,-0.25,-0.23927688598632812,-72.82345581054688,2.1813430786132812,19.375,0.06382116675376892,3,0,21.75,22.0,21.25,2.5,20.3125,0.0,0,0,0,0
suppressor_top20,corrupt,ablate,v5_qwen35_9b_149,148,19.25,0.05191902071237564,-2.625,-2.9047775268554688,3,0,0.0,-0.014669962227344513,-0.25,-0.26444435119628906,-71.4157943725586,4.69268798828125,19.25,0.06658898293972015,3,0,21.625,21.875,21.125,2.25,20.1875,0.0,0,0,0,0
suppressor_top20,corrupt,ablate,v5_qwen35_9b_236,235,18.75,0.02417745627462864,-3.25,-3.6978836059570312,6,0,0.0,-0.006144527345895767,-0.25,-0.23276710510253906,-63.660972595214844,2.6535186767578125,18.75,0.030321983620524406,6,0,21.75,22.0,22.5,5.625,20.625,0.0,0,0,0,0
suppressor_top20,corrupt,ablate,v5_qwen35_9b_016,15,19.75,0.03907667472958565,-2.625,-3.2023849487304688,5,0,-0.125,-0.015733636915683746,-0.375,-0.3548583984375,-62.6218147277832,1.5665550231933594,19.875,0.054810311645269394,4,0,22.125,22.375,20.5,4.5,20.1875,-0.2,0,0,0,0
suppressor_top20,corrupt,ablate,v5_qwen35_9b_053,52,18.625,0.06327318400144577,-2.0,-2.6949729919433594,4,0,-0.25,-0.011040106415748596,-0.125,-0.1726837158203125,-49.7498664855957,1.8606986999511719,18.875,0.07431329041719437,4,0,20.75,20.625,20.875,3.25,19.875,-0.125,0,0,0,0
suppressor_top20,corrupt,ablate,v5_qwen35_9b_077,76,18.5,0.00578334229066968,-4.5,-5.146984100341797,7,0,0.0,-0.0013786046765744686,-0.125,-0.21518516540527344,-78.40887451171875,2.5445709228515625,18.5,0.007161946967244148,6,0,22.875,23.0,21.25,3.5,19.875,0.0,0,0,0,0
suppressor_top20,corrupt,ablate,v5_qwen35_9b_233,232,17.375,0.011676788330078125,-3.75,-4.438434600830078,6,0,-0.125,-0.001554335467517376,-0.125,-0.1265411376953125,-68.71085357666016,1.5539093017578125,17.5,0.013231123797595501,6,0,21.125,21.125,22.25,5.0,19.875,-0.02631578947368421,0,0,0,0
suppressor_top20,corrupt,ablate,v5_qwen35_9b_264,263,18.75,0.07995688170194626,-2.0,-2.4429798126220703,3,0,-0.25,-0.014041393995285034,-0.125,-0.1771717071533203,-35.32122802734375,-0.336212158203125,19.0,0.09399827569723129,3,0,20.875,20.75,20.25,2.75,19.625,-0.2,0,0,0,0
suppressor_top20,corrupt,ablate,v5_qwen35_9b_020,19,19.75,0.10135063529014587,-1.75,-2.1823348999023438,3,0,0.0,-0.00899498164653778,-0.125,-0.09509086608886719,-45.5198974609375,4.2593994140625,19.75,0.11034561693668365,3,0,21.375,21.5,21.5,4.375,20.625,0.0,0,0,0,0
suppressor_top20,corrupt,ablate,v5_qwen35_9b_021,20,19.625,0.07781609147787094,-1.875,-2.4724273681640625,3,0,0.0,-0.02503652125597,-0.375,-0.3064689636230469,-44.350059509277344,0.9712486267089844,19.625,0.10285261273384094,3,0,21.125,21.5,21.125,4.75,20.375,0.0,0,0,0,0
suppressor_top20,corrupt,ablate,v5_qwen35_9b_030,29,18.25,0.024984458461403847,-3.0,-3.6642227172851562,3,0,0.0,-0.003193577751517296,-0.125,-0.12356758117675781,-69.49469757080078,3.894866943359375,18.25,0.028178036212921143,3,0,21.125,21.25,20.75,3.375,19.5,0.0,0,0,0,0
suppressor_top20,corrupt,ablate,v5_qwen35_9b_035,34,19.25,0.03859750181436539,-2.625,-3.215221405029297,3,0,0.0,-0.006605822592973709,-0.125,-0.16487503051757812,-70.54888916015625,1.9069595336914062,19.25,0.045203324407339096,3,0,21.75,21.875,21.5,3.5,20.375,0.0,0,0,0,0
suppressor_top20,corrupt,ablate,v5_qwen35_9b_104,103,19.875,0.07020192593336105,-2.125,-2.583608627319336,3,0,-0.125,-0.029057621955871582,-0.375,-0.3781089782714844,-61.513771057128906,1.5956497192382812,20.0,0.09925954788923264,3,0,21.75,22.0,21.25,4.0,20.625,-0.1,0,0,0,0
suppressor_top20,corrupt,ablate,v5_qwen35_9b_176,175,19.0,0.04304102808237076,-2.625,-3.101634979248047,4,0,-0.125,-0.007748983800411224,-0.125,-0.173675537109375,-66.40303039550781,1.3203506469726562,19.125,0.05079001188278198,4,0,21.625,21.625,21.375,2.5,20.25,-0.05555555555555555,0,0,0,0
suppressor_top20,corrupt,ablate,v5_qwen35_9b_191,190,18.375,0.004350144416093826,-5.125,-5.433197021484375,7,0,0.0,-0.0011844425462186337,-0.25,-0.24199485778808594,-80.38861846923828,2.61151123046875,18.375,0.00553458696231246,7,0,23.25,23.5,22.5,5.0,20.4375,0.0,0,0,0,0
suppressor_top20,corrupt,ablate,v5_qwen35_9b_204,203,17.875,0.041023239493370056,-2.875,-3.151763916015625,4,0,-0.125,-0.006033767014741898,-0.125,-0.14353561401367188,-64.98863220214844,2.1609725952148438,18.0,0.047057006508111954,3,0,20.75,20.75,22.625,5.125,20.3125,-0.02702702702702703,0,0,0,0
suppressor_top20,corrupt,ablate,v5_qwen35_9b_222,221,18.375,0.04288579896092415,-2.625,-3.1054134368896484,4,0,-0.25,-0.014884937554597855,-0.25,-0.3136119842529297,-55.03693771362305,1.2054634094238281,18.625,0.057770736515522,3,0,21.0,21.0,22.0,4.75,20.3125,-0.07407407407407407,0,0,0,0
suppressor_top20,corrupt,ablate,v5_qwen35_9b_248,247,19.5,0.06287077069282532,-2.375,-2.701763153076172,3,0,0.125,-0.007972083985805511,-0.125,-0.12792205810546875,-64.584228515625,1.0577392578125,19.375,0.07084285467863083,3,0,21.625,21.875,20.875,2.5,20.125,0.08333333333333333,0,0,0,0
suppressor_top20,corrupt,ablate,v5_qwen35_9b_052,51,18.25,0.029788857325911522,-2.5,-3.4834156036376953,6,0,0.0,-0.005445091053843498,-0.125,-0.17350006103515625,-50.20571517944336,2.7260665893554688,18.25,0.03523394837975502,6,0,20.625,20.75,20.875,2.75,19.5625,0.0,0,0,0,0
suppressor_top20,corrupt,ablate,v5_qwen35_9b_069,68,18.5,0.006411653012037277,-4.75,-5.043216705322266,6,0,0.125,-0.000964572187513113,-0.125,-0.1411151885986328,-78.69357299804688,3.0432815551757812,18.375,0.00737622519955039,6,0,23.0,23.25,21.5,3.25,19.9375,0.04,0,0,0,0
suppressor_top20,corrupt,ablate,v5_qwen35_9b_083,82,19.75,0.04767132177948952,-2.625,-2.994596481323242,4,0,0.125,-0.002169523388147354,0.0,-0.046783447265625,-68.13076782226562,3.3862991333007812,19.625,0.04984084516763687,4,0,22.25,22.375,20.875,3.25,20.25,0.1,0,0,0,0
suppressor_top20,corrupt,ablate,v5_qwen35_9b_087,86,19.875,0.09152437746524811,-2.0,-2.295186996459961,2,0,0.125,-0.0015486180782318115,0.0,-0.018482208251953125,-65.38570404052734,3.7854537963867188,19.75,0.09307299554347992,2,0,21.75,21.875,21.5,3.875,20.625,0.07142857142857142,0,0,0,0
suppressor_top20,corrupt,ablate,v5_qwen35_9b_170,169,18.75,0.0358426570892334,-2.5,-3.292146682739258,5,0,-0.125,-0.008307743817567825,-0.25,-0.2171173095703125,-61.12080001831055,0.8551139831542969,18.875,0.044150400906801224,4,0,21.125,21.25,21.25,2.25,20.0625,-0.05263157894736842,0,0,0,0
suppressor_top20,corrupt,ablate,v5_qwen35_9b_186,185,18.375,0.005147937219589949,-4.875,-5.264009475708008,7,0,0.0,-0.0016333791427314281,-0.25,-0.27721595764160156,-82.3769760131836,2.5977783203125,18.375,0.006781316362321377,7,0,23.0,23.25,23.75,6.125,21.0625,0.0,0,0,0,0
suppressor_top20,corrupt,ablate,v5_qwen35_9b_214,213,18.625,0.031046271324157715,-2.875,-3.440767288208008,5,0,0.0,0.0006103124469518661,0.0,0.020483016967773438,-56.424583435058594,2.398345947265625,18.625,0.03043595887720585,5,0,21.5,21.5,23.875,6.0,21.25,0.0,0,0,0,0
suppressor_top20,corrupt,ablate,v5_qwen35_9b_240,239,19.25,0.05654757097363472,-2.125,-2.814493179321289,4,0,0.0,-0.001432754099369049,0.0,-0.026540756225585938,-46.751285552978516,2.4457054138183594,19.25,0.05798032507300377,4,0,21.375,21.375,22.75,6.375,21.0,0.0,0,0,0,0
suppressor_top20,corrupt,ablate,v5_qwen35_9b_284,283,18.75,0.0520203523337841,-2.5,-2.9027328491210938,3,0,0.0,-0.0007460415363311768,0.0,-0.015024185180664062,-40.060787200927734,1.4529609680175781,18.75,0.05276639387011528,3,0,21.25,21.25,19.875,2.5,19.3125,0.0,0,0,0,0
suppressor_top20,corrupt,ablate,v5_qwen35_9b_044,43,18.875,0.06168146803975105,-2.125,-2.7221450805664062,4,0,-0.125,-0.007507186383008957,-0.125,-0.12288475036621094,-43.94330978393555,0.5051155090332031,19.0,0.06918865442276001,4,0,21.0,21.0,20.875,3.25,19.9375,-0.06666666666666667,0,0,0,0
suppressor_top20,corrupt,ablate,v5_qwen35_9b_068,67,18.25,0.005626146215945482,-4.875,-5.174699783325195,7,0,-0.125,-0.0017679710872471333,-0.25,-0.2750396728515625,-82.15989685058594,2.41094970703125,18.375,0.0073941173031926155,6,0,23.0,23.125,21.375,3.625,19.875,-0.041666666666666664,0,0,0,0
suppressor_top20,corrupt,ablate,v5_qwen35_9b_079,78,19.625,0.07047898322343826,-2.375,-2.579374313354492,3,0,0.0,-0.01898433268070221,-0.25,-0.25914764404296875,-64.71305847167969,1.9837875366210938,19.625,0.08946331590414047,2,0,21.75,22.0,21.5,4.375,20.5625,0.0,0,0,0,0
suppressor_top20,corrupt,ablate,v5_qwen35_9b_127,126,18.375,0.005711121950298548,-4.875,-5.15962028503418,4,0,0.0,-0.0017582094296813011,-0.25,-0.2701568603515625,-85.31010437011719,2.6603240966796875,18.375,0.007469331379979849,4,0,23.0,23.25,21.5,3.375,19.9375,0.0,0,0,0,0
suppressor_top20,corrupt,ablate,v5_qwen35_9b_218,217,18.25,0.021951613947749138,-3.375,-3.7967491149902344,6,0,-0.125,-0.00594978965818882,-0.25,-0.24593734741210938,-60.327762603759766,1.0254974365234375,18.375,0.027901403605937958,6,0,21.5,21.625,21.125,4.375,19.75,-0.045454545454545456,0,0,0,0
suppressor_top20,corrupt,ablate,v5_qwen35_9b_097,96,19.75,0.05013014376163483,-2.625,-2.941722869873047,4,0,0.0,-0.014139719307422638,-0.25,-0.26346397399902344,-76.2848892211914,2.0242385864257812,19.75,0.06426986306905746,3,0,22.125,22.375,21.25,2.75,20.5,0.0,0,0,0,0
suppressor_top20,corrupt,ablate,v5_qwen35_9b_169,168,19.125,0.09423114359378815,-1.875,-2.2630748748779297,3,0,0.0,-0.0008002147078514099,0.0,-0.009340286254882812,-37.41441345214844,1.7480697631835938,19.125,0.09503135830163956,3,0,21.0,21.0,20.5,3.0,19.8125,0.0,0,0,0,0
suppressor_top20,corrupt,ablate,v5_qwen35_9b_188,187,18.25,0.006113796029239893,-4.875,-5.091087341308594,5,0,0.0,-0.001943021547049284,-0.25,-0.2779273986816406,-79.32499694824219,3.0833206176757812,18.25,0.008056817576289177,5,0,22.875,23.125,22.75,6.125,20.5,0.0,0,0,0,0
suppressor_top20,corrupt,ablate,v5_qwen35_9b_234,233,18.75,0.042705945670604706,-2.5,-3.109804153442383,5,0,0.0,-0.005477149039506912,-0.125,-0.12640762329101562,-63.752105712890625,1.852264404296875,18.75,0.04818309471011162,5,0,21.125,21.25,22.375,5.375,20.5625,0.0,0,0,0,0
suppressor_top20,corrupt,ablate,v5_qwen35_9b_288,287,18.5,0.02157479152083397,-3.5,-3.8144397735595703,5,0,0.125,-0.0009233187884092331,0.0,-0.0428466796875,-71.39801788330078,3.2664718627929688,18.375,0.022498110309243202,5,0,21.875,22.0,21.0,3.0,19.6875,0.047619047619047616,0,0,0,0
suppressor_top20,corrupt,ablate,v5_qwen35_9b_009,8,19.25,0.03186578303575516,-3.125,-3.4138565063476562,4,0,0.125,-0.008927613496780396,-0.25,-0.25625038146972656,-75.14397430419922,3.155548095703125,19.125,0.04079339653253555,3,0,22.0,22.375,20.875,2.5,20.0,0.07142857142857142,0,0,0,0
suppressor_top20,corrupt,ablate,v5_qwen35_9b_043,42,18.875,0.06714332848787308,-1.75,-2.6314640045166016,4,0,0.0,-0.010618351399898529,-0.125,-0.1582622528076172,-37.01436233520508,0.2802085876464844,18.875,0.0777616798877716,4,0,20.5,20.625,21.0,3.875,19.9375,0.0,0,0,0,0
suppressor_top20,corrupt,ablate,v5_qwen35_9b_124,123,18.375,0.0034525988157838583,-5.125,-5.665178298950195,8,0,0.0,-0.0014131104107946157,-0.375,-0.3445014953613281,-72.84288024902344,2.7808609008789062,18.375,0.004865709226578474,7,0,23.125,23.5,20.625,2.625,19.5,0.0,0,0,0,0
suppressor_top20,corrupt,ablate,v5_qwen35_9b_145,144,19.75,0.1014999970793724,-1.875,-2.180692672729492,3,0,0.0,-0.02158462256193161,-0.25,-0.21712493896484375,-55.500518798828125,3.1096572875976562,19.75,0.12308461964130402,2,0,21.375,21.625,20.125,2.75,19.9375,0.0,0,0,0,0
suppressor_top20,corrupt,ablate,v5_qwen35_9b_206,205,18.875,0.0260565597563982,-3.0,-3.6210994720458984,3,0,0.0,-0.005277642980217934,-0.25,-0.18987274169921875,-76.3883056640625,2.9579849243164062,18.875,0.031334202736616135,3,0,21.625,21.875,24.25,6.75,21.5625,0.0,0,0,0,0
suppressor_top20,corrupt,ablate,v5_qwen35_9b_226,225,18.75,0.05243145301938057,-1.75,-2.894437789916992,6,0,-0.125,-0.006803769618272781,-0.125,-0.12921905517578125,-44.31654739379883,1.9078330993652344,18.875,0.05923522263765335,6,0,20.5,20.5,23.0,5.875,20.9375,-0.030303030303030304,0,0,0,0
suppressor_top20,corrupt,ablate,v5_qwen35_9b_276,275,18.625,0.06223998963832855,-2.375,-2.7125377655029297,3,0,-0.125,-0.006877310574054718,-0.125,-0.1121673583984375,-35.478302001953125,-0.037677764892578125,18.75,0.06911730021238327,3,0,21.0,21.0,20.375,2.875,19.5625,-0.07692307692307693,0,0,0,0
suppressor_top20,corrupt,ablate,v5_qwen35_9b_300,299,17.75,0.003934051841497421,-5.25,-5.534154891967773,7,0,-0.125,-0.0017826794646680355,-0.375,-0.3755168914794922,-77.55937957763672,2.0088043212890625,17.875,0.005716731306165457,7,0,22.75,23.0,20.625,2.5,19.25,-0.045454545454545456,0,0,0,0
suppressor_top20,corrupt,ablate,v5_qwen35_9b_017,16,19.75,0.04744945839047432,-2.625,-2.9994945526123047,4,0,0.125,-0.0012801066040992737,0.0,-0.027963638305664062,-61.8823356628418,3.219684600830078,19.625,0.04872956499457359,4,0,22.25,22.375,20.875,4.5,20.25,0.1,0,0,0,0
suppressor_top20,corrupt,ablate,v5_qwen35_9b_047,46,19.125,0.13068874180316925,-1.125,-1.8949356079101562,3,0,-0.125,-0.01353195309638977,-0.125,-0.11421585083007812,-31.55194854736328,2.501514434814453,19.25,0.14422069489955902,3,0,20.25,20.25,20.875,4.5,20.0625,-0.07692307692307693,0,0,0,0
suppressor_top20,corrupt,ablate,v5_qwen35_9b_071,70,17.875,0.0016801408492028713,-6.125,-6.387203216552734,8,0,0.0,-0.0008274372667074203,-0.375,-0.40126609802246094,-79.55001068115234,3.06298828125,17.875,0.0025075781159102917,8,0,23.625,24.0,21.5,4.125,19.6875,0.0,0,0,0,0
suppressor_top20,corrupt,ablate,v5_qwen35_9b_088,87,19.875,0.072623610496521,-2.375,-2.547086715698242,2,0,0.0,-0.01983504742383957,-0.25,-0.2630901336669922,-74.47955322265625,2.9246368408203125,19.875,0.09245865792036057,2,0,22.0,22.25,21.875,3.75,20.875,0.0,0,0,0,0
suppressor_top20,corrupt,ablate,v5_qwen35_9b_128,127,18.625,0.005503400694578886,-4.5,-5.196882247924805,8,0,0.125,-0.0013882066123187542,-0.125,-0.2263336181640625,-80.40086364746094,3.1812973022460938,18.5,0.00689160730689764,8,0,22.875,23.125,21.125,2.75,19.8125,0.047619047619047616,0,0,0,0
suppressor_top20,corrupt,ablate,v5_qwen35_9b_162,161,19.0,0.05985553562641144,-2.5,-2.7541236877441406,2,0,0.0,-0.016064301133155823,-0.25,-0.2549762725830078,-65.51126861572266,3.4121551513671875,19.0,0.07591983675956726,2,0,21.25,21.5,20.5,2.5,19.75,0.0,0,0,0,0
suppressor_top20,corrupt,ablate,v5_qwen35_9b_185,184,18.5,0.006558327469974756,-4.5,-5.020452499389648,7,0,-0.125,-0.0017738058231770992,-0.25,-0.24116897583007812,-80.55846405029297,1.8046798706054688,18.625,0.008332133293151855,7,0,22.875,23.0,23.625,6.25,21.125,-0.025,0,0,0,0
suppressor_top20,corrupt,ablate,v5_qwen35_9b_005,4,19.625,0.07652704417705536,-2.125,-2.490518569946289,3,0,0.0,-0.01455235481262207,-0.125,-0.1899700164794922,-58.492557525634766,3.0933876037597656,19.625,0.09107939898967743,3,0,21.625,21.75,20.625,3.75,20.125,0.0,0,0,0,0
suppressor_top20,corrupt,ablate,v5_qwen35_9b_028,27,18.875,0.03108074888586998,-2.875,-3.4396095275878906,3,0,-0.125,-0.010999172925949097,-0.375,-0.31439781188964844,-77.8761978149414,2.2935028076171875,19.0,0.04207992181181908,3,0,21.5,21.75,21.5,4.25,20.25,-0.05,0,0,0,0
suppressor_top20,corrupt,ablate,v5_qwen35_9b_034,33,18.75,0.04690926522016525,-2.75,-3.0115184783935547,3,0,0.125,-0.005777396261692047,-0.125,-0.12222671508789062,-69.64631652832031,3.7423782348632812,18.625,0.0526866614818573,3,0,21.25,21.5,20.875,3.75,19.75,0.05555555555555555,0,0,0,0
suppressor_top20,corrupt,ablate,v5_qwen35_9b_231,230,19.0,0.10568418353796005,-1.375,-2.135648727416992,3,0,-0.125,-0.01906353235244751,-0.125,-0.18738365173339844,-40.22068405151367,1.4396934509277344,19.125,0.12474771589040756,3,0,20.375,20.375,23.25,7.25,21.1875,-0.030303030303030304,0,0,0,0
suppressor_top20,corrupt,ablate,v5_qwen35_9b_237,236,18.125,0.017959395423531532,-3.625,-4.0015411376953125,6,0,0.125,-0.0020912345498800278,-0.125,-0.112274169921875,-67.75312042236328,2.3819198608398438,18.0,0.02005062997341156,6,0,21.5,21.75,22.75,5.125,20.375,0.02631578947368421,0,0,0,0
suppressor_top20,corrupt,ablate,v5_qwen35_9b_253,252,19.25,0.056008368730545044,-2.25,-2.82464599609375,5,0,0.0,-0.015943802893161774,-0.25,-0.2675285339355469,-55.04372024536133,1.6827583312988281,19.25,0.07195217162370682,5,0,21.25,21.5,19.5,2.25,19.375,0.0,0,0,0,0
suppressor_top20,corrupt,ablate,v5_qwen35_9b_260,259,18.625,0.0845431387424469,-1.75,-2.382213592529297,4,0,-0.125,-0.009989537298679352,-0.125,-0.12265586853027344,-37.80500030517578,0.7851104736328125,18.75,0.09453267604112625,4,0,20.375,20.375,20.0,2.875,19.375,-0.1,0,0,0,0
suppressor_top20,corrupt,ablate,v5_qwen35_9b_019,18,19.25,0.04905090481042862,-2.75,-2.964620590209961,3,0,0.0,-0.018868163228034973,-0.375,-0.3454933166503906,-55.510948181152344,0.15625,19.25,0.06791906803846359,3,0,21.625,22.0,20.5,3.625,19.875,0.0,0,0,0,0
suppressor_top20,corrupt,ablate,v5_qwen35_9b_048,47,18.875,0.050698522478342056,-2.0,-2.9298667907714844,5,0,-0.25,-0.010629381984472275,-0.125,-0.20159530639648438,-50.35935592651367,1.6339225769042969,19.125,0.06132790446281433,4,0,21.0,20.875,21.375,4.0,20.25,-0.1111111111111111,0,0,0,0
suppressor_top20,corrupt,ablate,v5_qwen35_9b_084,83,19.125,0.04574987292289734,-2.625,-3.037761688232422,3,0,-0.25,-0.010417938232421875,-0.25,-0.21613311767578125,-52.44953918457031,1.6514511108398438,19.375,0.056167811155319214,3,0,21.75,21.75,21.0,3.375,20.1875,-0.15384615384615385,0,0,0,0
suppressor_top20,corrupt,ablate,v5_qwen35_9b_190,189,18.25,0.009375456720590591,-4.125,-4.660257339477539,6,0,0.0,-0.0004358189180493355,0.0,-0.04587745666503906,-80.18307495117188,2.3884506225585938,18.25,0.009811275638639927,7,0,22.375,22.375,23.0,6.625,20.625,0.0,0,0,0,0
suppressor_top20,corrupt,ablate,v5_qwen35_9b_282,281,18.25,0.027500778436660767,-3.125,-3.5656795501708984,4,0,-0.125,-0.0038102231919765472,-0.125,-0.13367843627929688,-58.616703033447266,1.829345703125,18.375,0.031311001628637314,4,0,21.375,21.375,19.625,2.125,19.0,-0.1,0,0,0,0
suppressor_top20,corrupt,ablate,v5_qwen35_9b_287,286,19.375,0.05583779141306877,-2.25,-2.8278732299804688,5,0,0.0,-0.005191642791032791,-0.125,-0.09441757202148438,-50.030853271484375,1.5186386108398438,19.375,0.06102943420410156,4,0,21.5,21.625,21.25,3.25,20.3125,0.0,0,0,0,0
suppressor_top20,corrupt,ablate,v5_qwen35_9b_011,10,19.375,0.05652596056461334,-2.625,-2.814889907836914,3,0,0.0,-0.015918590128421783,-0.25,-0.2651348114013672,-74.65487670898438,2.6314544677734375,19.375,0.07244455069303513,2,0,21.75,22.0,20.875,3.125,20.125,0.0,0,0,0,0
suppressor_top20,corrupt,ablate,v5_qwen35_9b_025,24,19.125,0.06395039707422256,-2.25,-2.6835861206054688,3,0,0.0,-0.014517389237880707,-0.25,-0.22020721435546875,-48.46686553955078,2.2620010375976562,19.125,0.07846778631210327,3,0,21.125,21.375,20.75,3.875,19.9375,0.0,0,0,0,0
suppressor_top20,corrupt,ablate,v5_qwen35_9b_089,88,19.375,0.07007216662168503,-2.375,-2.585599899291992,3,0,0.0,-0.01061268150806427,-0.125,-0.15250015258789062,-69.4072265625,2.9343719482421875,19.375,0.0806848481297493,2,0,21.625,21.75,21.75,3.625,20.5625,0.0,0,0,0,0
suppressor_top20,corrupt,ablate,v5_qwen35_9b_131,130,18.0,0.003445591777563095,-5.125,-5.667217254638672,9,0,0.0,-0.0013416977599263191,-0.25,-0.3302135467529297,-85.00824737548828,2.8956527709960938,18.0,0.004787289537489414,8,0,22.875,23.125,21.625,3.0,19.8125,0.0,0,0,0,0
suppressor_top20,corrupt,ablate,v5_qwen35_9b_168,167,18.75,0.03034171089529991,-2.875,-3.464445114135742,4,0,-0.125,-0.010949093848466873,-0.25,-0.3194713592529297,-53.534088134765625,3.031421661376953,18.875,0.041290804743766785,4,0,21.5,21.625,20.5,2.375,19.6875,-0.07692307692307693,0,0,0,0
suppressor_top20,corrupt,ablate,v5_qwen35_9b_205,204,19.25,0.05239109322428703,-2.25,-2.895233154296875,4,0,0.0,-0.0071296729147434235,-0.125,-0.13513946533203125,-57.28219223022461,1.2654190063476562,19.25,0.05952076613903046,4,0,21.375,21.5,22.875,5.875,21.0625,0.0,0,0,0,0
suppressor_top20,corrupt,ablate,v5_qwen35_9b_281,280,18.25,0.029943356290459633,-2.75,-3.478078842163086,6,0,-0.125,-0.008352352306246758,-0.25,-0.25467491149902344,-48.16569900512695,1.2067985534667969,18.375,0.03829570859670639,6,0,20.875,21.0,20.25,2.875,19.3125,-0.06666666666666667,0,0,0,0
suppressor_top20,corrupt,ablate,v5_qwen35_9b_006,5,19.875,0.12600077688694,-1.25,-1.9368247985839844,3,0,-0.125,-0.038839757442474365,-0.375,-0.3141441345214844,-48.991485595703125,-0.6214408874511719,20.0,0.16484053432941437,3,0,20.875,21.125,21.0,4.875,20.5,-0.125,0,0,0,0
suppressor_top20,corrupt,ablate,v5_qwen35_9b_113,112,19.5,0.035086650401353836,-3.0,-3.3142337799072266,4,0,0.0,-0.013728398829698563,-0.375,-0.34454345703125,-69.38855743408203,-0.079925537109375,19.5,0.0488150492310524,4,0,22.125,22.5,21.625,3.125,20.5625,0.0,0,0,0,0
suppressor_top20,corrupt,ablate,v5_qwen35_9b_029,28,19.375,0.04188227653503418,-2.75,-3.1301231384277344,3,0,0.0,-0.017438694834709167,-0.375,-0.36646461486816406,-70.92337036132812,2.4161376953125,19.375,0.05932097136974335,3,0,21.75,22.125,21.25,3.375,20.3125,0.0,0,0,0,0
suppressor_top20,corrupt,ablate,v5_qwen35_9b_081,80,19.125,0.07294309139251709,-2.125,-2.5423622131347656,3,0,0.0,-0.010551497340202332,-0.125,-0.1465473175048828,-57.81632614135742,2.452320098876953,19.125,0.08349458873271942,3,0,21.125,21.25,20.375,3.125,19.75,0.0,0,0,0,0
suppressor_top20,corrupt,ablate,v5_qwen35_9b_082,81,19.75,0.07710552215576172,-1.875,-2.4823646545410156,3,0,0.125,-0.00032723695039749146,0.0,-0.0045871734619140625,-56.22325134277344,3.4136428833007812,19.625,0.07743275910615921,3,0,21.5,21.625,21.125,3.5,20.375,0.08333333333333333,0,0,0,0
suppressor_top20,corrupt,ablate,v5_qwen35_9b_120,119,19.125,0.03889843821525574,-2.75,-3.2071495056152344,4,0,0.0,-0.002807091921567917,0.0,-0.07260704040527344,-50.32772445678711,4.5565643310546875,19.125,0.041705530136823654,4,0,21.875,21.875,21.125,4.25,20.125,0.0,0,0,0,0
suppressor_top20,corrupt,ablate,v5_qwen35_9b_129,128,18.75,0.008583830669522285,-4.375,-4.749265670776367,5,0,0.125,0.0004993714392185211,0.125,0.0604400634765625,-80.12618255615234,2.5458526611328125,18.625,0.008084459230303764,4,0,23.125,23.125,21.25,2.875,19.9375,0.047619047619047616,0,0,0,0
suppressor_top20,corrupt,ablate,v5_qwen35_9b_243,242,19.5,0.06149354949593544,-2.375,-2.7253780364990234,3,0,0.0,-0.016441266983747482,-0.25,-0.2546100616455078,-49.152252197265625,3.0138397216796875,19.5,0.07793481647968292,3,0,21.625,21.875,20.25,3.25,19.875,0.0,0,0,0,0
suppressor_top20,corrupt,ablate,v5_qwen35_9b_251,250,19.375,0.07949993759393692,-2.125,-2.449188232421875,3,0,0.125,0.007252886891365051,0.125,0.10351181030273438,-46.521141052246094,4.314624786376953,19.25,0.07224705070257187,3,0,21.5,21.5,20.125,2.625,19.6875,0.14285714285714285,0,0,0,0
suppressor_top20,corrupt,ablate,v5_qwen35_9b_256,255,18.75,0.03159294277429581,-2.75,-3.4227447509765625,4,0,0.125,-0.0003321059048175812,0.0,-0.010799407958984375,-56.06398010253906,2.672344207763672,18.625,0.03192504867911339,4,0,21.375,21.5,19.875,1.75,19.25,0.1,0,0,0,0
suppressor_top20,corrupt,ablate,v5_qwen35_9b_291,290,18.75,0.0468258410692215,-2.625,-3.0133895874023438,3,0,0.25,-0.005478773266077042,-0.125,-0.11640739440917969,-60.31515884399414,3.761554718017578,18.5,0.05230461433529854,3,0,21.0,21.375,20.75,2.875,19.625,0.1111111111111111,0,0,0,0
suppressor_top20,corrupt,ablate,v5_qwen35_9b_054,53,19.0,0.03430037945508957,-2.5,-3.3377227783203125,4,0,-0.125,-0.007278770208358765,-0.25,-0.20000839233398438,-54.93025588989258,0.21244049072265625,19.125,0.041579149663448334,4,0,21.375,21.5,21.5,3.875,20.3125,-0.05263157894736842,0,0,0,0
suppressor_top20,corrupt,ablate,v5_qwen35_9b_157,156,19.5,0.06426515430212021,-2.375,-2.6783390045166016,3,0,-0.125,-0.025619201362133026,-0.375,-0.3632659912109375,-73.17234802246094,2.3203048706054688,19.625,0.08988435566425323,2,0,21.625,21.875,21.5,2.875,20.5625,-0.06666666666666667,0,0,0,0
suppressor_top20,corrupt,ablate,v5_qwen35_9b_241,240,18.375,0.03843707591295242,-2.75,-3.219564437866211,4,0,-0.125,-0.004768881946802139,-0.125,-0.12192535400390625,-51.112632751464844,1.7002143859863281,18.5,0.04320595785975456,4,0,21.125,21.125,19.75,2.125,19.125,-0.1,0,0,0,0
suppressor_top20,corrupt,ablate,v5_qwen35_9b_263,262,18.125,0.022617336362600327,-3.25,-3.7661895751953125,4,0,-0.125,-0.006087535992264748,-0.25,-0.2445964813232422,-49.332088470458984,-0.17577362060546875,18.25,0.028704872354865074,4,0,21.25,21.375,20.125,2.375,19.1875,-0.06666666666666667,0,0,0,0
suppressor_top20,corrupt,ablate,v5_qwen35_9b_295,294,17.625,0.010300451889634132,-4.125,-4.565238952636719,7,0,-0.125,-0.002630741335451603,-0.25,-0.23011398315429688,-69.51762390136719,1.7433700561523438,17.75,0.012931193225085735,7,0,21.625,21.75,21.0,2.375,19.375,-0.038461538461538464,0,0,0,0
suppressor_top20,corrupt,ablate,v5_qwen35_9b_039,38,19.625,0.11568758636713028,-1.625,-2.0339508056640625,3,0,0.0,-0.042177535593509674,-0.375,-0.3597126007080078,-44.61286163330078,0.7796287536621094,19.625,0.15786512196063995,2,0,20.875,21.25,20.875,4.625,20.25,0.0,0,0,0,0
suppressor_top20,corrupt,ablate,v5_qwen35_9b_073,72,18.125,0.0024794985074549913,-5.75,-5.997224807739258,8,0,0.125,-0.0007445395458489656,-0.25,-0.2633228302001953,-76.2361068725586,2.4666061401367188,18.0,0.003224038053303957,8,0,23.5,23.875,20.625,2.5,19.3125,0.047619047619047616,0,0,0,0
suppressor_top20,corrupt,ablate,v5_qwen35_9b_080,79,19.5,0.06341444700956345,-2.375,-2.6925716400146484,4,0,0.125,-0.008714988827705383,-0.125,-0.13811492919921875,-58.166446685791016,2.6219635009765625,19.375,0.07212943583726883,3,0,21.625,21.875,20.75,3.5,20.0625,0.09090909090909091,0,0,0,0
suppressor_top20,corrupt,ablate,v5_qwen35_9b_167,166,18.75,0.04072151333093643,-2.625,-3.1594505310058594,4,0,-0.125,-0.006004743278026581,-0.125,-0.143829345703125,-52.084835052490234,1.7323417663574219,18.875,0.04672625660896301,4,0,21.375,21.375,20.375,1.75,19.625,-0.08333333333333333,0,0,0,0
suppressor_top20,corrupt,ablate,v5_qwen35_9b_180,179,18.875,0.07257162779569626,-2.0,-2.5478763580322266,3,0,-0.125,-0.017840735614299774,-0.25,-0.2392292022705078,-41.90293884277344,0.3041725158691406,19.0,0.09041236340999603,3,0,20.75,20.875,20.625,2.5,19.8125,-0.07692307692307693,0,0,0,0
suppressor_top20,corrupt,ablate,v5_qwen35_9b_008,7,20.25,0.0709179937839508,-2.125,-2.572690963745117,3,0,0.0,-0.009312622249126434,-0.125,-0.133453369140625,-58.41978454589844,3.0351715087890625,20.25,0.08023061603307724,3,0,22.25,22.375,20.625,4.25,20.4375,0.0,0,0,0,0
suppressor_top20,corrupt,ablate,v5_qwen35_9b_014,13,19.625,0.0647716224193573,-2.25,-2.6699485778808594,4,0,0.0,-0.01513884961605072,-0.25,-0.22635650634765625,-73.16952514648438,2.0795211791992188,19.625,0.07991047203540802,4,0,21.625,21.875,21.375,3.375,20.5,0.0,0,0,0,0
suppressor_top20,corrupt,ablate,v5_qwen35_9b_058,57,18.0,0.03064587339758873,-3.0,-3.454174041748047,4,0,0.0,0.00040078721940517426,0.0,0.013578414916992188,-40.29690170288086,1.5418777465820312,18.0,0.030245086178183556,4,0,21.0,21.0,20.0,2.75,19.0,0.0,0,0,0,0
suppressor_top20,corrupt,ablate,v5_qwen35_9b_100,99,19.875,0.08973247557878494,-1.875,-2.3169288635253906,3,0,0.0,0.00012554973363876343,0.0,0.0015392303466796875,-45.3644905090332,1.4972000122070312,19.875,0.08960692584514618,3,0,21.75,21.75,20.75,3.375,20.3125,0.0,0,0,0,0
suppressor_top20,corrupt,ablate,v5_qwen35_9b_116,115,18.25,0.022618530318140984,-3.125,-3.7661399841308594,6,0,0.0,-0.004187736660242081,-0.125,-0.17416000366210938,-62.898014068603516,2.8110923767089844,18.25,0.026806266978383064,6,0,21.25,21.375,21.25,2.375,19.75,0.0,0,0,0,0
suppressor_top20,corrupt,ablate,v5_qwen35_9b_143,142,18.375,0.0018524234183132648,-6.125,-6.289409637451172,6,0,0.25,-0.0005605083424597979,-0.25,-0.2649078369140625,-78.68119812011719,3.5931625366210938,18.125,0.0024129317607730627,6,0,24.0,24.5,20.875,2.625,19.5,0.09090909090909091,0,0,0,0
suppressor_top20,corrupt,ablate,v5_qwen35_9b_195,194,19.875,0.1215549111366272,-1.625,-1.9778175354003906,3,0,0.0,-0.011374622583389282,-0.125,-0.10248184204101562,-42.50509262084961,3.552440643310547,19.875,0.13292953372001648,3,0,21.375,21.5,22.625,6.5,21.25,0.0,0,0,0,0
suppressor_top20,corrupt,ablate,v5_qwen35_9b_228,227,19.25,0.031996361911296844,-2.75,-3.4096336364746094,4,0,-0.125,-0.0038964077830314636,-0.125,-0.11894416809082031,-54.06938171386719,2.0773239135742188,19.375,0.03589276969432831,4,0,22.0,22.0,23.875,5.875,21.625,-0.027777777777777776,0,0,0,0
suppressor_top20,corrupt,ablate,v5_qwen35_9b_244,243,19.375,0.07385620474815369,-2.0,-2.528942108154297,4,0,0.0,-0.011674202978610992,-0.125,-0.15943336486816406,-50.823123931884766,0.7415924072265625,19.375,0.08553040772676468,3,0,21.25,21.375,19.75,3.0,19.5625,0.0,0,0,0,0
suppressor_top20,corrupt,ablate,v5_qwen35_9b_277,276,18.75,0.06921739131212234,-2.0,-2.5988197326660156,4,0,-0.125,-0.002731122076511383,0.0,-0.041637420654296875,-39.13715744018555,0.830352783203125,18.875,0.07194851338863373,3,0,20.875,20.75,20.0,2.625,19.4375,-0.1111111111111111,0,0,0,0
suppressor_top20,corrupt,ablate,v5_qwen35_9b_289,288,18.625,0.0201284047216177,-3.625,-3.8853092193603516,6,0,0.0,-0.002686159685254097,-0.125,-0.12801170349121094,-68.56903076171875,2.378753662109375,18.625,0.022814564406871796,6,0,22.125,22.25,20.625,1.875,19.625,0.0,0,0,0,0
suppressor_top20,corrupt,ablate,v5_qwen35_9b_064,63,18.125,0.0032303070183843374,-5.375,-5.731950759887695,6,0,0.125,-0.00043549598194658756,-0.125,-0.1269054412841797,-74.99273681640625,3.0941238403320312,18.0,0.003665803000330925,6,0,23.25,23.5,20.875,2.625,19.4375,0.043478260869565216,0,0,0,0
suppressor_top20,corrupt,ablate,v5_qwen35_9b_114,113,18.75,0.01098296046257019,-4.25,-4.500377655029297,6,0,0.125,-0.002906663343310356,-0.25,-0.23773765563964844,-75.51969146728516,2.5812149047851562,18.625,0.013889623805880547,5,0,22.625,23.0,21.25,3.375,19.9375,0.047619047619047616,0,0,0,0
suppressor_top20,corrupt,ablate,v5_qwen35_9b_119,118,18.625,0.03449477255344391,-2.625,-3.3318729400634766,6,0,0.0,-0.0002358555793762207,0.0,-0.0070590972900390625,-50.69795227050781,2.450275421142578,18.625,0.03473062813282013,6,0,21.25,21.25,20.75,3.0,19.6875,0.0,0,0,0,0
suppressor_top20,corrupt,ablate,v5_qwen35_9b_178,177,19.0,0.05993824824690819,-2.125,-2.7526626586914062,3,0,-0.125,-0.019737210124731064,-0.375,-0.3058605194091797,-43.224178314208984,0.4716529846191406,19.125,0.07967545837163925,3,0,20.875,21.125,20.625,3.125,19.875,-0.08333333333333333,0,0,0,0
suppressor_top20,corrupt,ablate,v5_qwen35_9b_209,208,19.875,0.14296050369739532,-0.875,-1.79095458984375,3,0,-0.125,-0.032417863607406616,-0.375,-0.24292945861816406,-34.95293045043945,-0.5189971923828125,20.0,0.17537836730480194,3,0,20.5,20.75,22.625,6.25,21.3125,-0.047619047619047616,0,0,0,0
suppressor_top20,corrupt,ablate,v5_qwen35_9b_221,220,18.375,0.018076777458190918,-3.5,-3.994903564453125,4,0,0.0,-0.0008248109370470047,0.0,-0.045459747314453125,-63.83621597290039,2.2625770568847656,18.375,0.018901588395237923,4,0,21.875,21.875,21.75,4.25,20.0625,0.0,0,0,0,0
suppressor_top20,corrupt,ablate,v5_qwen35_9b_224,223,19.125,0.04262033849954605,-2.375,-3.111898422241211,4,0,-0.125,-0.0036774873733520508,-0.125,-0.08661270141601562,-50.340293884277344,2.901012420654297,19.25,0.0462978258728981,4,0,21.5,21.5,22.75,5.0,21.0,-0.03571428571428571,0,0,0,0
suppressor_top20,corrupt,ablate,v5_qwen35_9b_232,231,17.5,0.014427202753722668,-4.0,-4.224130630493164,5,0,-0.125,-0.003808927722275257,-0.25,-0.2381572723388672,-66.6414566040039,2.2946701049804688,17.625,0.018236130475997925,4,0,21.375,21.5,22.0,4.625,19.8125,-0.02857142857142857,0,0,0,0
suppressor_top20,corrupt,ablate,v5_qwen35_9b_245,244,18.875,0.02788158506155014,-3.0,-3.5515289306640625,3,0,-0.125,-0.0026539284735918045,0.0,-0.093658447265625,-76.18151092529297,2.7403106689453125,19.0,0.030535513535141945,3,0,22.0,21.875,20.5,2.375,19.75,-0.08333333333333333,0,0,0,0
suppressor_top20,corrupt,ablate,v5_qwen35_9b_258,257,18.625,0.03558411821722984,-2.875,-3.2996463775634766,3,0,-0.125,-0.009544286876916885,-0.25,-0.2475566864013672,-55.2830696105957,2.378826141357422,18.75,0.04512840509414673,3,0,21.375,21.5,20.125,2.0,19.4375,-0.09090909090909091,0,0,0,0
suppressor_top20,corrupt,ablate,v5_qwen35_9b_036,35,19.5,0.0571204274892807,-2.5,-2.8037967681884766,3,0,0.125,-0.00782117247581482,-0.125,-0.13665199279785156,-61.88981628417969,2.0510826110839844,19.375,0.06494159996509552,3,0,21.75,22.0,20.875,3.25,20.125,0.08333333333333333,0,0,0,0
suppressor_top20,corrupt,ablate,v5_qwen35_9b_040,39,19.5,0.0635298639535904,-2.25,-2.6906261444091797,3,0,0.125,-0.004298381507396698,0.0,-0.07006645202636719,-73.30485534667969,3.4307785034179688,19.375,0.06782824546098709,3,0,21.625,21.75,21.375,3.625,20.375,0.0625,0,0,0,0
suppressor_top20,corrupt,ablate,v5_qwen35_9b_103,102,19.5,0.0607585534453392,-2.25,-2.738187789916992,4,0,0.0,-0.0012775920331478119,0.0,-0.022169113159179688,-54.604469299316406,1.6967086791992188,19.5,0.062036145478487015,3,0,21.75,21.75,20.625,3.5,20.0625,0.0,0,0,0,0
suppressor_top20,corrupt,ablate,v5_qwen35_9b_109,108,19.5,0.062237054109573364,-2.375,-2.7125682830810547,4,0,0.0,-0.023677915334701538,-0.375,-0.3479766845703125,-47.944576263427734,0.9968528747558594,19.5,0.0859149694442749,3,0,21.5,21.875,21.125,3.875,20.3125,0.0,0,0,0,0
suppressor_top20,corrupt,ablate,v5_qwen35_9b_158,157,19.25,0.06822248548269272,-2.0,-2.614349365234375,4,0,-0.125,-0.015203341841697693,-0.25,-0.21763229370117188,-51.288211822509766,2.1287384033203125,19.375,0.08342582732439041,3,0,21.125,21.25,20.75,2.5,20.0625,-0.09090909090909091,0,0,0,0
suppressor_top20,corrupt,ablate,v5_qwen35_9b_187,186,18.875,0.005702269729226828,-4.625,-5.16118049621582,6,0,0.125,-0.0002743578515946865,0.0,-0.04726600646972656,-80.8793716430664,2.6812973022460938,18.75,0.005976627580821514,5,0,23.375,23.5,23.375,6.75,21.0625,0.02702702702702703,0,0,0,0
suppressor_top20,corrupt,ablate,v5_qwen35_9b_257,256,19.625,0.09484387189149857,-2.0,-2.2558956146240234,3,0,0.125,-0.0003353878855705261,0.0,-0.0038967132568359375,-56.6934700012207,3.701244354248047,19.5,0.09517925977706909,3,0,21.5,21.625,20.5,2.75,20.0,0.125,0,0,0,0
suppressor_top20,corrupt,ablate,v5_qwen35_9b_267,266,19.375,0.04491129145026207,-2.125,-3.0571441650390625,5,0,-0.125,-0.008648067712783813,-0.125,-0.1851959228515625,-47.40265655517578,3.5373191833496094,19.5,0.05355935916304588,5,0,21.5,21.5,20.875,3.25,20.1875,-0.09090909090909091,0,0,0,0
suppressor_top20,corrupt,ablate,v5_qwen35_9b_270,269,19.0,0.08228781819343567,-1.5,-2.4117050170898438,3,0,0.125,0.023176200687885284,0.375,0.35573387145996094,-40.53691864013672,4.593196868896484,18.875,0.059111617505550385,3,0,20.75,20.5,20.875,2.75,19.875,0.0625,0,0,0,0
suppressor_top20,corrupt,ablate,v5_qwen35_9b_026,25,19.375,0.1063658744096756,-1.625,-2.1284446716308594,3,0,0.0,-0.003904879093170166,0.0,-0.040431976318359375,-46.229408264160156,3.92156982421875,19.375,0.11027075350284576,3,0,21.0,21.0,22.0,4.0,20.6875,0.0,0,0,0,0
suppressor_top20,corrupt,ablate,v5_qwen35_9b_066,65,18.375,0.0035080937668681145,-5.125,-5.649177551269531,7,0,0.0,-0.0007019191980361938,-0.125,-0.18309593200683594,-72.61650848388672,2.504119873046875,18.375,0.004210012964904308,7,0,23.375,23.5,20.25,2.75,19.3125,0.0,0,0,0,0
suppressor_top20,corrupt,ablate,v5_qwen35_9b_074,73,18.375,0.004115631803870201,-5.25,-5.488847732543945,7,0,0.125,-0.000581834465265274,-0.125,-0.1328144073486328,-75.949951171875,3.393646240234375,18.25,0.004697466269135475,7,0,23.375,23.625,20.625,3.125,19.4375,0.05263157894736842,0,0,0,0
suppressor_top20,corrupt,ablate,v5_qwen35_9b_135,134,18.25,0.003003619145601988,-5.625,-5.804935455322266,7,0,0.125,-0.0008591380901634693,-0.25,-0.2524223327636719,-76.99288177490234,3.6153488159179688,18.125,0.003862757235765457,6,0,23.5,23.875,20.5,1.625,19.3125,0.05263157894736842,0,0,0,0
suppressor_top20,corrupt,ablate,v5_qwen35_9b_142,141,18.625,0.004237880930304527,-5.125,-5.459453582763672,6,0,0.125,-0.00023816106840968132,0.0,-0.05491447448730469,-72.92425537109375,2.8297805786132812,18.5,0.004476041998714209,6,0,23.625,23.75,21.0,2.625,19.75,0.05,0,0,0,0
suppressor_top20,corrupt,ablate,v5_qwen35_9b_146,145,20.0,0.05502736195921898,-2.625,-2.8433399200439453,3,0,0.125,-0.0066206492483615875,-0.125,-0.12063980102539062,-63.830101013183594,3.9798126220703125,19.875,0.061648011207580566,3,0,22.375,22.625,20.875,2.625,20.375,0.125,0,0,0,0
suppressor_top20,corrupt,ablate,v5_qwen35_9b_147,146,19.75,0.0760057121515274,-2.125,-2.4979209899902344,4,0,0.0,-0.010759703814983368,-0.125,-0.14411163330078125,-53.67152786254883,2.963085174560547,19.75,0.08676541596651077,3,0,21.75,21.875,20.75,2.5,20.25,0.0,0,0,0,0
suppressor_top20,corrupt,ablate,v5_qwen35_9b_153,152,19.625,0.09474757313728333,-1.875,-2.2570266723632812,2,0,0.125,-0.001092962920665741,0.0,-0.012676239013671875,-66.59330749511719,2.9759902954101562,19.5,0.09584053605794907,2,0,21.375,21.5,21.375,2.5,20.4375,0.06666666666666667,0,0,0,0
suppressor_top20,corrupt,ablate,v5_qwen35_9b_160,159,19.5,0.07085952162742615,-1.75,-2.573589324951172,4,0,-0.125,-0.011505678296089172,-0.125,-0.16292381286621094,-53.36079025268555,1.7201690673828125,19.625,0.08236519992351532,4,0,21.25,21.25,20.875,3.125,20.25,-0.1,0,0,0,0
suppressor_top20,corrupt,ablate,v5_qwen35_9b_192,191,17.75,0.002394970739260316,-5.625,-6.031999588012695,11,0,-0.125,-0.0009045789483934641,-0.375,-0.321319580078125,-74.2663803100586,2.212158203125,17.875,0.00329954968765378,10,0,23.125,23.375,21.625,5.0,19.75,-0.03333333333333333,0,0,0,0
suppressor_top20,corrupt,ablate,v5_qwen35_9b_223,222,18.375,0.025990691035985947,-3.125,-3.6237106323242188,5,0,-0.125,-0.008224636316299438,-0.25,-0.2834129333496094,-57.33717727661133,0.45510101318359375,18.5,0.034215327352285385,5,0,21.375,21.5,22.125,5.0,20.3125,-0.034482758620689655,0,0,0,0
suppressor_top20,corrupt,ablate,v5_qwen35_9b_239,238,19.375,0.06923345476388931,-1.75,-2.5985546112060547,4,0,0.0,-0.00037078559398651123,0.0,-0.005741119384765625,-46.4403190612793,1.4332084655761719,19.375,0.06960424035787582,4,0,21.125,21.125,22.5,6.5,20.9375,0.0,0,0,0,0
suppressor_top20,corrupt,ablate,v5_qwen35_9b_261,260,19.25,0.023587167263031006,-3.5,-3.723196029663086,3,0,-0.125,-0.0024175383150577545,-0.125,-0.10005569458007812,-63.053253173828125,1.27716064453125,19.375,0.02600470557808876,3,0,22.75,22.75,21.125,3.125,20.25,-0.07142857142857142,0,0,0,0
suppressor_top20,corrupt,ablate,v5_qwen35_9b_274,273,19.375,0.03622010722756386,-2.625,-3.2812671661376953,4,0,-0.25,-0.01213071122765541,-0.25,-0.3015327453613281,-59.85808563232422,1.5853462219238281,19.625,0.04835081845521927,3,0,22.0,22.0,21.5,3.75,20.5625,-0.13333333333333333,0,0,0,0
suppressor_top20,corrupt,ablate,v5_qwen35_9b_275,274,18.375,0.07391341775655746,-1.875,-2.5281200408935547,3,0,-0.125,-0.0028641298413276672,0.0,-0.04111671447753906,-34.61898422241211,0.5115547180175781,18.5,0.07677754759788513,3,0,20.375,20.25,19.875,2.5,19.1875,-0.09090909090909091,0,0,0,0
suppressor_top20,corrupt,ablate,v5_qwen35_9b_038,37,19.75,0.05581504479050636,-2.375,-2.8282928466796875,3,0,0.0,-0.01969420537352562,-0.25,-0.3232860565185547,-72.94890594482422,2.5179214477539062,19.75,0.07550925016403198,3,0,21.875,22.125,21.625,4.5,20.6875,0.0,0,0,0,0
suppressor_top20,corrupt,ablate,v5_qwen35_9b_137,136,18.125,0.0020730288233608007,-5.625,-6.176677703857422,8,0,0.0,-0.0005252624396234751,-0.25,-0.22636795043945312,-71.23644256591797,2.253173828125,18.125,0.002598291262984276,9,0,23.5,23.75,21.125,3.0,19.625,0.0,0,0,0,0
suppressor_top20,corrupt,ablate,v5_qwen35_9b_138,137,18.0,0.0021554864943027496,-5.75,-6.137590408325195,8,0,0.0,-0.0005941588897258043,-0.25,-0.2440509796142578,-75.77528381347656,2.1922988891601562,18.0,0.002749645384028554,8,0,23.5,23.75,21.0,2.5,19.5,0.0,0,0,0,0
suppressor_top20,corrupt,ablate,v5_qwen35_9b_152,151,19.625,0.0690152496099472,-2.125,-2.6019420623779297,3,0,-0.125,-0.016093827784061432,-0.25,-0.22704315185546875,-67.62776947021484,2.8948516845703125,19.75,0.08510907739400864,3,0,21.625,21.75,21.625,3.0,20.6875,-0.06666666666666667,0,0,0,0
suppressor_top20,corrupt,ablate,v5_qwen35_9b_161,160,20.125,0.08032634854316711,-1.875,-2.4379405975341797,4,0,0.0,-0.0038639456033706665,0.0,-0.051189422607421875,-57.687835693359375,1.7595672607421875,20.125,0.08419029414653778,4,0,22.0,22.0,20.5,2.625,20.3125,0.0,0,0,0,0
suppressor_top20,corrupt,ablate,v5_qwen35_9b_172,171,18.125,0.02114153280854225,-3.5,-3.835174560546875,6,0,0.0,-0.0056009795516729355,-0.25,-0.24074935913085938,-66.794677734375,2.3366165161132812,18.125,0.026742512360215187,6,0,21.375,21.625,21.125,1.875,19.625,0.0,0,0,0,0
suppressor_top20,corrupt,ablate,v5_qwen35_9b_184,183,18.0,0.0077593945898115635,-4.75,-4.851072311401367,4,0,0.0,-0.0023289709351956844,-0.25,-0.2648277282714844,-86.20963287353516,3.3612594604492188,18.0,0.010088365525007248,3,0,22.5,22.75,23.75,6.25,20.875,0.0,0,0,0,0
suppressor_top20,corrupt,ablate,v5_qwen35_9b_254,253,19.625,0.06952021270990372,-2.375,-2.5940990447998047,3,0,-0.125,-0.03849423676729202,-0.5,-0.4828910827636719,-47.80005645751953,1.2162742614746094,19.75,0.10801444947719574,2,0,21.625,22.0,20.375,2.875,20.0625,-0.2,0,0,0,0
suppressor_top20,corrupt,ablate,v5_qwen35_9b_007,6,19.375,0.05615261569619179,-2.25,-2.8219165802001953,5,0,0.0,-0.010092262178659439,-0.125,-0.17603492736816406,-55.493892669677734,3.030414581298828,19.375,0.06624487787485123,3,0,21.5,21.625,21.0,4.875,20.1875,0.0,0,0,0,0
suppressor_top20,corrupt,ablate,v5_qwen35_9b_057,56,19.125,0.07041782140731812,-1.875,-2.5803298950195312,4,0,-0.125,-0.01802930235862732,-0.25,-0.2475414276123047,-44.499271392822266,-0.9462471008300781,19.25,0.08844712376594543,4,0,20.875,21.0,22.375,5.25,20.8125,-0.04,0,0,0,0
suppressor_top20,corrupt,ablate,v5_qwen35_9b_070,69,18.0,0.0029658100102096796,-5.625,-5.817644119262695,8,0,0.125,-0.0008064359426498413,-0.25,-0.24132728576660156,-77.87220001220703,2.7381210327148438,17.875,0.003772245952859521,8,0,23.25,23.625,21.0,2.875,19.4375,0.04,0,0,0,0
suppressor_top20,corrupt,ablate,v5_qwen35_9b_125,124,18.0,0.0037410221993923187,-5.375,-5.584659576416016,7,0,0.125,-0.0006054732948541641,-0.125,-0.1506175994873047,-77.37380981445312,3.2328338623046875,17.875,0.004346495494246483,6,0,23.125,23.375,20.125,1.875,19.0,0.05555555555555555,0,0,0,0
suppressor_top20,corrupt,ablate,v5_qwen35_9b_193,192,17.875,0.002505976939573884,-5.75,-5.986577987670898,7,0,-0.125,-0.0006964406929910183,-0.25,-0.2459259033203125,-75.08045959472656,2.6692352294921875,18.0,0.0032024176325649023,7,0,23.5,23.625,21.75,5.625,19.875,-0.03333333333333333,0,0,0,0
suppressor_top20,corrupt,ablate,v5_qwen35_9b_292,291,17.875,0.015089613385498524,-3.75,-4.178567886352539,6,0,-0.125,-0.0027425112202763557,-0.125,-0.1697826385498047,-69.8581314086914,2.1302108764648438,18.0,0.01783212460577488,5,0,21.625,21.625,20.75,1.875,19.375,-0.045454545454545456,0,0,0,0
suppressor_top20,corrupt,ablate,v5_qwen35_9b_294,293,19.25,0.05346399173140526,-2.625,-2.8738231658935547,3,0,0.0,-0.006891455501317978,-0.125,-0.12854957580566406,-57.35955047607422,2.2610855102539062,19.25,0.060355447232723236,3,0,21.75,21.875,20.75,3.0,20.0,0.0,0,0,0,0
suppressor_top20,corrupt,ablate,v5_qwen35_9b_094,93,18.875,0.04354739561676979,-2.625,-3.0894107818603516,5,0,0.0,-0.004703588783740997,-0.125,-0.10749435424804688,-74.8770523071289,2.1351089477539062,18.875,0.04825098440051079,4,0,21.375,21.5,20.875,2.75,19.875,0.0,0,0,0,0
suppressor_top20,corrupt,ablate,v5_qwen35_9b_095,94,19.5,0.05959910899400711,-2.375,-2.7586936950683594,4,0,0.0,-0.015730924904346466,-0.25,-0.25110435485839844,-72.14163208007812,1.8963623046875,19.5,0.07533003389835358,3,0,21.625,21.875,21.5,2.875,20.5,0.0,0,0,0,0
suppressor_top20,corrupt,ablate,v5_qwen35_9b_130,129,18.75,0.005992608144879341,-4.875,-5.111225128173828,4,0,0.0,-0.0007960102520883083,-0.125,-0.1255207061767578,-83.75587463378906,2.576446533203125,18.75,0.0067886183969676495,4,0,23.5,23.625,21.0,2.25,19.875,0.0,0,0,0,0
suppressor_top20,corrupt,ablate,v5_qwen35_9b_179,178,19.25,0.06849374622106552,-1.875,-2.610088348388672,3,0,-0.125,-0.01791395992040634,-0.25,-0.2517528533935547,-45.470149993896484,2.148101806640625,19.375,0.08640770614147186,3,0,21.0,21.125,21.125,3.375,20.25,-0.07142857142857142,0,0,0,0
suppressor_top20,corrupt,ablate,v5_qwen35_9b_181,180,18.875,0.0038873511366546154,-5.375,-5.546138763427734,6,0,0.25,-0.0006087096408009529,-0.125,-0.14608383178710938,-75.6378173828125,2.934844970703125,18.625,0.004496060777455568,6,0,23.875,24.25,22.25,5.375,20.4375,0.06896551724137931,0,0,0,0
suppressor_top20,corrupt,ablate,v5_qwen35_9b_217,216,19.125,0.05678753927350044,-2.0,-2.810009002685547,4,0,-0.125,-0.012797441333532333,-0.25,-0.2168903350830078,-47.53573989868164,-0.11371612548828125,19.25,0.06958498060703278,4,0,21.0,21.125,24.25,7.625,21.75,-0.025,0,0,0,0
suppressor_top20,corrupt,ablate,v5_qwen35_9b_001,0,18.5,0.003959338646382093,-5.25,-5.527719497680664,7,0,0.125,-0.0010985899716615677,-0.25,-0.24598121643066406,-72.94192504882812,3.279632568359375,18.375,0.005057928618043661,7,0,23.375,23.75,20.25,3.25,19.3125,0.06666666666666667,0,0,0,0
suppressor_top20,corrupt,ablate,v5_qwen35_9b_045,44,19.125,0.15141071379184723,-1.0,-1.7236385345458984,3,0,-0.125,-0.0042234063148498535,0.0,-0.032505035400390625,-25.229055404663086,1.9759674072265625,19.25,0.15563412010669708,3,0,20.25,20.125,21.125,4.875,20.1875,-0.06666666666666667,0,0,0,0
suppressor_top20,corrupt,ablate,v5_qwen35_9b_118,117,19.0,0.0758124440908432,-1.625,-2.5006961822509766,3,0,-0.125,-0.013818122446537018,-0.125,-0.18250083923339844,-41.12396240234375,1.0435638427734375,19.125,0.08963056653738022,3,0,20.625,20.625,21.375,4.25,20.25,-0.05555555555555555,0,0,0,0
suppressor_top20,corrupt,ablate,v5_qwen35_9b_141,140,18.25,0.003600088879466057,-5.375,-5.623199462890625,7,0,0.125,-0.000991924200206995,-0.25,-0.244354248046875,-73.83060455322266,2.8958969116210938,18.125,0.004592013079673052,7,0,23.25,23.625,20.375,1.625,19.25,0.05555555555555555,0,0,0,0
suppressor_top20,corrupt,ablate,v5_qwen35_9b_201,200,19.0,0.05390361696481705,-2.75,-2.865163803100586,2,0,0.0,-0.01408296823501587,-0.25,-0.24710655212402344,-61.05404281616211,2.53857421875,19.0,0.06798658519983292,2,0,21.5,21.75,23.0,5.75,21.0,0.0,0,0,0,0
suppressor_top20,corrupt,ablate,v5_qwen35_9b_219,218,18.625,0.08215935528278351,-1.5,-2.413410186767578,4,0,-0.125,-0.000613778829574585,0.0,-0.008111953735351562,-49.29248809814453,1.9277992248535156,18.75,0.0827731341123581,4,0,20.25,20.125,22.625,5.375,20.6875,-0.03225806451612903,0,0,0,0
suppressor_top20,corrupt,ablate,v5_qwen35_9b_242,241,19.0,0.03933335840702057,-2.625,-3.1955795288085938,4,0,0.0,-0.011006765067577362,-0.25,-0.25824928283691406,-53.47406768798828,0.8144073486328125,19.0,0.05034012347459793,4,0,21.375,21.625,20.5,2.875,19.75,0.0,0,0,0,0
suppressor_top20,corrupt,ablate,v5_qwen35_9b_250,249,19.5,0.03918606415390968,-3.0,-3.199472427368164,4,0,0.125,-0.010856840759515762,-0.25,-0.25592041015625,-67.67633819580078,2.6902236938476562,19.375,0.050042904913425446,3,0,22.125,22.5,20.625,2.5,20.0,0.1,0,0,0,0
suppressor_top20,corrupt,ablate,v5_qwen35_9b_280,279,19.0,0.08343136310577393,-1.875,-2.396646499633789,3,0,0.0,-0.002626754343509674,0.0,-0.033863067626953125,-37.65013885498047,1.426025390625,19.0,0.0860581174492836,3,0,20.875,20.875,20.5,3.25,19.75,0.0,0,0,0,0
suppressor_top20,corrupt,ablate,v5_qwen35_9b_018,17,19.625,0.05963592976331711,-2.25,-2.758028030395508,3,0,0.125,-0.003017835319042206,0.0,-0.052577972412109375,-59.814308166503906,1.9573974609375,19.5,0.06265376508235931,3,0,21.75,21.875,21.375,3.875,20.4375,0.06666666666666667,0,0,0,0
suppressor_top20,corrupt,ablate,v5_qwen35_9b_027,26,19.375,0.08516287803649902,-2.125,-2.37420654296875,3,0,0.0,-0.011972188949584961,-0.125,-0.14470863342285156,-55.07512664794922,4.0622406005859375,19.375,0.09713506698608398,2,0,21.375,21.5,22.375,4.0,20.875,0.0,0,0,0,0
suppressor_top20,corrupt,ablate,v5_qwen35_9b_065,64,18.375,0.002637404715642333,-5.625,-5.935325622558594,8,0,0.125,-0.001183896092697978,-0.375,-0.3719806671142578,-74.3434066772461,2.8675155639648438,18.25,0.003821300808340311,8,0,23.5,24.0,21.625,4.375,19.9375,0.037037037037037035,0,0,0,0
suppressor_top20,corrupt,ablate,v5_qwen35_9b_132,131,18.125,0.003189598210155964,-5.375,-5.7446746826171875,9,0,0.0,-0.000537714920938015,-0.125,-0.15633010864257812,-75.96455383300781,3.489898681640625,18.125,0.003727313131093979,8,0,23.375,23.5,20.875,2.625,19.5,0.0,0,0,0,0
suppressor_top20,corrupt,ablate,v5_qwen35_9b_144,143,18.375,0.0036040034610778093,-5.25,-5.622108459472656,6,0,-0.125,-0.0014123686123639345,-0.375,-0.3320789337158203,-70.590087890625,2.370513916015625,18.5,0.005016372073441744,6,0,23.375,23.625,21.125,2.75,19.8125,-0.047619047619047616,0,0,0,0
suppressor_top20,corrupt,ablate,v5_qwen35_9b_203,202,19.125,0.04578912630677223,-2.625,-3.036865234375,4,0,0.0,-0.005280330777168274,-0.125,-0.11468887329101562,-64.0867691040039,1.5946197509765625,19.125,0.051069457083940506,4,0,21.625,21.75,23.375,5.625,21.25,0.0,0,0,0,0
suppressor_top20,corrupt,ablate,v5_qwen35_9b_255,254,19.125,0.09727750718593597,-1.375,-2.2278881072998047,3,0,0.0,-0.010474324226379395,-0.125,-0.11393165588378906,-43.24750900268555,1.4480514526367188,19.125,0.10775183141231537,3,0,20.375,20.5,20.25,3.25,19.6875,0.0,0,0,0,0
suppressor_top20,corrupt,ablate,v5_qwen35_9b_033,32,19.5,0.053358856588602066,-2.625,-2.8758983612060547,3,0,0.125,-0.008521709591150284,-0.125,-0.15720558166503906,-64.1568832397461,3.6201858520507812,19.375,0.06188056617975235,2,0,21.875,22.125,21.0,3.375,20.1875,0.07692307692307693,0,0,0,0
suppressor_top20,corrupt,ablate,v5_qwen35_9b_126,125,18.625,0.004164700862020254,-5.25,-5.4769439697265625,6,0,0.125,-0.001154719851911068,-0.25,-0.24587631225585938,-73.1391372680664,2.931884765625,18.5,0.005319420713931322,6,0,23.5,23.875,20.25,2.0,19.375,0.07142857142857142,0,0,0,0
suppressor_top20,corrupt,ablate,v5_qwen35_9b_136,135,18.125,0.003748373594135046,-5.25,-5.58268928527832,8,0,0.125,-0.0005010012537240982,-0.125,-0.12595176696777344,-75.73625183105469,2.7453842163085938,18.0,0.004249374847859144,8,0,23.125,23.375,20.75,3.0,19.375,0.045454545454545456,0,0,0,0
suppressor_top20,corrupt,ablate,v5_qwen35_9b_154,153,19.625,0.09209708869457245,-2.125,-2.288318634033203,2,0,0.0,-0.01152580976486206,-0.125,-0.1306934356689453,-66.51878356933594,3.4965362548828125,19.625,0.10362289845943451,2,0,21.625,21.75,21.375,3.125,20.5,0.0,0,0,0,0
suppressor_top20,corrupt,ablate,v5_qwen35_9b_024,23,19.0,0.03732543811202049,-3.0,-3.250059127807617,4,0,0.0,-0.005604304373264313,-0.125,-0.14572715759277344,-53.100006103515625,2.2263221740722656,19.0,0.042929742485284805,4,0,21.875,22.0,20.25,2.75,19.625,0.0,0,0,0,0
suppressor_top20,corrupt,ablate,v5_qwen35_9b_121,120,18.75,0.005573389586061239,-4.875,-5.184171676635742,7,0,0.0,-0.0014413096942007542,-0.25,-0.23145294189453125,-72.03105926513672,2.4245147705078125,18.75,0.007014699280261993,7,0,23.375,23.625,21.0,3.0,19.875,0.0,0,0,0,0
suppressor_top20,corrupt,ablate,v5_qwen35_9b_229,228,19.0,0.19274556636810303,-0.5,-1.4323348999023438,2,0,-0.25,-0.038048550486564636,-0.25,-0.228424072265625,-23.642295837402344,0.000232696533203125,19.25,0.23079411685466766,2,0,19.5,19.5,23.25,7.0,21.25,-0.0625,0,0,0,0
suppressor_top20,corrupt,ablate,v5_qwen35_9b_285,284,19.625,0.082286037504673,-1.875,-2.4117088317871094,3,0,0.125,-0.003481552004814148,0.0,-0.045238494873046875,-48.45978927612305,2.7595367431640625,19.5,0.08576758950948715,3,0,21.375,21.5,20.75,3.625,20.125,0.1,0,0,0,0
suppressor_top20,corrupt,ablate,v5_qwen35_9b_012,11,19.75,0.08285736292600632,-2.0,-2.4041690826416016,3,0,0.0,-0.017834223806858063,-0.25,-0.21457290649414062,-63.23613739013672,3.0456619262695312,19.75,0.10069158673286438,3,0,21.5,21.75,21.5,4.0,20.625,0.0,0,0,0,0
suppressor_top20,corrupt,ablate,v5_qwen35_9b_032,31,19.125,0.04063468426465988,-2.875,-3.1616668701171875,3,0,0.0,-0.006203390657901764,-0.125,-0.1485595703125,-73.61358642578125,3.4238204956054688,19.125,0.046838074922561646,3,0,21.875,22.0,20.875,3.375,20.0,0.0,0,0,0,0
suppressor_top20,corrupt,ablate,v5_qwen35_9b_062,61,18.75,0.005023807752877474,-4.875,-5.288539886474609,7,0,0.125,-0.0008109486661851406,-0.125,-0.15045738220214844,-71.32085418701172,3.388946533203125,18.625,0.0058347564190626144,7,0,23.375,23.625,20.75,3.25,19.6875,0.058823529411764705,0,0,0,0
suppressor_top20,corrupt,ablate,v5_qwen35_9b_115,114,18.375,0.02219194546341896,-3.375,-3.7856082916259766,7,0,0.0,-0.0032590311020612717,-0.125,-0.14036178588867188,-67.22373962402344,3.0486373901367188,18.375,0.025450976565480232,7,0,21.625,21.75,21.375,2.375,19.875,0.0,0,0,0,0
suppressor_top20,corrupt,ablate,v5_qwen35_9b_148,147,20.0,0.09355431795120239,-1.625,-2.2710132598876953,3,0,0.0,-0.015578649938106537,-0.125,-0.17136001586914062,-54.129188537597656,3.3184127807617188,20.0,0.10913296788930893,3,0,21.5,21.625,21.25,2.75,20.625,0.0,0,0,0,0
suppressor_top20,corrupt,ablate,v5_qwen35_9b_207,206,19.5,0.06876246631145477,-2.375,-2.605876922607422,2,0,0.0,-0.0185626819729805,-0.25,-0.2591114044189453,-48.86175537109375,1.9417266845703125,19.5,0.08732514828443527,2,0,21.625,21.875,22.375,5.875,20.9375,0.0,0,0,0,0
suppressor_top20,corrupt,ablate,v5_qwen35_9b_225,224,18.0,0.0443144328892231,-2.5,-3.0711727142333984,6,0,-0.125,-0.005028091371059418,-0.125,-0.11275100708007812,-34.4391975402832,1.758026123046875,18.125,0.049342524260282516,4,0,20.5,20.5,21.0,4.625,19.5625,-0.043478260869565216,0,0,0,0
suppressor_top20,corrupt,ablate,v5_qwen35_9b_076,75,18.375,0.0036639415193349123,-5.125,-5.605554580688477,7,0,0.125,-0.0005414353217929602,-0.125,-0.13836669921875,-71.90345001220703,2.5569686889648438,18.25,0.0042053768411278725,7,0,23.25,23.5,20.625,2.875,19.4375,0.05263157894736842,0,0,0,0
suppressor_top20,corrupt,ablate,v5_qwen35_9b_101,100,19.875,0.06659210473299026,-2.125,-2.6402759552001953,3,0,-0.125,-0.010875925421714783,-0.125,-0.16299819946289062,-58.12042999267578,2.0644798278808594,20.0,0.07746803015470505,3,0,22.0,22.0,21.375,3.375,20.6875,-0.09090909090909091,0,0,0,0
suppressor_top20,corrupt,ablate,v5_qwen35_9b_122,121,18.625,0.0038923691026866436,-5.375,-5.544843673706055,6,0,0.0,-0.0011353418231010437,-0.25,-0.25708770751953125,-76.20882415771484,3.0899200439453125,18.625,0.005027710925787687,6,0,23.75,24.0,20.75,3.125,19.6875,0.0,0,0,0,0
suppressor_top20,corrupt,ablate,v5_qwen35_9b_286,285,18.875,0.028913313522934914,-2.75,-3.5141353607177734,4,0,0.0,-0.0066231656819581985,-0.125,-0.21309852600097656,-56.11631393432617,1.2624969482421875,18.875,0.03553647920489311,4,0,21.5,21.625,20.75,3.25,19.8125,0.0,0,0,0,0
suppressor_top20,corrupt,ablate,v5_qwen35_9b_013,12,19.0,0.03582189232110977,-2.875,-3.2927379608154297,4,0,-0.125,-0.019779745489358902,-0.5,-0.46037864685058594,-64.90592956542969,2.15838623046875,19.125,0.055601637810468674,3,0,21.5,21.875,21.25,3.375,20.1875,-0.058823529411764705,0,0,0,0
suppressor_top20,corrupt,ablate,v5_qwen35_9b_085,84,19.0,0.03372112661600113,-2.875,-3.3553504943847656,5,0,0.0,-0.009453605860471725,-0.25,-0.2569580078125,-58.12875747680664,2.2102203369140625,19.0,0.043174732476472855,4,0,21.625,21.875,20.25,3.0,19.625,0.0,0,0,0,0
suppressor_top20,corrupt,ablate,v5_qwen35_9b_163,162,19.625,0.0887133926153183,-1.75,-2.329477310180664,3,0,-0.125,-0.011790245771408081,-0.125,-0.13780784606933594,-53.818233489990234,2.411815643310547,19.75,0.10050363838672638,3,0,21.375,21.375,20.75,2.75,20.25,-0.125,0,0,0,0
suppressor_top20,corrupt,ablate,v5_qwen35_9b_133,132,18.125,0.0031664480920881033,-5.5,-5.751983642578125,7,0,0.0,-0.0008228502701967955,-0.25,-0.23183059692382812,-73.28842163085938,2.5590896606445312,18.125,0.003989298362284899,7,0,23.375,23.625,20.75,2.25,19.4375,0.0,0,0,0,0
suppressor_top20,corrupt,ablate,v5_qwen35_9b_139,138,18.25,0.003543951315805316,-5.25,-5.638971328735352,8,0,0.125,3.946037031710148e-05,0.0,0.01123809814453125,-73.71321868896484,2.5594711303710938,18.125,0.0035044909454882145,9,0,23.375,23.5,21.375,2.875,19.75,0.038461538461538464,0,0,0,0
suppressor_top20,corrupt,ablate,v5_qwen35_9b_106,105,19.375,0.07003650069236755,-2.375,-2.586149215698242,3,0,0.0,-0.016486942768096924,-0.25,-0.22928428649902344,-48.64109802246094,2.319690704345703,19.375,0.08652344346046448,3,0,21.5,21.75,21.625,4.25,20.5,0.0,0,0,0,0
suppressor_top20,corrupt,ablate,v5_qwen35_9b_159,158,19.75,0.07765147089958191,-1.625,-2.4747180938720703,4,0,0.0,-0.0074625760316848755,-0.125,-0.099884033203125,-52.47974395751953,2.4156265258789062,19.75,0.08511404693126678,4,0,21.25,21.375,21.0,2.75,20.375,0.0,0,0,0,0
suppressor_top20,corrupt,ablate,v5_qwen35_9b_208,207,19.0,0.056188225746154785,-2.5,-2.8212451934814453,3,0,0.0,-0.014480151236057281,-0.25,-0.2447490692138672,-48.863983154296875,2.315196990966797,19.0,0.07066837698221207,3,0,21.25,21.5,22.625,5.75,20.8125,0.0,0,0,0,0
suppressor_top20,corrupt,ablate,v5_qwen35_9b_266,265,18.5,0.01998014561831951,-3.625,-3.892852783203125,3,0,-0.125,-0.00019928067922592163,0.0,-0.010129928588867188,-59.074920654296875,3.5723724365234375,18.625,0.020179426297545433,3,0,22.25,22.125,20.375,2.75,19.5,-0.07142857142857142,0,0,0,0
suppressor_top20,corrupt,ablate,v5_qwen35_9b_107,106,17.875,0.026846779510378838,-3.125,-3.590425491333008,5,0,0.0,-0.0008952859789133072,0.0,-0.03372383117675781,-60.009376525878906,2.374176025390625,17.875,0.027742065489292145,5,0,21.0,21.0,22.0,3.5,19.9375,0.0,0,0,0,0
suppressor_top20,corrupt,ablate,v5_qwen35_9b_123,122,18.25,0.0026870169676840305,-5.625,-5.91663932800293,6,0,-0.125,-0.0009162027854472399,-0.25,-0.2943134307861328,-76.80846405029297,2.3046951293945312,18.375,0.0036032197531312704,6,0,23.75,23.875,21.125,2.75,19.75,-0.045454545454545456,0,0,0,0
suppressor_top20,corrupt,ablate,v5_qwen35_9b_059,58,18.5,0.04978077858686447,-2.25,-2.9490966796875,4,0,-0.125,-0.01324918121099472,-0.25,-0.25002098083496094,-42.3167839050293,0.5227546691894531,18.625,0.06302995979785919,3,0,20.625,20.75,20.25,3.0,19.4375,-0.07692307692307693,0,0,0,0
suppressor_top20,corrupt,ablate,v5_qwen35_9b_252,251,19.0,0.03608127683401108,-2.875,-3.285249710083008,4,0,0.125,-0.0036224201321601868,-0.125,-0.09943389892578125,-51.192474365234375,3.1597747802734375,18.875,0.039703696966171265,4,0,21.625,21.875,19.75,1.875,19.3125,0.14285714285714285,0,0,0,0
suppressor_top20,corrupt,ablate,v5_qwen35_9b_023,22,18.875,0.04968564957380295,-2.375,-2.9511070251464844,3,0,-0.125,-0.013236984610557556,-0.25,-0.2502155303955078,-49.606048583984375,0.9279594421386719,19.0,0.0629226341843605,3,0,21.125,21.25,20.5,3.25,19.75,-0.08333333333333333,0,0,0,0
suppressor_top20,corrupt,ablate,v5_qwen35_9b_086,85,19.5,0.0878523737192154,-1.875,-2.340177536010742,4,0,-0.125,-0.01921316236257553,-0.25,-0.2190704345703125,-65.71096801757812,0.7688140869140625,19.625,0.10706553608179092,2,0,21.25,21.375,21.875,3.5,20.75,-0.05555555555555555,0,0,0,0
suppressor_top20,corrupt,ablate,v5_qwen35_9b_099,98,18.375,0.021192947402596474,-3.375,-3.8326873779296875,5,0,-0.125,-0.003424469381570816,-0.125,-0.153289794921875,-61.02646255493164,2.7309303283691406,18.5,0.02461741678416729,5,0,21.75,21.75,20.25,1.875,19.375,-0.07142857142857142,0,0,0,0
suppressor_top20,corrupt,ablate,v5_qwen35_9b_117,116,19.25,0.0685206726193428,-2.375,-2.609661102294922,3,0,0.125,-0.018190667033195496,-0.25,-0.25516700744628906,-48.4183235168457,3.687511444091797,19.125,0.0867113396525383,2,0,21.25,21.625,21.5,4.125,20.3125,0.05263157894736842,0,0,0,0
suppressor_top20,corrupt,ablate,v5_qwen35_9b_140,139,17.625,0.0022495898883789778,-5.625,-6.094764709472656,8,0,0.0,-0.000284628476947546,-0.125,-0.11942100524902344,-73.27091217041016,2.74261474609375,17.625,0.0025342183653265238,8,0,23.125,23.25,20.5,1.125,19.0625,0.0,0,0,0,0
suppressor_top20,corrupt,ablate,v5_qwen35_9b_156,155,19.625,0.09080139547586441,-1.5,-2.303922653198242,3,0,-0.125,-0.011391773819923401,-0.125,-0.1307964324951172,-50.619319915771484,1.8252296447753906,19.75,0.10219316929578781,3,0,21.125,21.125,21.0,3.125,20.375,-0.1,0,0,0,0
suppressor_top20,corrupt,ablate,v5_qwen35_9b_102,101,20.0,0.09236671775579453,-1.625,-2.2850990295410156,3,0,0.0,-0.004556305706501007,0.0,-0.053180694580078125,-50.378013610839844,1.8754310607910156,20.0,0.09692302346229553,3,0,21.625,21.625,20.75,3.625,20.375,0.0,0,0,0,0
suppressor_top20,corrupt,ablate,v5_qwen35_9b_197,196,18.625,0.06426279991865158,-2.375,-2.678384780883789,4,0,0.0,-0.008612222969532013,-0.125,-0.135009765625,-50.66345977783203,2.2465896606445312,18.625,0.0728750228881836,3,0,20.875,21.0,21.75,5.375,20.1875,0.0,0,0,0,0
suppressor_top20,corrupt,ablate,v5_qwen35_9b_210,209,19.75,0.2285493165254593,-0.375,-1.2165718078613281,2,0,0.0,0.0035853832960128784,0.0,0.020448684692382812,-24.769542694091797,1.2796707153320312,19.75,0.2249639332294464,2,0,20.125,20.125,23.625,7.125,21.6875,0.0,0,0,0,0
suppressor_top20,corrupt,ablate,v5_qwen35_9b_235,234,17.625,0.010813015513122082,-4.25,-4.516155242919922,7,0,0.0,-0.0016731945797801018,-0.125,-0.1455669403076172,-74.06710815429688,2.7974853515625,17.625,0.012486210092902184,7,0,21.75,21.875,21.375,3.75,19.5,0.0,0,0,0,0
suppressor_top20,corrupt,ablate,v5_qwen35_9b_259,258,18.875,0.06891825795173645,-2.125,-2.603456497192383,3,0,0.0,-0.0032886117696762085,0.0,-0.050151824951171875,-49.447322845458984,2.1380043029785156,18.875,0.07220686972141266,3,0,21.0,21.0,20.25,2.875,19.5625,0.0,0,0,0,0
suppressor_top20,corrupt,ablate,v5_qwen35_9b_108,107,19.25,0.09699969738721848,-1.625,-2.231050491333008,3,0,0.0,-0.000577196478843689,0.0,-0.006572723388671875,-41.8763542175293,1.9640235900878906,19.25,0.09757689386606216,3,0,20.875,20.875,21.125,4.375,20.1875,0.0,0,0,0,0
suppressor_top20,corrupt,ablate,v5_qwen35_9b_055,54,18.75,0.030223557725548744,-2.75,-3.468465805053711,3,0,0.0,-0.001968199387192726,-0.125,-0.06511688232421875,-61.30398941040039,2.4801254272460938,18.75,0.03219175711274147,3,0,21.375,21.5,20.75,3.25,19.75,0.0,0,0,0,0
suppressor_top20,corrupt,ablate,v5_qwen35_9b_272,271,18.75,0.020105432718992233,-3.25,-3.886474609375,5,0,0.0,-0.0006683915853500366,0.0,-0.03338432312011719,-57.60581588745117,2.1064376831054688,18.75,0.02077382430434227,5,0,22.0,22.0,20.875,2.125,19.8125,0.0,0,0,0,0
suppressor_top20,corrupt,ablate,v5_qwen35_9b_015,14,18.875,0.04639625921845436,-2.625,-3.0230541229248047,4,0,0.0,-0.006562311202287674,-0.125,-0.13919448852539062,-56.89529800415039,2.20416259765625,18.875,0.052958570420742035,4,0,21.375,21.5,20.5,3.5,19.6875,0.0,0,0,0,0
suppressor_top20,corrupt,ablate,v5_qwen35_9b_061,60,18.375,0.0038107933942228556,-5.375,-5.566106796264648,7,0,0.125,-0.0005439941305667162,-0.125,-0.13398361206054688,-75.56119537353516,2.8070220947265625,18.25,0.004354787524789572,7,0,23.5,23.75,21.0,3.25,19.625,0.045454545454545456,0,0,0,0
suppressor_top20,corrupt,ablate,v5_qwen35_9b_022,21,19.375,0.08570319414138794,-2.125,-2.367288589477539,2,0,0.0,-0.011767230927944183,-0.125,-0.14161109924316406,-61.707115173339844,2.7589187622070312,19.375,0.09747042506933212,2,0,21.375,21.5,20.875,3.5,20.125,0.0,0,0,0,0
suppressor_top20,corrupt,ablate,v5_qwen35_9b_078,77,18.25,0.0032462093513458967,-5.375,-5.727024078369141,6,0,0.0,-0.0008907930459827185,-0.25,-0.2433757781982422,-70.61229705810547,2.82305908203125,18.25,0.004137002397328615,6,0,23.375,23.625,20.875,2.875,19.5625,0.0,0,0,0,0
suppressor_top20,corrupt,ablate,v5_qwen35_9b_262,261,18.75,0.06374946981668472,-1.875,-2.686962127685547,4,0,0.0,-0.0034231841564178467,0.0,-0.055965423583984375,-38.98664855957031,1.82855224609375,18.75,0.06717265397310257,3,0,20.625,20.625,20.375,3.25,19.5625,0.0,0,0,0,0
suppressor_top20,corrupt,ablate,v5_qwen35_9b_063,62,18.125,0.003336553229019046,-5.25,-5.699483871459961,7,0,0.0,-0.0009097179863601923,-0.25,-0.24201393127441406,-70.17259979248047,2.6267242431640625,18.125,0.004246271215379238,7,0,23.125,23.375,21.0,3.625,19.5625,0.0,0,0,0,0
suppressor_top20,corrupt,ablate,v5_qwen35_9b_269,268,18.875,0.09068834036588669,-1.75,-2.3052978515625,4,0,-0.125,-0.019512221217155457,-0.25,-0.21656227111816406,-40.27804183959961,1.8828773498535156,19.0,0.11020056158304214,3,0,20.5,20.625,20.25,2.875,19.625,-0.1,0,0,0,0
suppressor_top20,corrupt,ablate,v5_qwen35_9b_075,74,18.625,0.010378152132034302,-4.25,-4.557634353637695,6,0,0.0,-0.0019451109692454338,-0.125,-0.1737537384033203,-79.0340347290039,2.862548828125,18.625,0.012323263101279736,5,0,22.75,22.875,21.75,3.5,20.1875,0.0,0,0,0,0
suppressor_top20,corrupt,ablate,v5_qwen35_9b_037,36,19.125,0.09829948097467422,-1.625,-2.2163028717041016,3,0,0.0,-0.012289516627788544,-0.125,-0.13152503967285156,-43.51488494873047,1.914794921875,19.125,0.11058899760246277,3,0,20.625,20.75,20.5,3.625,19.8125,0.0,0,0,0,0
suppressor_top20,corrupt,ablate,v5_qwen35_9b_046,45,18.625,0.15009523928165436,-1.375,-1.7339210510253906,2,0,0.0,0.015375837683677673,0.125,0.12600326538085938,-24.350656509399414,0.6423835754394531,18.625,0.13471940159797668,2,0,20.125,20.0,20.625,3.75,19.625,0.0,0,0,0,0
suppressor_top20,corrupt,ablate,v5_qwen35_9b_175,174,17.875,0.03331655636429787,-3.125,-3.367849349975586,4,0,0.0,-0.0045672208070755005,-0.125,-0.13320541381835938,-66.47042083740234,2.5855865478515625,17.875,0.03788377717137337,4,0,20.875,21.0,20.125,2.0,19.0,0.0,0,0,0,0
suppressor_top20,corrupt,ablate,v5_qwen35_9b_246,245,19.875,0.1251111924648285,-1.75,-1.944915771484375,2,0,0.0,-0.015354573726654053,-0.125,-0.1334667205810547,-52.633296966552734,2.6169662475585938,19.875,0.14046576619148254,2,0,21.5,21.625,21.625,4.0,20.75,0.0,0,0,0,0
suppressor_top20,corrupt,ablate,v5_qwen35_9b_278,277,19.125,0.10681535303592682,-1.25,-2.123729705810547,3,0,0.0,-0.007369890809059143,-0.125,-0.07500267028808594,-36.40545654296875,1.7148246765136719,19.125,0.11418524384498596,3,0,20.25,20.375,20.625,3.375,19.875,0.0,0,0,0,0
suppressor_top20,corrupt,ablate,v5_qwen35_9b_164,163,19.125,0.057002726942300797,-2.125,-2.8059921264648438,4,0,0.0,-0.007850240916013718,-0.125,-0.13738059997558594,-54.8910026550293,2.189495086669922,19.125,0.06485296785831451,4,0,21.125,21.25,21.0,2.375,20.0625,0.0,0,0,0,0
suppressor_top20,corrupt,ablate,v5_qwen35_9b_072,71,18.0,0.0022798129357397556,-6.0,-6.081384658813477,8,0,0.0,-0.0010371531825512648,-0.375,-0.3759956359863281,-76.61427307128906,3.2657394409179688,18.0,0.0033169661182910204,7,0,23.625,24.0,21.125,2.875,19.5625,0.0,0,0,0,0
suppressor_top20,corrupt,ablate,v5_qwen35_9b_279,278,18.125,0.05197621136903763,-2.5,-2.9036426544189453,3,0,-0.125,-0.005476411432027817,-0.125,-0.10596847534179688,-29.69605827331543,0.9140129089355469,18.25,0.057452622801065445,3,0,20.625,20.625,20.5,2.5,19.375,-0.05555555555555555,0,0,0,0
suppressor_top20,corrupt,ablate,v5_qwen35_9b_042,41,18.875,0.1225825771689415,-1.0,-1.9682559967041016,3,0,-0.125,-0.014209248125553131,-0.125,-0.1260051727294922,-32.26899719238281,1.3874168395996094,19.0,0.13679182529449463,3,0,19.875,19.875,21.375,5.4375,20.1875,-0.05263157894736842,0,0,0,0
suppressor_top20,corrupt,ablate,v5_qwen35_9b_060,59,18.125,0.08440010994672775,-1.875,-2.3840694427490234,3,0,0.0,0.006305217742919922,0.125,0.08450126647949219,-30.619413375854492,1.1813774108886719,18.125,0.07809489220380783,3,0,20.125,20.0,20.125,3.25,19.125,0.0,0,0,0,0
suppressor_top20,corrupt,ablate,v5_qwen35_9b_194,193,18.375,0.0026401786599308252,-5.625,-5.934272766113281,6,0,0.125,-0.0003941669128835201,-0.125,-0.1395435333251953,-74.85340881347656,2.8224563598632812,18.25,0.0030343455728143454,6,0,23.75,24.0,21.25,5.375,19.75,0.041666666666666664,0,0,0,0
suppressor_top20,corrupt,ablate,v5_qwen35_9b_213,212,18.875,0.08182898908853531,-2.0,-2.417795181274414,3,0,-0.125,-0.011213831603527069,-0.125,-0.140716552734375,-44.328609466552734,2.2301368713378906,19.0,0.09304282069206238,3,0,20.875,20.875,24.0,7.125,21.5,-0.025,0,0,0,0
suppressor_top20,corrupt,ablate,v5_qwen35_9b_067,66,18.0,0.006474216468632221,-4.875,-5.033443450927734,5,0,0.125,-0.00190011877566576,-0.25,-0.25925636291503906,-87.87242889404297,3.5422210693359375,17.875,0.008374335244297981,5,0,22.5,22.875,21.5,3.5,19.6875,0.034482758620689655,0,0,0,0
suppressor_top20,corrupt,ablate,v5_qwen35_9b_003,2,18.125,0.003427626797929406,-5.375,-5.672462463378906,6,0,0.0,-0.001033499138429761,-0.25,-0.2645702362060547,-76.10247802734375,2.9645156860351562,18.125,0.004461125936359167,6,0,23.25,23.5,20.5,3.25,19.3125,0.0,0,0,0,0
suppressor_top20,corrupt,ablate,v5_qwen35_9b_004,3,18.0,0.002146574668586254,-5.875,-6.141740798950195,7,0,0.125,-0.0006461725570261478,-0.25,-0.2637977600097656,-75.294677734375,3.4657821655273438,17.875,0.002792747225612402,7,0,23.5,23.875,20.125,2.875,19.0,0.05555555555555555,0,0,0,0
suppressor_top20,corrupt,ablate,v5_qwen35_9b_134,133,18.0,0.0029182415455579758,-5.625,-5.833860397338867,7,0,0.0,-0.0008762895595282316,-0.25,-0.263458251953125,-73.46086120605469,3.2029571533203125,18.0,0.0037945311050862074,7,0,23.375,23.625,21.25,2.0,19.625,0.0,0,0,0,0
suppressor_top20,corrupt,ablate,v5_qwen35_9b_165,164,20.125,0.3795570433139801,-0.25,-0.4914665222167969,2,0,0.125,-0.00036138296127319336,0.0,-0.001529693603515625,-24.427085876464844,3.3369674682617188,20.0,0.3799184262752533,2,0,20.25,20.375,21.0,3.875,20.5,0.125,0,0,0,0
suppressor_top20,corrupt,ablate,v5_qwen35_9b_265,264,17.75,0.05126934126019478,-2.5,-2.9180850982666016,3,0,0.0,0.0043297745287418365,0.125,0.09278678894042969,-35.55790328979492,0.3361854553222656,17.75,0.04693956673145294,3,0,20.375,20.25,20.625,2.25,19.1875,0.0,0,0,0,0
driver_top20,clean,ablate,v5_qwen35_9b_298,297,21.0,0.8942123651504517,2.625,2.1344223022460938,1,1,0.25,0.04007863998413086,0.375,0.3670940399169922,17.058034896850586,-1.3828907012939453,20.75,0.8541337251663208,1,1,18.5,18.375,18.5,-2.75,19.625,-0.1111111111111111,0,0,0,0
driver_top20,clean,ablate,v5_qwen35_9b_171,170,21.5,0.7833411693572998,1.625,1.2851943969726562,1,1,0.125,0.0480160117149353,0.25,0.2634410858154297,11.368980407714844,-0.8747320175170898,21.375,0.7353251576423645,1,1,20.0,19.875,18.375,-3.75,19.875,-0.041666666666666664,0,0,0,0
driver_top20,clean,ablate,v5_qwen35_9b_105,104,20.5,0.7872535586357117,2.125,1.308370590209961,1,1,0.125,0.0369795560836792,0.25,0.20837974548339844,1.814408540725708,-1.7615084648132324,20.375,0.7502740025520325,1,1,18.5,18.375,18.125,-3.125,19.25,-0.05555555555555555,0,0,0,0
driver_top20,clean,ablate,v5_qwen35_9b_290,289,21.0,0.8742924928665161,3.25,1.939361572265625,1,1,0.25,0.02143573760986328,0.125,0.18225860595703125,13.513494491577148,-2.3599157333374023,20.75,0.8528567552566528,1,1,17.625,17.75,17.75,-3.125,19.25,-0.08333333333333333,0,0,0,0
driver_top20,clean,ablate,v5_qwen35_9b_110,109,20.625,0.6614150404930115,1.25,0.6695365905761719,1,1,0.125,-0.001001119613647461,0.0,-0.0044689178466796875,10.02564811706543,-2.0560665130615234,20.5,0.6624161601066589,1,1,19.25,19.375,17.375,-4.875,18.9375,-0.04,0,0,0,0
driver_top20,clean,ablate,v5_qwen35_9b_199,198,24.375,0.9965341091156006,6.25,5.661199569702148,1,1,0.125,0.0004559159278869629,0.125,0.12397956848144531,30.805034637451172,-1.0877761840820312,24.25,0.9960781931877136,1,1,18.125,18.125,18.75,-3.25,21.5,-0.022727272727272728,0,0,0,0
driver_top20,clean,ablate,v5_qwen35_9b_166,165,20.875,0.7476723790168762,1.5,1.0861740112304688,1,1,0.125,0.02325671911239624,0.125,0.11977577209472656,6.243893623352051,-1.6178045272827148,20.75,0.72441565990448,1,1,19.375,19.375,18.5,-2.875,19.625,-0.05555555555555555,0,0,0,0
driver_top20,clean,ablate,v5_qwen35_9b_002,1,21.375,0.9536058306694031,3.75,3.0230026245117188,1,1,0.125,0.01685786247253418,0.375,0.3278160095214844,24.901065826416016,-1.1539249420166016,21.25,0.9367479681968689,1,1,17.875,17.625,18.0,-5.625,19.625,-0.038461538461538464,0,0,0,0
driver_top20,clean,ablate,v5_qwen35_9b_182,181,23.875,0.9939893484115601,5.75,5.108116149902344,1,1,0.625,0.006564319133758545,0.625,0.7448139190673828,28.421283721923828,-1.0992851257324219,23.25,0.9874250292778015,1,1,18.125,18.125,18.125,-5.5,20.6875,-0.12195121951219512,0,0,0,0
driver_top20,clean,ablate,v5_qwen35_9b_296,295,21.625,0.9355289340019226,3.25,2.6748199462890625,1,1,0.25,0.014116406440734863,0.25,0.2131938934326172,22.9744815826416,-2.7479724884033203,21.375,0.9214125275611877,1,1,18.375,18.375,19.0,-3.125,20.1875,-0.10526315789473684,0,0,0,0
driver_top20,clean,ablate,v5_qwen35_9b_299,298,21.5,0.9471579790115356,3.5,2.886087417602539,1,1,0.25,0.01657235622406006,0.375,0.29044342041015625,25.351699829101562,-2.259084701538086,21.25,0.9305856227874756,1,1,18.125,18.0,18.375,-2.5,19.8125,-0.08695652173913043,0,0,0,0
driver_top20,clean,ablate,v5_qwen35_9b_031,30,20.125,0.900646984577179,3.625,2.204355239868164,1,1,0.25,0.015059947967529297,0.25,0.15798187255859375,14.800989151000977,-1.0567560195922852,19.875,0.8855870366096497,1,1,16.5,16.5,18.5,-2.75,19.1875,-0.18181818181818182,0,0,0,0
driver_top20,clean,ablate,v5_qwen35_9b_093,92,21.5,0.9370148777961731,3.125,2.6997146606445312,1,1,0.375,0.03209918737411499,0.5,0.44672203063964844,20.50341033935547,-1.1139717102050781,21.125,0.9049156904220581,1,1,18.5,18.375,19.25,-2.5,20.1875,-0.2,0,0,0,0
driver_top20,clean,ablate,v5_qwen35_9b_216,215,23.75,0.9964549541473389,7.0,5.638593673706055,1,1,0.375,0.001945793628692627,0.75,0.4395275115966797,30.280521392822266,-2.440380096435547,23.375,0.9945091605186462,1,1,17.125,16.75,18.875,-2.5,21.125,-0.08333333333333333,0,0,0,0
driver_top20,clean,ablate,v5_qwen35_9b_151,150,21.125,0.8205373883247375,2.25,1.5199241638183594,1,1,0.125,0.04040926694869995,0.375,0.2535839080810547,12.895539283752441,-0.649968147277832,21.0,0.7801281213760376,1,1,19.125,18.875,19.125,-2.875,20.0625,-0.06666666666666667,0,0,0,0
driver_top20,clean,ablate,v5_qwen35_9b_183,182,24.5,0.9970368146896362,6.25,5.818458557128906,1,1,0.5,0.002011239528656006,0.5,0.5200443267822266,31.243497848510742,-1.571786880493164,24.0,0.9950255751609802,1,1,18.25,18.25,17.875,-4.625,20.9375,-0.08163265306122448,0,0,0,0
driver_top20,clean,ablate,v5_qwen35_9b_220,219,24.625,0.9986940026283264,7.125,6.63939094543457,1,1,0.375,0.000581204891204834,0.375,0.36870574951171875,34.31739044189453,-1.9473876953125,24.25,0.9981127977371216,1,1,17.5,17.5,18.75,-4.0,21.5,-0.06818181818181818,0,0,0,0
driver_top20,clean,ablate,v5_qwen35_9b_189,188,23.0,0.9883743524551392,5.625,4.442773818969727,1,1,0.125,0.0016453862190246582,0.125,0.13403892517089844,28.34039878845215,-1.2120170593261719,22.875,0.9867289662361145,1,1,17.375,17.375,18.125,-4.75,20.5,-0.02631578947368421,0,0,0,0
driver_top20,clean,ablate,v5_qwen35_9b_200,199,23.375,0.9880326986312866,5.375,4.413448333740234,1,1,0.625,0.007737994194030762,0.5,0.5065536499023438,26.5478572845459,-1.5399208068847656,22.75,0.9802947044372559,1,1,17.875,18.0,19.125,-2.5,20.9375,-0.1724137931034483,0,0,0,0
driver_top20,clean,ablate,v5_qwen35_9b_202,201,22.5,0.9841747879981995,5.0,4.130098342895508,1,1,0.125,0.002793252468109131,0.125,0.16538047790527344,27.592235565185547,-2.2016563415527344,22.375,0.9813815355300903,1,1,17.5,17.5,18.5,-2.625,20.4375,-0.03225806451612903,0,0,0,0
driver_top20,clean,ablate,v5_qwen35_9b_050,49,21.625,0.9539787769317627,3.875,3.0314579010009766,1,1,0.375,0.01764202117919922,0.25,0.343170166015625,20.709339141845703,-2.139913558959961,21.25,0.9363367557525635,1,1,17.625,17.75,18.875,-2.0,20.0625,-0.15789473684210525,0,0,0,0
driver_top20,clean,ablate,v5_qwen35_9b_098,97,21.5,0.9295014142990112,3.375,2.5789546966552734,1,1,0.25,0.02779519557952881,0.5,0.362701416015625,22.095930099487305,-1.4358711242675781,21.25,0.9017062187194824,1,1,18.375,18.125,19.75,-2.375,20.5,-0.16666666666666666,0,0,0,0
driver_top20,clean,ablate,v5_qwen35_9b_112,111,20.875,0.953626811504364,4.125,3.023456573486328,1,1,0.125,0.008763730525970459,0.375,0.18231582641601562,22.821969985961914,-1.5485687255859375,20.75,0.9448630809783936,1,1,17.0,16.75,17.75,-3.875,19.25,-0.041666666666666664,0,0,0,0
driver_top20,clean,ablate,v5_qwen35_9b_150,149,20.625,0.7494543194770813,2.125,1.0956268310546875,1,1,0.125,0.03541785478591919,0.125,0.1806354522705078,-1.86008620262146,-0.7219619750976562,20.5,0.7140364646911621,1,1,18.5,18.5,18.75,-2.375,19.625,-0.07142857142857142,0,0,0,0
driver_top20,clean,ablate,v5_qwen35_9b_247,246,20.5,0.7394877076148987,2.125,1.0432319641113281,1,1,0.25,0.022340357303619385,0.125,0.1129608154296875,2.3697049617767334,-1.4908103942871094,20.25,0.7171473503112793,1,1,18.25,18.375,18.5,-3.0,19.375,-0.14285714285714285,0,0,0,0
driver_top20,clean,ablate,v5_qwen35_9b_049,48,21.75,0.9501482248306274,4.0,2.9474754333496094,1,1,0.375,0.019098222255706787,0.375,0.3446388244628906,14.706229209899902,-0.9791269302368164,21.375,0.9310500025749207,1,1,17.75,17.75,18.875,-2.25,20.125,-0.15,0,0,0,0
driver_top20,clean,ablate,v5_qwen35_9b_056,55,21.75,0.9402360320091248,4.125,2.7556514739990234,1,1,0.375,0.018198907375335693,0.125,0.2854022979736328,16.895633697509766,-1.0760421752929688,21.375,0.9220371246337891,1,1,17.375,17.625,19.25,-2.625,20.3125,-0.17647058823529413,0,0,0,0
driver_top20,clean,ablate,v5_qwen35_9b_092,91,21.125,0.9572785496711731,3.375,3.1092872619628906,1,1,0.25,0.012107908725738525,0.25,0.2622261047363281,27.102758407592773,-1.9737510681152344,20.875,0.9451706409454346,1,1,17.75,17.75,19.375,-2.375,20.125,-0.16666666666666666,0,0,0,0
driver_top20,clean,ablate,v5_qwen35_9b_111,110,21.25,0.9061952829360962,3.125,2.267953872680664,1,1,0.125,0.026192903518676758,0.25,0.27557373046875,12.557073593139648,-0.2475566864013672,21.125,0.8800023794174194,1,1,18.25,18.125,18.125,-3.5,19.625,-0.041666666666666664,0,0,0,0
driver_top20,clean,ablate,v5_qwen35_9b_212,211,25.125,0.9993191957473755,8.0,7.291240692138672,1,1,0.125,0.00028634071350097656,0.375,0.3512248992919922,34.68075180053711,-1.3644599914550781,25.0,0.9990328550338745,1,1,17.375,17.125,19.375,-0.875,22.1875,-0.022222222222222223,0,0,0,0
driver_top20,clean,ablate,v5_qwen35_9b_283,282,21.25,0.9336305856704712,4.0,2.643747329711914,1,1,0.25,0.010547935962677002,0.25,0.1588420867919922,24.503873825073242,-1.8318023681640625,21.0,0.9230826497077942,1,1,17.25,17.25,18.375,-3.75,19.6875,-0.09523809523809523,0,0,0,0
driver_top20,clean,ablate,v5_qwen35_9b_010,9,21.5,0.9466935396194458,3.75,2.8768444061279297,1,1,0.25,0.023334622383117676,0.375,0.3880577087402344,22.576738357543945,-0.8700141906738281,21.25,0.9233589172363281,1,1,17.875,17.75,19.0,-2.625,20.125,-0.1111111111111111,0,0,0,0
driver_top20,clean,ablate,v5_qwen35_9b_173,172,21.25,0.8872173428535461,2.625,2.062540054321289,1,1,0.375,0.03402841091156006,0.25,0.3027763366699219,14.279374122619629,-1.4257049560546875,20.875,0.8531889319419861,1,1,18.5,18.625,18.875,-3.0,19.875,-0.1875,0,0,0,0
driver_top20,clean,ablate,v5_qwen35_9b_196,195,24.25,0.9978673458099365,6.625,6.148248672485352,1,1,0.125,0.00044214725494384766,0.125,0.1889629364013672,33.4180793762207,-1.6427536010742188,24.125,0.9974251985549927,1,1,17.625,17.625,19.0,-2.375,21.5625,-0.024390243902439025,0,0,0,0
driver_top20,clean,ablate,v5_qwen35_9b_227,226,22.875,0.9806818962097168,4.625,3.927133560180664,1,1,-0.125,-0.001131892204284668,-0.125,-0.06151580810546875,24.468671798706055,-2.30584716796875,23.0,0.9818137884140015,1,1,18.25,18.25,19.875,-2.25,21.4375,0.04,0,0,0,0
driver_top20,clean,ablate,v5_qwen35_9b_268,267,21.125,0.9287282824516296,3.375,2.5672340393066406,1,1,0.25,0.03453296422958374,0.5,0.4329833984375,23.248668670654297,-1.562835693359375,20.875,0.8941953182220459,1,1,18.0,17.75,19.125,-3.75,20.0,-0.14285714285714285,0,0,0,0
driver_top20,clean,ablate,v5_qwen35_9b_090,89,21.375,0.8782339692115784,2.5,1.9757366180419922,1,1,0.125,0.0036969780921936035,0.0,0.03412818908691406,18.294414520263672,-1.4739799499511719,21.25,0.8745369911193848,1,1,18.75,18.875,18.875,-2.75,20.0625,-0.05263157894736842,0,0,0,0
driver_top20,clean,ablate,v5_qwen35_9b_091,90,20.875,0.8252078890800476,2.375,1.5519561767578125,1,1,0.25,0.024408042430877686,0.25,0.16072654724121094,7.11472749710083,-1.285438060760498,20.625,0.8007998466491699,1,1,18.5,18.5,18.875,-2.875,19.75,-0.14285714285714285,0,0,0,0
driver_top20,clean,ablate,v5_qwen35_9b_155,154,21.375,0.9119938611984253,2.875,2.3381595611572266,1,1,0.125,0.009573519229888916,0.25,0.11382865905761719,20.827898025512695,-1.5931339263916016,21.25,0.9024203419685364,1,1,18.625,18.5,19.125,-2.375,20.1875,-0.058823529411764705,0,0,0,0
driver_top20,clean,ablate,v5_qwen35_9b_238,237,23.25,0.992542028427124,5.75,4.8909149169921875,1,1,0.125,0.002098977565765381,0.125,0.25011253356933594,29.864398956298828,-1.6335067749023438,23.125,0.9904430508613586,1,1,17.5,17.5,18.125,-3.25,20.625,-0.025,0,0,0,0
driver_top20,clean,ablate,v5_qwen35_9b_293,292,21.75,0.9492476582527161,3.75,2.928640365600586,1,1,0.25,0.013614833354949951,0.25,0.25209999084472656,24.765819549560547,-2.122537612915039,21.5,0.9356328248977661,1,1,18.0,18.0,19.75,-2.0,20.625,-0.14285714285714285,0,0,0,0
driver_top20,clean,ablate,v5_qwen35_9b_198,197,23.75,0.9939255118370056,6.0,5.097517013549805,1,1,0.25,0.0016376376152038574,0.0,0.2404022216796875,26.454313278198242,-1.9316368103027344,23.5,0.9922878742218018,1,1,17.5,17.75,19.25,-2.75,21.375,-0.058823529411764705,0,0,0,0
driver_top20,clean,ablate,v5_qwen35_9b_230,229,22.125,0.9900588393211365,6.25,4.601037979125977,1,1,0.375,0.004199385643005371,0.75,0.3566303253173828,23.882741928100586,-2.386066436767578,21.75,0.9858594536781311,1,1,16.25,15.875,18.75,-2.5,20.25,-0.125,0,0,0,0
driver_top20,clean,ablate,v5_qwen35_9b_273,272,21.375,0.9289080500602722,3.625,2.569967269897461,1,1,0.25,0.0033222436904907227,0.125,0.049251556396484375,21.982046127319336,-2.3998279571533203,21.125,0.9255858063697815,1,1,17.625,17.75,19.125,-2.75,20.125,-0.125,0,0,0,0
driver_top20,clean,ablate,v5_qwen35_9b_051,50,21.125,0.9216943979263306,3.375,2.465503692626953,1,1,0.25,0.02837085723876953,0.5,0.340423583984375,17.630849838256836,-2.1589927673339844,20.875,0.893323540687561,1,1,18.0,17.75,18.75,-2.375,19.8125,-0.11764705882352941,0,0,0,0
driver_top20,clean,ablate,v5_qwen35_9b_174,173,21.375,0.81646728515625,2.125,1.492532730102539,1,1,0.125,0.011136531829833984,0.125,0.07265472412109375,13.24691104888916,-1.758432388305664,21.25,0.805330753326416,1,1,19.25,19.25,18.125,-3.0,19.6875,-0.04,0,0,0,0
driver_top20,clean,ablate,v5_qwen35_9b_215,214,23.5,0.9942050576210022,5.625,5.144866943359375,1,1,0.25,0.0024666786193847656,0.375,0.3570823669433594,27.452476501464844,-2.428417205810547,23.25,0.9917383790016174,1,1,18.0,17.875,18.5,-2.125,20.875,-0.05263157894736842,0,0,0,0
driver_top20,clean,ablate,v5_qwen35_9b_271,270,21.25,0.9709590077400208,4.25,3.5095252990722656,1,1,0.375,0.015506327152252197,0.625,0.4439563751220703,27.06254768371582,-2.6869735717773438,20.875,0.9554526805877686,1,1,17.25,17.0,18.875,-1.875,19.875,-0.1875,0,0,0,0
driver_top20,clean,ablate,v5_qwen35_9b_297,296,21.625,0.9702817797660828,4.25,3.4857635498046875,1,1,0.25,0.0067351460456848145,0.25,0.2112560272216797,28.261137008666992,-1.7011604309082031,21.375,0.963546633720398,1,1,17.375,17.375,19.0,-1.875,20.1875,-0.10526315789473684,0,0,0,0
driver_top20,clean,ablate,v5_qwen35_9b_249,248,21.125,0.9099584221839905,2.75,2.3130359649658203,1,1,0.375,0.022908151149749756,0.25,0.2521533966064453,23.229812622070312,-2.0909366607666016,20.75,0.8870502710342407,1,1,18.25,18.375,18.875,-2.625,19.8125,-0.2,0,0,0,0
driver_top20,clean,ablate,v5_qwen35_9b_041,40,21.625,0.9794171452522278,5.0,3.8624401092529297,1,1,0.25,0.009961128234863281,0.5,0.40493011474609375,19.6165771484375,-1.1740074157714844,21.375,0.9694560170173645,1,1,16.875,16.625,20.0,-1.125,20.6875,-0.18181818181818182,0,0,0,0
driver_top20,clean,ablate,v5_qwen35_9b_177,176,21.125,0.8872990608215332,2.5,2.0633583068847656,1,1,0.25,0.029254555702209473,0.375,0.26428794860839844,14.205086708068848,-1.7047271728515625,20.875,0.8580445051193237,1,1,18.75,18.625,18.25,-3.25,19.5625,-0.09523809523809523,0,0,0,0
driver_top20,clean,ablate,v5_qwen35_9b_211,210,25.375,0.9981619715690613,6.5,6.297136306762695,1,1,0.375,0.0006186366081237793,0.25,0.2907276153564453,34.65934753417969,-1.4841499328613281,25.0,0.9975433349609375,1,1,18.75,18.875,19.375,-0.875,22.1875,-0.06666666666666667,0,0,0,0
driver_top20,clean,ablate,v5_qwen35_9b_096,95,21.625,0.9268219470977783,3.0,2.5387954711914062,1,1,0.375,0.036379337310791016,0.5,0.44361114501953125,17.98335838317871,-1.9484920501708984,21.25,0.8904426097869873,1,1,18.75,18.625,19.375,-2.375,20.3125,-0.2,0,0,0,0
driver_top20,clean,ablate,v5_qwen35_9b_149,148,21.25,0.8275529742240906,2.375,1.568307876586914,1,1,0.125,0.024483442306518555,0.125,0.1627826690673828,7.2940473556518555,-0.562375545501709,21.125,0.803069531917572,1,1,18.875,18.875,19.25,-2.375,20.1875,-0.06666666666666667,0,0,0,0
driver_top20,clean,ablate,v5_qwen35_9b_236,235,22.875,0.9937286376953125,6.0,5.0654296875,1,1,0.375,0.0034425854682922363,0.375,0.4410724639892578,31.06437873840332,-2.151296615600586,22.5,0.9902860522270203,1,1,16.875,16.875,18.75,-3.0,20.625,-0.1,0,0,0,0
driver_top20,clean,ablate,v5_qwen35_9b_016,15,20.75,0.9759002327919006,5.0,3.7011184692382812,1,1,0.25,0.010596871376037598,0.5,0.37535667419433594,22.73212242126465,-1.487161636352539,20.5,0.965303361415863,1,1,16.0,15.75,19.875,-2.25,20.1875,-0.4,0,0,0,0
driver_top20,clean,ablate,v5_qwen35_9b_053,52,21.125,0.9465155005455017,3.75,2.873332977294922,1,1,0.25,0.0251772403717041,0.5,0.412750244140625,18.94914436340332,-1.2385063171386719,20.875,0.9213382601737976,1,1,17.625,17.375,18.875,-1.875,19.875,-0.125,0,0,0,0
driver_top20,clean,ablate,v5_qwen35_9b_077,76,21.375,0.9487835168838501,3.75,2.919034957885742,1,1,0.125,0.014931917190551758,0.25,0.2716808319091797,26.726533889770508,-2.1187496185302734,21.25,0.9338515996932983,1,1,17.75,17.625,18.5,-4.375,19.875,-0.045454545454545456,0,0,0,0
driver_top20,clean,ablate,v5_qwen35_9b_233,232,22.375,0.9860489368438721,5.125,4.258073806762695,1,1,0.125,0.0040708184242248535,0.125,0.2601909637451172,24.916234970092773,-1.7411022186279297,22.25,0.9819781184196472,1,1,17.25,17.25,17.5,-3.625,19.875,-0.02631578947368421,0,0,0,0
driver_top20,clean,ablate,v5_qwen35_9b_264,263,20.5,0.9092944860458374,3.125,2.3049659729003906,1,1,0.25,0.026389002799987793,0.375,0.2848243713378906,17.739023208618164,-1.3217849731445312,20.25,0.8829054832458496,1,1,17.5,17.375,19.0,-1.875,19.625,-0.2,0,0,0,0
driver_top20,clean,ablate,v5_qwen35_9b_020,19,21.875,0.9729583859443665,5.0,3.5829010009765625,1,1,0.375,0.012763500213623047,0.625,0.3998260498046875,18.39703941345215,-1.8397407531738281,21.5,0.9601948857307434,1,1,17.125,16.875,19.75,-1.625,20.625,-0.21428571428571427,0,0,0,0
driver_top20,clean,ablate,v5_qwen35_9b_021,20,21.5,0.9818400740623474,5.0,3.99017333984375,1,1,0.375,0.00896519422531128,0.25,0.4104194641113281,22.748138427734375,-1.43133544921875,21.125,0.9728748798370361,1,1,16.375,16.5,19.625,-1.5,20.375,-0.25,0,0,0,0
driver_top20,clean,ablate,v5_qwen35_9b_030,29,20.875,0.9294587969779968,3.5,2.5783329010009766,1,1,0.125,0.009766697883605957,0.125,0.14025115966796875,22.69622802734375,-1.681192398071289,20.75,0.9196920990943909,1,1,17.375,17.375,18.25,-2.875,19.5,-0.05,0,0,0,0
driver_top20,clean,ablate,v5_qwen35_9b_035,34,21.625,0.9552513957023621,4.0,3.060821533203125,1,1,0.125,0.014390885829925537,0.5,0.29399681091308594,20.03368377685547,-2.4113197326660156,21.5,0.9408605098724365,1,1,18.0,17.625,19.25,-2.5,20.375,-0.05555555555555555,0,0,0,0
driver_top20,clean,ablate,v5_qwen35_9b_104,103,21.5,0.9735270142555237,4.5,3.6047325134277344,1,1,0.25,0.012249648571014404,0.5,0.3929862976074219,21.643726348876953,-1.1117515563964844,21.25,0.9612773656845093,1,1,17.25,17.0,20.0,-1.75,20.625,-0.2,0,0,0,0
driver_top20,clean,ablate,v5_qwen35_9b_176,175,21.625,0.9030530452728271,2.625,2.2315406799316406,1,1,0.25,0.012960195541381836,0.125,0.1399250030517578,12.943049430847168,-2.2075653076171875,21.375,0.8900928497314453,1,1,18.875,19.0,19.125,-2.5,20.25,-0.1111111111111111,0,0,0,0
driver_top20,clean,ablate,v5_qwen35_9b_191,190,22.875,0.992618978023529,5.625,4.901348114013672,1,1,0.375,0.0059967041015625,0.625,0.6007041931152344,30.538509368896484,-1.3931045532226562,22.5,0.9866222739219666,1,1,17.5,17.25,18.375,-4.875,20.4375,-0.09090909090909091,0,0,0,0
driver_top20,clean,ablate,v5_qwen35_9b_204,203,22.75,0.9896973967552185,5.375,4.564933776855469,1,1,0.125,0.00270235538482666,0.25,0.23565673828125,26.038257598876953,-2.033191680908203,22.625,0.9869950413703918,1,1,17.5,17.375,18.0,-2.75,20.3125,-0.02702702702702703,0,0,0,0
driver_top20,clean,ablate,v5_qwen35_9b_222,221,22.25,0.979223906993866,5.125,3.8528709411621094,1,1,0.25,0.007424533367156982,0.375,0.3131389617919922,21.918682098388672,-2.5248775482177734,22.0,0.971799373626709,1,1,17.25,17.125,18.625,-2.375,20.3125,-0.07407407407407407,0,0,0,0
driver_top20,clean,ablate,v5_qwen35_9b_248,247,21.125,0.921633243560791,2.875,2.4646778106689453,1,1,0.25,0.029449403285980225,0.375,0.35151100158691406,15.63509750366211,-1.3299980163574219,20.875,0.8921838402748108,1,1,18.375,18.25,19.375,-2.25,20.125,-0.16666666666666666,0,0,0,0
driver_top20,clean,ablate,v5_qwen35_9b_052,51,21.25,0.9345548152923584,3.25,2.6587657928466797,1,1,0.375,0.028475821018218994,0.5,0.3921852111816406,25.545625686645508,-2.343271255493164,20.875,0.9060789942741394,1,1,18.125,18.0,18.25,-2.375,19.5625,-0.14285714285714285,0,0,0,0
driver_top20,clean,ablate,v5_qwen35_9b_069,68,21.75,0.9506890177726746,3.75,2.9589576721191406,1,1,0.25,0.023575425148010254,0.5,0.4158592224121094,18.53895378112793,-1.0662212371826172,21.5,0.9271135926246643,1,1,18.25,18.0,18.375,-4.625,19.9375,-0.08,0,0,0,0
driver_top20,clean,ablate,v5_qwen35_9b_083,82,21.5,0.9646768569946289,4.0,3.3071670532226562,1,1,0.625,0.03119349479675293,0.75,0.6657810211181641,19.692289352416992,-0.6250019073486328,20.875,0.933483362197876,1,1,17.625,17.5,19.625,-2.625,20.25,-0.5,0,0,0,0
driver_top20,clean,ablate,v5_qwen35_9b_087,86,22.0,0.97962486743927,4.25,3.872793197631836,1,1,0.5,0.012382030487060547,0.375,0.4875526428222656,25.71380615234375,0.43182945251464844,21.5,0.9672428369522095,1,1,17.625,17.75,19.75,-2.0,20.625,-0.2857142857142857,0,0,0,0
driver_top20,clean,ablate,v5_qwen35_9b_170,169,21.5,0.9078337550163269,2.625,2.287382125854492,1,1,0.25,0.034604549407958984,0.375,0.35762786865234375,11.14456844329834,-0.4885988235473633,21.25,0.8732292056083679,1,1,19.0,18.875,18.875,-2.25,20.0625,-0.10526315789473684,0,0,0,0
driver_top20,clean,ablate,v5_qwen35_9b_186,185,24.125,0.9976074695587158,6.625,6.032922744750977,1,1,0.375,0.002142488956451416,0.5,0.6416339874267578,33.34709930419922,-1.7355461120605469,23.75,0.9954649806022644,1,1,17.625,17.5,18.375,-4.625,21.0625,-0.06976744186046512,0,0,0,0
driver_top20,clean,ablate,v5_qwen35_9b_214,213,24.25,0.9972963929176331,6.25,5.91033935546875,1,1,0.375,0.0013636350631713867,0.25,0.4097156524658203,34.972740173339844,-0.9880828857421875,23.875,0.9959327578544617,1,1,17.875,18.0,18.625,-2.875,21.25,-0.07142857142857142,0,0,0,0
driver_top20,clean,ablate,v5_qwen35_9b_240,239,23.125,0.9956423044204712,7.0,5.431402206420898,1,1,0.375,0.003564178943634033,0.625,0.6012916564941406,27.41948699951172,-1.4436779022216797,22.75,0.9920781254768372,1,1,16.375,16.125,19.25,-2.125,21.0,-0.10714285714285714,0,0,0,0
driver_top20,clean,ablate,v5_qwen35_9b_284,283,20.375,0.9037923812866211,3.125,2.240011215209961,1,1,0.5,0.05585712194442749,0.625,0.5215835571289062,21.283390045166016,-0.762939453125,19.875,0.8479352593421936,1,1,17.375,17.25,18.75,-2.5,19.3125,-0.4444444444444444,0,0,0,0
driver_top20,clean,ablate,v5_qwen35_9b_044,43,21.25,0.9583883881568909,3.75,3.136808395385742,1,1,0.375,0.02078467607498169,0.5,0.4270801544189453,16.217327117919922,-2.815937042236328,20.875,0.9376037120819092,1,1,17.625,17.5,19.0,-2.0,19.9375,-0.2,0,0,0,0
driver_top20,clean,ablate,v5_qwen35_9b_068,67,21.5,0.9591500163078308,3.875,3.1560611724853516,1,1,0.125,0.011682450771331787,0.25,0.2637786865234375,17.3814697265625,-2.5495834350585938,21.375,0.947467565536499,1,1,17.75,17.625,18.375,-4.625,19.875,-0.041666666666666664,0,0,0,0
driver_top20,clean,ablate,v5_qwen35_9b_079,78,21.75,0.9701172709465027,4.75,3.48004150390625,1,1,0.25,0.006669044494628906,0.375,0.20833778381347656,18.263946533203125,-1.8554515838623047,21.5,0.9634482264518738,1,1,17.125,17.0,19.625,-2.125,20.5625,-0.13333333333333333,0,0,0,0
driver_top20,clean,ablate,v5_qwen35_9b_127,126,21.625,0.9468271136283875,3.625,2.8794937133789062,1,1,0.125,0.013200581073760986,0.25,0.23579978942871094,19.21938133239746,-2.371427536010742,21.5,0.9336265325546265,1,1,18.125,18.0,18.375,-4.625,19.9375,-0.04,0,0,0,0
driver_top20,clean,ablate,v5_qwen35_9b_218,217,21.375,0.9661114811897278,4.75,3.3501453399658203,1,1,0.25,0.013659417629241943,0.375,0.35289764404296875,23.298080444335938,-2.1255626678466797,21.125,0.9524520635604858,1,1,16.75,16.625,18.375,-3.125,19.75,-0.09090909090909091,0,0,0,0
driver_top20,clean,ablate,v5_qwen35_9b_097,96,21.5,0.928226888179779,3.125,2.5596885681152344,1,1,0.25,0.023192524909973145,0.375,0.3053150177001953,15.782999992370605,-1.6254568099975586,21.25,0.9050343632698059,1,1,18.5,18.375,19.75,-2.375,20.5,-0.16666666666666666,0,0,0,0
driver_top20,clean,ablate,v5_qwen35_9b_169,168,20.875,0.9505866765975952,3.5,2.9568023681640625,1,1,0.375,0.021822094917297363,0.5,0.3890037536621094,19.238977432250977,-1.3467788696289062,20.5,0.9287645816802979,1,1,17.5,17.375,19.125,-1.875,19.8125,-0.2727272727272727,0,0,0,0
driver_top20,clean,ablate,v5_qwen35_9b_188,187,23.375,0.9959841966629028,6.625,5.5134429931640625,1,1,0.625,0.0034522414207458496,0.5,0.623870849609375,31.205965042114258,-1.4708423614501953,22.75,0.992531955242157,1,1,16.625,16.75,18.25,-4.625,20.5,-0.1388888888888889,0,0,0,0
driver_top20,clean,ablate,v5_qwen35_9b_234,233,22.875,0.9924463629722595,6.0,4.878086090087891,1,1,0.5,0.00710684061050415,0.625,0.6703262329101562,25.176794052124023,-1.2356910705566406,22.375,0.9853395223617554,1,1,17.0,16.875,18.75,-2.375,20.5625,-0.13793103448275862,0,0,0,0
driver_top20,clean,ablate,v5_qwen35_9b_288,287,21.25,0.906220555305481,3.25,2.268239974975586,1,1,0.25,0.02951914072036743,0.25,0.3067607879638672,11.556419372558594,-1.107778549194336,21.0,0.8767014145851135,1,1,18.0,18.0,18.375,-3.5,19.6875,-0.09523809523809523,0,0,0,0
driver_top20,clean,ablate,v5_qwen35_9b_009,8,21.125,0.8671548366546631,2.625,1.875955581665039,1,1,0.25,0.027497172355651855,0.125,0.22035980224609375,5.632359027862549,-1.0294404029846191,20.875,0.8396576642990112,1,1,18.375,18.5,19.125,-2.875,20.0,-0.14285714285714285,0,0,0,0
driver_top20,clean,ablate,v5_qwen35_9b_043,42,21.375,0.9717555642127991,4.5,3.5381393432617188,1,1,0.375,0.014689862728118896,0.625,0.4340229034423828,17.92746353149414,-1.6601924896240234,21.0,0.9570657014846802,1,1,17.125,16.875,18.875,-1.625,19.9375,-0.17647058823529413,0,0,0,0
driver_top20,clean,ablate,v5_qwen35_9b_124,123,21.0,0.9300458431243896,3.0,2.587322235107422,1,1,0.375,0.024858534336090088,0.375,0.33118629455566406,14.5656099319458,-1.122915267944336,20.625,0.9051873087882996,1,1,18.0,18.0,18.375,-4.75,19.5,-0.16666666666666666,0,0,0,0
driver_top20,clean,ablate,v5_qwen35_9b_145,144,20.625,0.9335989952087402,3.25,2.64324951171875,1,1,0.5,0.031537532806396484,0.5,0.42299842834472656,18.93979263305664,-1.3590373992919922,20.125,0.9020614624023438,1,1,17.375,17.375,19.75,-1.625,19.9375,-1.3333333333333333,0,0,0,0
driver_top20,clean,ablate,v5_qwen35_9b_206,205,24.375,0.9982385635375977,6.875,6.339851379394531,1,1,0.125,0.00030422210693359375,0.125,0.15971755981445312,31.27510643005371,-2.3977413177490234,24.25,0.9979343414306641,1,1,17.5,17.5,18.875,-2.75,21.5625,-0.023255813953488372,0,0,0,0
driver_top20,clean,ablate,v5_qwen35_9b_226,225,23.125,0.9944767355918884,6.125,5.193195343017578,1,1,0.125,0.0015782713890075684,0.25,0.2529621124267578,33.258888244628906,-1.7644691467285156,23.0,0.9928984642028809,1,1,17.125,17.0,18.875,-1.625,20.9375,-0.030303030303030304,0,0,0,0
driver_top20,clean,ablate,v5_qwen35_9b_276,275,20.75,0.9256013035774231,3.375,2.520923614501953,1,1,0.375,0.02905052900314331,0.5,0.3615226745605469,20.496889114379883,-1.8650703430175781,20.375,0.8965507745742798,1,1,17.5,17.375,18.75,-2.25,19.5625,-0.23076923076923078,0,0,0,0
driver_top20,clean,ablate,v5_qwen35_9b_300,299,20.875,0.9075608849525452,2.875,2.284130096435547,1,1,0.25,0.030512452125549316,0.375,0.3194408416748047,14.019684791564941,-0.8522405624389648,20.625,0.8770484328269958,1,1,18.125,18.0,17.875,-4.875,19.25,-0.09090909090909091,0,0,0,0
driver_top20,clean,ablate,v5_qwen35_9b_017,16,21.25,0.9696943759918213,4.625,3.4655838012695312,1,1,0.375,0.009608328342437744,0.125,0.28534507751464844,17.778825759887695,-2.0200862884521484,20.875,0.9600860476493835,1,1,16.375,16.625,19.625,-2.625,20.25,-0.3,0,0,0,0
driver_top20,clean,ablate,v5_qwen35_9b_047,46,21.25,0.9812533259391785,5.0,3.957775115966797,1,1,0.375,0.007313728332519531,0.5,0.33689117431640625,22.707021713256836,-2.3605575561523438,20.875,0.9739395976066589,1,1,16.375,16.25,19.25,-1.0,20.0625,-0.23076923076923078,0,0,0,0
driver_top20,clean,ablate,v5_qwen35_9b_071,70,21.875,0.9693961143493652,4.625,3.4554672241210938,1,1,0.375,0.009592831134796143,0.5,0.28261756896972656,20.449689865112305,-2.8766841888427734,21.5,0.9598032832145691,1,1,17.375,17.25,17.875,-5.75,19.6875,-0.10344827586206896,0,0,0,0
driver_top20,clean,ablate,v5_qwen35_9b_088,87,22.25,0.9723839163780212,4.25,3.5612735748291016,1,1,0.375,0.017135679721832275,0.5,0.5005245208740234,18.924678802490234,-1.586618423461914,21.875,0.955248236656189,1,1,18.125,18.0,19.875,-2.125,20.875,-0.1875,0,0,0,0
driver_top20,clean,ablate,v5_qwen35_9b_128,127,21.5,0.9270491003990173,3.125,2.542144775390625,1,1,0.375,0.028360068798065186,0.375,0.35950279235839844,22.39205551147461,-1.4492683410644531,21.125,0.8986890316009521,1,1,18.375,18.375,18.5,-4.375,19.8125,-0.14285714285714285,0,0,0,0
driver_top20,clean,ablate,v5_qwen35_9b_162,161,20.75,0.8818989396095276,2.75,2.010448455810547,1,1,0.25,0.01654982566833496,0.25,0.15008163452148438,4.864223003387451,-0.8241209983825684,20.5,0.8653491139411926,1,1,18.0,18.0,19.0,-2.25,19.75,-0.16666666666666666,0,0,0,0
driver_top20,clean,ablate,v5_qwen35_9b_185,184,24.0,0.9974175691604614,6.75,5.956438064575195,1,1,0.375,0.0016728043556213379,0.5,0.5011653900146484,30.754009246826172,-2.297710418701172,23.625,0.9957447648048401,1,1,17.375,17.25,18.625,-4.25,21.125,-0.075,0,0,0,0
driver_top20,clean,ablate,v5_qwen35_9b_005,4,21.0,0.94419264793396,3.875,2.8283519744873047,1,1,0.375,0.018726348876953125,0.125,0.30938720703125,14.824462890625,-1.8389301300048828,20.625,0.9254662990570068,1,1,16.875,17.125,19.625,-2.0,20.125,-0.375,0,0,0,0
driver_top20,clean,ablate,v5_qwen35_9b_028,27,21.75,0.9701023697853088,4.625,3.479555130004883,1,1,0.25,0.013557910919189453,0.375,0.38803672790527344,23.310625076293945,-0.9554119110107422,21.5,0.9565444588661194,1,1,17.25,17.125,19.0,-2.5,20.25,-0.1,0,0,0,0
driver_top20,clean,ablate,v5_qwen35_9b_034,33,21.125,0.9281525015830994,3.75,2.558574676513672,1,1,0.25,0.009838223457336426,0.0,0.1389904022216797,13.761468887329102,-2.319133758544922,20.875,0.9183142781257629,1,1,17.125,17.375,18.625,-2.625,19.75,-0.1111111111111111,0,0,0,0
driver_top20,clean,ablate,v5_qwen35_9b_231,230,23.625,0.9980752468109131,7.75,6.251068115234375,1,1,0.375,0.0010333657264709473,0.5,0.4308357238769531,29.844697952270508,-1.5877933502197266,23.25,0.9970418810844421,1,1,16.0,15.875,19.125,-1.25,21.1875,-0.09090909090909091,0,0,0,0
driver_top20,clean,ablate,v5_qwen35_9b_237,236,22.875,0.9887933135032654,5.25,4.479913711547852,1,1,0.125,0.0011879801750183105,0.125,0.10196876525878906,28.622758865356445,-2.117389678955078,22.75,0.9876053333282471,1,1,17.625,17.625,18.0,-3.5,20.375,-0.02631578947368421,0,0,0,0
driver_top20,clean,ablate,v5_qwen35_9b_253,252,19.875,0.7944632768630981,2.625,1.3519439697265625,1,1,0.375,0.053489744663238525,0.375,0.3009815216064453,3.952239513397217,-0.9435787200927734,19.5,0.7409735321998596,1,1,17.25,17.25,19.25,-2.0,19.375,-1.5,0,0,0,0
driver_top20,clean,ablate,v5_qwen35_9b_260,259,20.375,0.9135320782661438,3.375,2.3574581146240234,1,1,0.375,0.031116843223571777,0.5,0.3420143127441406,19.914127349853516,-1.284383773803711,20.0,0.882415235042572,1,1,17.125,17.0,18.75,-1.625,19.375,-0.3,0,0,0,0
driver_top20,clean,ablate,v5_qwen35_9b_019,18,20.875,0.9498266577720642,4.0,2.9407272338867188,1,1,0.375,0.025519490242004395,0.375,0.4384193420410156,16.431421279907227,-1.080331802368164,20.5,0.9243071675300598,1,1,16.875,16.875,19.25,-2.375,19.875,-0.3,0,0,0,0
driver_top20,clean,ablate,v5_qwen35_9b_048,47,21.625,0.9683505892753601,4.25,3.420804977416992,1,1,0.25,0.008111536502838135,0.25,0.23659324645996094,19.67443084716797,-2.303203582763672,21.375,0.960239052772522,1,1,17.375,17.375,19.125,-1.875,20.25,-0.1111111111111111,0,0,0,0
driver_top20,clean,ablate,v5_qwen35_9b_084,83,21.25,0.9590986967086792,3.625,3.154766082763672,1,1,0.25,0.008581161499023438,0.25,0.19948387145996094,19.723482131958008,-1.8226318359375,21.0,0.9505175352096558,1,1,17.625,17.625,19.375,-2.375,20.1875,-0.15384615384615385,0,0,0,0
driver_top20,clean,ablate,v5_qwen35_9b_190,189,23.25,0.9971599578857422,7.125,5.860992431640625,1,1,0.25,0.0017671585083007812,0.5,0.4855480194091797,32.434776306152344,-0.7264366149902344,23.0,0.9953927993774414,1,1,16.375,16.125,18.25,-4.125,20.625,-0.05263157894736842,0,0,0,0
driver_top20,clean,ablate,v5_qwen35_9b_282,281,19.875,0.7997408509254456,2.375,1.384592056274414,1,1,0.25,0.047058165073394775,0.25,0.27169036865234375,8.180420875549316,-1.3079109191894531,19.625,0.7526826858520508,1,1,17.5,17.5,18.375,-3.0,19.0,-0.2,0,0,0,0
driver_top20,clean,ablate,v5_qwen35_9b_287,286,21.625,0.9432875514030457,3.625,2.8113040924072266,1,1,0.375,0.021465718746185303,0.375,0.3440265655517578,13.70960807800293,-1.955148696899414,21.25,0.9218218326568604,1,1,18.0,18.0,19.375,-2.125,20.3125,-0.2,0,0,0,0
driver_top20,clean,ablate,v5_qwen35_9b_011,10,21.25,0.9112130403518677,3.625,2.328462600708008,1,1,0.375,0.03485304117202759,0.5,0.370147705078125,7.668193817138672,-1.22357177734375,20.875,0.8763599991798401,1,1,17.75,17.625,19.375,-2.375,20.125,-0.25,0,0,0,0
driver_top20,clean,ablate,v5_qwen35_9b_025,24,21.0,0.9614403247833252,4.125,3.216136932373047,1,1,0.25,0.015139758586883545,0.25,0.3470649719238281,15.929919242858887,-1.0263071060180664,20.75,0.9463005661964417,1,1,16.875,16.875,19.125,-2.0,19.9375,-0.15384615384615385,0,0,0,0
driver_top20,clean,ablate,v5_qwen35_9b_089,88,22.125,0.9455037713050842,4.0,2.8534984588623047,1,1,0.375,0.021526634693145752,0.375,0.3559226989746094,8.734112739562988,-1.5722742080688477,21.75,0.9239771366119385,1,1,18.125,18.125,19.375,-2.25,20.5625,-0.15789473684210525,0,0,0,0
driver_top20,clean,ablate,v5_qwen35_9b_131,130,21.875,0.9214128255844116,3.125,2.461620330810547,1,1,0.25,0.009353041648864746,0.125,0.12264442443847656,21.333087921142578,-1.800699234008789,21.625,0.9120597839355469,1,1,18.625,18.75,18.0,-4.875,19.8125,-0.06896551724137931,0,0,0,0
driver_top20,clean,ablate,v5_qwen35_9b_168,167,20.75,0.8933388590812683,2.625,2.1252174377441406,1,1,0.25,0.025893211364746094,0.25,0.24673843383789062,9.981155395507812,-1.0453367233276367,20.5,0.8674456477165222,1,1,18.125,18.125,18.875,-2.625,19.6875,-0.15384615384615385,0,0,0,0
driver_top20,clean,ablate,v5_qwen35_9b_205,204,23.25,0.9957137107849121,6.375,5.447980880737305,1,1,0.375,0.0033805370330810547,0.5,0.5848770141601562,30.68743896484375,-2.0139427185058594,22.875,0.992333173751831,1,1,17.0,16.875,19.25,-2.125,21.0625,-0.10344827586206896,0,0,0,0
driver_top20,clean,ablate,v5_qwen35_9b_281,280,20.5,0.9109467267990112,3.125,2.325166702270508,1,1,0.25,0.015527963638305664,0.25,0.1779022216796875,16.32868766784668,-1.9364242553710938,20.25,0.8954187631607056,1,1,17.375,17.375,18.375,-2.5,19.3125,-0.13333333333333333,0,0,0,0
driver_top20,clean,ablate,v5_qwen35_9b_006,5,21.375,0.984222948551178,5.5625,4.133241653442383,1,1,0.375,0.009400427341461182,0.6875,0.4769783020019531,21.006858825683594,-1.5988903045654297,21.0,0.9748225212097168,1,1,16.125,15.8125,20.0,-0.875,20.5,-0.375,0,0,0,0
driver_top20,clean,ablate,v5_qwen35_9b_113,112,21.875,0.9460732340812683,3.625,2.8646183013916016,1,1,0.25,0.02261936664581299,0.5,0.3744659423828125,20.68254852294922,-1.3469734191894531,21.625,0.9234538674354553,1,1,18.5,18.25,19.5,-2.625,20.5625,-0.11764705882352941,0,0,0,0
driver_top20,clean,ablate,v5_qwen35_9b_029,28,21.625,0.9550684690475464,3.625,3.0565719604492188,1,1,0.375,0.01587754487991333,0.25,0.31939125061035156,20.071727752685547,-1.7142314910888672,21.25,0.9391909241676331,1,1,17.875,18.0,19.375,-2.375,20.3125,-0.2,0,0,0,0
driver_top20,clean,ablate,v5_qwen35_9b_081,80,20.875,0.9459454417228699,3.875,2.862100601196289,1,1,0.5,0.040695011615753174,0.75,0.6052055358886719,15.721238136291504,-0.6735563278198242,20.375,0.9052504301071167,1,1,17.25,17.0,19.125,-2.0,19.75,-0.4,0,0,0,0
driver_top20,clean,ablate,v5_qwen35_9b_082,81,21.625,0.969598650932312,4.125,3.4622974395751953,1,1,0.5,0.02068275213241577,0.625,0.5405197143554688,19.197303771972656,-0.9038467407226562,21.125,0.9489158987998962,1,1,17.625,17.5,19.625,-1.875,20.375,-0.3333333333333333,0,0,0,0
driver_top20,clean,ablate,v5_qwen35_9b_120,119,21.5,0.969770610332489,4.625,3.4681835174560547,1,1,0.375,0.012833893299102783,0.375,0.36717987060546875,18.983118057250977,-1.1475887298583984,21.125,0.9569367170333862,1,1,16.875,16.875,19.125,-2.75,20.125,-0.1875,0,0,0,0
driver_top20,clean,ablate,v5_qwen35_9b_129,128,21.5,0.9277256727218628,3.125,2.552186965942383,1,1,0.25,0.017735302448272705,0.25,0.23873329162597656,11.657026290893555,-0.3503303527832031,21.25,0.9099903702735901,1,1,18.375,18.375,18.625,-4.5,19.9375,-0.09523809523809523,0,0,0,0
driver_top20,clean,ablate,v5_qwen35_9b_243,242,20.75,0.9402257800102234,4.0,2.7554798126220703,1,1,0.5,0.04398667812347412,0.75,0.5994472503662109,20.40664291381836,-1.0004196166992188,20.25,0.8962391018867493,1,1,17.0,16.75,19.5,-2.125,19.875,-0.6666666666666666,0,0,0,0
driver_top20,clean,ablate,v5_qwen35_9b_251,250,20.5,0.8666691780090332,3.0,1.8717308044433594,1,1,0.375,0.04382288455963135,0.375,0.3360424041748047,14.143987655639648,-0.525726318359375,20.125,0.8228462934494019,1,1,17.5,17.5,19.25,-2.25,19.6875,-0.42857142857142855,0,0,0,0
driver_top20,clean,ablate,v5_qwen35_9b_256,255,20.25,0.8562741875648499,2.25,1.7846088409423828,1,1,0.375,0.06447046995162964,0.5,0.44885826110839844,16.660062789916992,-0.4667015075683594,19.875,0.7918037176132202,1,1,18.125,18.0,18.625,-2.75,19.25,-0.3,0,0,0,0
driver_top20,clean,ablate,v5_qwen35_9b_291,290,21.125,0.9381033182144165,3.375,2.7182884216308594,1,1,0.375,0.03159594535827637,0.5,0.4466400146484375,18.41672134399414,-1.1062698364257812,20.75,0.9065073728561401,1,1,17.875,17.75,18.5,-2.5,19.625,-0.16666666666666666,0,0,0,0
driver_top20,clean,ablate,v5_qwen35_9b_054,53,21.75,0.957758903503418,4.25,3.1211318969726562,1,1,0.25,0.014244318008422852,0.375,0.30559730529785156,18.770763397216797,-1.979360580444336,21.5,0.9435145854949951,1,1,17.625,17.5,19.125,-2.25,20.3125,-0.10526315789473684,0,0,0,0
driver_top20,clean,ablate,v5_qwen35_9b_157,156,21.5,0.882938802242279,2.875,2.0204944610595703,1,1,0.0,-0.005640506744384766,0.0,-0.05574607849121094,8.49766731262207,-0.42484283447265625,21.5,0.8885793089866638,1,1,18.625,18.625,19.625,-2.0,20.5625,-0.0,0,0,0,0
driver_top20,clean,ablate,v5_qwen35_9b_241,240,19.875,0.8723480701446533,2.375,1.9218025207519531,1,1,0.125,0.022678613662719727,0.25,0.18985557556152344,16.80020523071289,-1.2537155151367188,19.75,0.8496694564819336,1,1,17.625,17.5,18.5,-2.625,19.125,-0.1,0,0,0,0
driver_top20,clean,ablate,v5_qwen35_9b_263,262,20.375,0.8292376399040222,2.625,1.5801353454589844,1,1,0.25,0.03137791156768799,0.25,0.2072601318359375,7.5034708976745605,-1.7254948616027832,20.125,0.7978597283363342,1,1,17.75,17.75,18.25,-3.0,19.1875,-0.13333333333333333,0,0,0,0
driver_top20,clean,ablate,v5_qwen35_9b_295,294,21.25,0.9110654592514038,2.75,2.3266220092773438,1,1,0.25,0.03032296895980835,0.375,0.3272228240966797,6.204519748687744,-1.993349552154541,21.0,0.8807424902915955,1,1,18.625,18.5,17.75,-3.875,19.375,-0.07692307692307693,0,0,0,0
driver_top20,clean,ablate,v5_qwen35_9b_039,38,21.25,0.9769773483276367,4.875,3.7479248046875,1,1,0.375,0.00818246603012085,0.25,0.31249237060546875,20.458528518676758,-1.9907112121582031,20.875,0.9687948822975159,1,1,16.25,16.375,19.625,-1.25,20.25,-0.3,0,0,0,0
driver_top20,clean,ablate,v5_qwen35_9b_073,72,21.0,0.8825704455375671,2.875,2.0169239044189453,1,1,0.375,0.026139438152313232,0.375,0.23105621337890625,10.7459135055542,-2.0781450271606445,20.625,0.8564310073852539,1,1,18.125,18.125,18.0,-5.5,19.3125,-0.14285714285714285,0,0,0,0
driver_top20,clean,ablate,v5_qwen35_9b_080,79,21.125,0.9398665428161621,3.75,2.7490921020507812,1,1,0.375,0.018305718898773193,0.25,0.28540611267089844,13.061036109924316,-1.4502458572387695,20.75,0.9215608239173889,1,1,17.25,17.375,19.375,-2.25,20.0625,-0.2727272727272727,0,0,0,0
driver_top20,clean,ablate,v5_qwen35_9b_167,166,20.625,0.8148199319839478,1.875,1.4815616607666016,1,1,0.25,0.018006742000579834,0.125,0.11515045166015625,1.5551866292953491,-2.4649611711502075,20.375,0.7968131899833679,1,1,18.625,18.75,18.875,-2.5,19.625,-0.16666666666666666,0,0,0,0
driver_top20,clean,ablate,v5_qwen35_9b_180,179,20.875,0.9261972308158875,3.0,2.529613494873047,1,1,0.25,0.03376173973083496,0.5,0.4138317108154297,11.314306259155273,-0.5415430068969727,20.625,0.8924354910850525,1,1,18.125,17.875,19.0,-1.75,19.8125,-0.15384615384615385,0,0,0,0
driver_top20,clean,ablate,v5_qwen35_9b_008,7,20.875,0.9644412994384766,4.5,3.300323486328125,1,1,0.25,0.009047508239746094,0.25,0.23611068725585938,15.908122062683105,-1.458836555480957,20.625,0.9553937911987305,1,1,16.375,16.375,20.25,-2.0,20.4375,-0.6666666666666666,0,0,0,0
driver_top20,clean,ablate,v5_qwen35_9b_014,13,21.625,0.9551052451133728,3.75,3.057422637939453,1,1,0.25,0.014778077602386475,0.375,0.30017852783203125,21.37437629699707,-1.6845245361328125,21.375,0.9403271675109863,1,1,18.0,17.875,19.625,-2.0,20.5,-0.14285714285714285,0,0,0,0
driver_top20,clean,ablate,v5_qwen35_9b_058,57,20.25,0.9331305027008057,3.25,2.635723114013672,1,1,0.25,0.027257978916168213,0.5,0.3715705871582031,16.812612533569336,-2.1050033569335938,20.0,0.9058725237846375,1,1,17.25,17.0,18.0,-3.0,19.0,-0.125,0,0,0,0
driver_top20,clean,ablate,v5_qwen35_9b_100,99,21.125,0.9671935439109802,3.875,3.3836936950683594,1,1,0.375,0.01579129695892334,0.5,0.4094352722167969,20.03468894958496,-1.217844009399414,20.75,0.9514022469520569,1,1,17.375,17.25,19.875,-1.875,20.3125,-0.42857142857142855,0,0,0,0
driver_top20,clean,ablate,v5_qwen35_9b_116,115,21.5,0.8970401287078857,2.625,2.164682388305664,1,1,0.25,0.02185988426208496,0.25,0.2171916961669922,13.170989990234375,-1.6604032516479492,21.25,0.8751802444458008,1,1,18.875,18.875,18.25,-3.0,19.75,-0.08333333333333333,0,0,0,0
driver_top20,clean,ablate,v5_qwen35_9b_143,142,21.0,0.8944213390350342,2.75,2.1366348266601562,1,1,0.125,0.005835354328155518,0.125,0.06034278869628906,13.089091300964355,-0.6710443496704102,20.875,0.8885859847068787,1,1,18.25,18.25,18.125,-5.875,19.5,-0.045454545454545456,0,0,0,0
driver_top20,clean,ablate,v5_qwen35_9b_195,194,23.125,0.9971421360969543,7.0,5.854787826538086,1,1,0.5,0.0020355582237243652,0.5,0.5398597717285156,27.624370574951172,-1.634490966796875,22.625,0.99510657787323,1,1,16.125,16.125,19.875,-1.5,21.25,-0.18181818181818182,0,0,0,0
driver_top20,clean,ablate,v5_qwen35_9b_228,227,24.125,0.9971765279769897,6.625,5.866853713989258,1,1,0.25,0.002132892608642578,0.75,0.5648193359375,29.413454055786133,-1.4078083038330078,23.875,0.9950436353683472,1,1,18.0,17.5,19.375,-2.625,21.625,-0.05555555555555555,0,0,0,0
driver_top20,clean,ablate,v5_qwen35_9b_244,243,20.0,0.8927276134490967,3.125,2.1188430786132812,1,1,0.25,0.014846563339233398,0.125,0.1463794708251953,16.754051208496094,-2.9290542602539062,19.75,0.8778810501098633,1,1,16.75,16.875,19.375,-1.875,19.5625,-0.6666666666666666,0,0,0,0
driver_top20,clean,ablate,v5_qwen35_9b_277,276,20.375,0.9013938307762146,3.0,2.2127304077148438,1,1,0.375,0.03143376111984253,0.375,0.3122100830078125,17.40778350830078,-1.9806175231933594,20.0,0.8699600696563721,1,1,17.375,17.375,18.875,-2.0,19.4375,-0.3333333333333333,0,0,0,0
driver_top20,clean,ablate,v5_qwen35_9b_289,288,20.875,0.8298560976982117,2.125,1.5845413208007812,1,1,0.25,0.029309093952178955,0.25,0.19491004943847656,5.330028533935547,-1.6303763389587402,20.625,0.8005470037460327,1,1,18.75,18.75,18.625,-3.5,19.625,-0.125,0,0,0,0
driver_top20,clean,ablate,v5_qwen35_9b_064,63,21.125,0.9305910468101501,2.875,2.5957393646240234,1,1,0.25,0.016718268394470215,0.25,0.2339630126953125,17.057708740234375,-2.0329227447509766,20.875,0.9138727784156799,1,1,18.25,18.25,18.0,-5.25,19.4375,-0.08695652173913043,0,0,0,0
driver_top20,clean,ablate,v5_qwen35_9b_114,113,21.5,0.9511886835098267,3.75,2.969667434692383,1,1,0.25,0.014297902584075928,0.375,0.27205848693847656,18.586647033691406,-1.2439441680908203,21.25,0.9368907809257507,1,1,17.875,17.75,18.625,-4.0,19.9375,-0.09523809523809523,0,0,0,0
driver_top20,clean,ablate,v5_qwen35_9b_119,118,21.0,0.9280595779418945,3.25,2.557159423828125,1,1,0.25,0.015807151794433594,0.25,0.2157878875732422,11.359647750854492,-2.551799774169922,20.75,0.9122524261474609,1,1,17.75,17.75,18.625,-2.625,19.6875,-0.11764705882352941,0,0,0,0
driver_top20,clean,ablate,v5_qwen35_9b_178,177,21.0,0.9415290951728821,3.5,2.7789154052734375,1,1,0.375,0.01768803596496582,0.375,0.2832813262939453,13.388812065124512,-1.0298881530761719,20.625,0.9238410592079163,1,1,17.5,17.5,19.125,-1.75,19.875,-0.25,0,0,0,0
driver_top20,clean,ablate,v5_qwen35_9b_209,208,22.875,0.9946503043174744,6.5,5.225317001342773,1,1,0.25,0.0028374791145324707,0.25,0.4284477233886719,26.556406021118164,-1.5556011199951172,22.625,0.9918128252029419,1,1,16.375,16.375,20.0,-0.5,21.3125,-0.09523809523809523,0,0,0,0
driver_top20,clean,ablate,v5_qwen35_9b_221,220,22.125,0.9756847620010376,4.625,3.6919517517089844,1,1,0.375,0.01226264238357544,0.375,0.4209709167480469,16.28072166442871,-1.8989219665527344,21.75,0.9634221196174622,1,1,17.5,17.5,18.375,-3.5,20.0625,-0.1111111111111111,0,0,0,0
driver_top20,clean,ablate,v5_qwen35_9b_224,223,23.0,0.9926828742027283,6.0,4.910120010375977,1,1,0.25,0.006210267543792725,1.0,0.6207809448242188,27.495119094848633,-0.8009452819824219,22.75,0.9864726066589355,1,1,17.75,17.0,19.25,-2.25,21.0,-0.07142857142857142,0,0,0,0
driver_top20,clean,ablate,v5_qwen35_9b_232,231,22.625,0.9843643307685852,5.25,4.142360687255859,1,1,0.625,0.013085246086120605,0.625,0.6214637756347656,24.481828689575195,-2.274545669555664,22.0,0.9712790846824646,1,1,17.375,17.375,17.625,-3.75,19.8125,-0.14285714285714285,0,0,0,0
driver_top20,clean,ablate,v5_qwen35_9b_245,244,20.875,0.8969036340713501,2.75,2.1632022857666016,1,1,0.375,0.034368813037872314,0.375,0.32677650451660156,15.208189964294434,-1.8107061386108398,20.5,0.8625348210334778,1,1,18.125,18.125,19.0,-3.0,19.75,-0.25,0,0,0,0
driver_top20,clean,ablate,v5_qwen35_9b_258,257,20.5,0.8516235947608948,2.375,1.7473125457763672,1,1,0.375,0.047859013080596924,0.375,0.33741188049316406,11.608525276184082,-1.5877199172973633,20.125,0.8037645816802979,1,1,18.125,18.125,18.75,-2.625,19.4375,-0.2727272727272727,0,0,0,0
driver_top20,clean,ablate,v5_qwen35_9b_036,35,21.25,0.9444001913070679,3.75,2.832286834716797,1,1,0.375,0.020614802837371826,0.5,0.3374443054199219,21.33568000793457,-1.6942672729492188,20.875,0.923785388469696,1,1,17.625,17.5,19.375,-2.375,20.125,-0.25,0,0,0,0
driver_top20,clean,ablate,v5_qwen35_9b_040,39,21.875,0.9679384827613831,4.375,3.407438278198242,1,1,0.5,0.022171378135681152,0.75,0.5488109588623047,14.728126525878906,-1.8305072784423828,21.375,0.9457671046257019,1,1,17.75,17.5,19.375,-2.25,20.375,-0.25,0,0,0,0
driver_top20,clean,ablate,v5_qwen35_9b_103,102,21.125,0.9700090289115906,4.0,3.476320266723633,1,1,0.5,0.015545427799224854,0.5,0.4337348937988281,23.08711814880371,-1.8672904968261719,20.625,0.9544636011123657,1,1,17.125,17.125,19.5,-2.25,20.0625,-0.4444444444444444,0,0,0,0
driver_top20,clean,ablate,v5_qwen35_9b_109,108,21.5,0.9577518105506897,4.125,3.1209278106689453,1,1,0.375,0.0133705735206604,0.25,0.2890052795410156,16.978090286254883,-2.0889720916748047,21.125,0.9443812370300293,1,1,17.25,17.375,19.5,-2.0,20.3125,-0.23076923076923078,0,0,0,0
driver_top20,clean,ablate,v5_qwen35_9b_158,157,21.125,0.8999822735786438,2.875,2.1969528198242188,1,1,0.375,0.031051039695739746,0.375,0.30548858642578125,10.32562255859375,-1.3435688018798828,20.75,0.868931233882904,1,1,18.25,18.25,19.375,-1.75,20.0625,-0.2727272727272727,0,0,0,0
driver_top20,clean,ablate,v5_qwen35_9b_187,186,23.75,0.9974760413169861,7.25,5.979364395141602,1,1,0.375,0.002163112163543701,0.5,0.6211776733398438,30.074655532836914,-1.4265708923339844,23.375,0.9953129291534424,1,1,16.625,16.5,18.75,-4.625,21.0625,-0.08108108108108109,0,0,0,0
driver_top20,clean,ablate,v5_qwen35_9b_257,256,21.0,0.9205111265182495,3.25,2.4492244720458984,1,1,0.5,0.04937022924423218,0.5,0.5382289886474609,17.609821319580078,-1.243896484375,20.5,0.8711408972740173,1,1,17.75,17.75,19.5,-2.0,20.0,-0.5,0,0,0,0
driver_top20,clean,ablate,v5_qwen35_9b_267,266,21.25,0.9591143727302551,3.75,3.1551589965820312,1,1,0.375,0.01963430643081665,0.5,0.4128913879394531,24.594728469848633,-1.8345909118652344,20.875,0.9394800662994385,1,1,17.625,17.5,19.5,-2.0,20.1875,-0.2727272727272727,0,0,0,0
driver_top20,clean,ablate,v5_qwen35_9b_270,269,21.375,0.9525496959686279,3.375,2.9993724822998047,1,1,0.5,0.033075571060180664,0.625,0.5642471313476562,19.842090606689453,-0.8799915313720703,20.875,0.9194741249084473,1,1,18.125,18.0,18.875,-1.875,19.875,-0.25,0,0,0,0
driver_top20,clean,ablate,v5_qwen35_9b_026,25,22.625,0.9843009114265442,4.625,4.138242721557617,1,1,0.625,0.014700651168823242,0.625,0.6758804321289062,26.316808700561523,-1.9090003967285156,22.0,0.969600260257721,1,1,18.0,18.0,19.375,-1.625,20.6875,-0.23809523809523808,0,0,0,0
driver_top20,clean,ablate,v5_qwen35_9b_066,65,20.625,0.9380783438682556,3.25,2.7178802490234375,1,1,0.375,0.027300000190734863,0.5,0.3948040008544922,21.794696807861328,-1.4796333312988281,20.25,0.9107783436775208,1,1,17.5,17.375,18.375,-5.0,19.3125,-0.2,0,0,0,0
driver_top20,clean,ablate,v5_qwen35_9b_074,73,21.125,0.9250704050064087,3.75,2.5132389068603516,1,1,0.5,0.035486578941345215,0.625,0.4268207550048828,17.656375885009766,-0.9609203338623047,20.625,0.8895838260650635,1,1,17.5,17.375,18.25,-5.125,19.4375,-0.21052631578947367,0,0,0,0
driver_top20,clean,ablate,v5_qwen35_9b_135,134,20.75,0.7980364561080933,2.0,1.3739795684814453,1,1,0.25,0.05726456642150879,0.375,0.32407188415527344,2.8478689193725586,-1.2241129875183105,20.5,0.7407718896865845,1,1,18.875,18.75,18.125,-5.375,19.3125,-0.10526315789473684,0,0,0,0
driver_top20,clean,ablate,v5_qwen35_9b_142,141,21.375,0.926593542098999,3.0,2.5354270935058594,1,1,0.375,0.026097774505615234,0.375,0.3327751159667969,14.108458518981934,-1.3758907318115234,21.0,0.9004957675933838,1,1,18.375,18.375,18.5,-5.125,19.75,-0.15,0,0,0,0
driver_top20,clean,ablate,v5_qwen35_9b_146,145,21.125,0.9014874696731567,2.875,2.2137908935546875,1,1,0.25,0.021132171154022217,0.25,0.2180805206298828,6.899198532104492,-0.6141533851623535,20.875,0.8803552985191345,1,1,18.25,18.25,19.875,-2.5,20.375,-0.25,0,0,0,0
driver_top20,clean,ablate,v5_qwen35_9b_147,146,21.125,0.9000775814056396,3.125,2.197996139526367,1,1,0.375,0.04967600107192993,0.625,0.4603290557861328,6.791934967041016,-0.08258962631225586,20.75,0.8504015803337097,1,1,18.25,18.0,19.75,-2.0,20.25,-0.375,0,0,0,0
driver_top20,clean,ablate,v5_qwen35_9b_153,152,21.625,0.8944462537765503,2.625,2.1369056701660156,1,1,0.25,0.010456264019012451,0.125,0.10620880126953125,3.7765157222747803,-1.9327099323272705,21.375,0.8839899897575378,1,1,18.875,19.0,19.5,-1.875,20.4375,-0.13333333333333333,0,0,0,0
driver_top20,clean,ablate,v5_qwen35_9b_160,159,21.125,0.9298278093338013,3.5,2.583972930908203,1,1,0.25,0.01937323808670044,0.375,0.26485252380371094,13.59972095489502,-1.2913846969604492,20.875,0.9104545712471008,1,1,17.75,17.625,19.625,-1.625,20.25,-0.2,0,0,0,0
driver_top20,clean,ablate,v5_qwen35_9b_192,191,22.0,0.9910923838615417,5.875,4.711860656738281,1,1,0.375,0.006855785846710205,0.875,0.5777225494384766,24.671630859375,-1.8824634552001953,21.625,0.9842365980148315,1,1,16.625,16.125,17.875,-5.25,19.75,-0.1,0,0,0,0
driver_top20,clean,ablate,v5_qwen35_9b_223,222,22.625,0.9892789721488953,5.5,4.524700164794922,1,1,0.5,0.0084991455078125,0.5,0.5924129486083984,24.873613357543945,-0.8760471343994141,22.125,0.9807798266410828,1,1,17.125,17.125,18.5,-2.875,20.3125,-0.13793103448275862,0,0,0,0
driver_top20,clean,ablate,v5_qwen35_9b_239,238,22.875,0.9962015748023987,6.9375,5.569324493408203,1,1,0.375,0.0025807619094848633,0.4375,0.5210494995117188,26.89937973022461,-1.1587848663330078,22.5,0.9936208128929138,1,1,16.0,15.9375,19.375,-1.75,20.9375,-0.12,0,0,0,0
driver_top20,clean,ablate,v5_qwen35_9b_261,260,21.5,0.9372342228889465,3.625,2.703451156616211,1,1,0.375,0.02893012762069702,0.5,0.4104290008544922,19.989669799804688,-1.5153656005859375,21.125,0.9083040952682495,1,1,18.0,17.875,19.375,-3.375,20.25,-0.21428571428571427,0,0,0,0
driver_top20,clean,ablate,v5_qwen35_9b_274,273,21.875,0.9618760943412781,4.375,3.2279624938964844,1,1,0.375,0.02180004119873047,0.625,0.47515869140625,17.92070770263672,-0.9216842651367188,21.5,0.9400760531425476,1,1,17.75,17.5,19.625,-2.375,20.5625,-0.2,0,0,0,0
driver_top20,clean,ablate,v5_qwen35_9b_275,274,20.375,0.8874889612197876,2.875,2.065267562866211,1,1,0.5,0.0408819317817688,0.375,0.35712432861328125,16.122163772583008,-2.5067596435546875,19.875,0.8466070294380188,1,1,17.375,17.5,18.5,-1.875,19.1875,-0.36363636363636365,0,0,0,0
driver_top20,clean,ablate,v5_qwen35_9b_038,37,21.875,0.9740161299705505,4.75,3.6238746643066406,1,1,0.25,0.008030593395233154,0.25,0.2775840759277344,19.325857162475586,-1.4436149597167969,21.625,0.9659855365753174,1,1,17.125,17.125,19.75,-2.125,20.6875,-0.13333333333333333,0,0,0,0
driver_top20,clean,ablate,v5_qwen35_9b_137,136,21.25,0.9196012616157532,3.0,2.436870574951172,1,1,0.125,-0.0004425644874572754,0.0,-0.0059986114501953125,13.634730339050293,-1.9036521911621094,21.125,0.9200438261032104,1,1,18.125,18.25,18.125,-5.375,19.625,-0.041666666666666664,0,0,0,0
driver_top20,clean,ablate,v5_qwen35_9b_138,137,21.25,0.9161897897720337,2.75,2.3915653228759766,1,1,0.25,0.018494606018066406,0.25,0.21977996826171875,11.02309513092041,-0.9042415618896484,21.0,0.8976951837539673,1,1,18.5,18.5,18.0,-5.5,19.5,-0.08333333333333333,0,0,0,0
driver_top20,clean,ablate,v5_qwen35_9b_152,151,22.0,0.9571378827095032,3.375,3.105875015258789,1,1,0.375,0.017828643321990967,0.375,0.3665943145751953,17.348186492919922,-2.028400421142578,21.625,0.9393092393875122,1,1,18.625,18.625,19.75,-1.875,20.6875,-0.2,0,0,0,0
driver_top20,clean,ablate,v5_qwen35_9b_161,160,20.625,0.8840687870979309,2.75,2.0314407348632812,1,1,0.125,0.013878345489501953,0.125,0.12889671325683594,5.686582565307617,-1.2933769226074219,20.5,0.870190441608429,1,1,17.875,17.875,20.125,-1.875,20.3125,-0.3333333333333333,0,0,0,0
driver_top20,clean,ablate,v5_qwen35_9b_172,171,21.25,0.8106324076652527,2.125,1.454061508178711,1,1,0.125,0.029650509357452393,0.25,0.18273353576660156,4.977463245391846,-1.1407885551452637,21.125,0.7809818983078003,1,1,19.25,19.125,18.125,-3.25,19.625,-0.041666666666666664,0,0,0,0
driver_top20,clean,ablate,v5_qwen35_9b_184,183,24.125,0.997799813747406,6.75,6.116922378540039,1,1,0.375,0.001368105411529541,0.5,0.484893798828125,31.80740737915039,-0.73089599609375,23.75,0.9964317083358765,1,1,17.5,17.375,18.0,-4.5,20.875,-0.06521739130434782,0,0,0,0
driver_top20,clean,ablate,v5_qwen35_9b_254,253,20.75,0.8985254168510437,3.125,2.1808624267578125,1,1,0.375,0.03165322542190552,0.25,0.3073577880859375,17.08885955810547,-1.7464160919189453,20.375,0.8668721914291382,1,1,17.5,17.625,19.75,-1.875,20.0625,-0.6,0,0,0,0
driver_top20,clean,ablate,v5_qwen35_9b_007,6,21.375,0.982987642288208,5.4375,4.056604385375977,1,1,0.375,0.007477700710296631,0.5625,0.3719482421875,21.38743019104004,-1.644083023071289,21.0,0.9755099415779114,1,1,16.125,15.9375,19.375,-2.125,20.1875,-0.23076923076923078,0,0,0,0
driver_top20,clean,ablate,v5_qwen35_9b_057,56,22.875,0.9933458566665649,5.625,5.005792617797852,1,1,0.5,0.0034890174865722656,0.375,0.42511749267578125,28.082082748413086,-1.405355453491211,22.375,0.9898568391799927,1,1,17.125,17.25,19.25,-1.625,20.8125,-0.16,0,0,0,0
driver_top20,clean,ablate,v5_qwen35_9b_070,69,21.25,0.909334123134613,3.125,2.305438995361328,1,1,0.25,0.015874087810516357,0.25,0.17893409729003906,8.429774284362793,-1.6633329391479492,21.0,0.8934600353240967,1,1,18.125,18.125,17.875,-5.375,19.4375,-0.08,0,0,0,0
driver_top20,clean,ablate,v5_qwen35_9b_125,124,20.25,0.7771575450897217,2.0,1.2490863800048828,1,1,0.125,0.020027637481689453,0.125,0.11216354370117188,3.0811588764190674,-1.1291091442108154,20.125,0.7571299076080322,1,1,18.25,18.25,17.875,-5.25,19.0,-0.05555555555555555,0,0,0,0
driver_top20,clean,ablate,v5_qwen35_9b_193,192,22.25,0.9898552894592285,6.25,4.580558776855469,1,1,0.5,0.00752025842666626,0.625,0.5622577667236328,24.222007751464844,-1.9510383605957031,21.75,0.9823350310325623,1,1,16.125,16.0,18.0,-5.5,19.875,-0.13333333333333333,0,0,0,0
driver_top20,clean,ablate,v5_qwen35_9b_292,291,21.0,0.8375582098960876,2.125,1.6401119232177734,1,1,0.25,0.0336611270904541,0.25,0.2293567657470703,6.178567409515381,-0.6632857322692871,20.75,0.8038970828056335,1,1,18.875,18.875,18.0,-3.625,19.375,-0.09090909090909091,0,0,0,0
driver_top20,clean,ablate,v5_qwen35_9b_294,293,21.125,0.9445975422859192,3.625,2.836069107055664,1,1,0.375,0.03213733434677124,0.625,0.4920978546142578,17.079530715942383,-0.8759822845458984,20.75,0.912460207939148,1,1,17.75,17.5,19.25,-2.5,20.0,-0.25,0,0,0,0
driver_top20,clean,ablate,v5_qwen35_9b_094,93,21.0,0.9159852862358093,3.0,2.388936996459961,1,1,0.125,0.0193445086479187,0.25,0.22859573364257812,19.2841796875,-1.3362693786621094,20.875,0.8966407775878906,1,1,18.125,18.0,18.875,-2.5,19.875,-0.0625,0,0,0,0
driver_top20,clean,ablate,v5_qwen35_9b_095,94,21.625,0.9390426874160767,3.125,2.734600067138672,1,1,0.125,0.010916590690612793,0.25,0.176422119140625,14.44145679473877,-1.591792106628418,21.5,0.9281260967254639,1,1,18.625,18.5,19.5,-2.125,20.5,-0.0625,0,0,0,0
driver_top20,clean,ablate,v5_qwen35_9b_130,129,21.25,0.8918992877006531,2.625,2.1102027893066406,1,1,0.25,0.034687578678131104,0.375,0.3179512023925781,12.662921905517578,-1.732335090637207,21.0,0.857211709022522,1,1,18.75,18.625,18.75,-4.75,19.875,-0.1111111111111111,0,0,0,0
driver_top20,clean,ablate,v5_qwen35_9b_179,178,21.5,0.9574234485626221,3.875,3.1128616333007812,1,1,0.375,0.020673394203186035,0.5,0.41764259338378906,15.32286548614502,-1.3901491165161133,21.125,0.936750054359436,1,1,17.75,17.625,19.375,-1.625,20.25,-0.21428571428571427,0,0,0,0
driver_top20,clean,ablate,v5_qwen35_9b_181,180,22.5,0.9920978546142578,5.625,4.832647323608398,1,1,0.25,0.002873241901397705,0.25,0.3130645751953125,22.857906341552734,-1.6190776824951172,22.25,0.9892246127128601,1,1,16.875,16.875,18.625,-5.25,20.4375,-0.06896551724137931,0,0,0,0
driver_top20,clean,ablate,v5_qwen35_9b_217,216,24.75,0.9991737008094788,8.25,7.09785270690918,1,1,0.5,0.0007924437522888184,0.625,0.6734466552734375,31.73927116394043,-1.9191417694091797,24.25,0.9983812570571899,1,1,16.625,16.5,19.25,-1.75,21.75,-0.1,0,0,0,0
driver_top20,clean,ablate,v5_qwen35_9b_001,0,20.375,0.9291101694107056,3.625,2.5730457305908203,1,1,0.125,0.010795891284942627,0.375,0.1534576416015625,12.2631196975708,-2.9432621002197266,20.25,0.9183142781257629,1,1,17.0,16.75,18.375,-5.0,19.3125,-0.06666666666666667,0,0,0,0
driver_top20,clean,ablate,v5_qwen35_9b_045,44,21.375,0.983599066734314,5.5625,4.093832015991211,1,1,0.25,0.007837235927581787,0.6875,0.3985919952392578,21.029287338256836,-1.2978343963623047,21.125,0.9757618308067322,1,1,16.25,15.8125,19.25,-1.0,20.1875,-0.13333333333333333,0,0,0,0
driver_top20,clean,ablate,v5_qwen35_9b_118,117,21.625,0.9775214195251465,4.625,3.7723827362060547,1,1,0.25,0.00655364990234375,0.375,0.26255035400390625,16.45677947998047,-2.072103500366211,21.375,0.9709677696228027,1,1,17.125,17.0,19.125,-1.5,20.25,-0.1111111111111111,0,0,0,0
driver_top20,clean,ablate,v5_qwen35_9b_141,140,20.375,0.7894167900085449,1.75,1.321340560913086,1,1,0.0,0.015575230121612549,0.125,0.091278076171875,3.623276948928833,-1.2283861637115479,20.375,0.7738415598869324,1,1,18.75,18.625,18.125,-5.125,19.25,-0.0,0,0,0,0
driver_top20,clean,ablate,v5_qwen35_9b_201,200,23.5,0.9952862858772278,6.25,5.352466583251953,1,1,0.5,0.003045380115509033,0.5,0.5014476776123047,27.985376358032227,-2.3129844665527344,23.0,0.9922409057617188,1,1,17.25,17.25,19.0,-2.5,21.0,-0.125,0,0,0,0
driver_top20,clean,ablate,v5_qwen35_9b_219,218,23.0,0.9926401972770691,5.875,4.904285430908203,1,1,0.375,0.005416214466094971,0.5,0.5570201873779297,27.50118064880371,-1.649810791015625,22.625,0.9872239828109741,1,1,17.25,17.125,18.75,-1.5,20.6875,-0.0967741935483871,0,0,0,0
driver_top20,clean,ablate,v5_qwen35_9b_242,241,21.0,0.9258341193199158,3.5,2.5243186950683594,1,1,0.5,0.040176212787628174,0.625,0.4772510528564453,21.884355545043945,-0.7903156280517578,20.5,0.8856579065322876,1,1,17.625,17.5,19.0,-2.375,19.75,-0.3333333333333333,0,0,0,0
driver_top20,clean,ablate,v5_qwen35_9b_250,249,21.0,0.9086545705795288,3.0,2.2972354888916016,1,1,0.375,0.04259532690048218,0.5,0.4307594299316406,15.48568058013916,-1.5075769424438477,20.625,0.8660592436790466,1,1,18.125,18.0,19.375,-2.75,20.0,-0.3,0,0,0,0
driver_top20,clean,ablate,v5_qwen35_9b_280,279,20.75,0.9302197098731995,3.625,2.590005874633789,1,1,0.25,0.017250657081604004,0.375,0.2396392822265625,16.9959659576416,-1.4208183288574219,20.5,0.9129690527915955,1,1,17.25,17.125,19.0,-1.875,19.75,-0.16666666666666666,0,0,0,0
driver_top20,clean,ablate,v5_qwen35_9b_018,17,21.5,0.9600042104721069,3.875,3.1780834197998047,1,1,0.125,0.006406009197235107,0.0,0.15528106689453125,12.7327880859375,-2.294924736022949,21.375,0.9535982012748718,1,1,17.5,17.625,19.5,-2.25,20.4375,-0.06666666666666667,0,0,0,0
driver_top20,clean,ablate,v5_qwen35_9b_027,26,22.5,0.9794967174530029,4.125,3.8663558959960938,1,1,0.125,0.0033280253410339355,0.125,0.15380859375,25.37740707397461,-2.3736190795898438,22.375,0.976168692111969,1,1,18.375,18.375,19.375,-2.0,20.875,-0.041666666666666664,0,0,0,0
driver_top20,clean,ablate,v5_qwen35_9b_065,64,21.875,0.9808061122894287,4.875,3.9337215423583984,1,1,0.25,0.006903588771820068,0.5,0.31433677673339844,24.19988250732422,-1.9753036499023438,21.625,0.9739025235176086,1,1,17.25,17.0,18.25,-5.25,19.9375,-0.07407407407407407,0,0,0,0
driver_top20,clean,ablate,v5_qwen35_9b_132,131,21.125,0.8980576395988464,2.75,2.175739288330078,1,1,0.25,0.012272000312805176,0.125,0.12744140625,8.522919654846191,-2.6309642791748047,20.875,0.8857856392860413,1,1,18.25,18.375,18.125,-5.25,19.5,-0.09090909090909091,0,0,0,0
driver_top20,clean,ablate,v5_qwen35_9b_144,143,21.25,0.9352613687515259,3.0,2.6703872680664062,1,1,0.125,0.016948819160461426,0.25,0.2508411407470703,15.679972648620605,-1.2302427291870117,21.125,0.9183125495910645,1,1,18.375,18.25,18.5,-4.875,19.8125,-0.047619047619047616,0,0,0,0
driver_top20,clean,ablate,v5_qwen35_9b_203,202,23.75,0.996268630027771,6.0,5.587152481079102,1,1,0.375,0.002051234245300293,0.375,0.4401092529296875,34.6356201171875,-2.0695648193359375,23.375,0.9942173957824707,1,1,17.75,17.75,19.125,-2.5,21.25,-0.08823529411764706,0,0,0,0
driver_top20,clean,ablate,v5_qwen35_9b_255,254,20.625,0.9452056884765625,3.75,2.8477516174316406,1,1,0.375,0.0218583345413208,0.5,0.359100341796875,22.364948272705078,-1.8966655731201172,20.25,0.9233473539352417,1,1,17.0,16.875,19.125,-1.25,19.6875,-0.3333333333333333,0,0,0,0
driver_top20,clean,ablate,v5_qwen35_9b_033,32,21.25,0.9492754936218262,3.75,2.929220199584961,1,1,0.25,0.013970434665679932,0.375,0.2581310272216797,14.640514373779297,-1.6732521057128906,21.0,0.9353050589561462,1,1,17.625,17.5,19.375,-2.5,20.1875,-0.15384615384615385,0,0,0,0
driver_top20,clean,ablate,v5_qwen35_9b_126,125,20.25,0.8109560608863831,2.0,1.4561386108398438,1,1,0.0,-0.004046380519866943,0.0,-0.026617050170898438,8.645674705505371,-0.7414445877075195,20.25,0.81500244140625,1,1,18.25,18.25,18.5,-5.0,19.375,-0.0,0,0,0,0
driver_top20,clean,ablate,v5_qwen35_9b_136,135,20.875,0.9113557934761047,3.25,2.330198287963867,1,1,0.125,0.013897061347961426,0.25,0.16098976135253906,12.187542915344238,-0.4156646728515625,20.75,0.8974587321281433,1,1,17.75,17.625,18.0,-5.125,19.375,-0.045454545454545456,0,0,0,0
driver_top20,clean,ablate,v5_qwen35_9b_154,153,21.25,0.9037474989891052,2.875,2.239511489868164,1,1,-0.125,-0.008714616298675537,-0.25,-0.10447311401367188,10.113092422485352,-1.1831378936767578,21.375,0.9124621152877808,1,1,18.25,18.375,19.625,-2.0,20.5,0.07142857142857142,0,0,0,0
driver_top20,clean,ablate,v5_qwen35_9b_024,23,20.5,0.906530499458313,3.0,2.2719078063964844,1,1,0.25,0.02894270420074463,0.25,0.3022308349609375,9.332151412963867,-1.8006401062011719,20.25,0.8775877952575684,1,1,17.5,17.5,19.0,-2.875,19.625,-0.2,0,0,0,0
driver_top20,clean,ablate,v5_qwen35_9b_121,120,21.25,0.9414872527122498,3.375,2.7781200408935547,1,1,0.25,0.019379615783691406,0.375,0.3068695068359375,11.39863395690918,-0.8982343673706055,21.0,0.9221076369285583,1,1,18.0,17.875,18.75,-4.625,19.875,-0.1111111111111111,0,0,0,0
driver_top20,clean,ablate,v5_qwen35_9b_229,228,23.75,0.9981896281242371,7.5,6.3123626708984375,1,1,0.5,0.0013516545295715332,0.5,0.5589828491210938,31.46027374267578,-1.0006484985351562,23.25,0.9968379735946655,1,1,16.25,16.25,19.25,-0.25,21.25,-0.125,0,0,0,0
driver_top20,clean,ablate,v5_qwen35_9b_285,284,21.0,0.9390053153038025,3.875,2.7339630126953125,1,1,0.25,0.01822042465209961,0.25,0.28096580505371094,17.98322296142578,-1.379446029663086,20.75,0.9207848906517029,1,1,17.125,17.125,19.5,-1.875,20.125,-0.2,0,0,0,0
driver_top20,clean,ablate,v5_qwen35_9b_012,11,21.75,0.9667702913284302,4.25,3.3704490661621094,1,1,0.25,0.005148351192474365,0.25,0.14940261840820312,21.287137985229492,-2.854379653930664,21.5,0.9616219401359558,1,1,17.5,17.5,19.75,-1.75,20.625,-0.14285714285714285,0,0,0,0
driver_top20,clean,ablate,v5_qwen35_9b_032,31,21.0,0.9363023638725281,3.625,2.687715530395508,1,1,0.125,0.0080910325050354,0.25,0.12827491760253906,12.923906326293945,-2.8592166900634766,20.875,0.9282113313674927,1,1,17.5,17.375,19.125,-2.75,20.0,-0.07142857142857142,0,0,0,0
driver_top20,clean,ablate,v5_qwen35_9b_062,61,21.0,0.9576869606971741,3.625,3.119363784790039,1,1,0.25,0.013717412948608398,0.375,0.29524993896484375,18.14288330078125,-1.3501758575439453,20.75,0.9439695477485657,1,1,17.5,17.375,18.625,-4.75,19.6875,-0.11764705882352941,0,0,0,0
driver_top20,clean,ablate,v5_qwen35_9b_115,114,21.5,0.8866070508956909,2.5,2.056478500366211,1,1,0.125,0.013066589832305908,0.125,0.12392234802246094,9.29902172088623,-1.279749870300293,21.375,0.873540461063385,1,1,19.0,19.0,18.375,-3.25,19.875,-0.041666666666666664,0,0,0,0
driver_top20,clean,ablate,v5_qwen35_9b_148,147,21.5,0.9338172078132629,3.0,2.6467857360839844,1,1,0.25,0.01560133695602417,0.25,0.2285327911376953,10.461471557617188,-0.6816368103027344,21.25,0.9182158708572388,1,1,18.5,18.5,20.0,-1.5,20.625,-0.2,0,0,0,0
driver_top20,clean,ablate,v5_qwen35_9b_207,206,22.75,0.9923135638237,6.25,4.860532760620117,1,1,0.375,0.0045531392097473145,0.375,0.4698219299316406,23.856231689453125,-1.41510009765625,22.375,0.9877604246139526,1,1,16.5,16.5,19.5,-2.125,20.9375,-0.13043478260869565,0,0,0,0
driver_top20,clean,ablate,v5_qwen35_9b_225,224,21.5,0.987114667892456,5.5625,4.338657379150391,1,1,0.5,0.010358929634094238,0.9375,0.6005306243896484,24.484580993652344,-2.1055755615234375,21.0,0.9767557382583618,1,1,16.375,15.9375,18.125,-2.375,19.5625,-0.17391304347826086,0,0,0,0
driver_top20,clean,ablate,v5_qwen35_9b_076,75,21.0,0.9445026516914368,3.25,2.8342418670654297,1,1,0.375,0.021422743797302246,0.375,0.34935951232910156,17.2812557220459,-1.8558673858642578,20.625,0.9230799078941345,1,1,17.75,17.75,18.25,-5.0,19.4375,-0.15789473684210525,0,0,0,0
driver_top20,clean,ablate,v5_qwen35_9b_101,100,21.75,0.9605693817138672,3.75,3.192901611328125,1,1,0.375,0.01613253355026245,0.375,0.3599281311035156,16.953655242919922,-0.6896610260009766,21.375,0.9444368481636047,1,1,18.0,18.0,20.0,-2.0,20.6875,-0.2727272727272727,0,0,0,0
driver_top20,clean,ablate,v5_qwen35_9b_122,121,21.125,0.9452803730964661,3.5,2.849191665649414,1,1,0.375,0.01951277256011963,0.375,0.32585716247558594,16.42305564880371,-1.53643798828125,20.75,0.9257676005363464,1,1,17.625,17.625,18.625,-5.125,19.6875,-0.17647058823529413,0,0,0,0
driver_top20,clean,ablate,v5_qwen35_9b_286,285,21.125,0.9270027279853821,3.625,2.541471481323242,1,1,0.375,0.020785629749298096,0.375,0.2732715606689453,16.165098190307617,-1.9609966278076172,20.75,0.906217098236084,1,1,17.5,17.5,18.875,-2.625,19.8125,-0.2,0,0,0,0
driver_top20,clean,ablate,v5_qwen35_9b_013,12,21.5,0.9418461322784424,3.625,2.784669876098633,1,1,0.25,0.0206717848777771,0.25,0.32636070251464844,20.545629501342773,-0.9016342163085938,21.25,0.9211743474006653,1,1,17.875,17.875,19.125,-2.375,20.1875,-0.11764705882352941,0,0,0,0
driver_top20,clean,ablate,v5_qwen35_9b_085,84,20.75,0.9408441781997681,3.5,2.7665328979492188,1,1,0.5,0.030579805374145508,0.5,0.4497337341308594,16.928173065185547,-1.616851806640625,20.25,0.9102643728256226,1,1,17.25,17.25,19.0,-2.625,19.625,-0.4,0,0,0,0
driver_top20,clean,ablate,v5_qwen35_9b_163,162,21.125,0.9430485963821411,3.125,2.806844711303711,1,1,0.375,0.021343350410461426,0.375,0.3412036895751953,17.774215698242188,-1.715402603149414,20.75,0.9217052459716797,1,1,18.0,18.0,19.75,-1.625,20.25,-0.375,0,0,0,0
driver_top20,clean,ablate,v5_qwen35_9b_133,132,20.875,0.8170912265777588,2.25,1.496694564819336,1,1,0.125,0.0026338696479797363,0.0,0.017528533935546875,7.096395969390869,-1.4207634925842285,20.75,0.814457356929779,1,1,18.5,18.625,18.125,-5.25,19.4375,-0.047619047619047616,0,0,0,0
driver_top20,clean,ablate,v5_qwen35_9b_139,138,21.625,0.926629900932312,3.0,2.535959243774414,1,1,0.25,0.008613884449005127,0.125,0.12033843994140625,13.028518676757812,-2.2894983291625977,21.375,0.9180160164833069,1,1,18.5,18.625,18.125,-5.25,19.75,-0.07692307692307693,0,0,0,0
driver_top20,clean,ablate,v5_qwen35_9b_106,105,21.875,0.9718825817108154,4.5,3.542774200439453,1,1,0.25,0.00996708869934082,0.25,0.31372833251953125,18.525535583496094,-1.4793968200683594,21.625,0.9619154930114746,1,1,17.375,17.375,19.375,-2.125,20.5,-0.1111111111111111,0,0,0,0
driver_top20,clean,ablate,v5_qwen35_9b_159,158,21.25,0.9152718186378479,3.0,2.379697799682617,1,1,0.25,0.017369091510772705,0.25,0.20566177368164062,7.466058731079102,-0.8087701797485352,21.0,0.8979027271270752,1,1,18.25,18.25,19.75,-1.5,20.375,-0.2,0,0,0,0
driver_top20,clean,ablate,v5_qwen35_9b_208,207,23.125,0.9918362498283386,6.125,4.799781799316406,1,1,0.5,0.005642414093017578,0.375,0.5311088562011719,24.970735549926758,-1.3694114685058594,22.625,0.986193835735321,1,1,16.875,17.0,19.0,-2.25,20.8125,-0.13793103448275862,0,0,0,0
driver_top20,clean,ablate,v5_qwen35_9b_266,265,20.625,0.9141655564308167,3.125,2.365518569946289,1,1,0.25,0.01861584186553955,0.375,0.2168903350830078,21.25162124633789,-2.135650634765625,20.375,0.8955497145652771,1,1,17.625,17.5,18.625,-3.625,19.5,-0.14285714285714285,0,0,0,0
driver_top20,clean,ablate,v5_qwen35_9b_107,106,22.125,0.9518685340881348,3.75,2.9844112396240234,1,1,0.125,0.007078349590301514,0.25,0.14466094970703125,12.724924087524414,-1.383871078491211,22.0,0.9447901844978333,1,1,18.5,18.375,17.875,-3.125,19.9375,-0.030303030303030304,0,0,0,0
driver_top20,clean,ablate,v5_qwen35_9b_123,122,21.25,0.9203647971153259,2.875,2.4472408294677734,1,1,0.125,0.009576380252838135,0.125,0.12404632568359375,13.563831329345703,-1.6796436309814453,21.125,0.9107884168624878,1,1,18.375,18.375,18.375,-5.375,19.75,-0.045454545454545456,0,0,0,0
driver_top20,clean,ablate,v5_qwen35_9b_059,58,20.75,0.9244479537010193,3.375,2.5042896270751953,1,1,0.5,0.03849184513092041,0.375,0.45427894592285156,6.239636421203613,-1.7751502990722656,20.25,0.8859561085700989,1,1,17.25,17.375,18.625,-2.0,19.4375,-0.3076923076923077,0,0,0,0
driver_top20,clean,ablate,v5_qwen35_9b_252,251,20.125,0.7765783071517944,2.375,1.2457618713378906,1,1,0.375,0.05914413928985596,0.5,0.3140716552734375,11.794719696044922,-0.6689262390136719,19.75,0.7174341678619385,1,1,17.875,17.75,18.875,-2.75,19.3125,-0.42857142857142855,0,0,0,0
driver_top20,clean,ablate,v5_qwen35_9b_023,22,20.875,0.950153112411499,3.75,2.947603225708008,1,1,0.375,0.023307085037231445,0.5,0.4084644317626953,16.574190139770508,-1.7345294952392578,20.5,0.9268460273742676,1,1,17.25,17.125,19.0,-2.125,19.75,-0.25,0,0,0,0
driver_top20,clean,ablate,v5_qwen35_9b_086,85,22.0,0.9486533999443054,3.625,2.9163665771484375,1,1,0.125,0.005977272987365723,0.125,0.11643409729003906,14.11111831665039,-1.0549602508544922,21.875,0.9426761269569397,1,1,18.375,18.375,19.625,-1.625,20.75,-0.05555555555555555,0,0,0,0
driver_top20,clean,ablate,v5_qwen35_9b_099,98,20.5,0.7279268503189087,2.125,0.9840545654296875,1,1,0.25,0.04849207401275635,0.25,0.23296356201171875,0.5359593033790588,-0.39233022928237915,20.25,0.6794347763061523,1,1,18.375,18.375,18.5,-3.25,19.375,-0.14285714285714285,0,0,0,0
driver_top20,clean,ablate,v5_qwen35_9b_117,116,21.75,0.9518090486526489,4.25,2.983112335205078,1,1,0.25,0.012336909770965576,0.125,0.24097633361816406,17.20310401916504,-1.6954174041748047,21.5,0.9394721388816833,1,1,17.375,17.5,19.125,-2.125,20.3125,-0.10526315789473684,0,0,0,0
driver_top20,clean,ablate,v5_qwen35_9b_140,139,20.625,0.741422712802887,1.375,1.0532989501953125,1,1,0.125,0.03833359479904175,0.25,0.1913127899169922,4.818688869476318,-1.0234456062316895,20.5,0.7030891180038452,1,1,19.375,19.25,17.625,-5.5,19.0625,-0.043478260869565216,0,0,0,0
driver_top20,clean,ablate,v5_qwen35_9b_156,155,21.375,0.9300792813301086,3.5,2.587841033935547,1,1,0.375,0.0222436785697937,0.375,0.30043983459472656,7.3007941246032715,-1.080456256866455,21.0,0.9078356027603149,1,1,17.875,17.875,19.75,-1.375,20.375,-0.3,0,0,0,0
driver_top20,clean,ablate,v5_qwen35_9b_102,101,21.125,0.9567165970802307,4.125,3.0956497192382812,1,1,0.375,0.01898050308227539,0.5,0.3836212158203125,17.016746520996094,-1.455301284790039,20.75,0.9377360939979553,1,1,17.125,17.0,20.0,-1.625,20.375,-0.5,0,0,0,0
driver_top20,clean,ablate,v5_qwen35_9b_197,196,22.125,0.9916062355041504,5.875,4.771800994873047,1,1,0.375,0.0055803656578063965,0.5,0.5153884887695312,23.681833267211914,-1.545816421508789,21.75,0.986025869846344,1,1,16.375,16.25,18.625,-2.25,20.1875,-0.12,0,0,0,0
driver_top20,clean,ablate,v5_qwen35_9b_210,209,24.125,0.9983047246932983,7.625,6.37812614440918,1,1,0.5,0.0014552474021911621,0.5,0.6211280822753906,28.898681640625,-1.5353565216064453,23.625,0.9968494772911072,1,1,16.5,16.5,19.75,-0.375,21.6875,-0.12903225806451613,0,0,0,0
driver_top20,clean,ablate,v5_qwen35_9b_235,234,21.75,0.9661275148391724,4.375,3.350614547729492,1,1,0.375,0.019232630729675293,0.625,0.46977806091308594,20.93926239013672,-1.5890254974365234,21.375,0.9468948841094971,1,1,17.625,17.375,17.625,-4.125,19.5,-0.1,0,0,0,0
driver_top20,clean,ablate,v5_qwen35_9b_259,258,20.75,0.9340755939483643,3.375,2.6509666442871094,1,1,0.5,0.03465503454208374,0.5,0.46022796630859375,16.828033447265625,-1.4599437713623047,20.25,0.8994205594062805,1,1,17.375,17.375,18.875,-2.125,19.5625,-0.36363636363636365,0,0,0,0
driver_top20,clean,ablate,v5_qwen35_9b_108,107,21.5,0.9758157730102539,4.875,3.6975250244140625,1,1,0.375,0.010214924812316895,0.5,0.36287689208984375,21.3911190032959,-1.6443958282470703,21.125,0.965600848197937,1,1,16.75,16.625,19.25,-1.625,20.1875,-0.2,0,0,0,0
driver_top20,clean,ablate,v5_qwen35_9b_055,54,21.0,0.9242568612098694,3.375,2.5015621185302734,1,1,0.25,0.017019987106323242,0.125,0.22130203247070312,9.316252708435059,-1.4605188369750977,20.75,0.9072368741035461,1,1,17.5,17.625,18.75,-2.625,19.75,-0.125,0,0,0,0
driver_top20,clean,ablate,v5_qwen35_9b_272,271,21.25,0.8955715298652649,2.5,2.1488914489746094,1,1,0.375,0.03668135404586792,0.375,0.3428516387939453,12.215316772460938,-1.3203420639038086,20.875,0.858890175819397,1,1,18.75,18.75,18.75,-3.25,19.8125,-0.17647058823529413,0,0,0,0
driver_top20,clean,ablate,v5_qwen35_9b_015,14,20.75,0.921379029750824,3.625,2.4611549377441406,1,1,0.25,0.018128573894500732,0.125,0.2273578643798828,9.879624366760254,-1.5875253677368164,20.5,0.9032504558563232,1,1,17.0,17.125,18.875,-2.5,19.6875,-0.15384615384615385,0,0,0,0
driver_top20,clean,ablate,v5_qwen35_9b_061,60,21.375,0.959703266620636,3.75,3.170269012451172,1,1,0.375,0.020580828189849854,0.5,0.43427467346191406,14.116547584533691,-1.3768243789672852,21.0,0.9391224384307861,1,1,17.75,17.625,18.25,-5.25,19.625,-0.13636363636363635,0,0,0,0
driver_top20,clean,ablate,v5_qwen35_9b_022,21,21.125,0.9530860781669617,4.0,3.0113048553466797,1,1,0.25,0.018456697463989258,0.5,0.35128021240234375,14.239754676818848,-1.466231346130371,20.875,0.9346293807029724,1,1,17.375,17.125,19.375,-2.0,20.125,-0.16666666666666666,0,0,0,0
driver_top20,clean,ablate,v5_qwen35_9b_078,77,21.25,0.9476025700569153,3.375,2.8949813842773438,1,1,0.375,0.024928748607635498,0.5,0.4158039093017578,15.188417434692383,-1.4799461364746094,20.875,0.9226738214492798,1,1,18.0,17.875,18.25,-5.125,19.5625,-0.14285714285714285,0,0,0,0
driver_top20,clean,ablate,v5_qwen35_9b_262,261,20.875,0.9376516938209534,3.875,2.7105751037597656,1,1,0.5,0.03729730844497681,0.625,0.5094814300537109,21.18596839904785,-1.5694694519042969,20.375,0.9003543853759766,1,1,17.125,17.0,18.75,-1.875,19.5625,-0.3076923076923077,0,0,0,0
driver_top20,clean,ablate,v5_qwen35_9b_063,62,21.5,0.9742677211761475,4.375,3.633882522583008,1,1,0.5,0.019826173782348633,0.75,0.5918140411376953,18.835615158081055,-1.5470237731933594,21.0,0.9544415473937988,1,1,17.375,17.125,18.125,-5.0,19.5625,-0.17391304347826086,0,0,0,0
driver_top20,clean,ablate,v5_qwen35_9b_269,268,20.625,0.8929530382156372,3.375,2.121183395385742,1,1,0.375,0.036769866943359375,0.5,0.33731842041015625,11.015227317810059,-1.58074951171875,20.25,0.8561831712722778,1,1,17.375,17.25,19.0,-1.5,19.625,-0.3,0,0,0,0
driver_top20,clean,ablate,v5_qwen35_9b_075,74,22.0,0.9607117176055908,3.75,3.1966705322265625,1,1,0.25,0.008129239082336426,0.25,0.19656944274902344,14.74394702911377,-1.5337419509887695,21.75,0.9525824785232544,1,1,18.25,18.25,18.625,-4.125,20.1875,-0.08,0,0,0,0
driver_top20,clean,ablate,v5_qwen35_9b_037,36,20.875,0.9612134695053101,4.25,3.210071563720703,1,1,0.375,0.021490633487701416,0.625,0.4635028839111328,17.66674041748047,-1.5894355773925781,20.5,0.9397228360176086,1,1,16.875,16.625,19.125,-1.5,19.8125,-0.2727272727272727,0,0,0,0
driver_top20,clean,ablate,v5_qwen35_9b_046,45,21.0,0.975174069404602,4.25,3.6706771850585938,1,1,0.375,0.013076364994049072,0.5,0.4366264343261719,21.848844528198242,-1.6712722778320312,20.625,0.962097704410553,1,1,16.875,16.75,18.625,-1.5,19.625,-0.1875,0,0,0,0
driver_top20,clean,ablate,v5_qwen35_9b_175,174,20.25,0.7847315073013306,2.125,1.2933883666992188,1,1,0.125,0.02990710735321045,0.125,0.168975830078125,3.6688709259033203,-1.0643320083618164,20.125,0.7548243999481201,1,1,18.125,18.125,17.875,-3.0,19.0,-0.05555555555555555,0,0,0,0
driver_top20,clean,ablate,v5_qwen35_9b_246,245,22.0,0.9711740612983704,4.625,3.5171585083007812,1,1,0.375,0.017000198364257812,0.625,0.48125648498535156,19.856937408447266,-1.5583305358886719,21.625,0.9541738629341125,1,1,17.625,17.375,19.875,-1.625,20.75,-0.21428571428571427,0,0,0,0
driver_top20,clean,ablate,v5_qwen35_9b_278,277,21.0,0.933893084526062,3.75,2.6480064392089844,1,1,0.375,0.021094799041748047,0.375,0.2998008728027344,13.978421211242676,-1.4526939392089844,20.625,0.912798285484314,1,1,17.25,17.25,19.125,-1.125,19.875,-0.25,0,0,0,0
driver_top20,clean,ablate,v5_qwen35_9b_164,163,21.125,0.8817064166069031,2.5,2.0086116790771484,1,1,0.125,0.008803009986877441,0.125,0.08181190490722656,7.640396595001221,-0.9157509803771973,21.0,0.8729034066200256,1,1,18.625,18.625,19.125,-2.0,20.0625,-0.06666666666666667,0,0,0,0
driver_top20,clean,ablate,v5_qwen35_9b_072,71,21.5,0.9044945240020752,3.375,2.248098373413086,1,1,0.375,0.03639906644821167,0.5,0.3639507293701172,9.276802062988281,-1.458200454711914,21.125,0.8680954575538635,1,1,18.25,18.125,18.0,-5.625,19.5625,-0.12,0,0,0,0
driver_top20,clean,ablate,v5_qwen35_9b_279,278,21.0,0.9352208375930786,3.0,2.6697235107421875,1,1,0.5,0.034393489360809326,0.5,0.46335411071777344,17.539451599121094,-1.3032474517822266,20.5,0.9008273482322693,1,1,18.0,18.0,18.25,-2.375,19.375,-0.2222222222222222,0,0,0,0
driver_top20,clean,ablate,v5_qwen35_9b_042,41,21.75,0.9901483654975891,5.875,4.6101837158203125,1,1,0.375,0.006122946739196777,0.4375,0.48958396911621094,24.807998657226562,-1.7444953918457031,21.375,0.9840254187583923,1,1,15.9375,15.875,19.0,-0.875,20.1875,-0.15789473684210525,0,0,0,0
driver_top20,clean,ablate,v5_qwen35_9b_060,59,20.5,0.9570697546005249,3.75,3.1042442321777344,1,1,0.375,0.022018015384674072,0.5,0.43731117248535156,17.16482925415039,-1.4820194244384766,20.125,0.9350517392158508,1,1,16.875,16.75,18.125,-2.0,19.125,-0.1875,0,0,0,0
driver_top20,clean,ablate,v5_qwen35_9b_194,193,21.625,0.9901868104934692,5.75,4.614128112792969,1,1,0.375,0.005712389945983887,0.375,0.46455955505371094,24.705780029296875,-1.5494194030761719,21.25,0.9844744205474854,1,1,15.875,15.875,18.25,-5.5,19.75,-0.125,0,0,0,0
driver_top20,clean,ablate,v5_qwen35_9b_213,212,24.25,0.9985067248344421,7.375,6.50532341003418,1,1,0.25,0.0006095767021179199,0.25,0.343109130859375,35.42351531982422,-1.6098136901855469,24.0,0.9978971481323242,1,1,16.875,16.875,19.0,-1.875,21.5,-0.05,0,0,0,0
driver_top20,clean,ablate,v5_qwen35_9b_067,66,21.75,0.9534370303153992,3.875,3.019174575805664,1,1,0.25,0.012184202671051025,0.375,0.24528121948242188,19.33084487915039,-1.5663070678710938,21.5,0.9412528276443481,1,1,18.0,17.875,17.875,-4.625,19.6875,-0.06896551724137931,0,0,0,0
driver_top20,clean,ablate,v5_qwen35_9b_003,2,20.875,0.9429589509963989,3.75,2.805177688598633,1,1,0.375,0.021331608295440674,0.5,0.34058380126953125,14.374917984008789,-1.6250009536743164,20.5,0.9216273427009583,1,1,17.25,17.125,18.125,-5.125,19.3125,-0.15789473684210525,0,0,0,0
driver_top20,clean,ablate,v5_qwen35_9b_004,3,20.5,0.9060336947441101,3.25,2.2660465240478516,1,1,0.375,0.02019035816192627,0.375,0.21714401245117188,12.497786521911621,-2.587259292602539,20.125,0.8858433365821838,1,1,17.25,17.25,17.875,-5.625,19.0,-0.16666666666666666,0,0,0,0
driver_top20,clean,ablate,v5_qwen35_9b_134,133,21.375,0.8509498238563538,2.125,1.7420101165771484,1,1,0.125,0.01161724328994751,0.125,0.08881759643554688,4.351977348327637,-1.5892653465270996,21.25,0.8393325805664062,1,1,19.25,19.25,18.0,-5.375,19.625,-0.038461538461538464,0,0,0,0
driver_top20,clean,ablate,v5_qwen35_9b_165,164,21.375,0.9619385004043579,4.25,3.2296810150146484,1,1,0.375,0.01280909776687622,0.375,0.303497314453125,14.569841384887695,-1.2633838653564453,21.0,0.9491294026374817,1,1,17.125,17.125,20.0,-0.25,20.5,-0.375,0,0,0,0
driver_top20,clean,ablate,v5_qwen35_9b_265,264,21.0,0.9168760180473328,2.75,2.4005470275878906,1,1,0.375,0.041251420974731445,0.5,0.4489860534667969,14.525893211364746,-0.14220905303955078,20.625,0.8756245970726013,1,1,18.375,18.25,17.75,-2.625,19.1875,-0.13043478260869565,0,0,0,0
random_layer_matched,corrupt,ablate,v5_qwen35_9b_298,297,18.375,0.024863438680768013,-3.0,-3.6692047119140625,5,0,-0.125,-0.00664377398788929,-0.25,-0.24365234375,-65.68128204345703,-0.9133987426757812,18.5,0.0315072126686573,5,0,21.25,21.375,20.75,2.25,19.625,-0.05555555555555555,0,0,0,0
random_layer_matched,corrupt,ablate,v5_qwen35_9b_171,170,18.375,0.012803622521460056,-3.75,-4.345165252685547,5,0,0.0,-0.0004497244954109192,0.0,-0.03497886657714844,-59.88243865966797,-0.6275253295898438,18.375,0.013253347016870975,5,0,22.125,22.125,21.375,1.375,19.875,0.0,0,0,0,0
random_layer_matched,corrupt,ablate,v5_qwen35_9b_105,104,18.0,0.024476446211338043,-3.25,-3.685283660888672,3,0,-0.125,-0.0021589789539575577,-0.125,-0.0867462158203125,-83.07542419433594,-0.49500274658203125,18.125,0.0266354251652956,3,0,21.25,21.25,20.375,1.875,19.25,-0.05555555555555555,0,0,0,0
random_layer_matched,corrupt,ablate,v5_qwen35_9b_290,289,17.625,0.015343287028372288,-3.25,-4.161653518676758,5,0,-0.125,-0.0027380874380469322,-0.125,-0.16698837280273438,-62.79597854614258,-0.9639511108398438,17.75,0.01808137446641922,5,0,20.875,20.875,20.75,3.125,19.25,-0.041666666666666664,0,0,0,0
random_layer_matched,corrupt,ablate,v5_qwen35_9b_110,109,17.25,0.0029014726169407368,-5.0,-5.83964729309082,6,0,-0.125,-0.00013582664541900158,-0.125,-0.045886993408203125,-70.73504638671875,1.3159103393554688,17.375,0.0030372992623597383,6,0,22.25,22.25,20.5,1.25,18.9375,-0.04,0,0,0,0
random_layer_matched,corrupt,ablate,v5_qwen35_9b_199,198,18.75,0.030101042240858078,-3.125,-3.4726505279541016,3,0,0.0,0.0025226902216672897,0.125,0.09012603759765625,-74.75830078125,-0.42806243896484375,18.75,0.02757835201919079,3,0,22.0,21.875,24.25,6.125,21.5,0.0,0,0,0,0
random_layer_matched,corrupt,ablate,v5_qwen35_9b_166,165,18.5,0.028156112879514694,-3.0,-3.541452407836914,3,0,0.0,-0.0021621696650981903,-0.125,-0.07621383666992188,-76.6380386352539,0.33001708984375,18.5,0.030318282544612885,3,0,21.375,21.5,20.75,1.375,19.625,0.0,0,0,0,0
random_layer_matched,corrupt,ablate,v5_qwen35_9b_002,1,18.0,0.002794963540509343,-5.625,-5.877147674560547,7,0,0.0,1.293024979531765e-05,0.0,0.004650115966796875,-85.28943634033203,-0.0040435791015625,18.0,0.0027820332907140255,7,0,23.625,23.625,21.25,3.375,19.625,0.0,0,0,0,0
random_layer_matched,corrupt,ablate,v5_qwen35_9b_182,181,18.125,0.003911731299012899,-5.375,-5.539865493774414,5,0,0.0,0.0004440068732947111,0.125,0.1209259033203125,-86.33880615234375,-0.6193389892578125,18.125,0.0034677244257181883,5,0,23.625,23.5,23.25,5.125,20.6875,0.0,0,0,0,0
random_layer_matched,corrupt,ablate,v5_qwen35_9b_296,295,18.875,0.021315066143870354,-3.125,-3.826812744140625,4,0,-0.125,-0.001108318567276001,0.0,-0.05182456970214844,-76.04315185546875,-1.21417236328125,19.0,0.022423384711146355,4,0,22.125,22.0,21.375,3.0,20.1875,-0.05263157894736842,0,0,0,0
random_layer_matched,corrupt,ablate,v5_qwen35_9b_299,298,18.25,0.028119122609496117,-2.625,-3.5428199768066406,5,0,-0.125,-0.0036049429327249527,-0.125,-0.12434005737304688,-59.45221710205078,0.25051116943359375,18.375,0.03172406554222107,5,0,20.875,20.875,21.25,3.125,19.8125,-0.043478260869565216,0,0,0,0
random_layer_matched,corrupt,ablate,v5_qwen35_9b_031,30,18.5,0.03581038862466812,-2.75,-3.2930736541748047,3,0,0.0,-0.0016919299960136414,0.0,-0.04792022705078125,-78.27518463134766,-0.17633819580078125,18.5,0.03750231862068176,3,0,21.25,21.25,19.875,3.375,19.1875,0.0,0,0,0,0
random_layer_matched,corrupt,ablate,v5_qwen35_9b_093,92,19.25,0.040928877890110016,-2.625,-3.154153823852539,4,0,0.0,-0.004560321569442749,-0.125,-0.11040496826171875,-77.55101013183594,-0.1505584716796875,19.25,0.045489199459552765,4,0,21.75,21.875,21.125,2.625,20.1875,0.0,0,0,0,0
random_layer_matched,corrupt,ablate,v5_qwen35_9b_216,215,18.75,0.025984259322285652,-2.75,-3.623964309692383,5,0,-0.125,-0.005607927218079567,-0.25,-0.20119094848632812,-57.034400939941406,-1.4877281188964844,18.875,0.03159218654036522,5,0,21.375,21.5,23.375,6.25,21.125,-0.027777777777777776,0,0,0,0
random_layer_matched,corrupt,ablate,v5_qwen35_9b_151,150,19.125,0.03701620176434517,-3.0,-3.2587013244628906,3,0,0.0,-0.004463516175746918,-0.125,-0.11849403381347656,-87.00352478027344,-0.7446365356445312,19.125,0.04147971794009209,3,0,22.0,22.125,21.0,1.875,20.0625,0.0,0,0,0,0
random_layer_matched,corrupt,ablate,v5_qwen35_9b_183,182,17.875,0.004984541796147823,-4.625,-5.296426773071289,4,0,0.0,1.5960074961185455e-05,0.0,0.003223419189453125,-85.1334457397461,0.0574493408203125,17.875,0.004968581721186638,4,0,22.5,22.5,24.0,5.75,20.9375,0.0,0,0,0,0
random_layer_matched,corrupt,ablate,v5_qwen35_9b_220,219,18.75,0.013355550356209278,-4.125,-4.302389144897461,4,0,0.0,-0.0019352873787283897,-0.125,-0.1372833251953125,-64.0577163696289,-0.5836944580078125,18.75,0.015290837734937668,3,0,22.75,22.875,24.25,6.75,21.5,0.0,0,0,0,0
random_layer_matched,corrupt,ablate,v5_qwen35_9b_189,188,18.125,0.005918772891163826,-4.75,-5.123701095581055,5,0,0.0,0.00020296359434723854,0.0,0.03509712219238281,-87.81989288330078,-0.7381973266601562,18.125,0.0057158092968165874,5,0,22.875,22.875,22.875,5.5,20.5,0.0,0,0,0,0
random_layer_matched,corrupt,ablate,v5_qwen35_9b_200,199,19.0,0.04720455780625343,-2.625,-3.004932403564453,3,0,-0.125,-0.005782525986433029,-0.125,-0.12164497375488281,-71.20333099365234,-0.22328948974609375,19.125,0.05298708379268646,3,0,21.625,21.625,22.75,4.875,20.9375,-0.034482758620689655,0,0,0,0
random_layer_matched,corrupt,ablate,v5_qwen35_9b_202,201,18.375,0.037145085632801056,-2.75,-3.2551002502441406,4,0,-0.125,-0.00472550094127655,-0.125,-0.12467384338378906,-71.68294525146484,0.0233001708984375,18.5,0.041870586574077606,4,0,21.125,21.125,22.375,4.875,20.4375,-0.03225806451612903,0,0,0,0
random_layer_matched,corrupt,ablate,v5_qwen35_9b_050,49,18.875,0.05614035949110985,-1.625,-2.8221683502197266,6,0,0.0,0.013711515814065933,0.375,0.2944450378417969,-46.971893310546875,3.6700820922851562,18.875,0.042428843677043915,6,0,20.875,20.5,21.25,3.625,20.0625,0.0,0,0,0,0
random_layer_matched,corrupt,ablate,v5_qwen35_9b_098,97,19.75,0.06379355490207672,-2.375,-2.686208724975586,3,0,0.0,0.00035712867975234985,0.0,0.0059947967529296875,-77.73775482177734,-0.4748382568359375,19.75,0.06343642622232437,3,0,22.125,22.125,21.25,2.875,20.5,0.0,0,0,0,0
random_layer_matched,corrupt,ablate,v5_qwen35_9b_112,111,17.625,0.00954469759017229,-4.125,-4.642202377319336,5,0,-0.125,-0.002110523171722889,-0.25,-0.20190048217773438,-75.25865936279297,-0.45343017578125,17.75,0.01165522076189518,5,0,21.625,21.75,20.75,3.75,19.25,-0.041666666666666664,0,0,0,0
random_layer_matched,corrupt,ablate,v5_qwen35_9b_150,149,18.75,0.06932687014341354,-2.5,-2.597095489501953,2,0,0.0,-0.00801432877779007,-0.125,-0.11804008483886719,-77.28809356689453,-0.2644500732421875,18.75,0.07734119892120361,2,0,21.125,21.25,20.5,2.0,19.625,0.0,0,0,0,0
random_layer_matched,corrupt,ablate,v5_qwen35_9b_247,246,18.5,0.03337618336081505,-3.125,-3.3659915924072266,4,0,0.0,-0.004168294370174408,-0.125,-0.12200546264648438,-73.33279418945312,-1.183502197265625,18.5,0.037544477730989456,4,0,21.5,21.625,20.25,2.0,19.375,0.0,0,0,0,0
random_layer_matched,corrupt,ablate,v5_qwen35_9b_049,48,18.75,0.042382434010505676,-2.375,-3.1177520751953125,6,0,-0.125,-0.005348708480596542,-0.125,-0.12445259094238281,-54.97124099731445,-0.5088119506835938,18.875,0.04773114249110222,6,0,21.125,21.125,21.375,3.625,20.125,-0.05,0,0,0,0
random_layer_matched,corrupt,ablate,v5_qwen35_9b_056,55,19.25,0.04650213196873665,-2.5,-3.0206642150878906,3,0,0.0,0.003661368042230606,0.125,0.08584022521972656,-56.38551330566406,0.2535858154296875,19.25,0.04284076392650604,3,0,21.875,21.75,21.375,4.0,20.3125,0.0,0,0,0,0
random_layer_matched,corrupt,ablate,v5_qwen35_9b_092,91,19.125,0.0610569603741169,-2.5,-2.7329750061035156,3,0,-0.25,-0.007625762373209,-0.125,-0.12584686279296875,-75.60939025878906,-1.3721160888671875,19.375,0.0686827227473259,3,0,21.75,21.625,20.875,3.125,20.125,-0.16666666666666666,0,0,0,0
random_layer_matched,corrupt,ablate,v5_qwen35_9b_111,110,18.0,0.02292788401246071,-3.625,-3.7522239685058594,4,0,-0.125,-0.002860032021999359,-0.125,-0.1204833984375,-68.68598937988281,-1.50909423828125,18.125,0.025787916034460068,4,0,21.625,21.625,21.125,2.875,19.625,-0.041666666666666664,0,0,0,0
random_layer_matched,corrupt,ablate,v5_qwen35_9b_212,211,19.375,0.10774260014295578,-0.875,-2.1140613555908203,5,0,0.0,0.0007260143756866455,0.0,0.0075740814208984375,-38.56682586669922,-0.35630035400390625,19.375,0.10701658576726913,5,0,20.25,20.25,25.0,7.625,22.1875,0.0,0,0,0,0
random_layer_matched,corrupt,ablate,v5_qwen35_9b_283,282,18.375,0.01150621846318245,-3.75,-4.453311920166016,5,0,0.0,4.044175148010254e-05,0.0,0.00356292724609375,-70.82318115234375,-0.22609710693359375,18.375,0.011465776711702347,5,0,22.125,22.125,21.0,3.75,19.6875,0.0,0,0,0,0
random_layer_matched,corrupt,ablate,v5_qwen35_9b_010,9,19.0,0.044463515281677246,-2.625,-3.0676326751708984,4,0,0.0,-0.00017106160521507263,0.0,-0.00402069091796875,-74.95785522460938,-0.1815338134765625,19.0,0.04463457688689232,4,0,21.625,21.625,21.25,3.375,20.125,0.0,0,0,0,0
random_layer_matched,corrupt,ablate,v5_qwen35_9b_173,172,18.875,0.03267793357372284,-3.0,-3.3878555297851562,6,0,0.0,0.001246083527803421,0.0,0.04016685485839844,-62.46900939941406,-2.0581626892089844,18.875,0.03143185004591942,6,0,21.875,21.875,20.875,2.375,19.875,0.0,0,0,0,0
random_layer_matched,corrupt,ablate,v5_qwen35_9b_196,195,19.0,0.04644106701016426,-2.375,-3.0220394134521484,3,0,0.0,0.002470608800649643,0.0,0.05725288391113281,-74.81582641601562,0.26572418212890625,19.0,0.04397045820951462,3,0,21.375,21.375,24.125,6.5,21.5625,0.0,0,0,0,0
random_layer_matched,corrupt,ablate,v5_qwen35_9b_227,226,19.75,0.036649640649557114,-2.5,-3.269031524658203,4,0,-0.125,-0.00850270688533783,-0.25,-0.21750259399414062,-65.3322525024414,-1.4206733703613281,19.875,0.04515234753489494,4,0,22.125,22.25,23.0,4.75,21.4375,-0.04,0,0,0,0
random_layer_matched,corrupt,ablate,v5_qwen35_9b_268,267,19.0,0.014175748452544212,-3.875,-4.2419586181640625,3,0,-0.125,-0.0013325652107596397,-0.125,-0.09119796752929688,-67.01058197021484,-0.7187042236328125,19.125,0.015508313663303852,3,0,22.875,22.875,20.875,2.875,20.0,-0.07142857142857142,0,0,0,0
random_layer_matched,corrupt,ablate,v5_qwen35_9b_090,89,18.875,0.03995615616440773,-2.875,-3.179220199584961,4,0,0.0,-0.003476981073617935,-0.125,-0.08706474304199219,-83.61892700195312,0.23265838623046875,18.875,0.043433137238025665,4,0,21.625,21.75,21.25,2.5,20.0625,0.0,0,0,0,0
random_layer_matched,corrupt,ablate,v5_qwen35_9b_091,90,19.0,0.048016782850027084,-2.75,-2.987020492553711,4,0,0.125,0.003919459879398346,0.125,0.08926200866699219,-78.21092224121094,0.5358352661132812,18.875,0.04409732297062874,4,0,21.75,21.75,20.625,2.125,19.75,0.07142857142857142,0,0,0,0
random_layer_matched,corrupt,ablate,v5_qwen35_9b_155,154,19.125,0.05327504128217697,-2.375,-2.877573013305664,4,0,0.0,-0.0001838989555835724,0.0,-0.0036411285400390625,-74.63508605957031,-0.5453720092773438,19.125,0.053458940237760544,4,0,21.5,21.5,21.25,2.625,20.1875,0.0,0,0,0,0
random_layer_matched,corrupt,ablate,v5_qwen35_9b_238,237,18.125,0.02108795940876007,-3.375,-3.837766647338867,7,0,0.0,-0.0026391874998807907,-0.125,-0.12061691284179688,-67.87867736816406,-0.083740234375,18.125,0.02372714690864086,7,0,21.375,21.5,23.125,5.625,20.625,0.0,0,0,0,0
random_layer_matched,corrupt,ablate,v5_qwen35_9b_293,292,19.75,0.0796782523393631,-2.125,-2.446748733520508,3,0,0.0,-0.00838528573513031,-0.125,-0.10921287536621094,-56.853355407714844,0.6904411315917969,19.75,0.08806353807449341,3,0,21.75,21.875,21.5,3.5,20.625,0.0,0,0,0,0
random_layer_matched,corrupt,ablate,v5_qwen35_9b_198,197,19.125,0.031824223697185516,-2.875,-3.4152069091796875,4,0,-0.125,-0.006151668727397919,-0.125,-0.18309783935546875,-69.88707733154297,-0.13181304931640625,19.25,0.037975892424583435,4,0,22.0,22.0,23.5,6.0,21.375,-0.029411764705882353,0,0,0,0
random_layer_matched,corrupt,ablate,v5_qwen35_9b_230,229,18.75,0.05115768685936928,-2.5,-2.9203643798828125,3,0,0.0,-0.00016675516963005066,0.0,-0.003429412841796875,-49.50458526611328,0.7061805725097656,18.75,0.05132444202899933,3,0,21.25,21.25,21.75,5.5,20.25,0.0,0,0,0,0
random_layer_matched,corrupt,ablate,v5_qwen35_9b_273,272,19.0,0.028423018753528595,-2.75,-3.531747817993164,7,0,-0.125,-0.002169271931052208,0.0,-0.07578468322753906,-57.19758987426758,0.4114837646484375,19.125,0.030592290684580803,6,0,21.875,21.75,21.125,3.5,20.125,-0.0625,0,0,0,0
random_layer_matched,corrupt,ablate,v5_qwen35_9b_051,50,18.625,0.039656978100538254,-2.5,-3.1870574951171875,4,0,-0.125,-0.004644446074962616,-0.125,-0.11559677124023438,-53.82585525512695,-1.4684791564941406,18.75,0.04430142417550087,4,0,21.125,21.125,20.875,2.875,19.8125,-0.058823529411764705,0,0,0,0
random_layer_matched,corrupt,ablate,v5_qwen35_9b_174,173,18.0,0.02137766405940056,-3.125,-3.823833465576172,6,0,-0.125,-0.002536524087190628,-0.125,-0.11472129821777344,-66.79106903076172,-0.5027313232421875,18.125,0.023914188146591187,6,0,21.125,21.125,21.25,2.0,19.6875,-0.04,0,0,0,0
random_layer_matched,corrupt,ablate,v5_qwen35_9b_215,214,18.375,0.041405752301216125,-2.125,-3.142091751098633,5,0,-0.125,-0.0007423833012580872,0.0,-0.01854705810546875,-51.777809143066406,0.5954856872558594,18.5,0.04214813560247421,5,0,20.625,20.5,23.25,5.25,20.875,-0.02631578947368421,0,0,0,0
random_layer_matched,corrupt,ablate,v5_qwen35_9b_271,270,18.875,0.052528686821460724,-2.0,-2.892477035522461,5,0,0.0,-0.0027674883604049683,-0.125,-0.05426979064941406,-51.376468658447266,-0.4610939025878906,18.875,0.05529617518186569,5,0,20.75,20.875,20.875,3.625,19.875,0.0,0,0,0,0
random_layer_matched,corrupt,ablate,v5_qwen35_9b_297,296,19.0,0.06165916472673416,-1.875,-2.7225265502929688,4,0,0.0,-0.0007570087909698486,0.0,-0.013010025024414062,-59.07905197143555,0.32989501953125,19.0,0.06241617351770401,3,0,20.875,20.875,21.375,4.0,20.1875,0.0,0,0,0,0
random_layer_matched,corrupt,ablate,v5_qwen35_9b_249,248,18.875,0.03646077960729599,-2.625,-3.274394989013672,3,0,0.0,0.0001291520893573761,0.0,0.00368499755859375,-71.81743621826172,-0.10433197021484375,18.875,0.036331627517938614,3,0,21.5,21.5,20.75,2.5,19.8125,0.0,0,0,0,0
random_layer_matched,corrupt,ablate,v5_qwen35_9b_041,40,19.875,0.1411239057779312,-1.25,-1.8060226440429688,3,0,-0.125,-0.015143170952796936,-0.125,-0.11971855163574219,-48.142723083496094,0.3740386962890625,20.0,0.15626707673072815,3,0,21.125,21.125,21.375,4.5,20.6875,-0.09090909090909091,0,0,0,0
random_layer_matched,corrupt,ablate,v5_qwen35_9b_177,176,18.125,0.017047200351953506,-3.375,-4.054603576660156,6,0,-0.125,-0.0022215545177459717,-0.125,-0.12476158142089844,-69.74819946289062,-0.0800323486328125,18.25,0.019268754869699478,6,0,21.5,21.5,20.875,2.125,19.5625,-0.047619047619047616,0,0,0,0
random_layer_matched,corrupt,ablate,v5_qwen35_9b_211,210,19.25,0.10449355840682983,-1.0,-2.1483192443847656,5,0,-0.125,-0.008543670177459717,-0.125,-0.0881805419921875,-33.77719497680664,1.3955230712890625,19.375,0.11303722858428955,5,0,20.25,20.25,25.0,6.25,22.1875,-0.022222222222222223,0,0,0,0
random_layer_matched,corrupt,ablate,v5_qwen35_9b_096,95,19.375,0.05793721228837967,-2.5,-2.788736343383789,3,0,0.0,-0.005883954465389252,-0.125,-0.10298728942871094,-75.41181945800781,-0.40702056884765625,19.375,0.06382116675376892,3,0,21.75,21.875,21.25,2.5,20.3125,0.0,0,0,0,0
random_layer_matched,corrupt,ablate,v5_qwen35_9b_149,148,19.25,0.06649496406316757,-2.375,-2.641845703125,2,0,0.0,-9.401887655258179e-05,0.0,-0.0015125274658203125,-74.27312469482422,1.835357666015625,19.25,0.06658898293972015,3,0,21.625,21.625,21.125,2.25,20.1875,0.0,0,0,0,0
random_layer_matched,corrupt,ablate,v5_qwen35_9b_236,235,18.75,0.027865668758749962,-3.125,-3.5521240234375,6,0,0.0,-0.0024563148617744446,-0.125,-0.08700752258300781,-66.10617065429688,0.20832061767578125,18.75,0.030321983620524406,6,0,21.75,21.875,22.5,5.625,20.625,0.0,0,0,0,0
random_layer_matched,corrupt,ablate,v5_qwen35_9b_016,15,19.75,0.04841534048318863,-2.375,-2.978330612182617,4,0,-0.125,-0.006394971162080765,-0.125,-0.13080406188964844,-64.83879852294922,-0.6504287719726562,19.875,0.054810311645269394,4,0,22.125,22.125,20.5,4.5,20.1875,-0.2,0,0,0,0
random_layer_matched,corrupt,ablate,v5_qwen35_9b_053,52,18.75,0.07229351997375488,-1.875,-2.5520248413085938,4,0,-0.125,-0.0020197704434394836,0.0,-0.029735565185546875,-51.70146942138672,-0.09090423583984375,18.875,0.07431329041719437,4,0,20.75,20.625,20.875,3.25,19.875,-0.0625,0,0,0,0
random_layer_matched,corrupt,ablate,v5_qwen35_9b_077,76,18.5,0.0072068762965500355,-4.375,-4.925500869750977,6,0,0.0,4.492932930588722e-05,0.0,0.006298065185546875,-81.2997817993164,-0.34633636474609375,18.5,0.007161946967244148,6,0,22.875,22.875,21.25,3.5,19.875,0.0,0,0,0,0
random_layer_matched,corrupt,ablate,v5_qwen35_9b_233,232,17.375,0.013216394931077957,-3.625,-4.313022613525391,6,0,-0.125,-1.4728866517543793e-05,0.0,-0.001129150390625,-71.08690643310547,-0.8221435546875,17.5,0.013231123797595501,6,0,21.125,21.0,22.25,5.0,19.875,-0.02631578947368421,0,0,0,0
random_layer_matched,corrupt,ablate,v5_qwen35_9b_264,263,18.875,0.08257994800806046,-2.0,-2.4078445434570312,3,0,-0.125,-0.011418327689170837,-0.125,-0.14203643798828125,-36.48195266723633,-1.4969367980957031,19.0,0.09399827569723129,3,0,20.875,20.875,20.25,2.75,19.625,-0.1,0,0,0,0
random_layer_matched,corrupt,ablate,v5_qwen35_9b_020,19,19.75,0.11317529529333115,-1.625,-2.0587387084960938,3,0,0.0,0.0028296783566474915,0.0,0.028505325317382812,-47.48358154296875,2.29571533203125,19.75,0.11034561693668365,3,0,21.375,21.375,21.5,4.375,20.625,0.0,0,0,0,0
random_layer_matched,corrupt,ablate,v5_qwen35_9b_021,20,19.625,0.08705899119377136,-1.75,-2.350118637084961,3,0,0.0,-0.01579362154006958,-0.25,-0.1841602325439453,-46.272098541259766,-0.9507904052734375,19.625,0.10285261273384094,3,0,21.125,21.375,21.125,4.75,20.375,0.0,0,0,0,0
random_layer_matched,corrupt,ablate,v5_qwen35_9b_030,29,18.25,0.026388823986053467,-3.0,-3.6080970764160156,3,0,0.0,-0.0017892122268676758,-0.125,-0.06744194030761719,-72.15852355957031,1.2310409545898438,18.25,0.028178036212921143,3,0,21.125,21.25,20.75,3.375,19.5,0.0,0,0,0,0
random_layer_matched,corrupt,ablate,v5_qwen35_9b_035,34,19.125,0.04330991208553314,-2.5,-3.0951175689697266,3,0,-0.125,-0.001893412321805954,0.0,-0.04477119445800781,-73.32160186767578,-0.865753173828125,19.25,0.045203324407339096,3,0,21.75,21.625,21.5,3.5,20.375,-0.05555555555555555,0,0,0,0
random_layer_matched,corrupt,ablate,v5_qwen35_9b_104,103,19.875,0.08789820224046707,-1.875,-2.3395919799804688,3,0,-0.125,-0.011361345648765564,-0.125,-0.1340923309326172,-63.691200256347656,-0.5817794799804688,20.0,0.09925954788923264,3,0,21.75,21.75,21.25,4.0,20.625,-0.1,0,0,0,0
random_layer_matched,corrupt,ablate,v5_qwen35_9b_176,175,19.0,0.04976259171962738,-2.5,-2.9494800567626953,4,0,-0.125,-0.001027420163154602,0.0,-0.021520614624023438,-68.94010925292969,-1.2167282104492188,19.125,0.05079001188278198,4,0,21.625,21.5,21.375,2.5,20.25,-0.05555555555555555,0,0,0,0
random_layer_matched,corrupt,ablate,v5_qwen35_9b_191,190,18.375,0.005678294692188501,-4.875,-5.165422439575195,7,0,0.0,0.0001437077298760414,0.0,0.02577972412109375,-83.23052215576172,-0.2303924560546875,18.375,0.00553458696231246,7,0,23.25,23.25,22.5,5.0,20.4375,0.0,0,0,0,0
random_layer_matched,corrupt,ablate,v5_qwen35_9b_204,203,18.0,0.05256302282214165,-2.625,-2.89178466796875,3,0,0.0,0.005506016314029694,0.125,0.11644363403320312,-67.86585998535156,-0.7162551879882812,18.0,0.047057006508111954,3,0,20.75,20.625,22.625,5.125,20.3125,0.0,0,0,0,0
random_layer_matched,corrupt,ablate,v5_qwen35_9b_222,221,18.375,0.04435120150446892,-2.625,-3.070283889770508,4,0,-0.25,-0.013419535011053085,-0.25,-0.27848243713378906,-57.57652282714844,-1.3341217041015625,18.625,0.057770736515522,3,0,21.0,21.0,22.0,4.75,20.3125,-0.07407407407407407,0,0,0,0
random_layer_matched,corrupt,ablate,v5_qwen35_9b_248,247,19.375,0.07054111361503601,-2.25,-2.578432083129883,3,0,0.0,-0.0003017410635948181,0.0,-0.0045909881591796875,-67.16400909423828,-1.5220413208007812,19.375,0.07084285467863083,3,0,21.625,21.625,20.875,2.5,20.125,0.0,0,0,0,0
random_layer_matched,corrupt,ablate,v5_qwen35_9b_052,51,18.375,0.03423568978905678,-2.375,-3.3396873474121094,6,0,0.125,-0.0009982585906982422,0.0,-0.029771804809570312,-52.217079162597656,0.7147026062011719,18.25,0.03523394837975502,6,0,20.625,20.75,20.875,2.75,19.5625,0.047619047619047616,0,0,0,0
random_layer_matched,corrupt,ablate,v5_qwen35_9b_069,68,18.375,0.007427850738167763,-4.625,-4.895074844360352,6,0,0.0,5.162553861737251e-05,0.0,0.00702667236328125,-81.82141876220703,-0.084564208984375,18.375,0.00737622519955039,6,0,23.0,23.0,21.5,3.25,19.9375,0.0,0,0,0,0
random_layer_matched,corrupt,ablate,v5_qwen35_9b_083,82,19.75,0.060797158628702164,-2.375,-2.737508773803711,3,0,0.125,0.010956313461065292,0.25,0.21030426025390625,-70.55097961425781,0.9660873413085938,19.625,0.04984084516763687,4,0,22.25,22.125,20.875,3.25,20.25,0.1,0,0,0,0
random_layer_matched,corrupt,ablate,v5_qwen35_9b_087,86,19.875,0.10499924421310425,-1.875,-2.1428985595703125,2,0,0.125,0.011926248669624329,0.125,0.1338062286376953,-68.03089141845703,1.1402664184570312,19.75,0.09307299554347992,2,0,21.75,21.75,21.5,3.875,20.625,0.07142857142857142,0,0,0,0
random_layer_matched,corrupt,ablate,v5_qwen35_9b_170,169,18.875,0.043779559433460236,-2.25,-3.083850860595703,5,0,0.0,-0.00037084147334098816,0.0,-0.008821487426757812,-63.032249450683594,-1.05633544921875,18.875,0.044150400906801224,4,0,21.125,21.125,21.25,2.25,20.0625,0.0,0,0,0,0
random_layer_matched,corrupt,ablate,v5_qwen35_9b_186,185,18.375,0.006782317999750376,-4.625,-4.986644744873047,7,0,0.0,1.0016374289989471e-06,0.0,0.000148773193359375,-85.34947204589844,-0.37471771240234375,18.375,0.006781316362321377,7,0,23.0,23.0,23.75,6.125,21.0625,0.0,0,0,0,0
random_layer_matched,corrupt,ablate,v5_qwen35_9b_214,213,18.625,0.030618727207183838,-2.875,-3.4550743103027344,5,0,0.0,0.0001827683299779892,0.0,0.006175994873046875,-58.284950256347656,0.5379791259765625,18.625,0.03043595887720585,5,0,21.5,21.5,23.875,6.0,21.25,0.0,0,0,0,0
random_layer_matched,corrupt,ablate,v5_qwen35_9b_240,239,19.25,0.06443556398153305,-2.0,-2.675516128540039,4,0,0.0,0.006455238908529282,0.125,0.11243629455566406,-48.74836349487305,0.4486274719238281,19.25,0.05798032507300377,4,0,21.375,21.25,22.75,6.375,21.0,0.0,0,0,0,0
random_layer_matched,corrupt,ablate,v5_qwen35_9b_284,283,18.75,0.057560212910175323,-2.375,-2.7956790924072266,3,0,0.0,0.004793819040060043,0.125,0.09202957153320312,-41.46100997924805,0.052738189697265625,18.75,0.05276639387011528,3,0,21.25,21.125,19.875,2.5,19.3125,0.0,0,0,0,0
random_layer_matched,corrupt,ablate,v5_qwen35_9b_044,43,19.0,0.0692668929696083,-2.0,-2.5980453491210938,4,0,0.0,7.823854684829712e-05,0.0,0.0012149810791015625,-45.12907028198242,-0.6806449890136719,19.0,0.06918865442276001,4,0,21.0,21.0,20.875,3.25,19.9375,0.0,0,0,0,0
random_layer_matched,corrupt,ablate,v5_qwen35_9b_068,67,18.25,0.006684812717139721,-4.75,-5.001220703125,7,0,-0.125,-0.0007093045860528946,-0.125,-0.10156059265136719,-85.16438293457031,-0.593536376953125,18.375,0.0073941173031926155,6,0,23.0,23.0,21.375,3.625,19.875,-0.041666666666666664,0,0,0,0
random_layer_matched,corrupt,ablate,v5_qwen35_9b_079,78,19.625,0.08881980180740356,-2.125,-2.3281517028808594,2,0,0.0,-0.000643514096736908,0.0,-0.007925033569335938,-67.21928405761719,-0.5224380493164062,19.625,0.08946331590414047,2,0,21.75,21.75,21.5,4.375,20.5625,0.0,0,0,0,0
random_layer_matched,corrupt,ablate,v5_qwen35_9b_127,126,18.375,0.007510282099246979,-4.625,-4.883953094482422,4,0,0.0,4.09507192671299e-05,0.0,0.0055103302001953125,-88.77651977539062,-0.80609130859375,18.375,0.007469331379979849,4,0,23.0,23.0,21.5,3.375,19.9375,0.0,0,0,0,0
random_layer_matched,corrupt,ablate,v5_qwen35_9b_218,217,18.25,0.024519991129636765,-3.25,-3.683473587036133,6,0,-0.125,-0.0033814124763011932,-0.125,-0.1326618194580078,-62.60220718383789,-1.2489471435546875,18.375,0.027901403605937958,6,0,21.5,21.5,21.125,4.375,19.75,-0.045454545454545456,0,0,0,0
random_layer_matched,corrupt,ablate,v5_qwen35_9b_097,96,19.625,0.05226978287100792,-2.625,-2.897672653198242,3,0,-0.125,-0.012000080198049545,-0.25,-0.21941375732421875,-78.97151184082031,-0.662384033203125,19.75,0.06426986306905746,3,0,22.125,22.25,21.25,2.75,20.5,-0.08333333333333333,0,0,0,0
random_layer_matched,corrupt,ablate,v5_qwen35_9b_169,168,19.25,0.11346422135829926,-1.625,-2.055875778198242,3,0,0.125,0.0184328630566597,0.25,0.1978588104248047,-38.63391876220703,0.528564453125,19.125,0.09503135830163956,3,0,21.0,20.875,20.5,3.0,19.8125,0.09090909090909091,0,0,0,0
random_layer_matched,corrupt,ablate,v5_qwen35_9b_188,187,18.125,0.006316490937024355,-4.875,-5.058265686035156,5,0,-0.125,-0.001740326639264822,-0.25,-0.24510574340820312,-82.22357940673828,0.1847381591796875,18.25,0.008056817576289177,5,0,22.875,23.0,22.75,6.125,20.5,-0.027777777777777776,0,0,0,0
random_layer_matched,corrupt,ablate,v5_qwen35_9b_234,233,18.875,0.05330590158700943,-2.25,-2.876964569091797,5,0,0.125,0.005122806876897812,0.125,0.10643196105957031,-66.00957489013672,-0.40520477294921875,18.75,0.04818309471011162,5,0,21.125,21.125,22.375,5.375,20.5625,0.034482758620689655,0,0,0,0
random_layer_matched,corrupt,ablate,v5_qwen35_9b_288,287,18.375,0.022737540304660797,-3.5,-3.760763168334961,5,0,0.0,0.0002394299954175949,0.0,0.010829925537109375,-74.38671112060547,0.27777862548828125,18.375,0.022498110309243202,5,0,21.875,21.875,21.0,3.0,19.6875,0.0,0,0,0,0
random_layer_matched,corrupt,ablate,v5_qwen35_9b_009,8,19.125,0.03650951012969017,-3.0,-3.27301025390625,3,0,0.0,-0.004283886402845383,-0.125,-0.11540412902832031,-77.97218322753906,0.32733917236328125,19.125,0.04079339653253555,3,0,22.0,22.125,20.875,2.5,20.0,0.0,0,0,0,0
random_layer_matched,corrupt,ablate,v5_qwen35_9b_043,42,18.875,0.06777986139059067,-1.75,-2.6213455200195312,4,0,0.0,-0.009981818497180939,-0.125,-0.14814376831054688,-38.652565002441406,-1.3579940795898438,18.875,0.0777616798877716,4,0,20.5,20.625,21.0,3.875,19.9375,0.0,0,0,0,0
random_layer_matched,corrupt,ablate,v5_qwen35_9b_124,123,18.375,0.0044900900684297085,-4.875,-5.401393890380859,7,0,0.0,-0.00037561915814876556,-0.125,-0.08071708679199219,-75.49150085449219,0.13224029541015625,18.375,0.004865709226578474,7,0,23.125,23.25,20.625,2.625,19.5,0.0,0,0,0,0
random_layer_matched,corrupt,ablate,v5_qwen35_9b_145,144,19.75,0.1269863098859787,-1.625,-1.9279003143310547,2,0,0.0,0.0039016902446746826,0.0,0.03566741943359375,-58.00267028808594,0.6075057983398438,19.75,0.12308461964130402,2,0,21.375,21.375,20.125,2.75,19.9375,0.0,0,0,0,0
random_layer_matched,corrupt,ablate,v5_qwen35_9b_206,205,18.875,0.029621945694088936,-2.75,-3.489187240600586,3,0,0.0,-0.0017122570425271988,0.0,-0.05796051025390625,-79.03812408447266,0.30816650390625,18.875,0.031334202736616135,3,0,21.625,21.625,24.25,6.75,21.5625,0.0,0,0,0,0
random_layer_matched,corrupt,ablate,v5_qwen35_9b_226,225,18.75,0.05079944431781769,-1.75,-2.9277801513671875,6,0,-0.125,-0.008435778319835663,-0.125,-0.16256141662597656,-45.85015106201172,0.37422943115234375,18.875,0.05923522263765335,6,0,20.5,20.5,23.0,5.875,20.9375,-0.030303030303030304,0,0,0,0
random_layer_matched,corrupt,ablate,v5_qwen35_9b_276,275,18.75,0.06872934103012085,-2.25,-2.606414794921875,3,0,0.0,-0.00038795918226242065,0.0,-0.0060443878173828125,-36.30452346801758,-0.8638992309570312,18.75,0.06911730021238327,3,0,21.0,21.0,20.375,2.875,19.5625,0.0,0,0,0,0
random_layer_matched,corrupt,ablate,v5_qwen35_9b_300,299,17.75,0.005117441061884165,-5.0,-5.269983291625977,7,0,-0.125,-0.000599290244281292,-0.125,-0.11134529113769531,-80.56368255615234,-0.9954986572265625,17.875,0.005716731306165457,7,0,22.75,22.75,20.625,2.5,19.25,-0.045454545454545456,0,0,0,0
random_layer_matched,corrupt,ablate,v5_qwen35_9b_017,16,19.75,0.055805791169404984,-2.5,-2.828472137451172,4,0,0.125,0.00707622617483139,0.125,0.14305877685546875,-64.35184478759766,0.7501754760742188,19.625,0.04872956499457359,4,0,22.25,22.25,20.875,4.5,20.25,0.1,0,0,0,0
random_layer_matched,corrupt,ablate,v5_qwen35_9b_047,46,19.25,0.14472472667694092,-1.0,-1.7766437530517578,3,0,0.0,0.000504031777381897,0.0,0.0040760040283203125,-32.96440124511719,1.0890617370605469,19.25,0.14422069489955902,3,0,20.25,20.25,20.875,4.5,20.0625,0.0,0,0,0,0
random_layer_matched,corrupt,ablate,v5_qwen35_9b_071,70,17.875,0.00246383436024189,-5.75,-6.003578186035156,8,0,0.0,-4.374375566840172e-05,0.0,-0.017641067504882812,-82.6964111328125,-0.08341217041015625,17.875,0.0025075781159102917,8,0,23.625,23.625,21.5,4.125,19.6875,0.0,0,0,0,0
random_layer_matched,corrupt,ablate,v5_qwen35_9b_088,87,19.875,0.09244564175605774,-2.125,-2.2841529846191406,2,0,0.0,-1.3016164302825928e-05,0.0,-0.000156402587890625,-77.46835327148438,-0.0641632080078125,19.875,0.09245865792036057,2,0,22.0,22.0,21.875,3.75,20.875,0.0,0,0,0,0
random_layer_matched,corrupt,ablate,v5_qwen35_9b_128,127,18.5,0.006090513896197081,-4.5,-5.094926834106445,8,0,0.0,-0.0008010934107005596,-0.125,-0.12437820434570312,-83.2564926147461,0.3256683349609375,18.5,0.00689160730689764,8,0,22.875,23.0,21.125,2.75,19.8125,0.0,0,0,0,0
random_layer_matched,corrupt,ablate,v5_qwen35_9b_162,161,19.0,0.06880698353052139,-2.375,-2.6051883697509766,2,0,0.0,-0.007112853229045868,-0.125,-0.10604095458984375,-68.13262176513672,0.790802001953125,19.0,0.07591983675956726,2,0,21.25,21.375,20.5,2.5,19.75,0.0,0,0,0,0
random_layer_matched,corrupt,ablate,v5_qwen35_9b_185,184,18.5,0.00773394200950861,-4.375,-4.8543853759765625,6,0,-0.125,-0.0005981912836432457,-0.125,-0.07510185241699219,-83.30496978759766,-0.9418258666992188,18.625,0.008332133293151855,7,0,22.875,22.875,23.625,6.25,21.125,-0.025,0,0,0,0
random_layer_matched,corrupt,ablate,v5_qwen35_9b_005,4,19.625,0.08600866049528122,-2.0,-2.3633975982666016,3,0,0.0,-0.00507073849439621,0.0,-0.06284904479980469,-60.757137298583984,0.8288078308105469,19.625,0.09107939898967743,3,0,21.625,21.625,20.625,3.75,20.125,0.0,0,0,0,0
random_layer_matched,corrupt,ablate,v5_qwen35_9b_028,27,18.875,0.037589624524116516,-2.625,-3.2427310943603516,3,0,-0.125,-0.00449029728770256,-0.125,-0.11751937866210938,-80.54373168945312,-0.37403106689453125,19.0,0.04207992181181908,3,0,21.5,21.5,21.5,4.25,20.25,-0.05,0,0,0,0
random_layer_matched,corrupt,ablate,v5_qwen35_9b_034,33,18.75,0.05500158295035362,-2.625,-2.8438472747802734,3,0,0.125,0.0023149214684963226,0.0,0.045444488525390625,-72.68537139892578,0.7033233642578125,18.625,0.0526866614818573,3,0,21.25,21.375,20.875,3.75,19.75,0.05555555555555555,0,0,0,0
random_layer_matched,corrupt,ablate,v5_qwen35_9b_231,230,19.125,0.11961650103330612,-1.25,-1.9961109161376953,3,0,0.0,-0.00513121485710144,0.0,-0.04784584045410156,-41.99190902709961,-0.3315315246582031,19.125,0.12474771589040756,3,0,20.375,20.375,23.25,7.25,21.1875,0.0,0,0,0,0
random_layer_matched,corrupt,ablate,v5_qwen35_9b_237,236,18.125,0.020987236872315407,-3.5,-3.842653274536133,5,0,0.125,0.0009366068989038467,0.0,0.04661369323730469,-70.3840103149414,-0.24897003173828125,18.0,0.02005062997341156,6,0,21.5,21.625,22.75,5.125,20.375,0.02631578947368421,0,0,0,0
random_layer_matched,corrupt,ablate,v5_qwen35_9b_253,252,19.25,0.06485771387815475,-2.125,-2.668537139892578,5,0,0.0,-0.007094457745552063,-0.125,-0.111419677734375,-57.34637451171875,-0.6198959350585938,19.25,0.07195217162370682,5,0,21.25,21.375,19.5,2.25,19.375,0.0,0,0,0,0
random_layer_matched,corrupt,ablate,v5_qwen35_9b_260,259,18.75,0.08857889473438263,-1.75,-2.3311595916748047,4,0,0.0,-0.005953781306743622,-0.125,-0.07160186767578125,-38.87905502319336,-0.2889442443847656,18.75,0.09453267604112625,4,0,20.375,20.5,20.0,2.875,19.375,0.0,0,0,0,0
random_layer_matched,corrupt,ablate,v5_qwen35_9b_019,18,19.25,0.06104734539985657,-2.5,-2.7331371307373047,3,0,0.0,-0.006871722638607025,-0.125,-0.11400985717773438,-57.841522216796875,-2.1743240356445312,19.25,0.06791906803846359,3,0,21.625,21.75,20.5,3.625,19.875,0.0,0,0,0,0
random_layer_matched,corrupt,ablate,v5_qwen35_9b_048,47,18.875,0.051902178674936295,-2.0,-2.9051361083984375,5,0,-0.25,-0.009425725787878036,-0.125,-0.1768646240234375,-52.31038284301758,-0.3171043395996094,19.125,0.06132790446281433,4,0,21.0,20.875,21.375,4.0,20.25,-0.1111111111111111,0,0,0,0
random_layer_matched,corrupt,ablate,v5_qwen35_9b_084,83,19.25,0.05142794921994209,-2.5,-2.9148025512695312,3,0,-0.125,-0.004739861935377121,-0.125,-0.09317398071289062,-53.84105682373047,0.2599334716796875,19.375,0.056167811155319214,3,0,21.75,21.75,21.0,3.375,20.1875,-0.07692307692307693,0,0,0,0
random_layer_matched,corrupt,ablate,v5_qwen35_9b_190,189,18.125,0.009789204224944115,-4.125,-4.616655349731445,6,0,-0.125,-2.2071413695812225e-05,0.0,-0.0022754669189453125,-83.09033966064453,-0.5188140869140625,18.25,0.009811275638639927,7,0,22.375,22.25,23.0,6.625,20.625,-0.02631578947368421,0,0,0,0
random_layer_matched,corrupt,ablate,v5_qwen35_9b_282,281,18.25,0.03115718998014927,-3.0,-3.437084197998047,4,0,-0.125,-0.00015381164848804474,0.0,-0.0050830841064453125,-60.70252990722656,-0.2564811706542969,18.375,0.031311001628637314,4,0,21.375,21.25,19.625,2.125,19.0,-0.1,0,0,0,0
random_layer_matched,corrupt,ablate,v5_qwen35_9b_287,286,19.375,0.06415462493896484,-2.125,-2.6801815032958984,4,0,0.0,0.0031251907348632812,0.0,0.05327415466308594,-52.391754150390625,-0.8422622680664062,19.375,0.06102943420410156,4,0,21.5,21.5,21.25,3.25,20.3125,0.0,0,0,0,0
random_layer_matched,corrupt,ablate,v5_qwen35_9b_011,10,19.375,0.07261314988136292,-2.375,-2.5472488403320312,2,0,0.0,0.0001685991883277893,0.0,0.002506256103515625,-77.49835968017578,-0.21202850341796875,19.375,0.07244455069303513,2,0,21.75,21.75,20.875,3.125,20.125,0.0,0,0,0,0
random_layer_matched,corrupt,ablate,v5_qwen35_9b_025,24,19.125,0.07229447364807129,-2.125,-2.5519943237304688,3,0,0.0,-0.006173312664031982,-0.125,-0.08861541748046875,-50.785091400146484,-0.056224822998046875,19.125,0.07846778631210327,3,0,21.125,21.25,20.75,3.875,19.9375,0.0,0,0,0,0
random_layer_matched,corrupt,ablate,v5_qwen35_9b_089,88,19.375,0.08860747516155243,-2.125,-2.330778121948242,2,0,0.0,0.007922627031803131,0.125,0.10232162475585938,-72.17772674560547,0.16387176513671875,19.375,0.0806848481297493,2,0,21.625,21.5,21.75,3.625,20.5625,0.0,0,0,0,0
random_layer_matched,corrupt,ablate,v5_qwen35_9b_131,130,18.0,0.004415841773152351,-5.0,-5.418142318725586,8,0,0.0,-0.00037144776433706284,-0.125,-0.08113861083984375,-88.1611328125,-0.257232666015625,18.0,0.004787289537489414,8,0,22.875,23.0,21.625,3.0,19.8125,0.0,0,0,0,0
random_layer_matched,corrupt,ablate,v5_qwen35_9b_168,167,18.875,0.03894712030887604,-2.625,-3.205852508544922,4,0,0.0,-0.002343684434890747,0.0,-0.060878753662109375,-55.62224197387695,0.943267822265625,18.875,0.041290804743766785,4,0,21.5,21.5,20.5,2.375,19.6875,0.0,0,0,0,0
random_layer_matched,corrupt,ablate,v5_qwen35_9b_205,204,19.25,0.05408021807670593,-2.25,-2.8617172241210938,4,0,0.0,-0.005440548062324524,-0.125,-0.10162353515625,-59.31157684326172,-0.7639656066894531,19.25,0.05952076613903046,4,0,21.375,21.5,22.875,5.875,21.0625,0.0,0,0,0,0
random_layer_matched,corrupt,ablate,v5_qwen35_9b_281,280,18.375,0.03400441259145737,-2.625,-3.346700668334961,6,0,0.0,-0.0042912960052490234,-0.125,-0.12329673767089844,-49.834712982177734,-0.4622154235839844,18.375,0.03829570859670639,6,0,20.875,21.0,20.25,2.875,19.3125,0.0,0,0,0,0
random_layer_matched,corrupt,ablate,v5_qwen35_9b_006,5,19.875,0.13579148054122925,-1.125,-1.850728988647461,3,0,-0.125,-0.02904905378818512,-0.25,-0.22804832458496094,-50.9314079284668,-2.5613632202148438,20.0,0.16484053432941437,3,0,20.875,21.0,21.0,4.875,20.5,-0.125,0,0,0,0
random_layer_matched,corrupt,ablate,v5_qwen35_9b_113,112,19.5,0.04532204568386078,-2.75,-3.0475997924804688,4,0,0.0,-0.00349300354719162,-0.125,-0.07790946960449219,-71.80964660644531,-2.5010147094726562,19.5,0.0488150492310524,4,0,22.125,22.25,21.625,3.125,20.5625,0.0,0,0,0,0
random_layer_matched,corrupt,ablate,v5_qwen35_9b_029,28,19.375,0.05304707959294319,-2.5,-2.8820877075195312,3,0,0.0,-0.006273891776800156,-0.125,-0.11842918395996094,-73.76039123535156,-0.4208831787109375,19.375,0.05932097136974335,3,0,21.75,21.875,21.25,3.375,20.3125,0.0,0,0,0,0
random_layer_matched,corrupt,ablate,v5_qwen35_9b_081,80,19.125,0.08264881372451782,-2.0,-2.406919479370117,3,0,0.0,-0.0008457750082015991,0.0,-0.011104583740234375,-59.936405181884766,0.3322410583496094,19.125,0.08349458873271942,3,0,21.125,21.125,20.375,3.125,19.75,0.0,0,0,0,0
random_layer_matched,corrupt,ablate,v5_qwen35_9b_082,81,19.75,0.08570585399866104,-1.75,-2.367258071899414,3,0,0.125,0.008273094892501831,0.125,0.1105194091796875,-58.29603576660156,1.3408584594726562,19.625,0.07743275910615921,3,0,21.5,21.5,21.125,3.5,20.375,0.08333333333333333,0,0,0,0
random_layer_matched,corrupt,ablate,v5_qwen35_9b_120,119,19.125,0.049897149205207825,-2.5,-2.9466323852539062,4,0,0.0,0.00819161906838417,0.25,0.1879100799560547,-52.70786666870117,2.176422119140625,19.125,0.041705530136823654,4,0,21.875,21.625,21.125,4.25,20.125,0.0,0,0,0,0
random_layer_matched,corrupt,ablate,v5_qwen35_9b_129,128,18.75,0.010045011527836323,-4.25,-4.590595245361328,4,0,0.125,0.0019605522975325584,0.25,0.21911048889160156,-82.90091705322266,-0.2288818359375,18.625,0.008084459230303764,4,0,23.125,23.0,21.25,2.875,19.9375,0.047619047619047616,0,0,0,0
random_layer_matched,corrupt,ablate,v5_qwen35_9b_243,242,19.5,0.07808703929185867,-2.125,-2.4686508178710938,3,0,0.0,0.00015222281217575073,0.0,0.002117156982421875,-51.696044921875,0.4700469970703125,19.5,0.07793481647968292,3,0,21.625,21.625,20.25,3.25,19.875,0.0,0,0,0,0
random_layer_matched,corrupt,ablate,v5_qwen35_9b_251,250,19.375,0.090077243745327,-2.0,-2.3127193450927734,3,0,0.125,0.017830193042755127,0.25,0.23998069763183594,-48.87610626220703,1.9596595764160156,19.25,0.07224705070257187,3,0,21.5,21.375,20.125,2.625,19.6875,0.14285714285714285,0,0,0,0
random_layer_matched,corrupt,ablate,v5_qwen35_9b_256,255,18.75,0.033772632479667664,-2.75,-3.3537750244140625,4,0,0.125,0.0018475838005542755,0.0,0.058170318603515625,-58.2099723815918,0.5263519287109375,18.625,0.03192504867911339,4,0,21.375,21.5,19.875,1.75,19.25,0.1,0,0,0,0
random_layer_matched,corrupt,ablate,v5_qwen35_9b_291,290,18.625,0.05274658277630806,-2.5,-2.8880996704101562,3,0,0.125,0.0004419684410095215,0.0,0.008882522583007812,-63.061065673828125,1.0156478881835938,18.5,0.05230461433529854,3,0,21.0,21.125,20.75,2.875,19.625,0.05555555555555555,0,0,0,0
random_layer_matched,corrupt,ablate,v5_qwen35_9b_054,53,19.0,0.03773857653141022,-2.375,-3.2386302947998047,4,0,-0.125,-0.0038405731320381165,-0.125,-0.10091590881347656,-56.774227142333984,-1.63153076171875,19.125,0.041579149663448334,4,0,21.375,21.375,21.5,3.875,20.3125,-0.05263157894736842,0,0,0,0
random_layer_matched,corrupt,ablate,v5_qwen35_9b_157,156,19.5,0.07377944886684418,-2.25,-2.530057907104492,2,0,-0.125,-0.016104906797409058,-0.25,-0.21498489379882812,-75.89196014404297,-0.3993072509765625,19.625,0.08988435566425323,2,0,21.625,21.75,21.5,2.875,20.5625,-0.06666666666666667,0,0,0,0
random_layer_matched,corrupt,ablate,v5_qwen35_9b_241,240,18.375,0.04002084583044052,-2.75,-3.177539825439453,4,0,-0.125,-0.003185112029314041,-0.125,-0.07990074157714844,-53.26918029785156,-0.4563331604003906,18.5,0.04320595785975456,4,0,21.125,21.125,19.75,2.125,19.125,-0.1,0,0,0,0
random_layer_matched,corrupt,ablate,v5_qwen35_9b_263,262,18.0,0.020283326506614685,-3.375,-3.877490997314453,5,0,-0.25,-0.008421545848250389,-0.375,-0.3558979034423828,-51.231048583984375,-2.0747337341308594,18.25,0.028704872354865074,4,0,21.25,21.375,20.125,2.375,19.1875,-0.13333333333333333,0,0,0,0
random_layer_matched,corrupt,ablate,v5_qwen35_9b_295,294,17.625,0.013136480003595352,-3.875,-4.31916618347168,7,0,-0.125,0.00020528677850961685,0.0,0.015958786010742188,-71.81328582763672,-0.5522918701171875,17.75,0.012931193225085735,7,0,21.625,21.5,21.0,2.375,19.375,-0.038461538461538464,0,0,0,0
random_layer_matched,corrupt,ablate,v5_qwen35_9b_039,38,19.625,0.1323498785495758,-1.5,-1.8803768157958984,3,0,0.0,-0.025515243411064148,-0.25,-0.20613861083984375,-46.90933609008789,-1.516845703125,19.625,0.15786512196063995,2,0,20.875,21.125,20.875,4.625,20.25,0.0,0,0,0,0
random_layer_matched,corrupt,ablate,v5_qwen35_9b_073,72,18.125,0.003263737540692091,-5.5,-5.721624374389648,8,0,0.125,3.9699487388134e-05,0.0,0.012277603149414062,-79.08488464355469,-0.382171630859375,18.0,0.003224038053303957,8,0,23.5,23.625,20.625,2.5,19.3125,0.047619047619047616,0,0,0,0
random_layer_matched,corrupt,ablate,v5_qwen35_9b_080,79,19.5,0.08070166409015656,-2.125,-2.4328784942626953,2,0,0.125,0.008572228252887726,0.125,0.12157821655273438,-60.7541618347168,0.03424835205078125,19.375,0.07212943583726883,3,0,21.625,21.625,20.75,3.5,20.0625,0.09090909090909091,0,0,0,0
random_layer_matched,corrupt,ablate,v5_qwen35_9b_167,166,18.75,0.04610806331038475,-2.5,-3.0295886993408203,4,0,-0.125,-0.0006181932985782623,0.0,-0.013967514038085938,-53.89519119262695,-0.07801437377929688,18.875,0.04672625660896301,4,0,21.375,21.25,20.375,1.75,19.625,-0.08333333333333333,0,0,0,0
random_layer_matched,corrupt,ablate,v5_qwen35_9b_180,179,18.875,0.08097682893276215,-1.875,-2.4291839599609375,3,0,-0.125,-0.009435534477233887,-0.125,-0.12053680419921875,-43.710472106933594,-1.5033607482910156,19.0,0.09041236340999603,3,0,20.75,20.75,20.625,2.5,19.8125,-0.07692307692307693,0,0,0,0
random_layer_matched,corrupt,ablate,v5_qwen35_9b_008,7,20.25,0.08196744322776794,-2.0,-2.4159317016601562,3,0,0.0,0.0017368271946907043,0.0,0.023305892944335938,-60.557350158691406,0.8976058959960938,20.25,0.08023061603307724,3,0,22.25,22.25,20.625,4.25,20.4375,0.0,0,0,0,0
random_layer_matched,corrupt,ablate,v5_qwen35_9b_014,13,19.625,0.07420620322227478,-2.125,-2.523832321166992,4,0,0.0,-0.00570426881313324,-0.125,-0.08024024963378906,-75.70153045654297,-0.452484130859375,19.625,0.07991047203540802,4,0,21.625,21.75,21.375,3.375,20.5,0.0,0,0,0,0
random_layer_matched,corrupt,ablate,v5_qwen35_9b_058,57,18.125,0.03184570372104645,-3.0,-3.4145278930664062,4,0,0.125,0.0016006175428628922,0.0,0.05322456359863281,-41.457374572753906,0.3814048767089844,18.0,0.030245086178183556,4,0,21.0,21.125,20.0,2.75,19.0,0.0625,0,0,0,0
random_layer_matched,corrupt,ablate,v5_qwen35_9b_100,99,19.875,0.089570552110672,-1.875,-2.3189144134521484,3,0,0.0,-3.637373447418213e-05,0.0,-0.000446319580078125,-46.5770149230957,0.28467559814453125,19.875,0.08960692584514618,3,0,21.75,21.75,20.75,3.375,20.3125,0.0,0,0,0,0
random_layer_matched,corrupt,ablate,v5_qwen35_9b_116,115,18.25,0.027008865028619766,-3.0,-3.5842437744140625,6,0,0.0,0.00020259805023670197,0.0,0.0077362060546875,-65.25760650634766,0.45149993896484375,18.25,0.026806266978383064,6,0,21.25,21.25,21.25,2.375,19.75,0.0,0,0,0,0
random_layer_matched,corrupt,ablate,v5_qwen35_9b_143,142,18.25,0.0024017475079745054,-5.875,-6.0291595458984375,6,0,0.125,-1.1184252798557281e-05,0.0,-0.004657745361328125,-81.9745101928711,0.2998504638671875,18.125,0.0024129317607730627,6,0,24.0,24.125,20.875,2.625,19.5,0.045454545454545456,0,0,0,0
random_layer_matched,corrupt,ablate,v5_qwen35_9b_195,194,20.0,0.15003708004951477,-1.375,-1.7343425750732422,2,0,0.125,0.01710754632949829,0.125,0.1409931182861328,-44.70085144042969,1.3566818237304688,19.875,0.13292953372001648,3,0,21.375,21.375,22.625,6.5,21.25,0.045454545454545456,0,0,0,0
random_layer_matched,corrupt,ablate,v5_qwen35_9b_228,227,19.25,0.034822992980480194,-2.625,-3.3220577239990234,4,0,-0.125,-0.001069776713848114,0.0,-0.031368255615234375,-56.207054138183594,-0.0603485107421875,19.375,0.03589276969432831,4,0,22.0,21.875,23.875,5.875,21.625,-0.027777777777777776,0,0,0,0
random_layer_matched,corrupt,ablate,v5_qwen35_9b_244,243,19.25,0.07575209438800812,-2.0,-2.5015506744384766,3,0,-0.125,-0.009778313338756561,-0.125,-0.13204193115234375,-53.19910430908203,-1.6343879699707031,19.375,0.08553040772676468,3,0,21.25,21.25,19.75,3.0,19.5625,-0.3333333333333333,0,0,0,0
random_layer_matched,corrupt,ablate,v5_qwen35_9b_277,276,18.75,0.06458954513072968,-2.125,-2.6729774475097656,4,0,-0.125,-0.007358968257904053,-0.125,-0.11579513549804688,-40.525733947753906,-0.5582237243652344,18.875,0.07194851338863373,3,0,20.875,20.875,20.0,2.625,19.4375,-0.1111111111111111,0,0,0,0
random_layer_matched,corrupt,ablate,v5_qwen35_9b_289,288,18.625,0.025553477928042412,-3.375,-3.6411170959472656,5,0,0.0,0.002738913521170616,0.125,0.116180419921875,-71.09908294677734,-0.15129852294921875,18.625,0.022814564406871796,6,0,22.125,22.0,20.625,1.875,19.625,0.0,0,0,0,0
random_layer_matched,corrupt,ablate,v5_qwen35_9b_064,63,18.125,0.004130893852561712,-5.125,-5.485132217407227,6,0,0.125,0.0004650908522307873,0.125,0.11991310119628906,-77.8607177734375,0.22614288330078125,18.0,0.003665803000330925,6,0,23.25,23.25,20.875,2.625,19.4375,0.043478260869565216,0,0,0,0
random_layer_matched,corrupt,ablate,v5_qwen35_9b_114,113,18.75,0.014295144937932491,-4.0,-4.233449935913086,4,0,0.125,0.00040552113205194473,0.0,0.0291900634765625,-78.30957794189453,-0.20867156982421875,18.625,0.013889623805880547,5,0,22.625,22.75,21.25,3.375,19.9375,0.047619047619047616,0,0,0,0
random_layer_matched,corrupt,ablate,v5_qwen35_9b_119,118,18.625,0.037130773067474365,-2.5,-3.255502700805664,6,0,0.0,0.002400144934654236,0.125,0.06931114196777344,-52.90830612182617,0.23992156982421875,18.625,0.03473062813282013,6,0,21.25,21.125,20.75,3.0,19.6875,0.0,0,0,0,0
random_layer_matched,corrupt,ablate,v5_qwen35_9b_178,177,19.0,0.06679519265890121,-2.0,-2.6370277404785156,3,0,-0.125,-0.012880265712738037,-0.25,-0.19022560119628906,-45.20249938964844,-1.5066680908203125,19.125,0.07967545837163925,3,0,20.875,21.0,20.625,3.125,19.875,-0.08333333333333333,0,0,0,0
random_layer_matched,corrupt,ablate,v5_qwen35_9b_209,208,20.0,0.1664927899837494,-0.625,-1.6107292175292969,3,0,0.0,-0.008885577321052551,-0.125,-0.06270408630371094,-36.35354232788086,-1.9196090698242188,20.0,0.17537836730480194,3,0,20.5,20.625,22.625,6.25,21.3125,0.0,0,0,0,0
random_layer_matched,corrupt,ablate,v5_qwen35_9b_221,220,18.375,0.021292658522725105,-3.375,-3.8278884887695312,4,0,0.0,0.0023910701274871826,0.125,0.12155532836914062,-66.4925537109375,-0.39376068115234375,18.375,0.018901588395237923,4,0,21.875,21.75,21.75,4.25,20.0625,0.0,0,0,0,0
random_layer_matched,corrupt,ablate,v5_qwen35_9b_224,223,19.25,0.05169680342078209,-2.125,-2.9093093872070312,4,0,0.0,0.005398977547883987,0.125,0.11597633361816406,-52.24920654296875,0.9920997619628906,19.25,0.0462978258728981,4,0,21.5,21.375,22.75,5.0,21.0,0.0,0,0,0,0
random_layer_matched,corrupt,ablate,v5_qwen35_9b_232,231,17.5,0.016383837908506393,-3.875,-4.094964981079102,4,0,-0.125,-0.0018522925674915314,-0.125,-0.10899162292480469,-69.32424926757812,-0.38812255859375,17.625,0.018236130475997925,4,0,21.375,21.375,22.0,4.625,19.8125,-0.02857142857142857,0,0,0,0
random_layer_matched,corrupt,ablate,v5_qwen35_9b_245,244,18.75,0.029192881658673286,-3.0,-3.504220962524414,3,0,-0.25,-0.0013426318764686584,0.0,-0.04635047912597656,-78.98087310791016,-0.059051513671875,19.0,0.030535513535141945,3,0,22.0,21.75,20.5,2.375,19.75,-0.16666666666666666,0,0,0,0
random_layer_matched,corrupt,ablate,v5_qwen35_9b_258,257,18.625,0.04024999588727951,-2.75,-3.1715869903564453,3,0,-0.125,-0.004878409206867218,-0.125,-0.11949729919433594,-57.52483367919922,0.13706207275390625,18.75,0.04512840509414673,3,0,21.375,21.375,20.125,2.0,19.4375,-0.09090909090909091,0,0,0,0
random_layer_matched,corrupt,ablate,v5_qwen35_9b_036,35,19.375,0.058548908680677414,-2.5,-2.7775821685791016,3,0,0.0,-0.006392691284418106,-0.125,-0.11043739318847656,-64.4905776977539,-0.5496788024902344,19.375,0.06494159996509552,3,0,21.75,21.875,20.875,3.25,20.125,0.0,0,0,0,0
random_layer_matched,corrupt,ablate,v5_qwen35_9b_040,39,19.5,0.08027064055204391,-2.0,-2.4386978149414062,3,0,0.125,0.012442395091056824,0.25,0.18186187744140625,-76.22840118408203,0.507232666015625,19.375,0.06782824546098709,3,0,21.625,21.5,21.375,3.625,20.375,0.0625,0,0,0,0
random_layer_matched,corrupt,ablate,v5_qwen35_9b_103,102,19.5,0.061253856867551804,-2.25,-2.729541778564453,3,0,0.0,-0.0007822886109352112,0.0,-0.013523101806640625,-56.13100051879883,0.17017745971679688,19.5,0.062036145478487015,3,0,21.75,21.75,20.625,3.5,20.0625,0.0,0,0,0,0
random_layer_matched,corrupt,ablate,v5_qwen35_9b_109,108,19.375,0.06985609233379364,-2.25,-2.588926315307617,4,0,-0.125,-0.016058877110481262,-0.25,-0.224334716796875,-50.23118591308594,-1.2897567749023438,19.5,0.0859149694442749,3,0,21.5,21.625,21.125,3.875,20.3125,-0.07692307692307693,0,0,0,0
random_layer_matched,corrupt,ablate,v5_qwen35_9b_158,157,19.375,0.08343690633773804,-1.75,-2.3965721130371094,3,0,0.0,1.1079013347625732e-05,0.0,0.00014495849609375,-53.16232681274414,0.2546234130859375,19.375,0.08342582732439041,3,0,21.125,21.125,20.75,2.5,20.0625,0.0,0,0,0,0
random_layer_matched,corrupt,ablate,v5_qwen35_9b_187,186,18.75,0.006715655792504549,-4.5,-4.996585845947266,6,0,0.0,0.0007390282116830349,0.125,0.11732864379882812,-83.85017395019531,-0.2895050048828125,18.75,0.005976627580821514,5,0,23.375,23.25,23.375,6.75,21.0625,0.0,0,0,0,0
random_layer_matched,corrupt,ablate,v5_qwen35_9b_257,256,19.625,0.11621059477329254,-1.75,-2.028837203979492,3,0,0.125,0.02103133499622345,0.25,0.2231616973876953,-59.03560256958008,1.3591117858886719,19.5,0.09517925977706909,3,0,21.5,21.375,20.5,2.75,20.0,0.125,0,0,0,0
random_layer_matched,corrupt,ablate,v5_qwen35_9b_267,266,19.5,0.052857380360364914,-2.0,-2.8858814239501953,5,0,0.0,-0.0007019788026809692,0.0,-0.013933181762695312,-49.27436447143555,1.6656112670898438,19.5,0.05355935916304588,5,0,21.5,21.5,20.875,3.25,20.1875,0.0,0,0,0,0
random_layer_matched,corrupt,ablate,v5_qwen35_9b_270,269,19.0,0.07914619892835617,-1.5,-2.454051971435547,3,0,0.125,0.020034581422805786,0.375,0.3133869171142578,-41.97861099243164,3.1515045166015625,18.875,0.059111617505550385,3,0,20.75,20.5,20.875,2.75,19.875,0.0625,0,0,0,0
random_layer_matched,corrupt,ablate,v5_qwen35_9b_026,25,19.375,0.1181359738111496,-1.5,-2.0102367401123047,3,0,0.0,0.007865220308303833,0.125,0.07777595520019531,-48.342655181884766,1.8083229064941406,19.375,0.11027075350284576,3,0,21.0,20.875,22.0,4.0,20.6875,0.0,0,0,0,0
random_layer_matched,corrupt,ablate,v5_qwen35_9b_066,65,18.375,0.004133890382945538,-5.0,-5.484405517578125,7,0,0.0,-7.612258195877075e-05,0.0,-0.018323898315429688,-75.16561889648438,-0.04499053955078125,18.375,0.004210012964904308,7,0,23.375,23.375,20.25,2.75,19.3125,0.0,0,0,0,0
random_layer_matched,corrupt,ablate,v5_qwen35_9b_074,73,18.25,0.005224183667451143,-5.0,-5.249229431152344,7,0,0.0,0.0005267173983156681,0.125,0.10680389404296875,-78.80790710449219,0.5356903076171875,18.25,0.004697466269135475,7,0,23.375,23.25,20.625,3.125,19.4375,0.0,0,0,0,0
random_layer_matched,corrupt,ablate,v5_qwen35_9b_135,134,18.25,0.004372632130980492,-5.25,-5.428018569946289,6,0,0.125,0.0005098748952150345,0.125,0.12449455261230469,-80.07807159423828,0.5301589965820312,18.125,0.003862757235765457,6,0,23.5,23.5,20.5,1.625,19.3125,0.05263157894736842,0,0,0,0
random_layer_matched,corrupt,ablate,v5_qwen35_9b_142,141,18.625,0.0055342307314276695,-4.875,-5.191263198852539,6,0,0.125,0.001058188732713461,0.25,0.21327590942382812,-75.70635986328125,0.04767608642578125,18.5,0.004476041998714209,6,0,23.625,23.5,21.0,2.625,19.75,0.05,0,0,0,0
random_layer_matched,corrupt,ablate,v5_qwen35_9b_146,145,20.0,0.06990404427051544,-2.375,-2.5881805419921875,3,0,0.125,0.008256033062934875,0.125,0.1345195770263672,-66.57833862304688,1.2315750122070312,19.875,0.061648011207580566,3,0,22.375,22.375,20.875,2.625,20.375,0.125,0,0,0,0
random_layer_matched,corrupt,ablate,v5_qwen35_9b_147,146,19.875,0.09839658439159393,-1.875,-2.2151927947998047,2,0,0.125,0.01163116842508316,0.125,0.13861656188964844,-56.041481018066406,0.5931320190429688,19.75,0.08676541596651077,3,0,21.75,21.75,20.75,2.5,20.25,0.125,0,0,0,0
random_layer_matched,corrupt,ablate,v5_qwen35_9b_153,152,19.625,0.10744104534387589,-1.75,-2.1171817779541016,2,0,0.125,0.011600509285926819,0.125,0.1271686553955078,-68.87921142578125,0.6900863647460938,19.5,0.09584053605794907,2,0,21.375,21.375,21.375,2.5,20.4375,0.06666666666666667,0,0,0,0
random_layer_matched,corrupt,ablate,v5_qwen35_9b_160,159,19.625,0.08595557510852814,-1.625,-2.3640785217285156,4,0,0.0,0.0035903751850128174,0.0,0.04658699035644531,-55.27392578125,-0.19296646118164062,19.625,0.08236519992351532,4,0,21.25,21.25,20.875,3.125,20.25,0.0,0,0,0,0
random_layer_matched,corrupt,ablate,v5_qwen35_9b_192,191,17.75,0.003114718711003661,-5.375,-5.768512725830078,10,0,-0.125,-0.00018483097665011883,-0.125,-0.05783271789550781,-77.02027130126953,-0.5417327880859375,17.875,0.00329954968765378,10,0,23.125,23.125,21.625,5.0,19.75,-0.03333333333333333,0,0,0,0
random_layer_matched,corrupt,ablate,v5_qwen35_9b_223,222,18.375,0.029526282101869583,-3.0,-3.492532730102539,5,0,-0.125,-0.004689045250415802,-0.125,-0.1522350311279297,-59.69230651855469,-1.9000282287597656,18.5,0.034215327352285385,5,0,21.375,21.375,22.125,5.0,20.3125,-0.034482758620689655,0,0,0,0
random_layer_matched,corrupt,ablate,v5_qwen35_9b_239,238,19.375,0.0735420435667038,-1.625,-2.5335464477539062,4,0,0.0,0.003937803208827972,0.125,0.05926704406738281,-48.215518951416016,-0.3419914245605469,19.375,0.06960424035787582,4,0,21.125,21.0,22.5,6.5,20.9375,0.0,0,0,0,0
random_layer_matched,corrupt,ablate,v5_qwen35_9b_261,260,19.25,0.02594408020377159,-3.375,-3.625537872314453,3,0,-0.125,-6.062537431716919e-05,0.0,-0.0023975372314453125,-64.9917984008789,-0.6613845825195312,19.375,0.02600470557808876,3,0,22.75,22.625,21.125,3.125,20.25,-0.07142857142857142,0,0,0,0
random_layer_matched,corrupt,ablate,v5_qwen35_9b_274,273,19.5,0.04817480593919754,-2.375,-2.9835662841796875,3,0,-0.125,-0.00017601251602172852,0.0,-0.0038318634033203125,-62.1926155090332,-0.7491836547851562,19.625,0.04835081845521927,3,0,22.0,21.875,21.5,3.75,20.5625,-0.06666666666666667,0,0,0,0
random_layer_matched,corrupt,ablate,v5_qwen35_9b_275,274,18.5,0.07777728885412216,-1.875,-2.472982406616211,3,0,0.0,0.00099974125623703,0.0,0.014020919799804688,-35.89672088623047,-0.7661819458007812,18.5,0.07677754759788513,3,0,20.375,20.375,19.875,2.5,19.1875,0.0,0,0,0,0
random_layer_matched,corrupt,ablate,v5_qwen35_9b_038,37,19.625,0.05999865010380745,-2.375,-2.751577377319336,3,0,-0.125,-0.015510600060224533,-0.25,-0.24657058715820312,-75.76019287109375,-0.293365478515625,19.75,0.07550925016403198,3,0,21.875,22.0,21.625,4.5,20.6875,-0.06666666666666667,0,0,0,0
random_layer_matched,corrupt,ablate,v5_qwen35_9b_137,136,18.125,0.0024183231871575117,-5.5,-6.022268295288086,8,0,0.0,-0.0001799680758267641,-0.125,-0.07195854187011719,-73.89240264892578,-0.4027862548828125,18.125,0.002598291262984276,9,0,23.5,23.625,21.125,3.0,19.625,0.0,0,0,0,0
random_layer_matched,corrupt,ablate,v5_qwen35_9b_138,137,17.875,0.0026614598464220762,-5.5,-5.926225662231445,8,0,-0.125,-8.818553760647774e-05,0.0,-0.03268623352050781,-78.64669799804688,-0.6791152954101562,18.0,0.002749645384028554,8,0,23.5,23.375,21.0,2.5,19.5,-0.041666666666666664,0,0,0,0
random_layer_matched,corrupt,ablate,v5_qwen35_9b_152,151,19.5,0.06991126388311386,-2.125,-2.588083267211914,3,0,-0.25,-0.015197813510894775,-0.25,-0.21318435668945312,-69.91719818115234,0.6054229736328125,19.75,0.08510907739400864,3,0,21.625,21.625,21.625,3.0,20.6875,-0.13333333333333333,0,0,0,0
random_layer_matched,corrupt,ablate,v5_qwen35_9b_161,160,20.125,0.09350796043872833,-1.75,-2.271556854248047,3,0,0.0,0.009317666292190552,0.125,0.11519432067871094,-59.96051025390625,-0.5131072998046875,20.125,0.08419029414653778,4,0,22.0,21.875,20.5,2.625,20.3125,0.0,0,0,0,0
random_layer_matched,corrupt,ablate,v5_qwen35_9b_172,171,18.125,0.02480393834412098,-3.375,-3.671663284301758,6,0,0.0,-0.0019385740160942078,-0.125,-0.07723808288574219,-69.53543853759766,-0.404144287109375,18.125,0.026742512360215187,6,0,21.375,21.5,21.125,1.875,19.625,0.0,0,0,0,0
random_layer_matched,corrupt,ablate,v5_qwen35_9b_184,183,17.875,0.009900176897644997,-4.5,-4.605264663696289,4,0,-0.125,-0.00018818862736225128,0.0,-0.01902008056640625,-89.69856262207031,-0.1276702880859375,18.0,0.010088365525007248,3,0,22.5,22.375,23.75,6.25,20.875,-0.021739130434782608,0,0,0,0
random_layer_matched,corrupt,ablate,v5_qwen35_9b_254,253,19.75,0.0986611545085907,-2.0,-2.212209701538086,2,0,0.0,-0.009353294968605042,-0.125,-0.10100173950195312,-50.3652458190918,-1.3489151000976562,19.75,0.10801444947719574,2,0,21.625,21.75,20.375,2.875,20.0625,0.0,0,0,0,0
random_layer_matched,corrupt,ablate,v5_qwen35_9b_007,6,19.375,0.06424063444137573,-2.125,-2.6787490844726562,3,0,0.0,-0.0020042434334754944,0.0,-0.032867431640625,-57.72878646850586,0.7955207824707031,19.375,0.06624487787485123,3,0,21.5,21.5,21.0,4.875,20.1875,0.0,0,0,0,0
random_layer_matched,corrupt,ablate,v5_qwen35_9b_057,56,19.125,0.07036341726779938,-1.875,-2.5811595916748047,4,0,-0.125,-0.018083706498146057,-0.25,-0.24837112426757812,-46.24700164794922,-2.6939773559570312,19.25,0.08844712376594543,4,0,20.875,21.0,22.375,5.25,20.8125,-0.04,0,0,0,0
random_layer_matched,corrupt,ablate,v5_qwen35_9b_070,69,18.0,0.0042717717587947845,-5.25,-5.451456069946289,7,0,0.125,0.0004995258059352636,0.125,0.12486076354980469,-80.7690658569336,-0.15874481201171875,17.875,0.003772245952859521,8,0,23.25,23.25,21.0,2.875,19.4375,0.04,0,0,0,0
random_layer_matched,corrupt,ablate,v5_qwen35_9b_125,124,17.875,0.0048422436229884624,-5.125,-5.325536727905273,6,0,0.0,0.0004957481287419796,0.125,0.1085052490234375,-80.57516479492188,0.0314788818359375,17.875,0.004346495494246483,6,0,23.125,23.0,20.125,1.875,19.0,0.0,0,0,0,0
random_layer_matched,corrupt,ablate,v5_qwen35_9b_193,192,17.875,0.003248125547543168,-5.5,-5.726434707641602,7,0,-0.125,4.570791497826576e-05,0.0,0.014217376708984375,-78.02200317382812,-0.272308349609375,18.0,0.0032024176325649023,7,0,23.5,23.375,21.75,5.625,19.875,-0.03333333333333333,0,0,0,0
random_layer_matched,corrupt,ablate,v5_qwen35_9b_292,291,17.875,0.01781713403761387,-3.625,-4.0096435546875,5,0,-0.125,-1.4990568161010742e-05,0.0,-0.000858306884765625,-72.55604553222656,-0.5677032470703125,18.0,0.01783212460577488,5,0,21.625,21.5,20.75,1.875,19.375,-0.045454545454545456,0,0,0,0
random_layer_matched,corrupt,ablate,v5_qwen35_9b_294,293,19.25,0.06147284805774689,-2.5,-2.725738525390625,3,0,0.0,0.0011174008250236511,0.0,0.019535064697265625,-59.91121292114258,-0.2905769348144531,19.25,0.060355447232723236,3,0,21.75,21.75,20.75,3.0,20.0,0.0,0,0,0,0
random_layer_matched,corrupt,ablate,v5_qwen35_9b_094,93,18.75,0.044189587235450745,-2.625,-3.0741024017333984,5,0,-0.125,-0.004061397165060043,-0.125,-0.09218597412109375,-77.30905151367188,-0.2968902587890625,18.875,0.04825098440051079,4,0,21.375,21.375,20.875,2.75,19.875,-0.0625,0,0,0,0
random_layer_matched,corrupt,ablate,v5_qwen35_9b_095,94,19.5,0.06871184706687927,-2.25,-2.6066741943359375,3,0,0.0,-0.006618186831474304,-0.125,-0.09908485412597656,-74.5879898071289,-0.5499954223632812,19.5,0.07533003389835358,3,0,21.625,21.75,21.5,2.875,20.5,0.0,0,0,0,0
random_layer_matched,corrupt,ablate,v5_qwen35_9b_130,129,18.625,0.0076471855863928795,-4.625,-4.865749359130859,4,0,-0.125,0.00085856718942523,0.125,0.11995506286621094,-86.82859802246094,-0.49627685546875,18.75,0.0067886183969676495,4,0,23.5,23.25,21.0,2.25,19.875,-0.05555555555555555,0,0,0,0
random_layer_matched,corrupt,ablate,v5_qwen35_9b_179,178,19.25,0.07703237235546112,-1.75,-2.483396530151367,3,0,-0.125,-0.009375333786010742,-0.125,-0.12506103515625,-47.53103256225586,0.08721923828125,19.375,0.08640770614147186,3,0,21.0,21.0,21.125,3.375,20.25,-0.07142857142857142,0,0,0,0
random_layer_matched,corrupt,ablate,v5_qwen35_9b_181,180,18.75,0.00509073119610548,-5.125,-5.275238037109375,6,0,0.125,0.0005946704186499119,0.125,0.12481689453125,-78.8003921508789,-0.22772979736328125,18.625,0.004496060777455568,6,0,23.875,23.875,22.25,5.375,20.4375,0.034482758620689655,0,0,0,0
random_layer_matched,corrupt,ablate,v5_qwen35_9b_217,216,19.125,0.05670349299907684,-2.0,-2.8115806579589844,4,0,-0.125,-0.012881487607955933,-0.25,-0.2184619903564453,-49.18647384643555,-1.7644500732421875,19.25,0.06958498060703278,4,0,21.0,21.125,24.25,7.625,21.75,-0.025,0,0,0,0
random_layer_matched,corrupt,ablate,v5_qwen35_9b_001,0,18.5,0.00513919023796916,-5.0,-5.265718460083008,7,0,0.125,8.126161992549896e-05,0.0,0.016019821166992188,-75.61406707763672,0.6074905395507812,18.375,0.005057928618043661,7,0,23.375,23.5,20.25,3.25,19.3125,0.06666666666666667,0,0,0,0
random_layer_matched,corrupt,ablate,v5_qwen35_9b_045,44,19.25,0.15630081295967102,-1.0,-1.6860694885253906,3,0,0.0,0.000666692852973938,0.0,0.0050640106201171875,-26.32306480407715,0.8819580078125,19.25,0.15563412010669708,3,0,20.25,20.25,21.125,4.875,20.1875,0.0,0,0,0,0
random_layer_matched,corrupt,ablate,v5_qwen35_9b_118,117,19.125,0.08581121265888214,-1.5,-2.3659305572509766,3,0,0.0,-0.0038193538784980774,0.0,-0.04773521423339844,-43.057884216308594,-0.8903579711914062,19.125,0.08963056653738022,3,0,20.625,20.625,21.375,4.25,20.25,0.0,0,0,0,0
random_layer_matched,corrupt,ablate,v5_qwen35_9b_141,140,18.25,0.004658328369259834,-5.125,-5.36444091796875,7,0,0.125,6.631528958678246e-05,0.0,0.014404296875,-76.607421875,0.11907958984375,18.125,0.004592013079673052,7,0,23.25,23.375,20.375,1.625,19.25,0.05555555555555555,0,0,0,0
random_layer_matched,corrupt,ablate,v5_qwen35_9b_201,200,19.0,0.06794361770153046,-2.5,-2.6187362670898438,2,0,0.0,-4.296749830245972e-05,0.0,-0.00067901611328125,-64.15570068359375,-0.5630836486816406,19.0,0.06798658519983292,2,0,21.5,21.5,23.0,5.75,21.0,0.0,0,0,0,0
random_layer_matched,corrupt,ablate,v5_qwen35_9b_219,218,18.625,0.08467595279216766,-1.5,-2.3804969787597656,4,0,-0.125,0.0019028186798095703,0.0,0.024801254272460938,-51.181724548339844,0.038562774658203125,18.75,0.0827731341123581,4,0,20.25,20.125,22.625,5.375,20.6875,-0.03225806451612903,0,0,0,0
random_layer_matched,corrupt,ablate,v5_qwen35_9b_242,241,19.0,0.045460328459739685,-2.5,-3.0444164276123047,4,0,0.0,-0.004879795014858246,-0.125,-0.107086181640625,-55.676307678222656,-1.3878326416015625,19.0,0.05034012347459793,4,0,21.375,21.5,20.5,2.875,19.75,0.0,0,0,0,0
random_layer_matched,corrupt,ablate,v5_qwen35_9b_250,249,19.375,0.04550834372639656,-2.875,-3.0432987213134766,3,0,0.0,-0.004534561187028885,-0.125,-0.0997467041015625,-70.85374450683594,-0.4871826171875,19.375,0.050042904913425446,3,0,22.125,22.25,20.625,2.5,20.0,0.0,0,0,0,0
random_layer_matched,corrupt,ablate,v5_qwen35_9b_280,279,19.125,0.09378513693809509,-1.75,-2.2683048248291016,3,0,0.125,0.007727019488811493,0.125,0.09447860717773438,-39.12615203857422,-0.04998779296875,19.0,0.0860581174492836,3,0,20.875,20.875,20.5,3.25,19.75,0.08333333333333333,0,0,0,0
random_layer_matched,corrupt,ablate,v5_qwen35_9b_018,17,19.625,0.0674949362874031,-2.125,-2.625843048095703,3,0,0.125,0.004841171205043793,0.125,0.07960700988769531,-61.92448043823242,-0.15277481079101562,19.5,0.06265376508235931,3,0,21.75,21.75,21.375,3.875,20.4375,0.06666666666666667,0,0,0,0
random_layer_matched,corrupt,ablate,v5_qwen35_9b_027,26,19.5,0.10834293812513351,-1.875,-2.107807159423828,2,0,0.125,0.01120787113904953,0.125,0.12169075012207031,-57.63296127319336,1.5044059753417969,19.375,0.09713506698608398,2,0,21.375,21.375,22.375,4.0,20.875,0.041666666666666664,0,0,0,0
random_layer_matched,corrupt,ablate,v5_qwen35_9b_065,64,18.25,0.003108717268332839,-5.5,-5.770439147949219,8,0,0.0,-0.000712583540007472,-0.25,-0.2070941925048828,-77.26020812988281,-0.049285888671875,18.25,0.003821300808340311,8,0,23.5,23.75,21.625,4.375,19.9375,0.0,0,0,0,0
random_layer_matched,corrupt,ablate,v5_qwen35_9b_132,131,18.0,0.003697457257658243,-5.25,-5.596416473388672,8,0,-0.125,-2.9855873435735703e-05,0.0,-0.0080718994140625,-79.02870178222656,0.425750732421875,18.125,0.003727313131093979,8,0,23.375,23.25,20.875,2.625,19.5,-0.045454545454545456,0,0,0,0
random_layer_matched,corrupt,ablate,v5_qwen35_9b_144,143,18.375,0.004596502520143986,-5.0,-5.377862930297852,6,0,-0.125,-0.0004198695532977581,-0.125,-0.08783340454101562,-73.1581039428711,-0.19750213623046875,18.5,0.005016372073441744,6,0,23.375,23.375,21.125,2.75,19.8125,-0.047619047619047616,0,0,0,0
random_layer_matched,corrupt,ablate,v5_qwen35_9b_203,202,19.125,0.05280119925737381,-2.5,-2.887002944946289,3,0,0.0,0.0017317421734333038,0.0,0.03517341613769531,-66.66080474853516,-0.9794158935546875,19.125,0.051069457083940506,4,0,21.625,21.625,23.375,5.625,21.25,0.0,0,0,0,0
random_layer_matched,corrupt,ablate,v5_qwen35_9b_255,254,19.125,0.10782060772180557,-1.25,-2.113241195678711,3,0,0.0,6.877630949020386e-05,0.0,0.0007152557373046875,-45.02052307128906,-0.3249626159667969,19.125,0.10775183141231537,3,0,20.375,20.375,20.25,3.25,19.6875,0.0,0,0,0,0
random_layer_matched,corrupt,ablate,v5_qwen35_9b_033,32,19.375,0.05534469708800316,-2.625,-2.837259292602539,2,0,0.0,-0.006535869091749191,-0.125,-0.11856651306152344,-66.86322784423828,0.9138412475585938,19.375,0.06188056617975235,2,0,21.875,22.0,21.0,3.375,20.1875,0.0,0,0,0,0
random_layer_matched,corrupt,ablate,v5_qwen35_9b_126,125,18.5,0.004777909722179174,-5.125,-5.338972091674805,6,0,0.0,-0.0005415109917521477,-0.125,-0.10790443420410156,-76.0810546875,-0.01003265380859375,18.5,0.005319420713931322,6,0,23.5,23.625,20.25,2.0,19.375,0.0,0,0,0,0
random_layer_matched,corrupt,ablate,v5_qwen35_9b_136,135,18.125,0.004793141037225723,-5.0,-5.335777282714844,8,0,0.125,0.0005437661893665791,0.125,0.12096023559570312,-78.6482162475586,-0.1665802001953125,18.0,0.004249374847859144,8,0,23.125,23.125,20.75,3.0,19.375,0.045454545454545456,0,0,0,0
random_layer_matched,corrupt,ablate,v5_qwen35_9b_154,153,19.625,0.10402239859104156,-2.0,-2.1533336639404297,2,0,0.0,0.00039950013160705566,0.0,0.004291534423828125,-69.26261138916016,0.7527084350585938,19.625,0.10362289845943451,2,0,21.625,21.625,21.375,3.125,20.5,0.0,0,0,0,0
random_layer_matched,corrupt,ablate,v5_qwen35_9b_024,23,19.0,0.04328777268528938,-2.875,-3.095651626586914,3,0,0.0,0.00035803020000457764,0.0,0.008680343627929688,-55.591304779052734,-0.26497650146484375,19.0,0.042929742485284805,4,0,21.875,21.875,20.25,2.75,19.625,0.0,0,0,0,0
random_layer_matched,corrupt,ablate,v5_qwen35_9b_121,120,18.75,0.006423230282962322,-4.75,-5.041400909423828,7,0,0.0,-0.0005914689972996712,-0.125,-0.08868217468261719,-74.83805847167969,-0.38248443603515625,18.75,0.007014699280261993,7,0,23.375,23.5,21.0,3.0,19.875,0.0,0,0,0,0
random_layer_matched,corrupt,ablate,v5_qwen35_9b_229,228,19.125,0.21211430430412292,-0.375,-1.3122940063476562,2,0,-0.125,-0.01867981255054474,-0.125,-0.1083831787109375,-24.696792602539062,-1.0542640686035156,19.25,0.23079411685466766,2,0,19.5,19.5,23.25,7.0,21.25,-0.03125,0,0,0,0
random_layer_matched,corrupt,ablate,v5_qwen35_9b_285,284,19.625,0.0954894870519638,-1.75,-2.2484054565429688,3,0,0.125,0.009721897542476654,0.125,0.11806488037109375,-50.564945220947266,0.6543807983398438,19.5,0.08576758950948715,3,0,21.375,21.375,20.75,3.625,20.125,0.1,0,0,0,0
random_layer_matched,corrupt,ablate,v5_qwen35_9b_012,11,19.75,0.09309018403291702,-1.875,-2.2765045166015625,3,0,0.0,-0.007601402699947357,-0.125,-0.08690834045410156,-65.48790740966797,0.7938919067382812,19.75,0.10069158673286438,3,0,21.5,21.625,21.5,4.0,20.625,0.0,0,0,0,0
random_layer_matched,corrupt,ablate,v5_qwen35_9b_032,31,19.125,0.05145284906029701,-2.625,-2.914285659790039,3,0,0.0,0.004614774137735367,0.125,0.09882164001464844,-76.55191802978516,0.4854888916015625,19.125,0.046838074922561646,3,0,21.875,21.75,20.875,3.375,20.0,0.0,0,0,0,0
random_layer_matched,corrupt,ablate,v5_qwen35_9b_062,61,18.75,0.006038761232048273,-4.75,-5.103509902954102,7,0,0.125,0.00020400481298565865,0.0,0.034572601318359375,-74.09241485595703,0.6173858642578125,18.625,0.0058347564190626144,7,0,23.375,23.5,20.75,3.25,19.6875,0.058823529411764705,0,0,0,0
random_layer_matched,corrupt,ablate,v5_qwen35_9b_115,114,18.375,0.025791652500629425,-3.25,-3.6315994262695312,6,0,0.0,0.0003406759351491928,0.0,0.013647079467773438,-69.57565307617188,0.6967239379882812,18.375,0.025450976565480232,7,0,21.625,21.625,21.375,2.375,19.875,0.0,0,0,0,0
random_layer_matched,corrupt,ablate,v5_qwen35_9b_148,147,20.0,0.10484848916530609,-1.5,-2.144500732421875,3,0,0.0,-0.004284478724002838,0.0,-0.04484748840332031,-56.156166076660156,1.2914352416992188,20.0,0.10913296788930893,3,0,21.5,21.5,21.25,2.75,20.625,0.0,0,0,0,0
random_layer_matched,corrupt,ablate,v5_qwen35_9b_207,206,19.625,0.08742240816354752,-2.125,-2.3455448150634766,2,0,0.125,9.725987911224365e-05,0.0,0.001220703125,-51.30224609375,-0.4987640380859375,19.5,0.08732514828443527,2,0,21.625,21.75,22.375,5.875,20.9375,0.043478260869565216,0,0,0,0
random_layer_matched,corrupt,ablate,v5_qwen35_9b_225,224,18.125,0.04607585445046425,-2.5,-3.0303478240966797,4,0,0.0,-0.003266669809818268,-0.125,-0.07192611694335938,-35.610145568847656,0.5870780944824219,18.125,0.049342524260282516,4,0,20.5,20.625,21.0,4.625,19.5625,0.0,0,0,0,0
random_layer_matched,corrupt,ablate,v5_qwen35_9b_076,75,18.25,0.004127275198698044,-5.0,-5.486013412475586,7,0,0.0,-7.810164242982864e-05,0.0,-0.018825531005859375,-74.62751770019531,-0.1670989990234375,18.25,0.0042053768411278725,7,0,23.25,23.25,20.625,2.875,19.4375,0.0,0,0,0,0
random_layer_matched,corrupt,ablate,v5_qwen35_9b_101,100,19.875,0.07473298162221909,-2.0,-2.5161819458007812,3,0,-0.125,-0.002735048532485962,0.0,-0.03890419006347656,-60.25218200683594,-0.06727218627929688,20.0,0.07746803015470505,3,0,22.0,21.875,21.375,3.375,20.6875,-0.09090909090909091,0,0,0,0
random_layer_matched,corrupt,ablate,v5_qwen35_9b_122,121,18.5,0.005025989376008511,-5.125,-5.2881011962890625,6,0,-0.125,-1.721549779176712e-06,0.0,-0.0003452301025390625,-79.30281066894531,-0.00406646728515625,18.625,0.005027710925787687,6,0,23.75,23.625,20.75,3.125,19.6875,-0.058823529411764705,0,0,0,0
random_layer_matched,corrupt,ablate,v5_qwen35_9b_286,285,18.875,0.03346739336848259,-2.625,-3.3631649017333984,4,0,0.0,-0.0020690858364105225,0.0,-0.06212806701660156,-58.30731201171875,-0.9285011291503906,18.875,0.03553647920489311,4,0,21.5,21.5,20.75,3.25,19.8125,0.0,0,0,0,0
random_layer_matched,corrupt,ablate,v5_qwen35_9b_013,12,19.0,0.04410300776362419,-2.625,-3.0761451721191406,4,0,-0.125,-0.011498630046844482,-0.25,-0.24378585815429688,-67.30043029785156,-0.236114501953125,19.125,0.055601637810468674,3,0,21.5,21.625,21.25,3.375,20.1875,-0.058823529411764705,0,0,0,0
random_layer_matched,corrupt,ablate,v5_qwen35_9b_085,84,19.0,0.03829703480005264,-2.75,-3.223358154296875,4,0,0.0,-0.004877697676420212,-0.125,-0.12496566772460938,-60.27053451538086,0.06844329833984375,19.0,0.043174732476472855,4,0,21.625,21.75,20.25,3.0,19.625,0.0,0,0,0,0
random_layer_matched,corrupt,ablate,v5_qwen35_9b_163,162,19.625,0.09634558856487274,-1.625,-2.238536834716797,3,0,-0.125,-0.004158049821853638,0.0,-0.04686737060546875,-55.85407638549805,0.3759727478027344,19.75,0.10050363838672638,3,0,21.375,21.25,20.75,2.75,20.25,-0.125,0,0,0,0
random_layer_matched,corrupt,ablate,v5_qwen35_9b_133,132,18.125,0.004084879532456398,-5.25,-5.496381759643555,7,0,0.0,9.558117017149925e-05,0.0,0.023771286010742188,-76.17574310302734,-0.3282318115234375,18.125,0.003989298362284899,7,0,23.375,23.375,20.75,2.25,19.4375,0.0,0,0,0,0
random_layer_matched,corrupt,ablate,v5_qwen35_9b_139,138,18.25,0.004493409302085638,-5.0,-5.4006500244140625,8,0,0.125,0.0009889183565974236,0.25,0.2495594024658203,-76.56257629394531,-0.289886474609375,18.125,0.0035044909454882145,9,0,23.375,23.25,21.375,2.875,19.75,0.038461538461538464,0,0,0,0
random_layer_matched,corrupt,ablate,v5_qwen35_9b_106,105,19.375,0.08037911355495453,-2.25,-2.437227249145508,3,0,0.0,-0.006144329905509949,-0.125,-0.08036231994628906,-51.278263092041016,-0.317474365234375,19.375,0.08652344346046448,3,0,21.5,21.625,21.625,4.25,20.5,0.0,0,0,0,0
random_layer_matched,corrupt,ablate,v5_qwen35_9b_159,158,19.75,0.08504489064216614,-1.5,-2.375722885131836,4,0,0.0,-6.915628910064697e-05,0.0,-0.000888824462890625,-54.10658645629883,0.7887840270996094,19.75,0.08511404693126678,4,0,21.25,21.25,21.0,2.75,20.375,0.0,0,0,0,0
random_layer_matched,corrupt,ablate,v5_qwen35_9b_208,207,19.0,0.06351401656866074,-2.375,-2.6909008026123047,3,0,0.0,-0.007154360413551331,-0.125,-0.11440467834472656,-51.01302719116211,0.1661529541015625,19.0,0.07066837698221207,3,0,21.25,21.375,22.625,5.75,20.8125,0.0,0,0,0,0
random_layer_matched,corrupt,ablate,v5_qwen35_9b_266,265,18.625,0.022410916164517403,-3.5,-3.7755603790283203,3,0,0.0,0.0022314898669719696,0.125,0.1071624755859375,-60.86677551269531,1.780517578125,18.625,0.020179426297545433,3,0,22.25,22.125,20.375,2.75,19.5,0.0,0,0,0,0
random_layer_matched,corrupt,ablate,v5_qwen35_9b_107,106,17.875,0.030183421447873116,-3.0,-3.4698448181152344,5,0,0.0,0.0024413559585809708,0.125,0.08685684204101562,-62.25775146484375,0.12580108642578125,17.875,0.027742065489292145,5,0,21.0,20.875,22.0,3.5,19.9375,0.0,0,0,0,0
random_layer_matched,corrupt,ablate,v5_qwen35_9b_123,122,18.25,0.003599202958866954,-5.375,-5.623445510864258,6,0,-0.125,-4.016794264316559e-06,0.0,-0.0011196136474609375,-79.8599624633789,-0.7468032836914062,18.375,0.0036032197531312704,6,0,23.75,23.625,21.125,2.75,19.75,-0.045454545454545456,0,0,0,0
random_layer_matched,corrupt,ablate,v5_qwen35_9b_059,58,18.625,0.05649694427847862,-2.125,-2.8154468536376953,4,0,0.0,-0.0065330155193805695,-0.125,-0.11637115478515625,-44.022972106933594,-1.1834335327148438,18.625,0.06302995979785919,3,0,20.625,20.75,20.25,3.0,19.4375,0.0,0,0,0,0
random_layer_matched,corrupt,ablate,v5_qwen35_9b_252,251,19.0,0.04469658434391022,-2.625,-3.0621509552001953,4,0,0.125,0.004992887377738953,0.125,0.12366485595703125,-53.451995849609375,0.9002532958984375,18.875,0.039703696966171265,4,0,21.625,21.625,19.75,1.875,19.3125,0.14285714285714285,0,0,0,0
random_layer_matched,corrupt,ablate,v5_qwen35_9b_023,22,19.0,0.06256307661533356,-2.125,-2.7070064544677734,3,0,0.0,-0.000359557569026947,0.0,-0.006114959716796875,-51.53749084472656,-1.0034828186035156,19.0,0.0629226341843605,3,0,21.125,21.125,20.5,3.25,19.75,0.0,0,0,0,0
random_layer_matched,corrupt,ablate,v5_qwen35_9b_086,85,19.625,0.10916917771100998,-1.625,-2.099292755126953,2,0,0.0,0.002103641629219055,0.0,0.021814346313476562,-68.09135437011719,-1.611572265625,19.625,0.10706553608179092,2,0,21.25,21.25,21.875,3.5,20.75,0.0,0,0,0,0
random_layer_matched,corrupt,ablate,v5_qwen35_9b_099,98,18.375,0.0237564854323864,-3.25,-3.715879440307617,5,0,-0.125,-0.0008609313517808914,0.0,-0.03648185729980469,-63.20429229736328,0.5531005859375,18.5,0.02461741678416729,5,0,21.75,21.625,20.25,1.875,19.375,-0.07142857142857142,0,0,0,0
random_layer_matched,corrupt,ablate,v5_qwen35_9b_117,116,19.125,0.08592773973941803,-2.125,-2.364429473876953,2,0,0.0,-0.0007835999131202698,0.0,-0.009935379028320312,-50.94694137573242,1.1588935852050781,19.125,0.0867113396525383,2,0,21.25,21.25,21.5,4.125,20.3125,0.0,0,0,0,0
random_layer_matched,corrupt,ablate,v5_qwen35_9b_140,139,17.625,0.0025342183653265238,-5.5,-5.975343704223633,8,0,0.0,0.0,0.0,0.0,-76.0135269165039,0.0,17.625,0.0025342183653265238,8,0,23.125,23.125,20.5,1.125,19.0625,0.0,0,0,0,0
random_layer_matched,corrupt,ablate,v5_qwen35_9b_156,155,19.75,0.10219316929578781,-1.375,-2.173126220703125,3,0,0.0,0.0,0.0,0.0,-52.444549560546875,0.0,19.75,0.10219316929578781,3,0,21.125,21.125,21.0,3.125,20.375,0.0,0,0,0,0
random_layer_matched,corrupt,ablate,v5_qwen35_9b_102,101,20.0,0.09692302346229553,-1.625,-2.2319183349609375,3,0,0.0,0.0,0.0,0.0,-52.25344467163086,0.0,20.0,0.09692302346229553,3,0,21.625,21.625,20.75,3.625,20.375,0.0,0,0,0,0
random_layer_matched,corrupt,ablate,v5_qwen35_9b_197,196,18.625,0.0728750228881836,-2.25,-2.543375015258789,3,0,0.0,0.0,0.0,0.0,-52.91004943847656,0.0,18.625,0.0728750228881836,3,0,20.875,20.875,21.75,5.375,20.1875,0.0,0,0,0,0
random_layer_matched,corrupt,ablate,v5_qwen35_9b_210,209,19.75,0.2249639332294464,-0.375,-1.237020492553711,2,0,0.0,0.0,0.0,0.0,-26.049213409423828,0.0,19.75,0.2249639332294464,2,0,20.125,20.125,23.625,7.125,21.6875,0.0,0,0,0,0
random_layer_matched,corrupt,ablate,v5_qwen35_9b_235,234,17.625,0.012486210092902184,-4.125,-4.370588302612305,7,0,0.0,0.0,0.0,0.0,-76.86459350585938,0.0,17.625,0.012486210092902184,7,0,21.75,21.75,21.375,3.75,19.5,0.0,0,0,0,0
random_layer_matched,corrupt,ablate,v5_qwen35_9b_259,258,18.875,0.07220686972141266,-2.125,-2.553304672241211,3,0,0.0,0.0,0.0,0.0,-51.5853271484375,0.0,18.875,0.07220686972141266,3,0,21.0,21.0,20.25,2.875,19.5625,0.0,0,0,0,0
random_layer_matched,corrupt,ablate,v5_qwen35_9b_108,107,19.25,0.09757689386606216,-1.625,-2.224477767944336,3,0,0.0,0.0,0.0,0.0,-43.84037780761719,0.0,19.25,0.09757689386606216,3,0,20.875,20.875,21.125,4.375,20.1875,0.0,0,0,0,0
random_layer_matched,corrupt,ablate,v5_qwen35_9b_055,54,18.75,0.03219175711274147,-2.625,-3.403348922729492,3,0,0.0,0.0,0.0,0.0,-63.784114837646484,0.0,18.75,0.03219175711274147,3,0,21.375,21.375,20.75,3.25,19.75,0.0,0,0,0,0
random_layer_matched,corrupt,ablate,v5_qwen35_9b_272,271,18.75,0.02091584913432598,-3.25,-3.846132278442383,5,0,0.0,0.00014202482998371124,0.0,0.0069580078125,-59.71345901489258,-0.0012054443359375,18.75,0.02077382430434227,5,0,22.0,22.0,20.875,2.125,19.8125,0.0,0,0,0,0
random_layer_matched,corrupt,ablate,v5_qwen35_9b_015,14,18.875,0.052958570420742035,-2.5,-2.883859634399414,4,0,0.0,0.0,0.0,0.0,-59.09946060180664,0.0,18.875,0.052958570420742035,4,0,21.375,21.375,20.5,3.5,19.6875,0.0,0,0,0,0
random_layer_matched,corrupt,ablate,v5_qwen35_9b_061,60,18.25,0.004826265852898359,-5.125,-5.328853607177734,7,0,0.0,0.00047147832810878754,0.125,0.10326957702636719,-78.3681411743164,7.62939453125e-05,18.25,0.004354787524789572,7,0,23.5,23.375,21.0,3.25,19.625,0.0,0,0,0,0
random_layer_matched,corrupt,ablate,v5_qwen35_9b_022,21,19.25,0.08701662719249725,-2.125,-2.3506431579589844,2,0,-0.125,-0.01045379787683487,-0.125,-0.12496566772460938,-64.47090148925781,-0.0048675537109375,19.375,0.09747042506933212,2,0,21.375,21.375,20.875,3.5,20.125,-0.08333333333333333,0,0,0,0
random_layer_matched,corrupt,ablate,v5_qwen35_9b_078,77,18.25,0.004137002397328615,-5.125,-5.483648300170898,6,0,0.0,0.0,0.0,0.0,-73.43535614013672,0.0,18.25,0.004137002397328615,6,0,23.375,23.375,20.875,2.875,19.5625,0.0,0,0,0,0
random_layer_matched,corrupt,ablate,v5_qwen35_9b_262,261,18.75,0.06717265397310257,-1.875,-2.6309967041015625,3,0,0.0,0.0,0.0,0.0,-40.81520080566406,0.0,18.75,0.06717265397310257,3,0,20.625,20.625,20.375,3.25,19.5625,0.0,0,0,0,0
random_layer_matched,corrupt,ablate,v5_qwen35_9b_063,62,18.125,0.004246730823069811,-5.0,-5.457361221313477,7,0,0.0,4.5960769057273865e-07,0.0,0.0001087188720703125,-72.79843139648438,0.00089263916015625,18.125,0.004246271215379238,7,0,23.125,23.125,21.0,3.625,19.5625,0.0,0,0,0,0
random_layer_matched,corrupt,ablate,v5_qwen35_9b_269,268,19.0,0.11020056158304214,-1.5,-2.088735580444336,3,0,0.0,0.0,0.0,0.0,-42.160919189453125,0.0,19.0,0.11020056158304214,3,0,20.5,20.5,20.25,2.875,19.625,0.0,0,0,0,0
random_layer_matched,corrupt,ablate,v5_qwen35_9b_075,74,18.625,0.012327742762863636,-4.125,-4.383514404296875,5,0,0.0,4.479661583900452e-06,0.0,0.0003662109375,-81.89643096923828,0.000152587890625,18.625,0.012323263101279736,5,0,22.75,22.75,21.75,3.5,20.1875,0.0,0,0,0,0
random_layer_matched,corrupt,ablate,v5_qwen35_9b_037,36,19.125,0.11059563606977463,-1.5,-2.0847091674804688,3,0,0.0,6.638467311859131e-06,0.0,6.866455078125e-05,-45.42808151245117,0.001598358154296875,19.125,0.11058899760246277,3,0,20.625,20.625,20.5,3.625,19.8125,0.0,0,0,0,0
random_layer_matched,corrupt,ablate,v5_qwen35_9b_046,45,18.625,0.13471940159797668,-1.5,-1.85992431640625,2,0,0.0,0.0,0.0,0.0,-24.993040084838867,0.0,18.625,0.13471940159797668,2,0,20.125,20.125,20.625,3.75,19.625,0.0,0,0,0,0
random_layer_matched,corrupt,ablate,v5_qwen35_9b_175,174,17.875,0.041599564254283905,-2.875,-3.1372108459472656,4,0,0.0,0.0037157870829105377,0.125,0.09743309020996094,-69.0559310913086,7.62939453125e-05,17.875,0.03788377717137337,4,0,20.875,20.75,20.125,2.0,19.0,0.0,0,0,0,0
random_layer_matched,corrupt,ablate,v5_qwen35_9b_246,245,19.875,0.14046576619148254,-1.625,-1.8114490509033203,2,0,0.0,0.0,0.0,0.0,-55.25026321411133,0.0,19.875,0.14046576619148254,2,0,21.5,21.5,21.625,4.0,20.75,0.0,0,0,0,0
random_layer_matched,corrupt,ablate,v5_qwen35_9b_278,277,19.125,0.11418524384498596,-1.125,-2.048727035522461,3,0,0.0,0.0,0.0,0.0,-38.12028121948242,0.0,19.125,0.11418524384498596,3,0,20.25,20.25,20.625,3.375,19.875,0.0,0,0,0,0
random_layer_matched,corrupt,ablate,v5_qwen35_9b_164,163,19.125,0.06485296785831451,-2.0,-2.668611526489258,4,0,0.0,0.0,0.0,0.0,-57.08049774169922,0.0,19.125,0.06485296785831451,4,0,21.125,21.125,21.0,2.375,20.0625,0.0,0,0,0,0
random_layer_matched,corrupt,ablate,v5_qwen35_9b_072,71,18.0,0.0033169661182910204,-5.625,-5.705389022827148,7,0,0.0,0.0,0.0,0.0,-79.88001251220703,0.0,18.0,0.0033169661182910204,7,0,23.625,23.625,21.125,2.875,19.5625,0.0,0,0,0,0
random_layer_matched,corrupt,ablate,v5_qwen35_9b_279,278,18.25,0.057452622801065445,-2.375,-2.7976741790771484,3,0,0.0,0.0,0.0,0.0,-30.610071182250977,0.0,18.25,0.057452622801065445,3,0,20.625,20.625,20.5,2.5,19.375,0.0,0,0,0,0
random_layer_matched,corrupt,ablate,v5_qwen35_9b_042,41,19.0,0.13679182529449463,-0.875,-1.8422508239746094,3,0,0.0,0.0,0.0,0.0,-33.65641403198242,0.0,19.0,0.13679182529449463,3,0,19.875,19.875,21.375,5.4375,20.1875,0.0,0,0,0,0
random_layer_matched,corrupt,ablate,v5_qwen35_9b_060,59,18.125,0.07809489220380783,-2.0,-2.4685707092285156,3,0,0.0,0.0,0.0,0.0,-31.800790786743164,0.0,18.125,0.07809489220380783,3,0,20.125,20.125,20.125,3.25,19.125,0.0,0,0,0,0
random_layer_matched,corrupt,ablate,v5_qwen35_9b_194,193,18.25,0.003033796790987253,-5.5,-5.794910430908203,6,0,0.0,-5.487818270921707e-07,0.0,-0.0001811981201171875,-77.67559814453125,0.00026702880859375,18.25,0.0030343455728143454,6,0,23.75,23.75,21.25,5.375,19.75,0.0,0,0,0,0
random_layer_matched,corrupt,ablate,v5_qwen35_9b_213,212,19.0,0.09304282069206238,-1.875,-2.277078628540039,3,0,0.0,0.0,0.0,0.0,-46.558746337890625,0.0,19.0,0.09304282069206238,3,0,20.875,20.875,24.0,7.125,21.5,0.0,0,0,0,0
random_layer_matched,corrupt,ablate,v5_qwen35_9b_067,66,17.875,0.008374335244297981,-4.625,-4.774187088012695,5,0,0.0,0.0,0.0,0.0,-91.4146499633789,0.0,17.875,0.008374335244297981,5,0,22.5,22.5,21.5,3.5,19.6875,0.0,0,0,0,0
random_layer_matched,corrupt,ablate,v5_qwen35_9b_003,2,18.125,0.004461125936359167,-5.125,-5.407892227172852,6,0,0.0,0.0,0.0,0.0,-79.0669937133789,0.0,18.125,0.004461125936359167,6,0,23.25,23.25,20.5,3.25,19.3125,0.0,0,0,0,0
random_layer_matched,corrupt,ablate,v5_qwen35_9b_004,3,17.875,0.0027225997764617205,-5.625,-5.903450012207031,7,0,0.0,-7.01474491506815e-05,0.0,-0.025506973266601562,-78.25204467773438,0.5084152221679688,17.875,0.002792747225612402,7,0,23.5,23.5,20.125,2.875,19.0,0.0,0,0,0,0
random_layer_matched,corrupt,ablate,v5_qwen35_9b_134,133,18.0,0.0037712242919951677,-5.375,-5.57658576965332,7,0,0.0,-2.3306813091039658e-05,0.0,-0.006183624267578125,-76.41165924072266,0.25215911865234375,18.0,0.0037945311050862074,7,0,23.375,23.375,21.25,2.0,19.625,0.0,0,0,0,0
random_layer_matched,corrupt,ablate,v5_qwen35_9b_165,164,20.125,0.40884724259376526,-0.125,-0.3687744140625,2,0,0.125,0.028928816318511963,0.125,0.12116241455078125,-26.514680862426758,1.2493724822998047,20.0,0.3799184262752533,2,0,20.25,20.25,21.0,3.875,20.5,0.125,0,0,0,0
random_layer_matched,corrupt,ablate,v5_qwen35_9b_265,264,17.75,0.04664548486471176,-2.625,-3.0174636840820312,3,0,0.0,-0.0002940818667411804,0.0,-0.006591796875,-36.564064025878906,-0.6699752807617188,17.75,0.04693956673145294,3,0,20.375,20.375,20.625,2.25,19.1875,0.0,0,0,0,0
