group,side,transfer,sample_id,pair_index,intervened_tool_logit,intervened_margin,intervened_tool_probability,intervened_rank,intervened_is_tool_top1,tool_logit_delta,margin_delta,log_odds_delta,gate_delta,baseline_tool_logit,baseline_margin,baseline_rank,baseline_is_tool_top1,paired_target_tool_logit,paired_target_margin,paired_tool_logit_midpoint,tool_logit_gap_progress,raw_tool_logit_midpoint_flip,raw_tool_logit_reached_paired_target,margin_boundary_flip,top1_flip_same_direction
S_top20,clean,corrupt_to_clean,v5_qwen3_8b_037,36,33.0,12.75,0.9999943971633911,1,1,-1.75,-2.25,-1.8939933776855469,-18.46530246734619,34.75,15.0,1,1,20.375,-17.375,27.5625,0.12173913043478261,0,0,0,0
S_top20,clean,corrupt_to_clean,v5_qwen3_8b_111,110,31.375,10.25,0.9999085664749146,1,1,-1.625,-2.75,-2.4737911224365234,-18.989816665649414,33.0,13.0,1,1,19.875,-19.875,26.4375,0.12380952380952381,0,0,0,0
S_top20,clean,corrupt_to_clean,v5_qwen3_8b_180,179,31.875,8.25,0.9996321201324463,1,1,-0.875,-2.0,-1.72784423828125,-11.313079833984375,32.75,10.25,1,1,22.75,-12.25,27.75,0.0875,0,0,0,0
S_top20,clean,corrupt_to_clean,v5_qwen3_8b_219,218,34.0,14.625,0.9999988079071045,1,1,-0.75,-0.25,-0.5233325958251953,-10.925277709960938,34.75,14.875,1,1,22.625,-12.625,28.6875,0.061855670103092786,0,0,0,0
S_top20,clean,corrupt_to_clean,v5_qwen3_8b_078,77,30.0,8.5,0.9995452761650085,1,1,-1.75,-2.125,-2.4378128051757812,-21.458082914352417,31.75,10.625,1,1,17.5,-26.0,24.625,0.12280701754385964,0,0,0,0
S_top20,clean,corrupt_to_clean,v5_qwen3_8b_270,269,31.875,11.625,0.9999833106994629,1,1,-0.625,-0.875,-0.8297977447509766,-11.951366424560547,32.5,12.5,1,1,22.125,-14.375,27.3125,0.060240963855421686,0,0,0,0
S_top20,clean,corrupt_to_clean,v5_qwen3_8b_141,140,28.875,7.25,0.9982041120529175,1,1,-1.5,-1.75,-2.126901626586914,-15.66584300994873,30.375,9.0,1,1,20.375,-20.125,25.375,0.15,0,0,0,0
S_top20,clean,corrupt_to_clean,v5_qwen3_8b_065,64,29.375,6.125,0.996359646320343,1,1,-1.875,-3.25,-2.850921630859375,-22.058215618133545,31.25,9.375,1,1,20.0,-22.25,25.625,0.16666666666666666,0,0,0,0
S_top20,clean,corrupt_to_clean,v5_qwen3_8b_286,285,32.25,11.625,0.9999850988388062,1,1,-0.5,-0.75,-0.7012500762939453,-9.624454498291016,32.75,12.375,1,1,22.625,-11.875,27.6875,0.04938271604938271,0,0,0,0
S_top20,clean,corrupt_to_clean,v5_qwen3_8b_042,41,31.875,10.0,0.9999399185180664,1,1,-1.125,-1.75,-1.63775634765625,-15.918763160705566,33.0,11.75,1,1,21.75,-17.0,27.375,0.1,0,0,0,0
S_top20,clean,corrupt_to_clean,v5_qwen3_8b_281,280,31.875,10.625,0.9999563694000244,1,1,-0.375,-1.125,-0.7214889526367188,-8.865832328796387,32.25,11.75,1,1,23.5,-11.75,27.875,0.04285714285714286,0,0,0,0
S_top20,clean,corrupt_to_clean,v5_qwen3_8b_038,37,31.875,10.125,0.9999531507492065,1,1,-1.375,-2.25,-2.0882606506347656,-15.27223014831543,33.25,12.375,1,1,21.75,-14.5,27.5,0.11956521739130435,0,0,0,0
S_top20,clean,corrupt_to_clean,v5_qwen3_8b_092,91,31.375,9.625,0.999843955039978,1,1,-1.375,-2.125,-2.146116256713867,-19.011908531188965,32.75,11.75,1,1,21.125,-16.625,26.9375,0.11827956989247312,0,0,0,0
S_top20,clean,corrupt_to_clean,v5_qwen3_8b_112,111,30.25,7.0,0.9987560510635376,1,1,-0.625,-1.25,-1.1911449432373047,-9.566630840301514,30.875,8.25,1,1,23.875,-10.125,27.375,0.08928571428571429,0,0,0,0
S_top20,clean,corrupt_to_clean,v5_qwen3_8b_067,66,31.375,8.875,0.9998138546943665,1,1,-1.125,-2.375,-2.0446720123291016,-18.615386486053467,32.5,11.25,1,1,19.25,-24.5,25.875,0.08490566037735849,0,0,0,0
S_top20,clean,corrupt_to_clean,v5_qwen3_8b_159,158,28.375,5.5,0.9926517605781555,1,1,-0.625,-1.125,-1.2770328521728516,-7.565589785575867,29.0,6.625,1,1,22.5,-12.25,25.75,0.09615384615384616,0,0,0,0
S_top20,clean,corrupt_to_clean,v5_qwen3_8b_028,27,31.875,11.625,0.9999802112579346,1,1,-1.375,-2.0,-1.7480430603027344,-16.50001335144043,33.25,13.625,1,1,20.375,-17.875,26.8125,0.10679611650485436,0,0,0,0
S_top20,clean,corrupt_to_clean,v5_qwen3_8b_040,39,31.5,10.875,0.9999635219573975,1,1,-1.25,-2.5,-1.8411674499511719,-16.77953815460205,32.75,13.375,1,1,21.25,-16.25,27.0,0.10869565217391304,0,0,0,0
S_top20,clean,corrupt_to_clean,v5_qwen3_8b_125,124,25.0,0.125,0.4539303183555603,1,1,-3.0,-5.375,-5.051095962524414,-17.86524772644043,28.0,5.5,1,1,19.0,-24.25,23.5,0.3333333333333333,0,0,0,0
S_top20,clean,corrupt_to_clean,v5_qwen3_8b_202,201,33.5,14.25,0.9999980926513672,1,1,-0.5,0.0,-0.22882843017578125,-8.152772903442383,34.0,14.25,1,1,20.25,-17.25,27.125,0.03636363636363636,0,0,0,0
S_top20,clean,corrupt_to_clean,v5_qwen3_8b_275,274,31.375,10.25,0.9999388456344604,1,1,-0.875,-1.5,-1.3561840057373047,-9.376088619232178,32.25,11.75,1,1,21.625,-15.625,26.9375,0.08235294117647059,0,0,0,0
S_top20,clean,corrupt_to_clean,v5_qwen3_8b_094,93,30.125,8.0,0.999487042427063,1,1,-1.875,-3.125,-2.953042984008789,-21.51758575439453,32.0,11.125,1,1,20.5,-19.75,26.25,0.16304347826086957,0,0,0,0
S_top20,clean,corrupt_to_clean,v5_qwen3_8b_288,287,30.5,9.375,0.9998350143432617,1,1,-0.75,-0.625,-0.7872295379638672,-9.235966205596924,31.25,10.0,1,1,23.0,-11.5,27.125,0.09090909090909091,0,0,0,0
S_top20,clean,corrupt_to_clean,v5_qwen3_8b_300,299,32.25,11.125,0.99997878074646,1,1,-0.5,-0.875,-0.7991256713867188,-10.95327091217041,32.75,12.0,1,1,23.125,-10.375,27.9375,0.05194805194805195,0,0,0,0
S_top20,clean,corrupt_to_clean,v5_qwen3_8b_002,1,32.5,11.375,0.9999853372573853,1,1,-1.25,-2.0,-1.6586532592773438,-19.87543773651123,33.75,13.375,1,1,19.875,-21.625,26.8125,0.09009009009009009,0,0,0,0
S_top20,clean,corrupt_to_clean,v5_qwen3_8b_082,81,28.625,5.875,0.9953681230545044,1,1,-1.5,-3.25,-2.7765369415283203,-20.490703582763672,30.125,9.125,1,1,21.625,-19.625,25.875,0.17647058823529413,0,0,0,0
S_top20,clean,corrupt_to_clean,v5_qwen3_8b_119,118,29.0,6.875,0.9973582625389099,1,1,-0.625,-1.375,-1.3618144989013672,-11.653941035270691,29.625,8.25,1,1,23.75,-10.5,26.6875,0.10638297872340426,0,0,0,0
S_top20,clean,corrupt_to_clean,v5_qwen3_8b_124,123,28.375,5.875,0.9943895936012268,1,1,-2.125,-3.125,-2.753185272216797,-18.754183769226074,30.5,9.0,1,1,22.125,-17.875,26.3125,0.2537313432835821,0,0,0,0
S_top20,clean,corrupt_to_clean,v5_qwen3_8b_162,161,31.125,9.375,0.9998340606689453,1,1,-0.5,-1.0,-0.9128932952880859,-9.455717086791992,31.625,10.375,1,1,24.0,-9.75,27.8125,0.06557377049180328,0,0,0,0
S_top20,clean,corrupt_to_clean,v5_qwen3_8b_209,208,33.75,14.625,0.9999990463256836,1,1,-0.25,0.0,-0.02362823486328125,-6.70020866394043,34.0,14.625,1,1,23.25,-11.75,28.625,0.023255813953488372,0,0,0,0
S_top20,clean,corrupt_to_clean,v5_qwen3_8b_260,259,30.125,9.875,0.9998906850814819,1,1,-0.875,-1.125,-1.1162471771240234,-9.81503677368164,31.0,11.0,1,1,23.125,-10.875,27.0625,0.1111111111111111,0,0,0,0
S_top20,clean,corrupt_to_clean,v5_qwen3_8b_298,297,31.0,9.375,0.9998354911804199,1,1,-0.375,-1.125,-0.9328327178955078,-9.67461109161377,31.375,10.5,1,1,23.75,-10.25,27.5625,0.04918032786885246,0,0,0,0
S_top20,clean,corrupt_to_clean,v5_qwen3_8b_024,23,31.625,10.0,0.9999432563781738,1,1,-1.625,-2.5,-2.1999244689941406,-16.36135768890381,33.25,12.5,1,1,21.5,-16.5,27.375,0.13829787234042554,0,0,0,0
S_top20,clean,corrupt_to_clean,v5_qwen3_8b_062,61,27.75,5.0,0.9918137788772583,1,1,-2.25,-3.75,-3.6219139099121094,-21.500758171081543,30.0,8.75,1,1,20.75,-19.75,25.375,0.24324324324324326,0,0,0,0
S_top20,clean,corrupt_to_clean,v5_qwen3_8b_206,205,34.25,15.0,0.9999992847442627,1,1,-0.5,0.125,-0.07063102722167969,-8.674072265625,34.75,14.875,1,1,23.125,-11.875,28.9375,0.043010752688172046,0,0,0,0
S_top20,clean,corrupt_to_clean,v5_qwen3_8b_227,226,33.25,13.75,0.9999969005584717,1,1,-0.5,-0.125,-0.286224365234375,-8.298309326171875,33.75,13.875,1,1,24.125,-8.875,28.9375,0.05194805194805195,0,0,0,0
S_top20,clean,corrupt_to_clean,v5_qwen3_8b_277,276,31.25,10.25,0.9999370574951172,1,1,-1.0,-1.375,-1.3982582092285156,-11.903666496276855,32.25,11.625,1,1,22.625,-12.375,27.4375,0.1038961038961039,0,0,0,0
S_top20,clean,corrupt_to_clean,v5_qwen3_8b_279,278,33.5,13.75,0.9999967813491821,1,1,-0.5,-0.125,-0.33130455017089844,-6.523120880126953,34.0,13.875,1,1,21.875,-11.625,27.9375,0.041237113402061855,0,0,0,0
S_top20,clean,corrupt_to_clean,v5_qwen3_8b_041,40,31.875,11.25,0.9999779462814331,1,1,-1.375,-2.125,-1.8839855194091797,-17.801916122436523,33.25,13.375,1,1,22.625,-13.125,27.9375,0.12941176470588237,0,0,0,0
S_top20,clean,corrupt_to_clean,v5_qwen3_8b_192,191,33.5,13.625,0.9999974966049194,1,1,-1.0,-0.25,-0.4122314453125,-14.079872131347656,34.5,13.875,1,1,22.125,-18.875,28.3125,0.08080808080808081,0,0,0,0
S_top20,clean,corrupt_to_clean,v5_qwen3_8b_220,219,33.0,14.0,0.9999979734420776,1,1,-0.25,0.0,-0.06582260131835938,-9.323198318481445,33.25,14.0,1,1,22.25,-13.5,27.75,0.022727272727272728,0,0,0,0
S_top20,clean,corrupt_to_clean,v5_qwen3_8b_267,266,31.0,12.0,0.9999815225601196,1,1,-0.125,-0.5,-0.38580894470214844,-6.587465286254883,31.125,12.5,1,1,26.5,-4.125,28.8125,0.02702702702702703,0,0,0,0
S_top20,clean,corrupt_to_clean,v5_qwen3_8b_269,268,32.0,11.375,0.9999760389328003,1,1,-0.75,-1.125,-1.224660873413086,-9.043617248535156,32.75,12.5,1,1,22.375,-14.125,27.5625,0.07228915662650602,0,0,0,0
S_top20,clean,corrupt_to_clean,v5_qwen3_8b_289,288,31.625,11.125,0.9999699592590332,1,1,-0.625,-0.75,-0.8890209197998047,-9.655794143676758,32.25,11.875,1,1,20.625,-17.125,26.4375,0.053763440860215055,0,0,0,0
S_top20,clean,corrupt_to_clean,v5_qwen3_8b_010,9,32.25,11.625,0.9999806880950928,1,1,-1.5,-2.375,-2.0724449157714844,-20.004189491271973,33.75,14.0,1,1,21.125,-19.625,27.4375,0.1188118811881188,0,0,0,0
S_top20,clean,corrupt_to_clean,v5_qwen3_8b_032,31,31.875,10.875,0.9999734163284302,1,1,-1.875,-2.75,-2.417612075805664,-19.71344566345215,33.75,13.625,1,1,18.875,-20.875,26.3125,0.12605042016806722,0,0,0,0
S_top20,clean,corrupt_to_clean,v5_qwen3_8b_066,65,31.375,10.75,0.9999473094940186,1,1,-1.125,-2.125,-2.127920150756836,-19.107526302337646,32.5,12.875,1,1,19.625,-22.625,26.0625,0.08737864077669903,0,0,0,0
S_top20,clean,corrupt_to_clean,v5_qwen3_8b_077,76,29.5,5.75,0.9963104128837585,1,1,-1.875,-4.125,-3.6934661865234375,-22.35366879403591,31.375,9.875,1,1,19.625,-21.625,25.5,0.1595744680851064,0,0,0,0
S_top20,clean,corrupt_to_clean,v5_qwen3_8b_120,119,30.25,8.5,0.999524712562561,1,1,-1.25,-1.5,-1.7188739776611328,-11.986379623413086,31.5,10.0,1,1,23.25,-11.0,27.375,0.15151515151515152,0,0,0,0
S_top20,clean,corrupt_to_clean,v5_qwen3_8b_241,240,30.25,8.25,0.9996459484100342,1,1,-1.5,-2.625,-2.522550582885742,-16.07340145111084,31.75,10.875,1,1,22.125,-13.625,26.9375,0.15584415584415584,0,0,0,0
S_top20,clean,corrupt_to_clean,v5_qwen3_8b_097,96,28.625,4.75,0.9905030727386475,1,1,-2.125,-4.125,-3.925037384033203,-20.04465675354004,30.75,8.875,1,1,20.0,-18.75,25.375,0.19767441860465115,0,0,0,0
S_top20,clean,corrupt_to_clean,v5_qwen3_8b_229,228,33.75,14.375,0.9999985694885254,1,1,-0.75,-0.125,-0.3419971466064453,-9.759424209594727,34.5,14.5,1,1,22.75,-11.5,28.625,0.06382978723404255,0,0,0,0
S_top20,clean,corrupt_to_clean,v5_qwen3_8b_299,298,30.75,9.25,0.9998152852058411,1,1,-0.625,-1.5,-1.1891193389892578,-10.105093479156494,31.375,10.75,1,1,22.5,-11.25,26.9375,0.07042253521126761,0,0,0,0
S_top20,clean,corrupt_to_clean,v5_qwen3_8b_073,72,28.625,5.125,0.9930110573768616,1,1,-2.375,-4.375,-4.121572494506836,-22.587148666381836,31.0,9.5,1,1,19.125,-22.875,25.0625,0.2,0,0,0,0
S_top20,clean,corrupt_to_clean,v5_qwen3_8b_171,170,30.625,10.875,0.9999409914016724,1,1,-0.125,-0.75,-0.5259037017822266,-5.5786566734313965,30.75,11.625,1,1,26.25,-2.375,28.5,0.027777777777777776,0,0,0,0
S_top20,clean,corrupt_to_clean,v5_qwen3_8b_008,7,29.75,6.625,0.9978654980659485,1,1,-2.25,-3.625,-3.6736507415771484,-21.593475341796875,32.0,10.25,1,1,19.875,-22.125,25.9375,0.18556701030927836,0,0,0,0
S_top20,clean,corrupt_to_clean,v5_qwen3_8b_053,52,31.25,8.875,0.9998350143432617,1,1,-1.0,-2.125,-2.049936294555664,-13.362529754638672,32.25,11.0,1,1,22.875,-11.125,27.5625,0.10666666666666667,0,0,0,0
S_top20,clean,corrupt_to_clean,v5_qwen3_8b_091,90,28.625,6.375,0.9973795413970947,1,1,-1.625,-3.5,-3.0067481994628906,-17.93819761276245,30.25,9.875,1,1,21.5,-16.5,25.875,0.18571428571428572,0,0,0,0
S_top20,clean,corrupt_to_clean,v5_qwen3_8b_221,220,32.5,13.625,0.9999957084655762,1,1,-0.5,0.0,-0.3144378662109375,-7.344654083251953,33.0,13.625,1,1,23.375,-11.875,28.1875,0.05194805194805195,0,0,0,0
S_top20,clean,corrupt_to_clean,v5_qwen3_8b_226,225,32.75,13.0,0.9999959468841553,1,1,-1.0,-1.125,-0.9963817596435547,-11.42587661743164,33.75,14.125,1,1,23.25,-9.75,28.5,0.09523809523809523,0,0,0,0
S_top20,clean,corrupt_to_clean,v5_qwen3_8b_258,257,30.375,10.375,0.9999514818191528,1,1,-0.75,-1.875,-1.1996402740478516,-10.578429222106934,31.125,12.25,1,1,22.25,-12.0,26.6875,0.08450704225352113,0,0,0,0
S_top20,clean,corrupt_to_clean,v5_qwen3_8b_006,5,31.25,10.875,0.9999710321426392,1,1,-1.5,-2.625,-2.23919677734375,-19.95436382293701,32.75,13.5,1,1,21.0,-19.0,26.875,0.1276595744680851,0,0,0,0
S_top20,clean,corrupt_to_clean,v5_qwen3_8b_056,55,32.5,13.375,0.9999963045120239,1,1,-0.5,-0.5,-0.5988750457763672,-5.205377578735352,33.0,13.875,1,1,26.75,-3.125,29.875,0.08,0,0,0,0
S_top20,clean,corrupt_to_clean,v5_qwen3_8b_063,62,30.0,8.125,0.9996083378791809,1,1,-1.625,-3.0,-2.6558837890625,-21.577077388763428,31.625,11.125,1,1,20.75,-19.75,26.1875,0.14942528735632185,0,0,0,0
S_top20,clean,corrupt_to_clean,v5_qwen3_8b_072,71,29.5,7.875,0.9993390440940857,1,1,-2.0,-3.25,-2.8845386505126953,-22.074035167694092,31.5,11.125,1,1,20.375,-21.875,25.9375,0.1797752808988764,0,0,0,0
S_top20,clean,corrupt_to_clean,v5_qwen3_8b_105,104,31.0,10.5,0.9999288320541382,1,1,-1.75,-2.75,-2.567066192626953,-18.812484741210938,32.75,13.25,1,1,21.75,-16.25,27.25,0.1590909090909091,0,0,0,0
S_top20,clean,corrupt_to_clean,v5_qwen3_8b_007,6,33.0,12.5,0.9999905824661255,1,1,-1.25,-1.375,-1.5672073364257812,-19.267770767211914,34.25,13.875,1,1,21.375,-20.125,27.8125,0.0970873786407767,0,0,0,0
S_top20,clean,corrupt_to_clean,v5_qwen3_8b_026,25,31.375,11.375,0.9999730587005615,1,1,-1.875,-2.25,-2.2948226928710938,-21.00793743133545,33.25,13.625,1,1,22.25,-16.0,27.75,0.17045454545454544,0,0,0,0
S_top20,clean,corrupt_to_clean,v5_qwen3_8b_054,53,32.75,12.375,0.9999899864196777,1,1,-0.5,-0.5,-0.4959297180175781,-9.39809799194336,33.25,12.875,1,1,25.375,-6.875,29.3125,0.06349206349206349,0,0,0,0
S_top20,clean,corrupt_to_clean,v5_qwen3_8b_058,57,31.875,12.5,0.9999908208847046,1,1,-0.375,-0.75,-0.5982437133789062,-6.454245567321777,32.25,13.25,1,1,26.5,-4.125,29.375,0.06521739130434782,0,0,0,0
S_top20,clean,corrupt_to_clean,v5_qwen3_8b_069,68,29.75,8.0,0.9994062185287476,1,1,-1.625,-2.875,-2.521686553955078,-20.503721714019775,31.375,10.875,1,1,21.0,-20.25,26.1875,0.1566265060240964,0,0,0,0
S_top20,clean,corrupt_to_clean,v5_qwen3_8b_075,74,30.875,10.25,0.9999407529830933,1,1,-0.75,-1.875,-1.5110435485839844,-11.813853740692139,31.625,12.125,1,1,23.125,-14.875,27.375,0.08823529411764706,0,0,0,0
S_top20,clean,corrupt_to_clean,v5_qwen3_8b_113,112,29.625,7.875,0.9994097948074341,1,1,-1.25,-1.875,-1.8363018035888672,-10.542721211910248,30.875,9.75,1,1,23.625,-9.875,27.25,0.1724137931034483,0,0,0,0
S_top20,clean,corrupt_to_clean,v5_qwen3_8b_140,139,26.625,2.75,0.9236065745353699,1,1,-2.5,-4.125,-3.9852867126464844,-19.422773599624634,29.125,6.875,1,1,19.375,-21.125,24.25,0.2564102564102564,0,0,0,0
S_top20,clean,corrupt_to_clean,v5_qwen3_8b_276,275,29.75,8.25,0.9994577765464783,1,1,-1.0,-1.25,-1.437662124633789,-10.656828463077545,30.75,9.5,1,1,22.75,-10.75,26.75,0.125,0,0,0,0
S_top20,clean,corrupt_to_clean,v5_qwen3_8b_292,291,29.875,8.75,0.9997429251670837,1,1,-1.0,-1.25,-1.2785797119140625,-9.141218662261963,30.875,10.0,1,1,24.0,-10.25,27.4375,0.14545454545454545,0,0,0,0
S_top20,clean,corrupt_to_clean,v5_qwen3_8b_051,50,29.875,7.75,0.999466598033905,1,1,-1.0,-2.0,-1.9553108215332031,-12.619874596595764,30.875,9.75,1,1,21.75,-12.75,26.3125,0.1095890410958904,0,0,0,0
S_top20,clean,corrupt_to_clean,v5_qwen3_8b_095,94,29.0,7.875,0.999238133430481,1,1,-2.0,-3.5,-3.2539329528808594,-18.56602692604065,31.0,11.375,1,1,23.0,-14.0,27.0,0.25,0,0,0,0
S_top20,clean,corrupt_to_clean,v5_qwen3_8b_118,117,31.625,10.75,0.9999607801437378,1,1,-0.375,-1.375,-0.9866256713867188,-9.435440063476562,32.0,12.125,1,1,24.25,-9.5,28.125,0.04838709677419355,0,0,0,0
S_top20,clean,corrupt_to_clean,v5_qwen3_8b_132,131,27.625,4.5,0.9847191572189331,1,1,-2.25,-3.5,-3.440713882446289,-19.5344181060791,29.875,8.0,1,1,21.25,-19.25,25.5625,0.2608695652173913,0,0,0,0
S_top20,clean,corrupt_to_clean,v5_qwen3_8b_133,132,30.5,11.25,0.9999749660491943,1,1,-0.75,-1.25,-0.9893360137939453,-11.341861724853516,31.25,12.5,1,1,23.875,-14.375,27.5625,0.1016949152542373,0,0,0,0
S_top20,clean,corrupt_to_clean,v5_qwen3_8b_001,0,30.5,9.5,0.999864935874939,1,1,-1.75,-2.875,-2.7601490020751953,-19.582064628601074,32.25,12.375,1,1,20.625,-19.375,26.4375,0.15053763440860216,0,0,0,0
S_top20,clean,corrupt_to_clean,v5_qwen3_8b_019,18,31.0,9.25,0.9998723268508911,1,1,-1.5,-2.375,-2.2700042724609375,-14.212644577026367,32.5,11.625,1,1,22.125,-14.125,27.3125,0.14457831325301204,0,0,0,0
S_top20,clean,corrupt_to_clean,v5_qwen3_8b_039,38,31.5,9.75,0.9999288320541382,1,1,-1.25,-2.25,-2.1334152221679688,-15.672880172729492,32.75,12.0,1,1,22.125,-15.875,27.4375,0.11764705882352941,0,0,0,0
S_top20,clean,corrupt_to_clean,v5_qwen3_8b_049,48,31.125,11.0,0.9999685287475586,1,1,-0.75,-1.25,-1.2135982513427734,-11.412296295166016,31.875,12.25,1,1,23.625,-10.375,27.75,0.09090909090909091,0,0,0,0
S_top20,clean,corrupt_to_clean,v5_qwen3_8b_064,63,30.5,8.5,0.9997243285179138,1,1,-1.375,-3.0,-2.603639602661133,-21.32087278366089,31.875,11.5,1,1,20.375,-23.375,26.125,0.11956521739130435,0,0,0,0
S_top20,clean,corrupt_to_clean,v5_qwen3_8b_084,83,28.125,4.875,0.9875553250312805,1,1,-1.875,-3.5,-3.609060287475586,-20.04825210571289,30.0,8.375,1,1,20.125,-18.875,25.0625,0.189873417721519,0,0,0,0
S_top20,clean,corrupt_to_clean,v5_qwen3_8b_143,142,26.375,2.625,0.8919182419776917,1,1,-2.0,-3.5,-3.4695186614990234,-15.866363108158112,28.375,6.125,1,1,22.5,-14.0,25.4375,0.3404255319148936,0,0,0,0
S_top20,clean,corrupt_to_clean,v5_qwen3_8b_154,153,30.125,9.625,0.9998016953468323,1,1,-0.375,-0.75,-0.7700672149658203,-6.181856632232666,30.5,10.375,1,1,26.875,-3.375,28.6875,0.10344827586206896,0,0,0,0
S_top20,clean,corrupt_to_clean,v5_qwen3_8b_197,196,32.25,13.0,0.9999949932098389,1,1,-0.75,-1.25,-0.8854122161865234,-8.245538711547852,33.0,14.25,1,1,25.875,-5.375,29.4375,0.10526315789473684,0,0,0,0
S_top20,clean,corrupt_to_clean,v5_qwen3_8b_246,245,31.5,10.625,0.9999508857727051,1,1,-1.0,-2.0,-1.4023094177246094,-11.680420875549316,32.5,12.625,1,1,23.125,-11.375,27.8125,0.10666666666666667,0,0,0,0
S_top20,clean,corrupt_to_clean,v5_qwen3_8b_261,260,31.125,10.375,0.999933123588562,1,1,-0.875,-1.0,-1.1933612823486328,-9.459232330322266,32.0,11.375,1,1,22.875,-13.125,27.4375,0.0958904109589041,0,0,0,0
S_top20,clean,corrupt_to_clean,v5_qwen3_8b_096,95,28.75,6.75,0.997847318649292,1,1,-2.0,-3.5,-3.5877857208251953,-21.321335792541504,30.75,10.25,1,1,17.125,-23.625,23.9375,0.14678899082568808,0,0,0,0
S_top20,clean,corrupt_to_clean,v5_qwen3_8b_134,133,29.375,8.5,0.9995777010917664,1,1,-0.875,-2.25,-2.158060073852539,-12.492914140224457,30.25,10.75,1,1,23.75,-14.5,27.0,0.1346153846153846,0,0,0,0
S_top20,clean,corrupt_to_clean,v5_qwen3_8b_153,152,30.0,10.0,0.9998979568481445,1,1,-0.5,-1.25,-1.1539020538330078,-7.807138681411743,30.5,11.25,1,1,26.625,-3.0,28.5625,0.12903225806451613,0,0,0,0
S_top20,clean,corrupt_to_clean,v5_qwen3_8b_203,202,32.75,13.125,0.9999958276748657,1,1,-1.0,-1.0,-0.9138641357421875,-11.548263549804688,33.75,14.125,1,1,22.625,-13.375,28.1875,0.0898876404494382,0,0,0,0
S_top20,clean,corrupt_to_clean,v5_qwen3_8b_204,203,32.5,12.625,0.999992847442627,1,1,-1.0,-0.75,-0.8116264343261719,-11.624174118041992,33.5,13.375,1,1,21.875,-14.375,27.6875,0.08602150537634409,0,0,0,0
S_top20,clean,corrupt_to_clean,v5_qwen3_8b_215,214,33.0,14.125,0.9999980926513672,1,1,-0.5,-0.25,-0.37975120544433594,-7.561471939086914,33.5,14.375,1,1,26.5,-4.0,30.0,0.07142857142857142,0,0,0,0
S_top20,clean,corrupt_to_clean,v5_qwen3_8b_250,249,30.75,9.25,0.9998672008514404,1,1,-1.125,-2.0,-1.8214054107666016,-10.249099135398865,31.875,11.25,1,1,25.5,-8.0,28.6875,0.17647058823529413,0,0,0,0
S_top20,clean,corrupt_to_clean,v5_qwen3_8b_252,251,31.625,8.75,0.9998292922973633,1,1,-0.875,-1.5,-1.480224609375,-10.903023719787598,32.5,10.25,1,1,22.125,-13.625,27.3125,0.08433734939759036,0,0,0,0
S_top20,clean,corrupt_to_clean,v5_qwen3_8b_021,20,30.0,7.875,0.9993001222610474,1,1,-1.875,-3.25,-3.275606155395508,-17.689353227615356,31.875,11.125,1,1,17.25,-24.25,24.5625,0.1282051282051282,0,0,0,0
S_top20,clean,corrupt_to_clean,v5_qwen3_8b_074,73,31.125,11.25,0.9999748468399048,1,1,-0.625,-1.375,-0.8129825592041016,-11.903182029724121,31.75,12.625,1,1,24.0,-14.0,27.875,0.08064516129032258,0,0,0,0
S_top20,clean,corrupt_to_clean,v5_qwen3_8b_149,148,25.875,0.5,0.5608533620834351,1,1,-0.875,-1.875,-1.8696613311767578,-9.681352615356445,26.75,2.375,1,1,23.0,-11.25,24.875,0.23333333333333334,0,0,0,0
S_top20,clean,corrupt_to_clean,v5_qwen3_8b_176,175,30.25,10.0,0.9999266862869263,1,1,-0.125,-0.625,-0.5461692810058594,-4.948939323425293,30.375,10.625,1,1,26.5,-2.5,28.4375,0.03225806451612903,0,0,0,0
S_top20,clean,corrupt_to_clean,v5_qwen3_8b_186,185,33.25,14.0,0.9999977350234985,1,1,-1.0,-0.5,-0.7684974670410156,-12.307533264160156,34.25,14.5,1,1,24.625,-13.625,29.4375,0.1038961038961039,0,0,0,0
S_top20,clean,corrupt_to_clean,v5_qwen3_8b_222,221,32.5,12.875,0.9999954700469971,1,1,-0.5,-0.625,-0.4184913635253906,-8.783536911010742,33.0,13.5,1,1,24.125,-10.625,28.5625,0.056338028169014086,0,0,0,0
S_top20,clean,corrupt_to_clean,v5_qwen3_8b_240,239,32.75,13.75,0.9999972581863403,1,1,-0.75,-0.5,-0.7164344787597656,-6.988729476928711,33.5,14.25,1,1,25.375,-5.75,29.4375,0.09230769230769231,0,0,0,0
S_top20,clean,corrupt_to_clean,v5_qwen3_8b_005,4,32.25,11.0,0.9999715089797974,1,1,-1.25,-2.25,-1.7205810546875,-18.578433513641357,33.5,13.25,1,1,21.625,-18.875,27.5625,0.10526315789473684,0,0,0,0
S_top20,clean,corrupt_to_clean,v5_qwen3_8b_022,21,31.125,9.75,0.9998794794082642,1,1,-1.625,-3.0,-2.8312740325927734,-17.89955163002014,32.75,12.75,1,1,21.5,-17.5,27.125,0.14444444444444443,0,0,0,0
S_top20,clean,corrupt_to_clean,v5_qwen3_8b_076,75,31.0,10.75,0.9999611377716064,1,1,-0.625,-2.0,-1.4305267333984375,-12.84674596786499,31.625,12.75,1,1,23.0,-15.25,27.3125,0.07246376811594203,0,0,0,0
S_top20,clean,corrupt_to_clean,v5_qwen3_8b_079,78,29.875,6.25,0.9977769255638123,1,1,-1.5,-3.0,-2.8922672271728516,-20.813074111938477,31.375,9.25,1,1,18.625,-24.125,25.0,0.11764705882352941,0,0,0,0
S_top20,clean,corrupt_to_clean,v5_qwen3_8b_152,151,29.875,9.25,0.9997594952583313,1,1,-0.5,-1.125,-1.0317649841308594,-6.01133918762207,30.375,10.375,1,1,26.25,-3.75,28.3125,0.12121212121212122,0,0,0,0
S_top20,clean,corrupt_to_clean,v5_qwen3_8b_155,154,30.0,8.75,0.9997474551200867,1,1,-0.5,-0.875,-0.6458454132080078,-5.940425634384155,30.5,9.625,1,1,26.75,-3.375,28.625,0.13333333333333333,0,0,0,0
S_top20,clean,corrupt_to_clean,v5_qwen3_8b_164,163,28.125,5.875,0.9907078742980957,1,1,-1.375,-1.5,-1.9065380096435547,-10.0624361038208,29.5,7.375,1,1,23.25,-10.75,26.375,0.22,0,0,0,0
S_top20,clean,corrupt_to_clean,v5_qwen3_8b_182,181,32.5,12.5,0.9999933242797852,1,1,-1.0,-1.25,-1.0401039123535156,-16.099284172058105,33.5,13.75,1,1,19.625,-21.125,26.5625,0.07207207207207207,0,0,0,0
S_top20,clean,corrupt_to_clean,v5_qwen3_8b_228,227,33.75,14.25,0.999998927116394,1,1,-0.5,0.125,-0.04187774658203125,-7.882747650146484,34.25,14.125,1,1,23.625,-10.125,28.9375,0.047058823529411764,0,0,0,0
S_top20,clean,corrupt_to_clean,v5_qwen3_8b_081,80,30.0,6.375,0.9976449608802795,1,1,-2.0,-3.875,-3.7644386291503906,-22.498807907104492,32.0,10.25,1,1,19.25,-23.75,25.625,0.1568627450980392,0,0,0,0
S_top20,clean,corrupt_to_clean,v5_qwen3_8b_090,89,27.5,3.75,0.9610981941223145,1,1,-2.25,-4.125,-4.1992645263671875,-18.423218250274658,29.75,7.875,1,1,19.875,-21.125,24.8125,0.22784810126582278,0,0,0,0
S_top20,clean,corrupt_to_clean,v5_qwen3_8b_099,98,28.375,5.75,0.9940460920333862,1,1,-1.625,-3.625,-3.401073455810547,-19.602110385894775,30.0,9.375,1,1,20.625,-18.375,25.3125,0.17333333333333334,0,0,0,0
S_top20,clean,corrupt_to_clean,v5_qwen3_8b_109,108,29.875,8.25,0.9996191263198853,1,1,-1.0,-2.375,-2.0495052337646484,-10.901225209236145,30.875,10.625,1,1,25.625,-7.375,28.25,0.19047619047619047,0,0,0,0
S_top20,clean,corrupt_to_clean,v5_qwen3_8b_110,109,31.625,10.5,0.9999130964279175,1,1,-1.125,-1.75,-2.0114707946777344,-16.276745319366455,32.75,12.25,1,1,21.0,-16.5,26.875,0.09574468085106383,0,0,0,0
S_top20,clean,corrupt_to_clean,v5_qwen3_8b_122,121,27.375,3.0,0.9353470802307129,1,1,-2.25,-4.625,-4.223772048950195,-18.00137186050415,29.625,7.625,1,1,19.125,-23.875,24.375,0.21428571428571427,0,0,0,0
S_top20,clean,corrupt_to_clean,v5_qwen3_8b_136,135,29.75,9.5,0.9998822212219238,1,1,-0.75,-1.75,-1.4865779876708984,-12.174981594085693,30.5,11.25,1,1,23.625,-14.875,27.0625,0.10909090909090909,0,0,0,0
S_top20,clean,corrupt_to_clean,v5_qwen3_8b_147,146,30.875,10.875,0.9999552965164185,1,1,-0.625,-1.125,-0.8587760925292969,-7.408141136169434,31.5,12.0,1,1,26.875,-3.875,29.1875,0.13513513513513514,0,0,0,0
S_top20,clean,corrupt_to_clean,v5_qwen3_8b_225,224,33.25,14.125,0.9999978542327881,1,1,-0.5,-0.125,-0.3783893585205078,-8.650691986083984,33.75,14.25,1,1,22.875,-10.625,28.3125,0.04597701149425287,0,0,0,0
S_top20,clean,corrupt_to_clean,v5_qwen3_8b_255,254,32.25,11.25,0.9999693632125854,1,1,-0.75,-1.125,-1.263092041015625,-10.925101280212402,33.0,12.375,1,1,23.875,-11.125,28.4375,0.0821917808219178,0,0,0,0
S_top20,clean,corrupt_to_clean,v5_qwen3_8b_015,14,30.25,9.5,0.9998818635940552,1,1,-0.5,-1.875,-1.5395889282226562,-12.343869805335999,30.75,11.375,1,1,22.625,-15.875,26.6875,0.06153846153846154,0,0,0,0
S_top20,clean,corrupt_to_clean,v5_qwen3_8b_016,15,31.875,12.875,0.9999927282333374,1,1,-0.625,-0.625,-0.8090915679931641,-11.956169128417969,32.5,13.5,1,1,23.75,-15.0,28.125,0.07142857142857142,0,0,0,0
S_top20,clean,corrupt_to_clean,v5_qwen3_8b_098,97,30.0,8.5,0.9995904564857483,1,1,-1.375,-3.375,-2.897624969482422,-19.773045897483826,31.375,11.875,1,1,21.625,-18.125,26.5,0.14102564102564102,0,0,0,0
S_top20,clean,corrupt_to_clean,v5_qwen3_8b_174,173,29.5,8.75,0.9997386336326599,1,1,-0.25,-0.625,-0.5479259490966797,-4.324834823608398,29.75,9.375,1,1,26.75,-2.75,28.25,0.08333333333333333,0,0,0,0
S_top20,clean,corrupt_to_clean,v5_qwen3_8b_177,176,31.75,9.125,0.9998303651809692,1,1,-1.0,-1.875,-1.6368827819824219,-7.992062568664551,32.75,11.0,1,1,24.125,-6.25,28.4375,0.11594202898550725,0,0,0,0
S_top20,clean,corrupt_to_clean,v5_qwen3_8b_181,180,33.75,14.875,0.9999991655349731,1,1,-0.75,0.0,-0.2944145202636719,-15.860403060913086,34.5,14.875,1,1,22.125,-18.375,28.3125,0.06060606060606061,0,0,0,0
S_top20,clean,corrupt_to_clean,v5_qwen3_8b_191,190,32.75,13.75,0.9999967813491821,1,1,-0.75,-0.375,-0.8128623962402344,-10.994758605957031,33.5,14.125,1,1,23.25,-16.25,28.375,0.07317073170731707,0,0,0,0
S_top20,clean,corrupt_to_clean,v5_qwen3_8b_273,272,31.625,10.75,0.9999473094940186,1,1,-0.25,-0.875,-0.7518062591552734,-8.71333122253418,31.875,11.625,1,1,23.375,-12.125,27.625,0.029411764705882353,0,0,0,0
S_top20,clean,corrupt_to_clean,v5_qwen3_8b_297,296,30.625,10.125,0.9999446868896484,1,1,-0.5,-1.25,-0.9851264953613281,-7.312407493591309,31.125,11.375,1,1,25.625,-4.25,28.375,0.09090909090909091,0,0,0,0
S_top20,clean,corrupt_to_clean,v5_qwen3_8b_050,49,32.25,12.0,0.9999896287918091,1,1,-1.0,-1.5,-1.2088680267333984,-11.96053409576416,33.25,13.5,1,1,24.375,-10.375,28.8125,0.11267605633802817,0,0,0,0
S_top20,clean,corrupt_to_clean,v5_qwen3_8b_115,114,29.625,8.0,0.9994912147521973,1,1,-0.875,-0.875,-1.0589523315429688,-11.539484322071075,30.5,8.875,1,1,23.0,-11.75,26.75,0.11666666666666667,0,0,0,0
S_top20,clean,corrupt_to_clean,v5_qwen3_8b_116,115,28.0,4.625,0.9849618673324585,1,1,-1.375,-2.625,-2.6503963470458984,-12.234612226486206,29.375,7.25,1,1,22.125,-14.375,25.75,0.1896551724137931,0,0,0,0
S_top20,clean,corrupt_to_clean,v5_qwen3_8b_139,138,27.125,1.875,0.8641628623008728,1,1,-2.375,-4.25,-4.184150695800781,-17.311312198638916,29.5,6.125,1,1,20.0,-22.25,24.75,0.25,0,0,0,0
S_top20,clean,corrupt_to_clean,v5_qwen3_8b_166,165,28.0,4.875,0.9839937686920166,1,1,-0.875,-2.125,-1.9919910430908203,-9.806548655033112,28.875,7.0,1,1,23.125,-11.625,26.0,0.15217391304347827,0,0,0,0
S_top20,clean,corrupt_to_clean,v5_qwen3_8b_178,177,30.25,6.5,0.9980753660202026,1,1,-0.875,-2.375,-2.0704116821289062,-11.030695915222168,31.125,8.875,1,1,23.25,-12.25,27.1875,0.1111111111111111,0,0,0,0
S_top20,clean,corrupt_to_clean,v5_qwen3_8b_199,198,33.25,13.875,0.9999974966049194,1,1,-0.5,-0.25,-0.44544219970703125,-10.537349700927734,33.75,14.125,1,1,23.0,-13.5,28.375,0.046511627906976744,0,0,0,0
S_top20,clean,corrupt_to_clean,v5_qwen3_8b_242,241,31.75,12.0,0.9999836683273315,1,1,-0.75,-1.25,-1.1171760559082031,-13.57449722290039,32.5,13.25,1,1,23.75,-12.25,28.125,0.08571428571428572,0,0,0,0
S_top20,clean,corrupt_to_clean,v5_qwen3_8b_254,253,32.0,11.0,0.9999741315841675,1,1,-0.75,-0.875,-0.9226779937744141,-9.043659210205078,32.75,11.875,1,1,23.875,-10.375,28.3125,0.08450704225352113,0,0,0,0
S_top20,clean,corrupt_to_clean,v5_qwen3_8b_274,273,30.875,10.375,0.999943733215332,1,1,-0.5,-1.125,-0.8507080078125,-8.343640804290771,31.375,11.5,1,1,23.125,-11.875,27.25,0.06060606060606061,0,0,0,0
S_top20,clean,corrupt_to_clean,v5_qwen3_8b_003,2,31.5,10.75,0.9999692440032959,1,1,-1.75,-3.125,-2.624593734741211,-21.035496711730957,33.25,13.875,1,1,21.25,-19.5,27.25,0.14583333333333334,0,0,0,0
S_top20,clean,corrupt_to_clean,v5_qwen3_8b_030,29,31.5,10.625,0.9999579191207886,1,1,-1.75,-2.75,-2.6025218963623047,-17.553279876708984,33.25,13.375,1,1,21.375,-17.375,27.3125,0.14736842105263157,0,0,0,0
S_top20,clean,corrupt_to_clean,v5_qwen3_8b_086,85,31.375,9.25,0.9998067021369934,1,1,-1.125,-2.25,-2.1577091217041016,-15.768274307250977,32.5,11.5,1,1,22.5,-16.0,27.5,0.1125,0,0,0,0
S_top20,clean,corrupt_to_clean,v5_qwen3_8b_014,13,31.75,10.75,0.9999699592590332,1,1,-0.75,-2.0,-1.4411582946777344,-12.39797592163086,32.5,12.75,1,1,23.25,-15.5,27.875,0.08108108108108109,0,0,0,0
S_top20,clean,corrupt_to_clean,v5_qwen3_8b_060,59,33.0,11.875,0.9999892711639404,1,1,-0.5,-1.0,-0.7859249114990234,-8.651668548583984,33.5,12.875,1,1,22.875,-11.375,28.1875,0.047058823529411764,0,0,0,0
S_top20,clean,corrupt_to_clean,v5_qwen3_8b_061,60,29.0,5.25,0.993351399898529,1,1,-2.125,-3.875,-3.6929454803466797,-19.12194299697876,31.125,9.125,1,1,20.5,-20.0,25.8125,0.2,0,0,0,0
S_top20,clean,corrupt_to_clean,v5_qwen3_8b_127,126,29.125,6.375,0.9971650242805481,1,1,-1.625,-2.875,-2.686513900756836,-17.4689040184021,30.75,9.25,1,1,21.875,-20.375,26.3125,0.18309859154929578,0,0,0,0
S_top20,clean,corrupt_to_clean,v5_qwen3_8b_128,127,27.125,3.75,0.9630085825920105,1,1,-2.625,-4.5,-4.190134048461914,-19.260072946548462,29.75,8.25,1,1,21.625,-19.875,25.6875,0.3230769230769231,0,0,0,0
S_top20,clean,corrupt_to_clean,v5_qwen3_8b_130,129,28.625,5.625,0.9927029609680176,1,1,-2.0,-2.5,-2.7690906524658203,-20.14496898651123,30.625,8.125,1,1,20.25,-21.25,25.4375,0.1927710843373494,0,0,0,0
S_top20,clean,corrupt_to_clean,v5_qwen3_8b_190,189,32.5,12.875,0.9999954700469971,1,1,-0.75,-1.5,-1.0213565826416016,-11.994264602661133,33.25,14.375,1,1,22.5,-16.5,27.875,0.06976744186046512,0,0,0,0
S_top20,clean,corrupt_to_clean,v5_qwen3_8b_198,197,32.25,13.625,0.9999961853027344,1,1,-0.5,-0.375,-0.5887432098388672,-7.95097541809082,32.75,14.0,1,1,26.125,-6.125,29.4375,0.07547169811320754,0,0,0,0
S_top20,clean,corrupt_to_clean,v5_qwen3_8b_212,211,31.875,12.5,0.999993085861206,1,1,-0.125,-0.75,-0.491455078125,-6.341184616088867,32.0,13.25,1,1,26.0,-4.5,29.0,0.020833333333333332,0,0,0,0
S_top20,clean,corrupt_to_clean,v5_qwen3_8b_224,223,34.0,14.125,0.9999985694885254,1,1,-0.5,-0.375,-0.23580551147460938,-8.555583953857422,34.5,14.5,1,1,22.375,-11.875,28.4375,0.041237113402061855,0,0,0,0
S_top20,clean,corrupt_to_clean,v5_qwen3_8b_248,247,32.5,11.375,0.9999829530715942,1,1,-0.5,-1.125,-0.8681430816650391,-7.36248779296875,33.0,12.5,1,1,27.0,-4.75,30.0,0.08333333333333333,0,0,0,0
S_top20,clean,corrupt_to_clean,v5_qwen3_8b_259,258,31.25,9.0,0.9998413324356079,1,1,-0.75,-1.125,-1.142242431640625,-11.329467296600342,32.0,10.125,1,1,22.375,-14.375,27.1875,0.07792207792207792,0,0,0,0
S_top20,clean,corrupt_to_clean,v5_qwen3_8b_287,286,31.0,8.625,0.9997768998146057,1,1,-1.0,-1.625,-1.5695266723632812,-8.933501243591309,32.0,10.25,1,1,22.75,-14.25,27.375,0.10810810810810811,0,0,0,0
S_top20,clean,corrupt_to_clean,v5_qwen3_8b_017,16,32.0,11.75,0.9999867677688599,1,1,-0.75,-1.625,-1.1719913482666016,-11.630887985229492,32.75,13.375,1,1,23.625,-14.625,28.1875,0.0821917808219178,0,0,0,0
S_top20,clean,corrupt_to_clean,v5_qwen3_8b_035,34,32.0,11.5,0.9999841451644897,1,1,-0.75,-1.75,-1.2698135375976562,-9.609424591064453,32.75,13.25,1,1,25.75,-6.25,29.25,0.10714285714285714,0,0,0,0
S_top20,clean,corrupt_to_clean,v5_qwen3_8b_129,128,25.0,0.75,0.5171753764152527,1,1,-3.125,-4.5,-4.71221923828125,-20.440841287374496,28.125,5.25,1,1,19.125,-24.875,23.625,0.3472222222222222,0,0,0,0
S_top20,clean,corrupt_to_clean,v5_qwen3_8b_131,130,26.375,2.5,0.8829016089439392,1,1,-2.75,-4.625,-4.293216705322266,-19.08387064933777,29.125,7.125,1,1,20.625,-20.125,24.875,0.3235294117647059,0,0,0,0
S_top20,clean,corrupt_to_clean,v5_qwen3_8b_146,145,28.375,4.5,0.9841906428337097,1,1,-1.375,-2.875,-2.636964797973633,-12.413418769836426,29.75,7.375,1,1,25.25,-8.25,27.5,0.3055555555555556,0,0,0,0
S_top20,clean,corrupt_to_clean,v5_qwen3_8b_158,157,29.75,8.375,0.9994540810585022,1,1,-0.375,-0.375,-0.8505058288574219,-7.187273979187012,30.125,8.75,1,1,23.75,-9.25,26.9375,0.058823529411764705,0,0,0,0
S_top20,clean,corrupt_to_clean,v5_qwen3_8b_163,162,26.625,2.75,0.8730661273002625,1,1,-1.5,-2.75,-2.4746627807617188,-8.893631935119629,28.125,5.5,1,1,22.375,-14.625,25.25,0.2608695652173913,0,0,0,0
S_top20,clean,corrupt_to_clean,v5_qwen3_8b_207,206,33.5,14.25,0.9999986886978149,1,1,-0.5,-0.25,-0.3335895538330078,-7.993736267089844,34.0,14.5,1,1,22.5,-12.25,28.25,0.043478260869565216,0,0,0,0
S_top20,clean,corrupt_to_clean,v5_qwen3_8b_217,216,33.25,14.25,0.9999984502792358,1,1,-0.25,-0.25,-0.31597900390625,-5.753477096557617,33.5,14.5,1,1,25.875,-5.875,29.6875,0.03278688524590164,0,0,0,0
S_top20,clean,corrupt_to_clean,v5_qwen3_8b_023,22,31.375,11.0,0.9999740123748779,1,1,-1.125,-2.125,-1.6806697845458984,-14.557401657104492,32.5,13.125,1,1,24.0,-12.0,28.25,0.1323529411764706,0,0,0,0
S_top20,clean,corrupt_to_clean,v5_qwen3_8b_031,30,32.5,12.625,0.9999940395355225,1,1,-1.0,-1.375,-1.1944541931152344,-15.871742248535156,33.5,14.0,1,1,22.375,-13.875,27.9375,0.0898876404494382,0,0,0,0
S_top20,clean,corrupt_to_clean,v5_qwen3_8b_135,134,30.375,10.5,0.9999072551727295,1,1,-0.75,-1.5,-1.2912044525146484,-9.07872200012207,31.125,12.0,1,1,24.0,-13.0,27.5625,0.10526315789473684,0,0,0,0
S_top20,clean,corrupt_to_clean,v5_qwen3_8b_138,137,27.0,1.125,0.7278499007225037,1,1,-2.375,-5.125,-4.73907470703125,-16.89233684539795,29.375,6.25,1,1,19.375,-21.125,24.375,0.2375,0,0,0,0
S_top20,clean,corrupt_to_clean,v5_qwen3_8b_175,174,29.0,8.25,0.9993419051170349,1,1,-0.5,-1.375,-1.2232475280761719,-5.681655526161194,29.5,9.625,1,1,25.5,-2.5,27.5,0.125,0,0,0,0
S_top20,clean,corrupt_to_clean,v5_qwen3_8b_179,178,30.0,7.0,0.9984337687492371,1,1,-0.5,-1.0,-0.8736724853515625,-5.968073487281799,30.5,8.0,1,1,23.875,-10.375,27.1875,0.07547169811320754,0,0,0,0
S_top20,clean,corrupt_to_clean,v5_qwen3_8b_200,199,33.75,14.25,0.9999982118606567,1,1,-0.25,0.125,0.05503654479980469,-6.863368988037109,34.0,14.125,1,1,23.625,-9.625,28.8125,0.024096385542168676,0,0,0,0
S_top20,clean,corrupt_to_clean,v5_qwen3_8b_243,242,31.5,10.25,0.999951958656311,1,1,-1.25,-1.875,-1.7034740447998047,-14.02587604522705,32.75,12.125,1,1,23.5,-11.75,28.125,0.13513513513513514,0,0,0,0
S_top20,clean,corrupt_to_clean,v5_qwen3_8b_059,58,31.875,12.5,0.9999926090240479,1,1,-0.625,-1.125,-0.8513870239257812,-7.246305465698242,32.5,13.625,1,1,26.375,-5.0,29.4375,0.10204081632653061,0,0,0,0
S_top20,clean,corrupt_to_clean,v5_qwen3_8b_156,155,29.625,8.0,0.9993646740913391,1,1,-0.125,-0.625,-0.5334949493408203,-4.130614995956421,29.75,8.625,1,1,26.875,-3.625,28.3125,0.043478260869565216,0,0,0,0
S_top20,clean,corrupt_to_clean,v5_qwen3_8b_266,265,31.25,11.25,0.9999698400497437,1,1,-0.625,-1.0,-0.7822189331054688,-6.400046348571777,31.875,12.25,1,1,26.125,-4.125,29.0,0.10869565217391304,0,0,0,0
S_top20,clean,corrupt_to_clean,v5_qwen3_8b_278,277,29.875,7.625,0.9993008375167847,1,1,-0.5,-0.625,-0.7317314147949219,-7.792774438858032,30.375,8.25,1,1,23.125,-12.125,26.75,0.06896551724137931,0,0,0,0
S_top20,clean,corrupt_to_clean,v5_qwen3_8b_009,8,30.0,8.125,0.9995173215866089,1,1,-1.875,-3.625,-3.41583251953125,-20.349112510681152,31.875,11.75,1,1,19.625,-23.125,25.75,0.15306122448979592,0,0,0,0
S_top20,clean,corrupt_to_clean,v5_qwen3_8b_160,159,27.375,3.125,0.9271461367607117,1,1,-0.625,-1.625,-1.472024917602539,-7.8717145919799805,28.0,4.75,1,1,22.25,-13.25,25.125,0.10869565217391304,0,0,0,0
S_top20,clean,corrupt_to_clean,v5_qwen3_8b_218,217,33.5,14.0,0.9999982118606567,1,1,-0.5,-0.125,-0.28311920166015625,-8.476156234741211,34.0,14.125,1,1,23.625,-11.625,28.8125,0.04819277108433735,0,0,0,0
S_top20,clean,corrupt_to_clean,v5_qwen3_8b_231,230,32.75,14.0,0.9999973773956299,1,1,-0.75,-0.25,-0.6507244110107422,-8.596210479736328,33.5,14.25,1,1,23.0,-10.5,28.25,0.07142857142857142,0,0,0,0
S_top20,clean,corrupt_to_clean,v5_qwen3_8b_291,290,31.25,10.375,0.9999501705169678,1,1,-0.75,-1.125,-1.0929813385009766,-9.261231422424316,32.0,11.5,1,1,22.375,-11.125,27.1875,0.07792207792207792,0,0,0,0
S_top20,clean,corrupt_to_clean,v5_qwen3_8b_107,106,30.375,9.75,0.9998928308486938,1,1,-0.875,-2.25,-1.9306774139404297,-11.09578013420105,31.25,12.0,1,1,26.25,-5.625,28.75,0.175,0,0,0,0
S_top20,clean,corrupt_to_clean,v5_qwen3_8b_151,150,29.75,8.25,0.9995673298835754,1,1,-0.625,-1.25,-1.1242809295654297,-6.411135673522949,30.375,9.5,1,1,27.0,-3.125,28.6875,0.18518518518518517,0,0,0,0
S_top20,clean,corrupt_to_clean,v5_qwen3_8b_189,188,33.5,14.125,0.9999978542327881,1,1,-0.5,-0.375,-0.5101470947265625,-10.777048110961914,34.0,14.5,1,1,24.125,-14.125,29.0625,0.05063291139240506,0,0,0,0
S_top20,clean,corrupt_to_clean,v5_qwen3_8b_210,209,34.0,13.875,0.9999983310699463,1,1,-0.25,0.25,0.17094802856445312,-9.757774353027344,34.25,13.625,1,1,21.625,-13.875,27.9375,0.019801980198019802,0,0,0,0
S_top20,clean,corrupt_to_clean,v5_qwen3_8b_213,212,33.75,14.125,0.9999985694885254,1,1,-0.25,-0.375,-0.3427314758300781,-5.6408843994140625,34.0,14.5,1,1,26.875,-4.125,30.4375,0.03508771929824561,0,0,0,0
S_top20,clean,corrupt_to_clean,v5_qwen3_8b_230,229,32.5,13.75,0.9999979734420776,1,1,-0.5,0.0,-0.1668567657470703,-8.459627151489258,33.0,13.75,1,1,23.625,-11.125,28.3125,0.05333333333333334,0,0,0,0
S_top20,clean,corrupt_to_clean,v5_qwen3_8b_256,255,31.375,11.125,0.9999727010726929,1,1,-0.875,-1.0,-1.0112228393554688,-10.028440475463867,32.25,12.125,1,1,22.375,-12.625,27.3125,0.08860759493670886,0,0,0,0
S_top20,clean,corrupt_to_clean,v5_qwen3_8b_043,42,32.0,11.25,0.9999797344207764,1,1,-0.75,-0.875,-0.8686618804931641,-9.569028854370117,32.75,12.125,1,1,22.875,-11.625,27.8125,0.0759493670886076,0,0,0,0
S_top20,clean,corrupt_to_clean,v5_qwen3_8b_048,47,30.375,8.75,0.9997591376304626,1,1,-0.625,-1.875,-1.6449031829833984,-10.343934297561646,31.0,10.625,1,1,23.625,-14.375,27.3125,0.0847457627118644,0,0,0,0
S_top20,clean,corrupt_to_clean,v5_qwen3_8b_167,166,31.0,9.0,0.9998360872268677,1,1,-0.625,-1.375,-1.1392345428466797,-8.301497042179108,31.625,10.375,1,1,23.25,-12.75,27.4375,0.07462686567164178,0,0,0,0
S_top20,clean,corrupt_to_clean,v5_qwen3_8b_187,186,33.0,14.125,0.9999980926513672,1,1,-1.0,-0.5,-0.8173141479492188,-13.264989852905273,34.0,14.625,1,1,24.0,-14.5,29.0,0.1,0,0,0,0
S_top20,clean,corrupt_to_clean,v5_qwen3_8b_193,192,34.0,14.375,0.9999985694885254,1,1,-0.5,-0.25,-0.4131145477294922,-10.122663497924805,34.5,14.625,1,1,27.375,-4.875,30.9375,0.07017543859649122,0,0,0,0
S_top20,clean,corrupt_to_clean,v5_qwen3_8b_262,261,31.875,11.25,0.9999792575836182,1,1,-0.375,-0.75,-0.5975856781005859,-8.331613540649414,32.25,12.0,1,1,26.625,-3.25,29.4375,0.06666666666666667,0,0,0,0
S_top20,clean,corrupt_to_clean,v5_qwen3_8b_012,11,31.0,10.625,0.9999617338180542,1,1,-1.25,-2.375,-2.0699920654296875,-16.066093027591705,32.25,13.0,1,1,23.75,-15.0,28.0,0.14705882352941177,0,0,0,0
S_top20,clean,corrupt_to_clean,v5_qwen3_8b_080,79,29.375,6.0,0.9964761137962341,1,1,-1.75,-3.375,-3.1879653930664062,-19.210398197174072,31.125,9.375,1,1,20.25,-22.0,25.6875,0.16091954022988506,0,0,0,0
S_top20,clean,corrupt_to_clean,v5_qwen3_8b_108,107,31.0,9.75,0.9998961687088013,1,1,-0.625,-1.375,-1.1794242858886719,-7.900062561035156,31.625,11.125,1,1,26.25,-5.625,28.9375,0.11627906976744186,0,0,0,0
S_top20,clean,corrupt_to_clean,v5_qwen3_8b_194,193,34.0,14.25,0.9999988079071045,1,1,-0.25,0.125,-0.035243988037109375,-6.964191436767578,34.25,14.125,1,1,27.25,-3.75,30.75,0.03571428571428571,0,0,0,0
S_top20,clean,corrupt_to_clean,v5_qwen3_8b_196,195,33.0,13.625,0.9999972581863403,1,1,-0.25,-0.75,-0.5473060607910156,-8.460893630981445,33.25,14.375,1,1,25.375,-7.375,29.3125,0.031746031746031744,0,0,0,0
S_top20,clean,corrupt_to_clean,v5_qwen3_8b_223,222,32.75,11.875,0.9999902248382568,1,1,-0.5,-0.625,-0.5248813629150391,-11.094457626342773,33.25,12.5,1,1,21.5,-15.5,27.375,0.0425531914893617,0,0,0,0
S_top20,clean,corrupt_to_clean,v5_qwen3_8b_265,264,31.375,10.875,0.9999610185623169,1,1,-0.5,-0.875,-0.7913112640380859,-6.093407154083252,31.875,11.75,1,1,27.0,-2.625,29.4375,0.10256410256410256,0,0,0,0
S_top20,clean,corrupt_to_clean,v5_qwen3_8b_272,271,33.0,12.375,0.9999916553497314,1,1,-0.25,-0.25,-0.33094215393066406,-9.037399291992188,33.25,12.625,1,1,23.125,-10.125,28.1875,0.024691358024691357,0,0,0,0
S_top20,clean,corrupt_to_clean,v5_qwen3_8b_089,88,29.375,7.5,0.9990311861038208,1,1,-1.5,-2.5,-2.3894596099853516,-15.240095615386963,30.875,10.0,1,1,23.0,-13.25,26.9375,0.19047619047619047,0,0,0,0
S_top20,clean,corrupt_to_clean,v5_qwen3_8b_100,99,29.0,5.625,0.9957488775253296,1,1,-1.625,-2.75,-2.6965065002441406,-14.989206314086914,30.625,8.375,1,1,23.0,-13.75,26.8125,0.21311475409836064,0,0,0,0
S_top20,clean,corrupt_to_clean,v5_qwen3_8b_117,116,31.25,10.125,0.9999473094940186,1,1,-0.5,-1.125,-0.9137744903564453,-6.687443733215332,31.75,11.25,1,1,25.875,-3.75,28.8125,0.0851063829787234,0,0,0,0
S_top20,clean,corrupt_to_clean,v5_qwen3_8b_123,122,26.125,0.625,0.554578423500061,1,1,-2.25,-4.375,-4.230569839477539,-17.609992504119873,28.375,5.0,1,1,18.25,-23.25,23.3125,0.2222222222222222,0,0,0,0
S_top20,clean,corrupt_to_clean,v5_qwen3_8b_148,147,28.125,5.375,0.9935629367828369,1,1,-0.75,-2.0,-1.9808197021484375,-9.814145565032959,28.875,7.375,1,1,25.375,-6.875,27.125,0.21428571428571427,0,0,0,0
S_top20,clean,corrupt_to_clean,v5_qwen3_8b_165,164,29.25,7.125,0.9985315799713135,1,1,-0.375,-1.0,-0.9347324371337891,-6.740956425666809,29.625,8.125,1,1,23.25,-11.0,26.4375,0.058823529411764705,0,0,0,0
S_top20,clean,corrupt_to_clean,v5_qwen3_8b_188,187,33.0,13.625,0.9999964237213135,1,1,-0.5,-0.25,-0.4908313751220703,-9.662128448486328,33.5,13.875,1,1,23.625,-15.375,28.5625,0.05063291139240506,0,0,0,0
S_top20,clean,corrupt_to_clean,v5_qwen3_8b_195,194,33.25,14.25,0.9999980926513672,1,1,-0.25,-0.125,-0.4065742492675781,-7.906044006347656,33.5,14.375,1,1,26.25,-4.75,29.875,0.034482758620689655,0,0,0,0
S_top20,clean,corrupt_to_clean,v5_qwen3_8b_263,262,32.0,11.875,0.9999862909317017,1,1,-0.25,-0.5,-0.33826446533203125,-5.60859489440918,32.25,12.375,1,1,27.125,-2.875,29.6875,0.04878048780487805,0,0,0,0
S_top20,clean,corrupt_to_clean,v5_qwen3_8b_025,24,32.25,13.0,0.9999933242797852,1,1,-0.75,-0.5,-0.8806858062744141,-11.998651504516602,33.0,13.5,1,1,24.0,-11.25,28.5,0.08333333333333333,0,0,0,0
S_top20,clean,corrupt_to_clean,v5_qwen3_8b_047,46,31.5,10.375,0.9999547004699707,1,1,-0.75,-1.0,-0.9930133819580078,-9.152484893798828,32.25,11.375,1,1,22.75,-11.75,27.5,0.07894736842105263,0,0,0,0
S_top20,clean,corrupt_to_clean,v5_qwen3_8b_114,113,30.75,9.625,0.9998716115951538,1,1,-0.75,-1.25,-1.2588882446289062,-9.993467330932617,31.5,10.875,1,1,23.375,-11.625,27.4375,0.09230769230769231,0,0,0,0
S_top20,clean,corrupt_to_clean,v5_qwen3_8b_142,141,26.875,2.75,0.9211881160736084,1,1,-2.125,-3.5,-3.415149688720703,-16.687050938606262,29.0,6.25,1,1,18.875,-22.375,23.9375,0.20987654320987653,0,0,0,0
S_top20,clean,corrupt_to_clean,v5_qwen3_8b_161,160,29.625,7.875,0.9992745518684387,1,1,-0.875,-1.5,-1.3676166534423828,-8.813530087471008,30.5,9.375,1,1,23.25,-11.0,26.875,0.1206896551724138,0,0,0,0
S_top20,clean,corrupt_to_clean,v5_qwen3_8b_185,184,32.25,12.625,0.9999914169311523,1,1,-1.25,-1.0,-1.1641101837158203,-16.179283142089844,33.5,13.625,1,1,20.625,-21.375,27.0625,0.0970873786407767,0,0,0,0
S_top20,clean,corrupt_to_clean,v5_qwen3_8b_101,100,30.875,10.375,0.9999377727508545,1,1,-1.375,-2.25,-1.8805179595947266,-16.780800700187683,32.25,12.625,1,1,21.75,-15.5,27.0,0.13095238095238096,0,0,0,0
S_top20,clean,corrupt_to_clean,v5_qwen3_8b_126,125,27.625,4.875,0.9880725145339966,1,1,-2.25,-3.75,-3.2780494689941406,-19.072917938232422,29.875,8.625,1,1,19.5,-23.0,24.6875,0.21686746987951808,0,0,0,0
S_top20,clean,corrupt_to_clean,v5_qwen3_8b_208,207,33.5,14.625,0.9999985694885254,1,1,-0.5,0.125,-0.21935653686523438,-10.678844451904297,34.0,14.5,1,1,22.625,-12.125,28.3125,0.04395604395604396,0,0,0,0
S_top20,clean,corrupt_to_clean,v5_qwen3_8b_201,200,33.25,14.25,0.9999984502792358,1,1,-0.5,-0.375,-0.33235740661621094,-9.79142951965332,33.75,14.625,1,1,25.125,-8.125,29.4375,0.057971014492753624,0,0,0,0
S_top20,clean,corrupt_to_clean,v5_qwen3_8b_257,256,30.25,8.75,0.9997618794441223,1,1,-0.625,-0.875,-0.9342308044433594,-7.023942947387695,30.875,9.625,1,1,22.5,-13.75,26.6875,0.07462686567164178,0,0,0,0
S_top20,clean,corrupt_to_clean,v5_qwen3_8b_271,270,31.5,10.375,0.9999467134475708,1,1,-0.75,-1.25,-1.1315345764160156,-8.363554954528809,32.25,11.625,1,1,23.625,-10.625,27.9375,0.08695652173913043,0,0,0,0
S_top20,clean,corrupt_to_clean,v5_qwen3_8b_071,70,30.125,9.0,0.9997798800468445,1,1,-1.625,-3.375,-2.9676761627197266,-18.342904567718506,31.75,12.375,1,1,19.875,-23.125,25.8125,0.1368421052631579,0,0,0,0
S_top20,clean,corrupt_to_clean,v5_qwen3_8b_183,182,32.0,12.5,0.9999933242797852,1,1,-1.0,-1.25,-1.018819808959961,-14.783183097839355,33.0,13.75,1,1,22.25,-18.0,27.625,0.09302325581395349,0,0,0,0
S_top20,clean,corrupt_to_clean,v5_qwen3_8b_235,234,33.5,14.25,0.9999982118606567,1,1,-0.5,-0.375,-0.4438037872314453,-6.052938461303711,34.0,14.625,1,1,26.375,-4.0,30.1875,0.06557377049180328,0,0,0,0
S_top20,clean,corrupt_to_clean,v5_qwen3_8b_280,279,32.5,12.625,0.999991774559021,1,1,-0.5,-0.625,-0.31937408447265625,-7.459498405456543,33.0,13.25,1,1,25.0,-8.75,29.0,0.0625,0,0,0,0
S_top20,clean,corrupt_to_clean,v5_qwen3_8b_184,183,32.25,12.375,0.999993085861206,1,1,-1.0,-1.5,-1.1403656005859375,-14.693134307861328,33.25,13.875,1,1,21.375,-19.375,27.3125,0.08421052631578947,0,0,0,0
S_top20,clean,corrupt_to_clean,v5_qwen3_8b_245,244,29.75,7.625,0.9993151426315308,1,1,-1.375,-2.25,-2.208831787109375,-12.860650062561035,31.125,9.875,1,1,24.125,-12.125,27.625,0.19642857142857142,0,0,0,0
S_top20,clean,corrupt_to_clean,v5_qwen3_8b_285,284,31.0,11.25,0.9999741315841675,1,1,-0.625,-1.25,-0.7856636047363281,-7.404701232910156,31.625,12.5,1,1,22.25,-14.25,26.9375,0.06666666666666667,0,0,0,0
S_top20,clean,corrupt_to_clean,v5_qwen3_8b_027,26,32.75,12.0,0.99998939037323,1,1,-1.25,-1.875,-1.5008316040039062,-15.178913116455078,34.0,13.875,1,1,21.375,-16.875,27.6875,0.09900990099009901,0,0,0,0
S_top20,clean,corrupt_to_clean,v5_qwen3_8b_068,67,31.375,9.625,0.9998928308486938,1,1,-1.125,-2.125,-1.7159996032714844,-14.445078372955322,32.5,11.75,1,1,22.25,-17.0,27.375,0.10975609756097561,0,0,0,0
S_top20,clean,corrupt_to_clean,v5_qwen3_8b_103,102,29.5,6.125,0.9974861145019531,1,1,-1.5,-2.625,-2.583984375,-15.66431713104248,31.0,8.75,1,1,20.75,-19.25,25.875,0.14634146341463414,0,0,0,0
S_top20,clean,corrupt_to_clean,v5_qwen3_8b_144,143,27.25,3.5,0.9432559609413147,1,1,-1.75,-1.875,-1.9125423431396484,-10.175095975399017,29.0,5.375,1,1,23.25,-12.5,26.125,0.30434782608695654,0,0,0,0
S_top20,clean,corrupt_to_clean,v5_qwen3_8b_087,86,31.0,8.625,0.9997385144233704,1,1,-1.5,-2.25,-2.0991764068603516,-15.230153560638428,32.5,10.875,1,1,23.0,-12.75,27.75,0.15789473684210525,0,0,0,0
S_top20,clean,corrupt_to_clean,v5_qwen3_8b_104,103,30.25,10.0,0.9999039173126221,1,1,-1.25,-2.25,-1.9499053955078125,-13.789216995239258,31.5,12.25,1,1,23.625,-10.875,27.5625,0.15873015873015872,0,0,0,0
S_top20,clean,corrupt_to_clean,v5_qwen3_8b_216,215,31.75,13.5,0.9999958276748657,1,1,-0.5,-0.125,-0.444610595703125,-6.746408462524414,32.25,13.625,1,1,25.375,-4.5,28.8125,0.07272727272727272,0,0,0,0
S_top20,clean,corrupt_to_clean,v5_qwen3_8b_052,51,32.25,11.75,0.999987006187439,1,1,-0.75,-0.75,-0.7969894409179688,-9.320812225341797,33.0,12.5,1,1,23.125,-10.875,28.0625,0.0759493670886076,0,0,0,0
S_top20,clean,corrupt_to_clean,v5_qwen3_8b_137,136,27.75,2.875,0.9400829076766968,1,1,-2.0,-4.0,-3.891050338745117,-16.162415981292725,29.75,6.875,1,1,19.875,-18.125,24.8125,0.20253164556962025,0,0,0,0
S_top20,clean,corrupt_to_clean,v5_qwen3_8b_173,172,29.75,8.875,0.9997749924659729,1,1,-0.125,-0.625,-0.5938739776611328,-4.208846926689148,29.875,9.5,1,1,26.5,-2.75,28.1875,0.037037037037037035,0,0,0,0
S_top20,clean,corrupt_to_clean,v5_qwen3_8b_244,243,30.75,9.125,0.9998685121536255,1,1,-1.25,-2.125,-1.91552734375,-14.281601428985596,32.0,11.25,1,1,23.375,-12.625,27.6875,0.14492753623188406,0,0,0,0
S_top20,clean,corrupt_to_clean,v5_qwen3_8b_247,246,32.5,12.0,0.9999891519546509,1,1,-0.5,-1.125,-0.6457176208496094,-7.692928314208984,33.0,13.125,1,1,26.875,-4.75,29.9375,0.08163265306122448,0,0,0,0
S_top20,clean,corrupt_to_clean,v5_qwen3_8b_013,12,30.625,9.875,0.9999351501464844,1,1,-0.875,-1.875,-1.6225299835205078,-12.734626770019531,31.5,11.75,1,1,22.125,-16.125,26.8125,0.09333333333333334,0,0,0,0
S_top20,clean,corrupt_to_clean,v5_qwen3_8b_211,210,33.75,14.25,0.9999986886978149,1,1,-0.5,-0.25,-0.3208160400390625,-6.146636962890625,34.25,14.5,1,1,25.75,-4.625,30.0,0.058823529411764705,0,0,0,0
S_top20,clean,corrupt_to_clean,v5_qwen3_8b_029,28,29.5,8.0,0.9994571805000305,1,1,-1.625,-3.0,-2.9052906036376953,-16.91611337661743,31.125,11.0,1,1,22.125,-15.625,26.625,0.18055555555555555,0,0,0,0
S_top20,clean,corrupt_to_clean,v5_qwen3_8b_046,45,31.375,10.0,0.9999302625656128,1,1,-0.875,-1.75,-1.6926422119140625,-11.414554595947266,32.25,11.75,1,1,22.375,-12.375,27.3125,0.08860759493670886,0,0,0,0
S_top20,clean,corrupt_to_clean,v5_qwen3_8b_057,56,31.5,11.375,0.9999804496765137,1,1,-0.25,-1.0,-0.6550922393798828,-5.463050842285156,31.75,12.375,1,1,26.25,-4.25,29.0,0.045454545454545456,0,0,0,0
S_top20,clean,corrupt_to_clean,v5_qwen3_8b_169,168,30.625,9.75,0.999915599822998,1,1,-0.125,-0.5,-0.39632415771484375,-4.6662375926971436,30.75,10.25,1,1,27.625,-1.625,29.1875,0.04,0,0,0,0
S_top20,clean,corrupt_to_clean,v5_qwen3_8b_233,232,33.25,14.25,0.9999984502792358,1,1,-0.25,-0.125,-0.3026275634765625,-6.40989875793457,33.5,14.375,1,1,25.375,-5.625,29.4375,0.03076923076923077,0,0,0,0
S_top20,clean,corrupt_to_clean,v5_qwen3_8b_249,248,31.875,11.75,0.9999836683273315,1,1,-0.625,-1.25,-0.9544200897216797,-8.71745491027832,32.5,13.0,1,1,26.75,-4.25,29.625,0.10869565217391304,0,0,0,0
S_top20,clean,corrupt_to_clean,v5_qwen3_8b_036,35,30.75,9.375,0.9998866319656372,1,1,-0.75,-2.0,-1.6951026916503906,-8.909595966339111,31.5,11.375,1,1,25.5,-7.5,28.5,0.125,0,0,0,0
S_top20,clean,corrupt_to_clean,v5_qwen3_8b_093,92,29.875,7.625,0.9993646740913391,1,1,-1.5,-2.75,-2.681262969970703,-17.809197425842285,31.375,10.375,1,1,21.125,-17.125,26.25,0.14634146341463414,0,0,0,0
S_top20,clean,corrupt_to_clean,v5_qwen3_8b_232,231,32.75,14.125,0.9999977350234985,1,1,-0.25,0.0,-0.10097885131835938,-4.480287551879883,33.0,14.125,1,1,25.0,-5.0,29.0,0.03125,0,0,0,0
S_top20,clean,corrupt_to_clean,v5_qwen3_8b_034,33,31.375,11.875,0.9999881982803345,1,1,-0.875,-1.625,-1.2265129089355469,-9.684489250183105,32.25,13.5,1,1,25.75,-5.875,29.0,0.1346153846153846,0,0,0,0
S_top20,clean,corrupt_to_clean,v5_qwen3_8b_055,54,31.625,11.625,0.9999829530715942,1,1,-0.25,-0.75,-0.5242424011230469,-6.295994758605957,31.875,12.375,1,1,25.875,-5.5,28.875,0.041666666666666664,0,0,0,0
S_top20,clean,corrupt_to_clean,v5_qwen3_8b_264,263,30.5,10.5,0.9999470710754395,1,1,-0.75,-1.125,-1.097696304321289,-7.193976879119873,31.25,11.625,1,1,25.75,-4.5,28.5,0.13636363636363635,0,0,0,0
S_top20,clean,corrupt_to_clean,v5_qwen3_8b_294,293,31.875,11.25,0.9999815225601196,1,1,-0.625,-1.0,-0.8412303924560547,-5.961554527282715,32.5,12.25,1,1,25.875,-4.25,29.1875,0.09433962264150944,0,0,0,0
S_top20,clean,corrupt_to_clean,v5_qwen3_8b_044,43,33.5,13.5,0.999996542930603,1,1,-0.25,-0.125,-0.3628063201904297,-6.545560836791992,33.75,13.625,1,1,23.875,-10.125,28.8125,0.02531645569620253,0,0,0,0
S_top20,clean,corrupt_to_clean,v5_qwen3_8b_205,204,33.25,14.125,0.9999980926513672,1,1,-0.5,-0.125,-0.36319541931152344,-8.989770889282227,33.75,14.25,1,1,23.375,-11.875,28.5625,0.04819277108433735,0,0,0,0
S_top20,clean,corrupt_to_clean,v5_qwen3_8b_214,213,32.75,14.375,0.9999982118606567,1,1,-0.25,0.0,-0.3123207092285156,-5.299081802368164,33.0,14.375,1,1,26.0,-4.125,29.5,0.03571428571428571,0,0,0,0
S_top20,clean,corrupt_to_clean,v5_qwen3_8b_004,3,31.875,12.25,0.99998939037323,1,1,-1.375,-1.5,-1.6142311096191406,-17.654423713684082,33.25,13.75,1,1,22.25,-18.0,27.75,0.125,0,0,0,0
S_top20,clean,corrupt_to_clean,v5_qwen3_8b_033,32,32.0,11.75,0.9999872446060181,1,1,-1.0,-1.625,-1.3199729919433594,-8.859079360961914,33.0,13.375,1,1,26.125,-5.125,29.5625,0.14545454545454545,0,0,0,0
S_top20,clean,corrupt_to_clean,v5_qwen3_8b_083,82,29.375,6.5,0.9980248212814331,1,1,-1.75,-3.125,-2.973356246948242,-19.198253631591797,31.125,9.625,1,1,20.625,-20.875,25.875,0.16666666666666666,0,0,0,0
S_top20,clean,corrupt_to_clean,v5_qwen3_8b_234,233,33.5,14.5,0.9999988079071045,1,1,-0.25,-0.125,-0.2644691467285156,-6.4358673095703125,33.75,14.625,1,1,25.75,-3.375,29.75,0.03125,0,0,0,0
S_top20,clean,corrupt_to_clean,v5_qwen3_8b_106,105,31.5,11.0,0.9999699592590332,1,1,-1.0,-2.375,-1.6727237701416016,-10.745052814483643,32.5,13.375,1,1,26.25,-5.25,29.375,0.16,0,0,0,0
S_top20,clean,corrupt_to_clean,v5_qwen3_8b_011,10,31.125,9.25,0.9998674392700195,1,1,-1.625,-3.0,-2.7887611389160156,-20.81804668903351,32.75,12.25,1,1,21.125,-19.625,26.9375,0.13978494623655913,0,0,0,0
S_top20,clean,corrupt_to_clean,v5_qwen3_8b_293,292,31.625,12.0,0.9999889135360718,1,1,-0.375,-0.875,-0.5082550048828125,-4.405098915100098,32.0,12.875,1,1,25.625,-2.5,28.8125,0.058823529411764705,0,0,0,0
S_top20,clean,corrupt_to_clean,v5_qwen3_8b_045,44,31.125,9.375,0.999881386756897,1,1,-0.875,-1.875,-1.8561725616455078,-11.605356931686401,32.0,11.25,1,1,22.75,-11.25,27.375,0.0945945945945946,0,0,0,0
S_top20,clean,corrupt_to_clean,v5_qwen3_8b_282,281,30.75,9.375,0.9998769760131836,1,1,-1.0,-1.0,-1.0069637298583984,-11.029041767120361,31.75,10.375,1,1,21.375,-12.875,26.5625,0.0963855421686747,0,0,0,0
S_top20,clean,corrupt_to_clean,v5_qwen3_8b_085,84,30.25,8.375,0.99955815076828,1,1,-1.5,-2.625,-2.307863235473633,-15.533257007598877,31.75,11.0,1,1,23.75,-10.5,27.75,0.1875,0,0,0,0
S_top20,clean,corrupt_to_clean,v5_qwen3_8b_236,235,33.75,14.375,0.9999985694885254,1,1,-0.5,0.0,-0.35268592834472656,-6.105337142944336,34.25,14.375,1,1,25.5,-4.125,29.875,0.05714285714285714,0,0,0,0
S_top20,clean,corrupt_to_clean,v5_qwen3_8b_239,238,31.875,12.875,0.9999945163726807,1,1,-0.625,-0.875,-0.6744213104248047,-5.990076065063477,32.5,13.75,1,1,25.125,-4.625,28.8125,0.0847457627118644,0,0,0,0
S_top20,clean,corrupt_to_clean,v5_qwen3_8b_238,237,32.5,13.5,0.9999957084655762,1,1,-0.5,-0.5,-0.6422367095947266,-6.6605072021484375,33.0,14.0,1,1,25.5,-3.625,29.25,0.06666666666666667,0,0,0,0
S_top20,clean,corrupt_to_clean,v5_qwen3_8b_070,69,29.5,7.0,0.9985973238945007,1,1,-1.875,-3.125,-2.999347686767578,-17.52494764328003,31.375,10.125,1,1,22.625,-18.375,27.0,0.21428571428571427,0,0,0,0
S_top20,clean,corrupt_to_clean,v5_qwen3_8b_283,282,31.375,9.875,0.9999152421951294,1,1,-0.375,-0.875,-0.7263317108154297,-7.053412914276123,31.75,10.75,1,1,22.875,-11.125,27.3125,0.04225352112676056,0,0,0,0
S_top20,clean,corrupt_to_clean,v5_qwen3_8b_145,144,25.375,2.25,0.8121995329856873,1,1,-2.0,-3.625,-3.5098724365234375,-14.068042278289795,27.375,5.875,1,1,22.125,-14.375,24.75,0.38095238095238093,0,0,0,0
S_top20,clean,corrupt_to_clean,v5_qwen3_8b_170,169,29.625,8.375,0.999652624130249,1,1,-0.25,-0.875,-0.8135890960693359,-4.951651096343994,29.875,9.25,1,1,26.25,-2.125,28.0625,0.06896551724137931,0,0,0,0
S_top20,clean,corrupt_to_clean,v5_qwen3_8b_172,171,31.125,11.625,0.9999780654907227,1,1,-0.125,-0.75,-0.4739418029785156,-4.459782600402832,31.25,12.375,1,1,26.75,-1.25,29.0,0.027777777777777776,0,0,0,0
S_top20,clean,corrupt_to_clean,v5_qwen3_8b_290,289,28.625,8.125,0.9994938373565674,1,1,-0.5,-0.875,-0.6516475677490234,-9.097634315490723,29.125,9.0,1,1,23.625,-11.125,26.375,0.09090909090909091,0,0,0,0
S_top20,clean,corrupt_to_clean,v5_qwen3_8b_253,252,31.375,10.375,0.9999363422393799,1,1,-1.125,-1.375,-1.454111099243164,-12.602320671081543,32.5,11.75,1,1,23.625,-10.375,28.0625,0.1267605633802817,0,0,0,0
S_top20,clean,corrupt_to_clean,v5_qwen3_8b_296,295,30.5,9.5,0.9998699426651001,1,1,-0.625,-1.0,-0.9699649810791016,-7.792077302932739,31.125,10.5,1,1,25.25,-6.0,28.1875,0.10638297872340426,0,0,0,0
S_top20,clean,corrupt_to_clean,v5_qwen3_8b_121,120,29.0,6.875,0.9979159235954285,1,1,-1.375,-1.75,-1.9050769805908203,-16.005282402038574,30.375,8.625,1,1,22.625,-16.375,26.5,0.1774193548387097,0,0,0,0
S_top20,clean,corrupt_to_clean,v5_qwen3_8b_237,236,33.0,14.25,0.9999984502792358,1,1,-0.5,-0.125,-0.34982872009277344,-6.374834060668945,33.5,14.375,1,1,25.5,-3.125,29.5,0.0625,0,0,0,0
S_top20,clean,corrupt_to_clean,v5_qwen3_8b_018,17,31.0,9.0,0.9998364448547363,1,1,-1.25,-2.375,-2.2551403045654297,-18.848530173301697,32.25,11.375,1,1,20.5,-17.25,26.375,0.10638297872340426,0,0,0,0
S_top20,clean,corrupt_to_clean,v5_qwen3_8b_088,87,30.25,8.625,0.999727189540863,1,1,-1.5,-2.375,-2.1927261352539062,-14.059541702270508,31.75,11.0,1,1,24.5,-12.0,28.125,0.20689655172413793,0,0,0,0
S_top20,clean,corrupt_to_clean,v5_qwen3_8b_168,167,29.5,7.625,0.9990490078926086,1,1,-0.5,-1.125,-1.0307559967041016,-6.345017910003662,30.0,8.75,1,1,26.125,-2.75,28.0625,0.12903225806451613,0,0,0,0
S_top20,clean,corrupt_to_clean,v5_qwen3_8b_268,267,31.875,10.875,0.9999581575393677,1,1,-0.875,-1.25,-1.0222911834716797,-10.77685260772705,32.75,12.125,1,1,21.125,-11.875,26.9375,0.07526881720430108,0,0,0,0
S_top20,clean,corrupt_to_clean,v5_qwen3_8b_251,250,32.0,10.625,0.9999595880508423,1,1,-1.0,-1.75,-1.7086830139160156,-14.371867179870605,33.0,12.375,1,1,22.75,-14.5,27.875,0.0975609756097561,0,0,0,0
S_top20,clean,corrupt_to_clean,v5_qwen3_8b_020,19,30.625,9.875,0.9999293088912964,1,1,-1.125,-2.0,-1.74920654296875,-11.762993335723877,31.75,11.875,1,1,25.5,-8.0,28.625,0.18,0,0,0,0
S_top20,clean,corrupt_to_clean,v5_qwen3_8b_102,101,28.625,6.375,0.9969659447669983,1,1,-1.5,-3.0,-2.734151840209961,-17.969581604003906,30.125,9.375,1,1,22.5,-13.25,26.3125,0.19672131147540983,0,0,0,0
S_top20,clean,corrupt_to_clean,v5_qwen3_8b_295,294,32.25,12.5,0.9999905824661255,1,1,0.0,-0.25,-0.05874824523925781,-2.980731964111328,32.25,12.75,1,1,26.5,-2.125,29.375,-0.0,0,0,0,0
S_top20,clean,corrupt_to_clean,v5_qwen3_8b_284,283,31.125,9.875,0.9998912811279297,1,1,-0.75,-1.375,-1.3264236450195312,-10.64484453201294,31.875,11.25,1,1,24.75,-10.25,28.3125,0.10526315789473684,0,0,0,0
S_top20,clean,corrupt_to_clean,v5_qwen3_8b_157,156,30.25,11.125,0.9999517202377319,1,1,-0.125,-0.875,-0.6249237060546875,-5.7738330364227295,30.375,12.0,1,1,26.5,-1.125,28.4375,0.03225806451612903,0,0,0,0
S_top20,clean,corrupt_to_clean,v5_qwen3_8b_150,149,30.0,6.875,0.9981020092964172,1,1,-0.25,-0.75,-0.7688789367675781,-6.98543906211853,30.25,7.625,1,1,25.625,-5.625,27.9375,0.05405405405405406,0,0,0,0
S_top20,corrupt,clean_to_corrupt,v5_qwen3_8b_037,36,22.75,-13.0,2.2597146198677365e-06,10,0,2.375,4.375,4.376548767089844,20.01492691040039,20.375,-17.375,15,0,34.75,15.0,27.5625,0.16521739130434782,0,0,0,0
S_top20,corrupt,clean_to_corrupt,v5_qwen3_8b_111,110,23.125,-14.625,4.4505713958642446e-07,15,0,3.25,5.25,5.2500457763671875,20.686908721923828,19.875,-19.875,22,0,33.0,13.0,26.4375,0.24761904761904763,0,0,0,0
S_top20,corrupt,clean_to_corrupt,v5_qwen3_8b_180,179,24.125,-9.375,8.469561726087704e-05,5,0,1.375,2.875,2.8747215270996094,13.174373626708984,22.75,-12.25,10,0,32.75,10.25,27.75,0.1375,0,0,0,0
S_top20,corrupt,clean_to_corrupt,v5_qwen3_8b_219,218,24.5,-8.75,0.00015754433115944266,5,0,1.875,3.875,3.873485565185547,16.76144027709961,22.625,-12.625,9,0,34.75,14.875,28.6875,0.15463917525773196,0,0,0,0
S_top20,corrupt,clean_to_corrupt,v5_qwen3_8b_078,77,16.25,-27.0,1.8791153529040816e-12,156,0,-1.25,-1.0,-1.000213623046875,19.823043823242188,17.5,-26.0,86,0,31.75,10.625,24.625,-0.08771929824561403,0,0,0,0
S_top20,corrupt,clean_to_corrupt,v5_qwen3_8b_270,269,23.75,-10.75,2.1372907212935388e-05,8,0,1.625,3.625,3.6235885620117188,15.927227020263672,22.125,-14.375,15,0,32.5,12.5,27.3125,0.1566265060240964,0,0,0,0
S_top20,corrupt,clean_to_corrupt,v5_qwen3_8b_141,140,19.625,-21.875,3.1608132777805054e-10,49,0,-0.75,-1.75,-1.7500114440917969,14.599128723144531,20.375,-20.125,26,0,30.375,9.0,25.375,-0.075,0,0,0,0
S_top20,corrupt,clean_to_corrupt,v5_qwen3_8b_065,64,19.75,-23.25,7.991918238303697e-11,43,0,-0.25,-1.0,-1.0,19.901412963867188,20.0,-22.25,32,0,31.25,9.375,25.625,-0.022222222222222223,0,0,0,0
S_top20,corrupt,clean_to_corrupt,v5_qwen3_8b_286,285,23.375,-9.875,5.126846008352004e-05,6,0,0.75,2.0,1.9977798461914062,11.623737335205078,22.625,-11.875,8,0,32.75,12.375,27.6875,0.07407407407407407,0,0,0,0
S_top20,corrupt,clean_to_corrupt,v5_qwen3_8b_042,41,23.75,-13.25,1.7601660147192888e-06,8,0,2.0,3.75,3.749988555908203,18.072383880615234,21.75,-17.0,14,0,33.0,11.75,27.375,0.17777777777777778,0,0,0,0
S_top20,corrupt,clean_to_corrupt,v5_qwen3_8b_281,280,24.375,-8.875,0.00013943604426458478,3,0,0.875,2.875,2.87518310546875,10.099468231201172,23.5,-11.75,5,0,32.25,11.75,27.875,0.1,0,0,0,0
S_top20,corrupt,clean_to_corrupt,v5_qwen3_8b_038,37,24.0,-10.5,2.7500263968249783e-05,6,0,2.25,4.0,4.003715515136719,16.817413330078125,21.75,-14.5,11,0,33.25,12.375,27.5,0.1956521739130435,0,0,0,0
S_top20,corrupt,clean_to_corrupt,v5_qwen3_8b_092,91,24.375,-11.125,1.4737990568391979e-05,3,0,3.25,5.5,5.499969482421875,19.793594360351562,21.125,-16.625,14,0,32.75,11.75,26.9375,0.27956989247311825,0,0,0,0
S_top20,corrupt,clean_to_corrupt,v5_qwen3_8b_112,111,24.75,-7.5,0.0005523767904378474,2,0,0.875,2.625,2.624706268310547,12.772457122802734,23.875,-10.125,5,0,30.875,8.25,27.375,0.125,0,0,0,0
S_top20,corrupt,clean_to_corrupt,v5_qwen3_8b_067,66,18.125,-25.875,5.789318243548669e-12,85,0,-1.125,-1.375,-1.3750038146972656,20.56200408935547,19.25,-24.5,46,0,32.5,11.25,25.875,-0.08490566037735849,0,0,0,0
S_top20,corrupt,clean_to_corrupt,v5_qwen3_8b_159,158,23.0,-10.75,2.137738192686811e-05,7,0,0.5,1.5,1.5001258850097656,8.915058135986328,22.5,-12.25,9,0,29.0,6.625,25.75,0.07692307692307693,0,0,0,0
S_top20,corrupt,clean_to_corrupt,v5_qwen3_8b_028,27,24.125,-12.125,5.421952664619312e-06,5,0,3.75,5.75,5.750114440917969,18.787982940673828,20.375,-17.875,16,0,33.25,13.625,26.8125,0.2912621359223301,0,0,0,0
S_top20,corrupt,clean_to_corrupt,v5_qwen3_8b_040,39,23.75,-11.25,1.3003820640733466e-05,7,0,2.5,5.0,5.000064849853516,19.727035522460938,21.25,-16.25,16,0,32.75,13.375,27.0,0.21739130434782608,0,0,0,0
S_top20,corrupt,clean_to_corrupt,v5_qwen3_8b_125,124,18.25,-25.5,8.42343556017866e-12,64,0,-0.75,-1.25,-1.25,16.34912109375,19.0,-24.25,38,0,28.0,5.5,23.5,-0.08333333333333333,0,0,0,0
S_top20,corrupt,clean_to_corrupt,v5_qwen3_8b_202,201,22.5,-11.75,7.880586963437963e-06,8,0,2.25,5.5,5.499111175537109,13.647506713867188,20.25,-17.25,19,0,34.0,14.25,27.125,0.16363636363636364,0,0,0,0
S_top20,corrupt,clean_to_corrupt,v5_qwen3_8b_275,274,23.875,-11.625,8.936669473769143e-06,6,0,2.25,4.0,4.000007629394531,14.963401794433594,21.625,-15.625,14,0,32.25,11.75,26.9375,0.21176470588235294,0,0,0,0
S_top20,corrupt,clean_to_corrupt,v5_qwen3_8b_094,93,23.75,-14.25,6.475706300079764e-07,12,0,3.25,5.5,5.5001373291015625,22.525062561035156,20.5,-19.75,17,0,32.0,11.125,26.25,0.2826086956521739,0,0,0,0
S_top20,corrupt,clean_to_corrupt,v5_qwen3_8b_288,287,23.5,-10.0,4.536733104032464e-05,6,0,0.5,1.5,1.5,12.035530090332031,23.0,-11.5,7,0,31.25,10.0,27.125,0.06060606060606061,0,0,0,0
S_top20,corrupt,clean_to_corrupt,v5_qwen3_8b_300,299,24.5,-7.5,0.0005521926796063781,2,0,1.375,2.875,2.874797821044922,13.7142333984375,23.125,-10.375,8,0,32.75,12.0,27.9375,0.14285714285714285,0,0,0,0
S_top20,corrupt,clean_to_corrupt,v5_qwen3_8b_002,1,19.375,-22.125,2.4616472749094953e-10,42,0,-0.5,-0.5,-0.4999885559082031,22.75665283203125,19.875,-21.625,28,0,33.75,13.375,26.8125,-0.036036036036036036,0,0,0,0
S_top20,corrupt,clean_to_corrupt,v5_qwen3_8b_082,81,21.375,-20.125,1.8189555417436054e-09,18,0,-0.25,-0.5,-0.5,20.3492431640625,21.625,-19.625,14,0,30.125,9.125,25.875,-0.029411764705882353,0,0,0,0
S_top20,corrupt,clean_to_corrupt,v5_qwen3_8b_119,118,24.25,-9.0,0.0001233067159773782,4,0,0.5,1.5,1.499908447265625,12.87100601196289,23.75,-10.5,7,0,29.625,8.25,26.6875,0.0851063829787234,0,0,0,0
S_top20,corrupt,clean_to_corrupt,v5_qwen3_8b_124,123,21.375,-18.125,1.3440297763622766e-08,17,0,-0.75,-0.25,-0.25,18.147384643554688,22.125,-17.875,13,0,30.5,9.0,26.3125,-0.08955223880597014,0,0,0,0
S_top20,corrupt,clean_to_corrupt,v5_qwen3_8b_162,161,24.625,-7.625,0.0004857860621996224,4,0,0.625,2.125,2.1230850219726562,11.129146575927734,24.0,-9.75,5,0,31.625,10.375,27.8125,0.08196721311475409,0,0,0,0
S_top20,corrupt,clean_to_corrupt,v5_qwen3_8b_209,208,24.5,-8.75,0.00015759456437081099,4,0,1.25,3.0,2.9972686767578125,13.738105773925781,23.25,-11.75,9,0,34.0,14.625,28.625,0.11627906976744186,0,0,0,0
S_top20,corrupt,clean_to_corrupt,v5_qwen3_8b_260,259,24.25,-8.25,0.000260587694356218,4,0,1.125,2.625,2.6252098083496094,13.929946899414062,23.125,-10.875,8,0,31.0,11.0,27.0625,0.14285714285714285,0,0,0,0
S_top20,corrupt,clean_to_corrupt,v5_qwen3_8b_298,297,24.25,-8.25,0.0002607192436698824,3,0,0.5,2.0,1.9990310668945312,14.558563232421875,23.75,-10.25,6,0,31.375,10.5,27.5625,0.06557377049180328,0,0,0,0
S_top20,corrupt,clean_to_corrupt,v5_qwen3_8b_024,23,24.25,-11.0,1.6698779290891252e-05,4,0,2.75,5.5,5.500282287597656,19.455780029296875,21.5,-16.5,13,0,33.25,12.5,27.375,0.23404255319148937,0,0,0,0
S_top20,corrupt,clean_to_corrupt,v5_qwen3_8b_062,61,20.5,-20.25,1.6051973084074689e-09,30,0,-0.25,-0.5,-0.49996185302734375,19.60357666015625,20.75,-19.75,20,0,30.0,8.75,25.375,-0.02702702702702703,0,0,0,0
S_top20,corrupt,clean_to_corrupt,v5_qwen3_8b_206,205,24.75,-8.0,0.0003349948092363775,3,0,1.625,3.875,3.8745040893554688,15.022956848144531,23.125,-11.875,10,0,34.75,14.875,28.9375,0.13978494623655913,0,0,0,0
S_top20,corrupt,clean_to_corrupt,v5_qwen3_8b_227,226,25.0,-6.75,0.0011679136659950018,2,0,0.875,2.125,2.1247310638427734,13.48708724975586,24.125,-8.875,4,0,33.75,13.875,28.9375,0.09090909090909091,0,0,0,0
S_top20,corrupt,clean_to_corrupt,v5_qwen3_8b_277,276,24.0,-9.5,7.47748781577684e-05,5,0,1.375,2.875,2.8749847412109375,16.370113372802734,22.625,-12.375,9,0,32.25,11.625,27.4375,0.14285714285714285,0,0,0,0
S_top20,corrupt,clean_to_corrupt,v5_qwen3_8b_279,278,22.875,-9.375,8.409143629251048e-05,6,0,1.0,2.25,2.2488174438476562,10.266788482666016,21.875,-11.625,9,0,34.0,13.875,27.9375,0.08247422680412371,0,0,0,0
S_top20,corrupt,clean_to_corrupt,v5_qwen3_8b_041,40,24.625,-9.375,8.472365152556449e-05,3,0,2.0,3.75,3.7510223388671875,22.148048400878906,22.625,-13.125,9,0,33.25,13.375,27.9375,0.18823529411764706,0,0,0,0
S_top20,corrupt,clean_to_corrupt,v5_qwen3_8b_192,191,22.125,-17.875,1.7257502094025767e-08,16,0,0.0,1.0,0.9999961853027344,21.055686950683594,22.125,-18.875,13,0,34.5,13.875,28.3125,0.0,0,0,0,0
S_top20,corrupt,clean_to_corrupt,v5_qwen3_8b_220,219,24.0,-9.25,9.578681056154892e-05,6,0,1.75,4.25,4.248088836669922,13.77056884765625,22.25,-13.5,12,0,33.25,14.0,27.75,0.1590909090909091,0,0,0,0
S_top20,corrupt,clean_to_corrupt,v5_qwen3_8b_267,266,27.0,-1.5,0.18224269151687622,2,0,0.5,2.625,2.6242427825927734,11.029067993164062,26.5,-4.125,2,0,31.125,12.5,28.8125,0.10810810810810811,0,0,0,0
S_top20,corrupt,clean_to_corrupt,v5_qwen3_8b_269,268,24.5,-10.25,3.5343560739420354e-05,5,0,2.125,3.875,3.8749923706054688,13.597820281982422,22.375,-14.125,12,0,32.75,12.5,27.5625,0.20481927710843373,0,0,0,0
S_top20,corrupt,clean_to_corrupt,v5_qwen3_8b_289,288,22.0,-14.25,6.47350702820404e-07,12,0,1.375,2.875,2.874988555908203,15.041069030761719,20.625,-17.125,19,0,32.25,11.875,26.4375,0.11827956989247312,0,0,0,0
S_top20,corrupt,clean_to_corrupt,v5_qwen3_8b_010,9,19.875,-21.375,5.211369114022091e-10,29,0,-1.25,-1.75,-1.75,21.677574157714844,21.125,-19.625,16,0,33.75,14.0,27.4375,-0.09900990099009901,0,0,0,0
S_top20,corrupt,clean_to_corrupt,v5_qwen3_8b_032,31,22.25,-15.0,3.0582461363337643e-07,14,0,3.375,5.875,5.876399993896484,22.174034118652344,18.875,-20.875,34,0,33.75,13.625,26.3125,0.226890756302521,0,0,0,0
S_top20,corrupt,clean_to_corrupt,v5_qwen3_8b_066,65,19.625,-22.125,2.4616600424742785e-10,48,0,0.0,0.5,0.49999237060546875,20.458114624023438,19.625,-22.625,37,0,32.5,12.875,26.0625,0.0,0,0,0,0
S_top20,corrupt,clean_to_corrupt,v5_qwen3_8b_077,76,18.125,-23.875,4.277644904959743e-11,83,0,-1.5,-2.25,-2.2499961853027344,20.69812774658203,19.625,-21.625,33,0,31.375,9.875,25.5,-0.1276595744680851,0,0,0,0
S_top20,corrupt,clean_to_corrupt,v5_qwen3_8b_120,119,24.25,-8.5,0.00020323302305769175,3,0,1.0,2.5,2.4998779296875,15.06473159790039,23.25,-11.0,8,0,31.5,10.0,27.375,0.12121212121212122,0,0,0,0
S_top20,corrupt,clean_to_corrupt,v5_qwen3_8b_241,240,23.75,-11.0,1.6687377865309827e-05,8,0,1.625,2.625,2.6279983520507812,17.197723388671875,22.125,-13.625,10,0,31.75,10.875,26.9375,0.16883116883116883,0,0,0,0
S_top20,corrupt,clean_to_corrupt,v5_qwen3_8b_097,96,22.625,-13.875,9.420725746167591e-07,12,0,2.625,4.875,4.875362396240234,19.5062255859375,20.0,-18.75,21,0,30.75,8.875,25.375,0.2441860465116279,0,0,0,0
S_top20,corrupt,clean_to_corrupt,v5_qwen3_8b_229,228,24.125,-8.125,0.00029505547718144953,5,0,1.375,3.375,3.372631072998047,16.810840606689453,22.75,-11.5,9,0,34.5,14.5,28.625,0.11702127659574468,0,0,0,0
S_top20,corrupt,clean_to_corrupt,v5_qwen3_8b_299,298,23.25,-9.25,9.596541349310428e-05,6,0,0.75,2.0,1.9997673034667969,13.67904281616211,22.5,-11.25,8,0,31.375,10.75,26.9375,0.08450704225352113,0,0,0,0
S_top20,corrupt,clean_to_corrupt,v5_qwen3_8b_073,72,18.75,-23.25,7.991884931612958e-11,53,0,-0.375,-0.375,-0.375,20.479530334472656,19.125,-22.875,36,0,31.0,9.5,25.0625,-0.031578947368421054,0,0,0,0
S_top20,corrupt,clean_to_corrupt,v5_qwen3_8b_171,170,26.75,-0.125,0.46603143215179443,2,0,0.5,2.25,2.243877410888672,8.560123443603516,26.25,-2.375,2,0,30.75,11.625,28.5,0.1111111111111111,0,0,0,0
S_top20,corrupt,clean_to_corrupt,v5_qwen3_8b_008,7,20.0,-21.75,3.5817138144267346e-10,30,0,0.125,0.375,0.3749961853027344,22.28319549560547,19.875,-22.125,29,0,32.0,10.25,25.9375,0.010309278350515464,0,0,0,0
S_top20,corrupt,clean_to_corrupt,v5_qwen3_8b_053,52,24.5,-7.75,0.0004248085315339267,3,0,1.625,3.375,3.370635986328125,16.89427947998047,22.875,-11.125,9,0,32.25,11.0,27.5625,0.17333333333333334,0,0,0,0
S_top20,corrupt,clean_to_corrupt,v5_qwen3_8b_091,90,23.875,-12.125,5.421442438091617e-06,5,0,2.375,4.375,4.375133514404297,18.919391632080078,21.5,-16.5,16,0,30.25,9.875,25.875,0.2714285714285714,0,0,0,0
S_top20,corrupt,clean_to_corrupt,v5_qwen3_8b_221,220,24.75,-8.75,0.00015800923574715853,6,0,1.375,3.125,3.1232872009277344,12.676513671875,23.375,-11.875,10,0,33.0,13.625,28.1875,0.14285714285714285,0,0,0,0
S_top20,corrupt,clean_to_corrupt,v5_qwen3_8b_226,225,24.5,-7.125,0.0008022502297535539,3,0,1.25,2.625,2.624399185180664,18.22665023803711,23.25,-9.75,7,0,33.75,14.125,28.5,0.11904761904761904,0,0,0,0
S_top20,corrupt,clean_to_corrupt,v5_qwen3_8b_258,257,23.25,-9.5,7.480425847461447e-05,5,0,1.0,2.5,2.4998779296875,13.974983215332031,22.25,-12.0,10,0,31.125,12.25,26.6875,0.11267605633802817,0,0,0,0
S_top20,corrupt,clean_to_corrupt,v5_qwen3_8b_006,5,20.375,-19.625,2.9988203031905414e-09,27,0,-0.625,-0.625,-0.6250190734863281,22.519195556640625,21.0,-19.0,18,0,32.75,13.5,26.875,-0.05319148936170213,0,0,0,0
S_top20,corrupt,clean_to_corrupt,v5_qwen3_8b_056,55,27.75,0.125,0.5307171940803528,1,1,1.0,3.25,3.248964309692383,11.341835021972656,26.75,-3.125,2,0,33.0,13.875,29.875,0.16,0,0,1,1
S_top20,corrupt,clean_to_corrupt,v5_qwen3_8b_063,62,19.625,-21.375,5.211356346457308e-10,36,0,-1.125,-1.625,-1.6250076293945312,20.875877380371094,20.75,-19.75,16,0,31.625,11.125,26.1875,-0.10344827586206896,0,0,0,0
S_top20,corrupt,clean_to_corrupt,v5_qwen3_8b_072,71,20.125,-21.625,4.0586078942084214e-10,34,0,-0.25,0.25,0.24999237060546875,21.003189086914062,20.375,-21.875,27,0,31.5,11.125,25.9375,-0.02247191011235955,0,0,0,0
S_top20,corrupt,clean_to_corrupt,v5_qwen3_8b_105,104,25.125,-10.375,3.119502434856258e-05,4,0,3.375,5.875,5.875518798828125,20.175952911376953,21.75,-16.25,13,0,32.75,13.25,27.25,0.3068181818181818,0,0,0,0
S_top20,corrupt,clean_to_corrupt,v5_qwen3_8b_007,6,21.25,-19.25,4.363374550564458e-09,17,0,-0.125,0.875,0.8749885559082031,23.33196258544922,21.375,-20.125,16,0,34.25,13.875,27.8125,-0.009708737864077669,0,0,0,0
S_top20,corrupt,clean_to_corrupt,v5_qwen3_8b_026,25,24.375,-11.125,1.4735907825524919e-05,4,0,2.125,4.875,4.875011444091797,22.448318481445312,22.25,-16.0,12,0,33.25,13.625,27.75,0.19318181818181818,0,0,0,0
S_top20,corrupt,clean_to_corrupt,v5_qwen3_8b_054,53,26.25,-4.125,0.015619284473359585,2,0,0.875,2.75,2.7416324615478516,12.91702651977539,25.375,-6.875,3,0,33.25,12.875,29.3125,0.1111111111111111,0,0,0,0
S_top20,corrupt,clean_to_corrupt,v5_qwen3_8b_058,57,27.375,-0.875,0.29390937089920044,2,0,0.875,3.25,3.2493247985839844,11.197269439697266,26.5,-4.125,2,0,32.25,13.25,29.375,0.15217391304347827,0,0,0,0
S_top20,corrupt,clean_to_corrupt,v5_qwen3_8b_069,68,20.875,-18.875,6.348667813682596e-09,22,0,-0.125,1.375,1.3749885559082031,23.39592742919922,21.0,-20.25,21,0,31.375,10.875,26.1875,-0.012048192771084338,0,0,0,0
S_top20,corrupt,clean_to_corrupt,v5_qwen3_8b_075,74,23.5,-13.5,1.3709037602893659e-06,5,0,0.375,1.375,1.3749809265136719,16.99542236328125,23.125,-14.875,6,0,31.625,12.125,27.375,0.04411764705882353,0,0,0,0
S_top20,corrupt,clean_to_corrupt,v5_qwen3_8b_113,112,25.0,-7.75,0.0004303882014937699,2,0,1.375,2.125,2.1253585815429688,12.663806915283203,23.625,-9.875,5,0,30.875,9.75,27.25,0.1896551724137931,0,0,0,0
S_top20,corrupt,clean_to_corrupt,v5_qwen3_8b_140,139,19.25,-21.25,5.9050775380598e-10,48,0,-0.125,-0.125,-0.1250152587890625,17.972137451171875,19.375,-21.125,34,0,29.125,6.875,24.25,-0.01282051282051282,0,0,0,0
S_top20,corrupt,clean_to_corrupt,v5_qwen3_8b_276,275,23.5,-9.25,9.593103459337726e-05,6,0,0.75,1.5,1.5003776550292969,14.079769134521484,22.75,-10.75,8,0,30.75,9.5,26.75,0.09375,0,0,0,0
S_top20,corrupt,clean_to_corrupt,v5_qwen3_8b_292,291,24.75,-8.5,0.0002033809432759881,2,0,0.75,1.75,1.7499771118164062,12.275959014892578,24.0,-10.25,5,0,30.875,10.0,27.4375,0.10909090909090909,0,0,0,0
S_top20,corrupt,clean_to_corrupt,v5_qwen3_8b_051,50,23.375,-9.125,0.00010849443060578778,6,0,1.625,3.625,3.6252365112304688,16.129650115966797,21.75,-12.75,10,0,30.875,9.75,26.3125,0.1780821917808219,0,0,0,0
S_top20,corrupt,clean_to_corrupt,v5_qwen3_8b_095,94,24.75,-10.25,3.5347886296221986e-05,3,0,1.75,3.75,3.7503509521484375,18.962772369384766,23.0,-14.0,8,0,31.0,11.375,27.0,0.21875,0,0,0,0
S_top20,corrupt,clean_to_corrupt,v5_qwen3_8b_118,117,25.875,-6.125,0.0021805374417454004,2,0,1.625,3.375,3.3751602172851562,11.353961944580078,24.25,-9.5,4,0,32.0,12.125,28.125,0.20967741935483872,0,0,0,0
S_top20,corrupt,clean_to_corrupt,v5_qwen3_8b_132,131,21.375,-18.375,1.046725994768849e-08,17,0,0.125,0.875,0.8749923706054688,21.098709106445312,21.25,-19.25,15,0,29.875,8.0,25.5625,0.014492753623188406,0,0,0,0
S_top20,corrupt,clean_to_corrupt,v5_qwen3_8b_133,132,24.0,-12.75,2.9022528451605467e-06,4,0,0.125,1.625,1.6249885559082031,16.84250259399414,23.875,-14.375,5,0,31.25,12.5,27.5625,0.01694915254237288,0,0,0,0
S_top20,corrupt,clean_to_corrupt,v5_qwen3_8b_001,0,20.875,-18.375,1.046707964746929e-08,19,0,0.25,1.0,1.0000038146972656,23.094093322753906,20.625,-19.375,20,0,32.25,12.375,26.4375,0.021505376344086023,0,0,0,0
S_top20,corrupt,clean_to_corrupt,v5_qwen3_8b_019,18,24.375,-10.125,4.005428490927443e-05,4,0,2.25,4.0,3.9999732971191406,16.764869689941406,22.125,-14.125,12,0,32.5,11.625,27.3125,0.21686746987951808,0,0,0,0
S_top20,corrupt,clean_to_corrupt,v5_qwen3_8b_039,38,24.875,-10.125,4.004627407994121e-05,4,0,2.75,5.75,5.749874114990234,18.789493560791016,22.125,-15.875,13,0,32.75,12.0,27.4375,0.25882352941176473,0,0,0,0
S_top20,corrupt,clean_to_corrupt,v5_qwen3_8b_049,48,24.875,-7.375,0.0006238438072614372,5,0,1.25,3.0,2.998760223388672,13.977130889892578,23.625,-10.375,9,0,31.875,12.25,27.75,0.15151515151515152,0,0,0,0
S_top20,corrupt,clean_to_corrupt,v5_qwen3_8b_064,63,19.875,-23.875,4.2777642539348903e-11,44,0,-0.5,-0.5,-0.4999961853027344,20.66973114013672,20.375,-23.375,28,0,31.875,11.5,26.125,-0.043478260869565216,0,0,0,0
S_top20,corrupt,clean_to_corrupt,v5_qwen3_8b_084,83,23.125,-13.125,1.994183094211621e-06,9,0,3.0,5.75,5.750362396240234,19.11554718017578,20.125,-18.875,18,0,30.0,8.375,25.0625,0.3037974683544304,0,0,0,0
S_top20,corrupt,clean_to_corrupt,v5_qwen3_8b_143,142,24.25,-10.75,2.1436084352899343e-05,7,0,1.75,3.25,3.2534332275390625,16.73282241821289,22.5,-14.0,9,0,28.375,6.125,25.4375,0.2978723404255319,0,0,0,0
S_top20,corrupt,clean_to_corrupt,v5_qwen3_8b_154,153,27.5,-1.0,0.26788565516471863,2,0,0.625,2.375,2.372282028198242,8.532257080078125,26.875,-3.375,2,0,30.5,10.375,28.6875,0.1724137931034483,0,0,0,0
S_top20,corrupt,clean_to_corrupt,v5_qwen3_8b_197,196,27.0,-1.625,0.1641307771205902,2,0,1.125,3.75,3.7490978240966797,12.698883056640625,25.875,-5.375,2,0,33.0,14.25,29.4375,0.15789473684210525,0,0,0,0
S_top20,corrupt,clean_to_corrupt,v5_qwen3_8b_246,245,24.5,-9.0,0.00012333110498730093,3,0,1.375,2.375,2.375347137451172,14.595306396484375,23.125,-11.375,8,0,32.5,12.625,27.8125,0.14666666666666667,0,0,0,0
S_top20,corrupt,clean_to_corrupt,v5_qwen3_8b_261,260,25.375,-7.625,0.0004871799610555172,3,0,2.5,5.5,5.499237060546875,15.75799560546875,22.875,-13.125,9,0,32.0,11.375,27.4375,0.273972602739726,0,0,0,0
S_top20,corrupt,clean_to_corrupt,v5_qwen3_8b_096,95,20.75,-17.5,2.510580898729131e-08,18,0,3.625,6.125,6.126453399658203,21.18297576904297,17.125,-23.625,64,0,30.75,10.25,23.9375,0.26605504587155965,0,0,0,0
S_top20,corrupt,clean_to_corrupt,v5_qwen3_8b_134,133,23.875,-13.375,1.5534594695054693e-06,7,0,0.125,1.125,1.1249923706054688,15.350830078125,23.75,-14.5,8,0,30.25,10.75,27.0,0.019230769230769232,0,0,0,0
S_top20,corrupt,clean_to_corrupt,v5_qwen3_8b_153,152,27.25,-0.75,0.3188959062099457,2,0,0.625,2.25,2.2460899353027344,8.982406616210938,26.625,-3.0,2,0,30.5,11.25,28.5625,0.16129032258064516,0,0,0,0
S_top20,corrupt,clean_to_corrupt,v5_qwen3_8b_203,202,24.25,-9.75,5.813847383251414e-05,4,0,1.625,3.625,3.6236610412597656,16.419052124023438,22.625,-13.375,10,0,33.75,14.125,28.1875,0.14606741573033707,0,0,0,0
S_top20,corrupt,clean_to_corrupt,v5_qwen3_8b_204,203,23.875,-10.125,3.99262789869681e-05,6,0,2.0,4.25,4.249225616455078,18.48821258544922,21.875,-14.375,14,0,33.5,13.375,27.6875,0.17204301075268819,0,0,0,0
S_top20,corrupt,clean_to_corrupt,v5_qwen3_8b_215,214,27.625,0.25,0.5617202520370483,1,1,1.125,4.25,4.248804092407227,13.634418487548828,26.5,-4.0,2,0,33.5,14.375,30.0,0.16071428571428573,0,0,1,1
S_top20,corrupt,clean_to_corrupt,v5_qwen3_8b_250,249,27.25,-4.125,0.01588892936706543,2,0,1.75,3.875,3.875253677368164,14.154129028320312,25.5,-8.0,3,0,31.875,11.25,28.6875,0.27450980392156865,0,0,0,0
S_top20,corrupt,clean_to_corrupt,v5_qwen3_8b_252,251,24.5,-8.5,0.00019942417566198856,5,0,2.375,5.125,5.111885070800781,17.191463470458984,22.125,-13.625,13,0,32.5,10.25,27.3125,0.2289156626506024,0,0,0,0
S_top20,corrupt,clean_to_corrupt,v5_qwen3_8b_021,20,23.5,-13.0,2.260044311697129e-06,7,0,6.25,11.25,11.25003433227539,20.989952087402344,17.25,-24.25,60,0,31.875,11.125,24.5625,0.42735042735042733,0,0,0,0
S_top20,corrupt,clean_to_corrupt,v5_qwen3_8b_074,73,24.0,-13.5,1.370924110233318e-06,7,0,0.0,0.5,0.49999237060546875,16.582664489746094,24.0,-14.0,8,0,31.75,12.625,27.875,0.0,0,0,0,0
S_top20,corrupt,clean_to_corrupt,v5_qwen3_8b_149,148,23.5,-10.0,4.5244250941323116e-05,7,0,0.5,1.25,1.2494850158691406,10.949867248535156,23.0,-11.25,8,0,26.75,2.375,24.875,0.13333333333333333,0,0,0,0
S_top20,corrupt,clean_to_corrupt,v5_qwen3_8b_176,175,27.0,-0.25,0.43672335147857666,2,0,0.5,2.25,2.2475109100341797,7.0853271484375,26.5,-2.5,2,0,30.375,10.625,28.4375,0.12903225806451613,0,0,0,0
S_top20,corrupt,clean_to_corrupt,v5_qwen3_8b_186,185,25.625,-10.625,2.4299859433085658e-05,2,0,1.0,3.0,2.9999961853027344,17.633262634277344,24.625,-13.625,5,0,34.25,14.5,29.4375,0.1038961038961039,0,0,0,0
S_top20,corrupt,clean_to_corrupt,v5_qwen3_8b_222,221,25.625,-7.375,0.0006246656994335353,3,0,1.5,3.25,3.248615264892578,14.489616394042969,24.125,-10.625,9,0,33.0,13.5,28.5625,0.16901408450704225,0,0,0,0
S_top20,corrupt,clean_to_corrupt,v5_qwen3_8b_240,239,26.5,-2.875,0.05296110734343529,2,0,1.125,2.875,2.8720054626464844,12.176006317138672,25.375,-5.75,3,0,33.5,14.25,29.4375,0.13846153846153847,0,0,0,0
S_top20,corrupt,clean_to_corrupt,v5_qwen3_8b_005,4,21.375,-18.375,1.0467027244942528e-08,22,0,-0.25,0.5,0.49997711181640625,21.481727600097656,21.625,-18.875,17,0,33.5,13.25,27.5625,-0.021052631578947368,0,0,0,0
S_top20,corrupt,clean_to_corrupt,v5_qwen3_8b_022,21,23.875,-13.625,1.209797233059362e-06,10,0,2.375,3.875,3.8750534057617188,19.462379455566406,21.5,-17.5,16,0,32.75,12.75,27.125,0.2111111111111111,0,0,0,0
S_top20,corrupt,clean_to_corrupt,v5_qwen3_8b_076,75,22.5,-16.0,1.1253271026134826e-07,14,0,-0.5,-0.75,-0.7500038146972656,15.617866516113281,23.0,-15.25,8,0,31.625,12.75,27.3125,-0.057971014492753624,0,0,0,0
S_top20,corrupt,clean_to_corrupt,v5_qwen3_8b_079,78,17.875,-24.875,1.5736764322205055e-11,102,0,-0.75,-0.75,-0.7500076293945312,19.236053466796875,18.625,-24.125,55,0,31.375,9.25,25.0,-0.058823529411764705,0,0,0,0
S_top20,corrupt,clean_to_corrupt,v5_qwen3_8b_152,151,27.25,-1.375,0.20151446759700775,2,0,1.0,2.375,2.3782501220703125,7.554100036621094,26.25,-3.75,2,0,30.375,10.375,28.3125,0.24242424242424243,0,0,0,0
S_top20,corrupt,clean_to_corrupt,v5_qwen3_8b_155,154,27.375,-1.0,0.2684926390647888,2,0,0.625,2.375,2.37396240234375,10.282512664794922,26.75,-3.375,2,0,30.5,9.625,28.625,0.16666666666666666,0,0,0,0
S_top20,corrupt,clean_to_corrupt,v5_qwen3_8b_164,163,23.875,-8.875,0.0001394862192682922,6,0,0.625,1.875,1.8739891052246094,10.993297576904297,23.25,-10.75,8,0,29.5,7.375,26.375,0.1,0,0,0,0
S_top20,corrupt,clean_to_corrupt,v5_qwen3_8b_182,181,18.5,-22.0,2.7893837240000607e-10,68,0,-1.125,-0.875,-0.8750190734863281,20.32513427734375,19.625,-21.125,39,0,33.5,13.75,26.5625,-0.08108108108108109,0,0,0,0
S_top20,corrupt,clean_to_corrupt,v5_qwen3_8b_228,227,24.125,-8.125,0.00029196401010267437,5,0,0.5,2.0,1.9925918579101562,12.949386596679688,23.625,-10.125,5,0,34.25,14.125,28.9375,0.047058823529411764,0,0,0,0
S_top20,corrupt,clean_to_corrupt,v5_qwen3_8b_081,80,19.375,-22.875,1.1628037421829163e-10,52,0,0.125,0.875,0.8749961853027344,20.510711669921875,19.25,-23.75,48,0,32.0,10.25,25.625,0.00980392156862745,0,0,0,0
S_top20,corrupt,clean_to_corrupt,v5_qwen3_8b_090,89,22.25,-16.5,6.824976850339226e-08,15,0,2.375,4.625,4.625179290771484,17.20245361328125,19.875,-21.125,34,0,29.75,7.875,24.8125,0.24050632911392406,0,0,0,0
S_top20,corrupt,clean_to_corrupt,v5_qwen3_8b_099,98,23.25,-13.25,1.7602380921744043e-06,8,0,2.625,5.125,5.125003814697266,20.430644989013672,20.625,-18.375,17,0,30.0,9.375,25.3125,0.28,0,0,0,0
S_top20,corrupt,clean_to_corrupt,v5_qwen3_8b_109,108,26.875,-4.0,0.01795261912047863,2,0,1.25,3.375,3.3741493225097656,14.086563110351562,25.625,-7.375,3,0,30.875,10.625,28.25,0.23809523809523808,0,0,0,0
S_top20,corrupt,clean_to_corrupt,v5_qwen3_8b_110,109,23.375,-11.875,6.95017524776631e-06,11,0,2.375,4.625,4.623863220214844,17.414836883544922,21.0,-16.5,21,0,32.75,12.25,26.875,0.20212765957446807,0,0,0,0
S_top20,corrupt,clean_to_corrupt,v5_qwen3_8b_122,121,18.25,-25.0,1.3887796294909105e-11,97,0,-0.875,-1.125,-1.1250038146972656,17.808380126953125,19.125,-23.875,55,0,29.625,7.625,24.375,-0.08333333333333333,0,0,0,0
S_top20,corrupt,clean_to_corrupt,v5_qwen3_8b_136,135,23.0,-15.0,3.058962931845599e-07,7,0,-0.625,-0.125,-0.12500762939453125,14.492813110351562,23.625,-14.875,6,0,30.5,11.25,27.0625,-0.09090909090909091,0,0,0,0
S_top20,corrupt,clean_to_corrupt,v5_qwen3_8b_147,146,27.875,-0.75,0.31949347257614136,2,0,1.0,3.125,3.121244430541992,10.411304473876953,26.875,-3.875,2,0,31.5,12.0,29.1875,0.21621621621621623,0,0,0,0
S_top20,corrupt,clean_to_corrupt,v5_qwen3_8b_225,224,23.75,-8.0,0.0003329424362163991,7,0,0.875,2.625,2.6224727630615234,13.9664306640625,22.875,-10.625,9,0,33.75,14.25,28.3125,0.08045977011494253,0,0,0,0
S_top20,corrupt,clean_to_corrupt,v5_qwen3_8b_255,254,25.375,-7.625,0.0004868310352321714,3,0,1.5,3.5,3.499237060546875,13.593116760253906,23.875,-11.125,8,0,33.0,12.375,28.4375,0.1643835616438356,0,0,0,0
S_top20,corrupt,clean_to_corrupt,v5_qwen3_8b_015,14,22.875,-14.875,3.4662349435166107e-07,9,0,0.25,1.0,0.9999961853027344,15.980331420898438,22.625,-15.875,11,0,30.75,11.375,26.6875,0.03076923076923077,0,0,0,0
S_top20,corrupt,clean_to_corrupt,v5_qwen3_8b_016,15,24.125,-13.875,9.422138305126282e-07,6,0,0.375,1.125,1.1249847412109375,17.00006103515625,23.75,-15.0,8,0,32.5,13.5,28.125,0.04285714285714286,0,0,0,0
S_top20,corrupt,clean_to_corrupt,v5_qwen3_8b_098,97,24.5,-12.25,4.784958036907483e-06,3,0,2.875,5.875,5.8750152587890625,20.330642700195312,21.625,-18.125,14,0,31.375,11.875,26.5,0.2948717948717949,0,0,0,0
S_top20,corrupt,clean_to_corrupt,v5_qwen3_8b_174,173,27.375,-0.75,0.3199339509010315,2,0,0.625,2.0,1.9980335235595703,9.07644271850586,26.75,-2.75,2,0,29.75,9.375,28.25,0.20833333333333334,0,0,0,0
S_top20,corrupt,clean_to_corrupt,v5_qwen3_8b_177,176,25.375,-3.75,0.01988472044467926,4,0,1.25,2.5,2.4715938568115234,9.662921905517578,24.125,-6.25,5,0,32.75,11.0,28.4375,0.14492753623188406,0,0,0,0
S_top20,corrupt,clean_to_corrupt,v5_qwen3_8b_181,180,21.75,-19.25,4.363367001047891e-09,20,0,-0.375,-0.875,-0.8749961853027344,19.251014709472656,22.125,-18.375,16,0,34.5,14.875,28.3125,-0.030303030303030304,0,0,0,0
S_top20,corrupt,clean_to_corrupt,v5_qwen3_8b_191,190,23.75,-14.75,3.927795546587731e-07,6,0,0.5,1.5,1.4999923706054688,17.31903839111328,23.25,-16.25,8,0,33.5,14.125,28.375,0.04878048780487805,0,0,0,0
S_top20,corrupt,clean_to_corrupt,v5_qwen3_8b_273,272,24.25,-9.75,5.766949470853433e-05,6,0,0.875,2.375,2.370555877685547,10.451412200927734,23.375,-12.125,9,0,31.875,11.625,27.625,0.10294117647058823,0,0,0,0
S_top20,corrupt,clean_to_corrupt,v5_qwen3_8b_297,296,26.5,-1.25,0.22104483842849731,2,0,0.875,3.0,2.994657516479492,11.121879577636719,25.625,-4.25,2,0,31.125,11.375,28.375,0.1590909090909091,0,0,0,0
S_top20,corrupt,clean_to_corrupt,v5_qwen3_8b_050,49,25.75,-7.0,0.0009097306756302714,2,0,1.375,3.375,3.374042510986328,15.172710418701172,24.375,-10.375,6,0,33.25,13.5,28.8125,0.15492957746478872,0,0,0,0
S_top20,corrupt,clean_to_corrupt,v5_qwen3_8b_115,114,24.25,-8.75,0.00015833629004191607,3,0,1.25,3.0,3.0000267028808594,15.146472930908203,23.0,-11.75,9,0,30.5,8.875,26.75,0.16666666666666666,0,0,0,0
S_top20,corrupt,clean_to_corrupt,v5_qwen3_8b_116,115,23.25,-12.0,6.1420655583788175e-06,9,0,1.125,2.375,2.3751144409179688,13.053123474121094,22.125,-14.375,13,0,29.375,7.25,25.75,0.15517241379310345,0,0,0,0
S_top20,corrupt,clean_to_corrupt,v5_qwen3_8b_139,138,20.25,-21.25,5.905205213707632e-10,49,0,0.25,1.0,0.9999961853027344,18.205703735351562,20.0,-22.25,45,0,29.5,6.125,24.75,0.02631578947368421,0,0,0,0
S_top20,corrupt,clean_to_corrupt,v5_qwen3_8b_166,165,23.875,-10.125,4.0007395000429824e-05,4,0,0.75,1.5,1.499786376953125,10.74459457397461,23.125,-11.625,6,0,28.875,7.0,26.0,0.13043478260869565,0,0,0,0
S_top20,corrupt,clean_to_corrupt,v5_qwen3_8b_178,177,24.0,-10.25,3.531884794938378e-05,5,0,0.75,2.0,1.9996223449707031,11.221515655517578,23.25,-12.25,10,0,31.125,8.875,27.1875,0.09523809523809523,0,0,0,0
S_top20,corrupt,clean_to_corrupt,v5_qwen3_8b_199,198,24.5,-9.75,5.8259389334125444e-05,5,0,1.5,3.75,3.749835968017578,17.151668548583984,23.0,-13.5,9,0,33.75,14.125,28.375,0.13953488372093023,0,0,0,0
S_top20,corrupt,clean_to_corrupt,v5_qwen3_8b_242,241,25.5,-8.25,0.00026108938618563116,2,0,1.75,4.0,3.9998397827148438,16.717967987060547,23.75,-12.25,7,0,32.5,13.25,28.125,0.2,0,0,0,0
S_top20,corrupt,clean_to_corrupt,v5_qwen3_8b_254,253,24.625,-8.125,0.0002952629583887756,3,0,0.75,2.25,2.249279022216797,12.339706420898438,23.875,-10.375,6,0,32.75,11.875,28.3125,0.08450704225352113,0,0,0,0
S_top20,corrupt,clean_to_corrupt,v5_qwen3_8b_274,273,24.375,-9.625,6.599201151402667e-05,5,0,1.25,2.25,2.250030517578125,9.532081604003906,23.125,-11.875,5,0,31.375,11.5,27.25,0.15151515151515152,0,0,0,0
S_top20,corrupt,clean_to_corrupt,v5_qwen3_8b_003,2,20.875,-19.875,2.3355033462735264e-09,27,0,-0.375,-0.375,-0.3750152587890625,21.967735290527344,21.25,-19.5,18,0,33.25,13.875,27.25,-0.03125,0,0,0,0
S_top20,corrupt,clean_to_corrupt,v5_qwen3_8b_030,29,23.875,-12.375,4.222536063025473e-06,6,0,2.5,5.0,5.000255584716797,17.847576141357422,21.375,-17.375,14,0,33.25,13.375,27.3125,0.21052631578947367,0,0,0,0
S_top20,corrupt,clean_to_corrupt,v5_qwen3_8b_086,85,24.625,-11.125,1.4738197933183983e-05,3,0,2.125,4.875,4.874977111816406,17.461570739746094,22.5,-16.0,10,0,32.5,11.5,27.5,0.2125,0,0,0,0
S_top20,corrupt,clean_to_corrupt,v5_qwen3_8b_014,13,23.5,-14.5,5.043369242230256e-07,9,0,0.25,1.0,0.9999923706054688,17.592071533203125,23.25,-15.5,8,0,32.5,12.75,27.875,0.02702702702702703,0,0,0,0
S_top20,corrupt,clean_to_corrupt,v5_qwen3_8b_060,59,24.375,-8.625,0.0001792233670130372,4,0,1.5,2.75,2.749439239501953,10.588645935058594,22.875,-11.375,9,0,33.5,12.875,28.1875,0.1411764705882353,0,0,0,0
S_top20,corrupt,clean_to_corrupt,v5_qwen3_8b_061,60,19.75,-20.5,1.250128112140203e-09,37,0,-0.75,-0.5,-0.5000038146972656,19.88140869140625,20.5,-20.0,24,0,31.125,9.125,25.8125,-0.07058823529411765,0,0,0,0
S_top20,corrupt,clean_to_corrupt,v5_qwen3_8b_127,126,21.5,-20.25,1.6052182916226343e-09,18,0,-0.375,0.125,0.12499618530273438,15.366874694824219,21.875,-20.375,15,0,30.75,9.25,26.3125,-0.04225352112676056,0,0,0,0
S_top20,corrupt,clean_to_corrupt,v5_qwen3_8b_128,127,21.75,-19.0,5.602759145517666e-09,15,0,0.125,0.875,0.8749961853027344,18.990814208984375,21.625,-19.875,15,0,29.75,8.25,25.6875,0.015384615384615385,0,0,0,0
S_top20,corrupt,clean_to_corrupt,v5_qwen3_8b_130,129,19.25,-22.5,1.6918820511246935e-10,45,0,-1.0,-1.25,-1.25,18.490936279296875,20.25,-21.25,22,0,30.625,8.125,25.4375,-0.0963855421686747,0,0,0,0
S_top20,corrupt,clean_to_corrupt,v5_qwen3_8b_190,189,22.75,-15.25,2.3823182004889532e-07,8,0,0.25,1.25,1.2499923706054688,17.01995849609375,22.5,-16.5,10,0,33.25,14.375,27.875,0.023255813953488372,0,0,0,0
S_top20,corrupt,clean_to_corrupt,v5_qwen3_8b_198,197,27.5,-2.125,0.10662411153316498,2,0,1.375,4.0,3.9997520446777344,13.957813262939453,26.125,-6.125,2,0,32.75,14.0,29.4375,0.20754716981132076,0,0,0,0
S_top20,corrupt,clean_to_corrupt,v5_qwen3_8b_212,211,26.75,-1.875,0.13232296705245972,2,0,0.75,2.625,2.6232128143310547,10.145328521728516,26.0,-4.5,2,0,32.0,13.25,29.0,0.125,0,0,0,0
S_top20,corrupt,clean_to_corrupt,v5_qwen3_8b_224,223,23.875,-8.125,0.00028672945336438715,5,0,1.5,3.75,3.728588104248047,13.769851684570312,22.375,-11.875,12,0,34.5,14.5,28.4375,0.12371134020618557,0,0,0,0
S_top20,corrupt,clean_to_corrupt,v5_qwen3_8b_248,247,28.5,-0.875,0.29395610094070435,2,0,1.5,3.875,3.87445068359375,12.580963134765625,27.0,-4.75,2,0,33.0,12.5,30.0,0.25,0,0,0,0
S_top20,corrupt,clean_to_corrupt,v5_qwen3_8b_259,258,23.0,-12.75,2.9008624551352113e-06,12,0,0.625,1.625,1.6247825622558594,11.990562438964844,22.375,-14.375,13,0,32.0,10.125,27.1875,0.06493506493506493,0,0,0,0
S_top20,corrupt,clean_to_corrupt,v5_qwen3_8b_287,286,23.625,-12.375,4.222230018058326e-06,9,0,0.875,1.875,1.8750038146972656,12.141143798828125,22.75,-14.25,10,0,32.0,10.25,27.375,0.0945945945945946,0,0,0,0
S_top20,corrupt,clean_to_corrupt,v5_qwen3_8b_017,16,24.0,-13.75,1.0676898227757192e-06,5,0,0.375,0.875,0.8749961853027344,15.926826477050781,23.625,-14.625,8,0,32.75,13.375,28.1875,0.0410958904109589,0,0,0,0
S_top20,corrupt,clean_to_corrupt,v5_qwen3_8b_035,34,27.25,-2.625,0.06745719909667969,2,0,1.5,3.625,3.624429702758789,12.981636047363281,25.75,-6.25,2,0,32.75,13.25,29.25,0.21428571428571427,0,0,0,0
S_top20,corrupt,clean_to_corrupt,v5_qwen3_8b_129,128,18.0,-26.0,5.109060743913041e-12,78,0,-1.125,-1.125,-1.125,16.579429626464844,19.125,-24.875,42,0,28.125,5.25,23.625,-0.125,0,0,0,0
S_top20,corrupt,clean_to_corrupt,v5_qwen3_8b_131,130,20.875,-19.125,4.944341380763717e-09,20,0,0.25,1.0,0.9999961853027344,17.57568359375,20.625,-20.125,19,0,29.125,7.125,24.875,0.029411764705882353,0,0,0,0
S_top20,corrupt,clean_to_corrupt,v5_qwen3_8b_146,145,27.0,-4.75,0.008572707884013653,2,0,1.75,3.5,3.4999637603759766,12.480567932128906,25.25,-8.25,3,0,29.75,7.375,27.5,0.3888888888888889,0,0,0,0
S_top20,corrupt,clean_to_corrupt,v5_qwen3_8b_158,157,23.625,-8.875,0.00013871204282622784,6,0,-0.125,0.375,0.3731880187988281,7.844413757324219,23.75,-9.25,5,0,30.125,8.75,26.9375,-0.0196078431372549,0,0,0,0
S_top20,corrupt,clean_to_corrupt,v5_qwen3_8b_163,162,22.875,-13.125,1.9937092474719975e-06,10,0,0.5,1.5,1.4998016357421875,10.616409301757812,22.375,-14.625,13,0,28.125,5.5,25.25,0.08695652173913043,0,0,0,0
S_top20,corrupt,clean_to_corrupt,v5_qwen3_8b_207,206,23.875,-8.875,0.00013963374658487737,3,0,1.375,3.375,3.3743820190429688,14.273811340332031,22.5,-12.25,9,0,34.0,14.5,28.25,0.11956521739130435,0,0,0,0
S_top20,corrupt,clean_to_corrupt,v5_qwen3_8b_217,216,27.0,-2.125,0.10648176074028015,2,0,1.125,3.75,3.7488346099853516,11.889202117919922,25.875,-5.875,2,0,33.5,14.5,29.6875,0.14754098360655737,0,0,0,0
S_top20,corrupt,clean_to_corrupt,v5_qwen3_8b_023,22,25.375,-8.875,0.00013977587514091283,3,0,1.375,3.125,3.1249008178710938,16.322189331054688,24.0,-12.0,7,0,32.5,13.125,28.25,0.16176470588235295,0,0,0,0
S_top20,corrupt,clean_to_corrupt,v5_qwen3_8b_031,30,24.25,-10.0,4.5394834160106257e-05,2,0,1.875,3.875,3.875225067138672,18.780467987060547,22.375,-13.875,8,0,33.5,14.0,27.9375,0.16853932584269662,0,0,0,0
S_top20,corrupt,clean_to_corrupt,v5_qwen3_8b_135,134,24.0,-12.5,3.7264287584548583e-06,4,0,0.0,0.5,0.4999732971191406,13.086334228515625,24.0,-13.0,5,0,31.125,12.0,27.5625,0.0,0,0,0,0
S_top20,corrupt,clean_to_corrupt,v5_qwen3_8b_138,137,17.75,-24.25,2.939997550965856e-11,100,0,-1.625,-3.125,-3.1249961853027344,16.033599853515625,19.375,-21.125,44,0,29.375,6.25,24.375,-0.1625,0,0,0,0
S_top20,corrupt,clean_to_corrupt,v5_qwen3_8b_175,174,26.375,-0.125,0.4526398479938507,2,0,0.875,2.375,2.3544979095458984,7.756633758544922,25.5,-2.5,2,0,29.5,9.625,27.5,0.21875,0,0,0,0
S_top20,corrupt,clean_to_corrupt,v5_qwen3_8b_179,178,24.375,-9.125,0.00010870443657040596,5,0,0.5,1.25,1.2498321533203125,8.069038391113281,23.875,-10.375,5,0,30.5,8.0,27.1875,0.07547169811320754,0,0,0,0
S_top20,corrupt,clean_to_corrupt,v5_qwen3_8b_200,199,24.625,-7.125,0.0008009943994693458,4,0,1.0,2.5,2.4975337982177734,11.652095794677734,23.625,-9.625,5,0,34.0,14.125,28.8125,0.0963855421686747,0,0,0,0
S_top20,corrupt,clean_to_corrupt,v5_qwen3_8b_243,242,25.75,-7.75,0.00043047312647104263,2,0,2.25,4.0,4.0003814697265625,14.625663757324219,23.5,-11.75,5,0,32.75,12.125,28.125,0.24324324324324326,0,0,0,0
S_top20,corrupt,clean_to_corrupt,v5_qwen3_8b_059,58,27.25,-1.75,0.14764781296253204,2,0,0.875,3.25,3.247865676879883,11.074321746826172,26.375,-5.0,2,0,32.5,13.625,29.4375,0.14285714285714285,0,0,0,0
S_top20,corrupt,clean_to_corrupt,v5_qwen3_8b_156,155,27.5,-1.625,0.16415239870548248,2,0,0.625,2.0,1.998910903930664,7.197605133056641,26.875,-3.625,2,0,29.75,8.625,28.3125,0.21739130434782608,0,0,0,0
S_top20,corrupt,clean_to_corrupt,v5_qwen3_8b_266,265,27.375,-0.875,0.2933422327041626,2,0,1.25,3.25,3.2492027282714844,9.710262298583984,26.125,-4.125,2,0,31.875,12.25,29.0,0.21739130434782608,0,0,0,0
S_top20,corrupt,clean_to_corrupt,v5_qwen3_8b_278,277,22.875,-11.875,6.959115125937387e-06,7,0,-0.25,0.25,0.24988937377929688,9.044181823730469,23.125,-12.125,7,0,30.375,8.25,26.75,-0.034482758620689655,0,0,0,0
S_top20,corrupt,clean_to_corrupt,v5_qwen3_8b_009,8,20.625,-20.875,8.59211035653118e-10,21,0,1.0,2.25,2.2500038146972656,20.220901489257812,19.625,-23.125,29,0,31.875,11.75,25.75,0.08163265306122448,0,0,0,0
S_top20,corrupt,clean_to_corrupt,v5_qwen3_8b_160,159,22.375,-13.375,1.5521387695116573e-06,13,0,0.125,-0.125,-0.12491989135742188,7.706977844238281,22.25,-13.25,13,0,28.0,4.75,25.125,0.021739130434782608,0,0,0,0
S_top20,corrupt,clean_to_corrupt,v5_qwen3_8b_218,217,25.125,-8.625,0.00017624681640882045,3,0,1.5,3.0,3.004974365234375,12.31290054321289,23.625,-11.625,10,0,34.0,14.125,28.8125,0.14457831325301204,0,0,0,0
S_top20,corrupt,clean_to_corrupt,v5_qwen3_8b_231,230,23.5,-8.375,0.0002294578735018149,7,0,0.5,2.125,2.1225357055664062,13.432193756103516,23.0,-10.5,8,0,33.5,14.25,28.25,0.047619047619047616,0,0,0,0
S_top20,corrupt,clean_to_corrupt,v5_qwen3_8b_291,290,23.5,-9.0,0.00012325601710472256,6,0,1.125,2.125,2.124897003173828,12.753192901611328,22.375,-11.125,10,0,32.0,11.5,27.1875,0.11688311688311688,0,0,0,0
S_top20,corrupt,clean_to_corrupt,v5_qwen3_8b_107,106,28.0,-1.0,0.2688584327697754,2,0,1.75,4.625,4.624818801879883,14.496368408203125,26.25,-5.625,2,0,31.25,12.0,28.75,0.35,0,0,0,0
S_top20,corrupt,clean_to_corrupt,v5_qwen3_8b_151,150,27.75,-0.875,0.2932923436164856,2,0,0.75,2.25,2.248302459716797,7.668830871582031,27.0,-3.125,2,0,30.375,9.5,28.6875,0.2222222222222222,0,0,0,0
S_top20,corrupt,clean_to_corrupt,v5_qwen3_8b_189,188,24.75,-12.25,4.784891189046903e-06,4,0,0.625,1.875,1.8749809265136719,18.28335952758789,24.125,-14.125,7,0,34.0,14.5,29.0625,0.06329113924050633,0,0,0,0
S_top20,corrupt,clean_to_corrupt,v5_qwen3_8b_210,209,23.375,-10.625,2.4277203920064494e-05,7,0,1.75,3.25,3.249317169189453,14.675621032714844,21.625,-13.875,12,0,34.25,13.625,27.9375,0.13861386138613863,0,0,0,0
S_top20,corrupt,clean_to_corrupt,v5_qwen3_8b_213,212,27.75,-1.125,0.2448018342256546,2,0,0.875,3.0,2.9992027282714844,10.556026458740234,26.875,-4.125,2,0,34.0,14.5,30.4375,0.12280701754385964,0,0,0,0
S_top20,corrupt,clean_to_corrupt,v5_qwen3_8b_230,229,24.75,-8.25,0.0002610298979561776,2,0,1.125,2.875,2.874736785888672,13.842720031738281,23.625,-11.125,7,0,33.0,13.75,28.3125,0.12,0,0,0,0
S_top20,corrupt,clean_to_corrupt,v5_qwen3_8b_256,255,24.25,-8.25,0.00026036202325485647,4,0,1.875,4.375,4.372772216796875,14.469528198242188,22.375,-12.625,10,0,32.25,12.125,27.3125,0.189873417721519,0,0,0,0
S_top20,corrupt,clean_to_corrupt,v5_qwen3_8b_043,42,24.75,-8.0,0.00033329238067381084,3,0,1.875,3.625,3.621715545654297,12.379905700683594,22.875,-11.625,10,0,32.75,12.125,27.8125,0.189873417721519,0,0,0,0
S_top20,corrupt,clean_to_corrupt,v5_qwen3_8b_048,47,25.0,-11.0,1.6695887097739615e-05,5,0,1.375,3.375,3.3748245239257812,13.310394287109375,23.625,-14.375,8,0,31.0,10.625,27.3125,0.1864406779661017,0,0,0,0
S_top20,corrupt,clean_to_corrupt,v5_qwen3_8b_167,166,24.125,-10.875,1.8923430616268888e-05,5,0,0.875,1.875,1.8749923706054688,10.128921508789062,23.25,-12.75,5,0,31.625,10.375,27.4375,0.1044776119402985,0,0,0,0
S_top20,corrupt,clean_to_corrupt,v5_qwen3_8b_187,186,24.75,-13.0,2.2602989702136256e-06,4,0,0.75,1.5,1.5,18.000770568847656,24.0,-14.5,7,0,34.0,14.625,29.0,0.075,0,0,0,0
S_top20,corrupt,clean_to_corrupt,v5_qwen3_8b_193,192,29.25,-0.125,0.4686204493045807,2,0,1.875,4.75,4.749601364135742,17.228824615478516,27.375,-4.875,2,0,34.5,14.625,30.9375,0.2631578947368421,0,0,0,0
S_top20,corrupt,clean_to_corrupt,v5_qwen3_8b_262,261,27.75,-0.125,0.4660036861896515,2,0,1.125,3.125,3.1231632232666016,11.937763214111328,26.625,-3.25,2,0,32.25,12.0,29.4375,0.2,0,0,0,0
S_top20,corrupt,clean_to_corrupt,v5_qwen3_8b_012,11,25.0,-11.25,1.3006970220885705e-05,2,0,1.25,3.75,3.7500076293945312,18.17259979248047,23.75,-15.0,8,0,32.25,13.0,28.0,0.14705882352941177,0,0,0,0
S_top20,corrupt,clean_to_corrupt,v5_qwen3_8b_080,79,20.875,-20.375,1.4165952855194064e-09,25,0,0.625,1.625,1.6250076293945312,18.370262145996094,20.25,-22.0,28,0,31.125,9.375,25.6875,0.05747126436781609,0,0,0,0
S_top20,corrupt,clean_to_corrupt,v5_qwen3_8b_108,107,27.625,-2.25,0.09527722001075745,2,0,1.375,3.375,3.3747425079345703,12.31064224243164,26.25,-5.625,2,0,31.625,11.125,28.9375,0.2558139534883721,0,0,0,0
S_top20,corrupt,clean_to_corrupt,v5_qwen3_8b_194,193,28.5,-0.625,0.3483547270298004,2,0,1.25,3.125,3.1243019104003906,11.655071258544922,27.25,-3.75,2,0,34.25,14.125,30.75,0.17857142857142858,0,0,0,0
S_top20,corrupt,clean_to_corrupt,v5_qwen3_8b_196,195,27.5,-2.125,0.10651501268148422,2,0,2.125,5.25,5.249258041381836,15.246383666992188,25.375,-7.375,2,0,33.25,14.375,29.3125,0.2698412698412698,0,0,0,0
S_top20,corrupt,clean_to_corrupt,v5_qwen3_8b_223,222,23.375,-11.375,1.1429401638451964e-05,11,0,1.875,4.125,4.1224822998046875,16.792327880859375,21.5,-15.5,16,0,33.25,12.5,27.375,0.1595744680851064,0,0,0,0
S_top20,corrupt,clean_to_corrupt,v5_qwen3_8b_265,264,28.0,0.0,0.4968856871128082,1,0,1.0,2.625,2.6193294525146484,8.79703140258789,27.0,-2.625,2,0,31.875,11.75,29.4375,0.20512820512820512,0,0,0,0
S_top20,corrupt,clean_to_corrupt,v5_qwen3_8b_272,271,24.5,-7.25,0.0007022462668828666,4,0,1.375,2.875,2.871072769165039,11.636703491210938,23.125,-10.125,9,0,33.25,12.625,28.1875,0.13580246913580246,0,0,0,0
S_top20,corrupt,clean_to_corrupt,v5_qwen3_8b_089,88,25.375,-8.375,0.00023042601242195815,2,0,2.375,4.875,4.875022888183594,18.341827392578125,23.0,-13.25,10,0,30.875,10.0,26.9375,0.30158730158730157,0,0,0,0
S_top20,corrupt,clean_to_corrupt,v5_qwen3_8b_100,99,25.125,-9.875,5.1425966375973076e-05,3,0,2.125,3.875,3.8755836486816406,15.21352767944336,23.0,-13.75,9,0,30.625,8.375,26.8125,0.2786885245901639,0,0,0,0
S_top20,corrupt,clean_to_corrupt,v5_qwen3_8b_117,116,27.125,-0.5,0.37084031105041504,2,0,1.25,3.25,3.231046676635742,10.969802856445312,25.875,-3.75,2,0,31.75,11.25,28.8125,0.2127659574468085,0,0,0,0
S_top20,corrupt,clean_to_corrupt,v5_qwen3_8b_123,122,18.0,-23.75,4.847300338894911e-11,83,0,-0.25,-0.5,-0.4999809265136719,16.745140075683594,18.25,-23.25,56,0,28.375,5.0,23.3125,-0.024691358024691357,0,0,0,0
S_top20,corrupt,clean_to_corrupt,v5_qwen3_8b_148,147,26.75,-3.25,0.0372585766017437,2,0,1.375,3.625,3.624744415283203,12.038028717041016,25.375,-6.875,3,0,28.875,7.375,27.125,0.39285714285714285,0,0,0,0
S_top20,corrupt,clean_to_corrupt,v5_qwen3_8b_165,164,23.875,-9.375,8.454283670289442e-05,4,0,0.625,1.625,1.6242790222167969,9.246368408203125,23.25,-11.0,9,0,29.625,8.125,26.4375,0.09803921568627451,0,0,0,0
S_top20,corrupt,clean_to_corrupt,v5_qwen3_8b_188,187,23.5,-14.5,5.043304440732754e-07,8,0,-0.125,0.875,0.8749847412109375,16.576499938964844,23.625,-15.375,8,0,33.5,13.875,28.5625,-0.012658227848101266,0,0,0,0
S_top20,corrupt,clean_to_corrupt,v5_qwen3_8b_195,194,28.125,-0.625,0.3481495678424835,2,0,1.875,4.125,4.123708724975586,14.109760284423828,26.25,-4.75,2,0,33.5,14.375,29.875,0.25862068965517243,0,0,0,0
S_top20,corrupt,clean_to_corrupt,v5_qwen3_8b_263,262,28.25,0.5,0.6208277940750122,1,1,1.125,3.375,3.371145248413086,10.13534164428711,27.125,-2.875,2,0,32.25,12.375,29.6875,0.21951219512195122,0,0,1,1
S_top20,corrupt,clean_to_corrupt,v5_qwen3_8b_025,24,25.75,-7.25,0.0007086595287546515,3,0,1.75,4.0,3.9998512268066406,16.852203369140625,24.0,-11.25,7,0,33.0,13.5,28.5,0.19444444444444445,0,0,0,0
S_top20,corrupt,clean_to_corrupt,v5_qwen3_8b_047,46,23.875,-8.875,0.00013882726489100605,6,0,1.125,2.875,2.870738983154297,12.642364501953125,22.75,-11.75,9,0,32.25,11.375,27.5,0.11842105263157894,0,0,0,0
S_top20,corrupt,clean_to_corrupt,v5_qwen3_8b_114,113,24.375,-9.125,0.0001087489363271743,5,0,1.0,2.5,2.4999961853027344,11.10092544555664,23.375,-11.625,7,0,31.5,10.875,27.4375,0.12307692307692308,0,0,0,0
S_top20,corrupt,clean_to_corrupt,v5_qwen3_8b_142,141,18.375,-22.625,1.493071360991749e-10,62,0,-0.5,-0.25,-0.2500038146972656,15.472969055175781,18.875,-22.375,43,0,29.0,6.25,23.9375,-0.04938271604938271,0,0,0,0
S_top20,corrupt,clean_to_corrupt,v5_qwen3_8b_161,160,24.0,-8.5,0.0002028161397902295,4,0,0.75,2.5,2.498737335205078,9.810562133789062,23.25,-11.0,5,0,30.5,9.375,26.875,0.10344827586206896,0,0,0,0
S_top20,corrupt,clean_to_corrupt,v5_qwen3_8b_185,184,20.75,-20.5,1.2501467638870167e-09,21,0,0.125,0.875,0.8750038146972656,20.820022583007812,20.625,-21.375,18,0,33.5,13.625,27.0625,0.009708737864077669,0,0,0,0
S_top20,corrupt,clean_to_corrupt,v5_qwen3_8b_101,100,24.125,-11.375,1.1475460269139148e-05,5,0,2.375,4.125,4.125885009765625,17.606060028076172,21.75,-15.5,11,0,32.25,12.625,27.0,0.2261904761904762,0,0,0,0
S_top20,corrupt,clean_to_corrupt,v5_qwen3_8b_126,125,20.125,-21.375,5.21134968511916e-10,29,0,0.625,1.625,1.6249923706054688,16.975257873535156,19.5,-23.0,31,0,29.875,8.625,24.6875,0.060240963855421686,0,0,0,0
S_top20,corrupt,clean_to_corrupt,v5_qwen3_8b_208,207,24.375,-7.625,0.0004850283148698509,4,0,1.75,4.5,4.496295928955078,17.218704223632812,22.625,-12.125,9,0,34.0,14.5,28.3125,0.15384615384615385,0,0,0,0
S_top20,corrupt,clean_to_corrupt,v5_qwen3_8b_201,200,26.75,-4.625,0.009653385728597641,2,0,1.625,3.5,3.4981555938720703,15.072887420654297,25.125,-8.125,3,0,33.75,14.625,29.4375,0.18840579710144928,0,0,0,0
S_top20,corrupt,clean_to_corrupt,v5_qwen3_8b_257,256,24.25,-10.5,2.7482919904286973e-05,5,0,1.75,3.25,3.2492599487304688,10.07425308227539,22.5,-13.75,8,0,30.875,9.625,26.6875,0.208955223880597,0,0,0,0
S_top20,corrupt,clean_to_corrupt,v5_qwen3_8b_271,270,25.125,-7.125,0.0007997077191248536,3,0,1.5,3.5,3.4970550537109375,11.567512512207031,23.625,-10.625,9,0,32.25,11.625,27.9375,0.17391304347826086,0,0,0,0
S_top20,corrupt,clean_to_corrupt,v5_qwen3_8b_071,70,20.875,-20.375,1.4165993933445975e-09,20,0,1.0,2.75,2.7500038146972656,19.492660522460938,19.875,-23.125,31,0,31.75,12.375,25.8125,0.08421052631578947,0,0,0,0
S_top20,corrupt,clean_to_corrupt,v5_qwen3_8b_183,182,22.75,-16.25,8.764180137177391e-08,10,0,0.5,1.75,1.7499961853027344,19.071929931640625,22.25,-18.0,13,0,33.0,13.75,27.625,0.046511627906976744,0,0,0,0
S_top20,corrupt,clean_to_corrupt,v5_qwen3_8b_235,234,27.0,-2.25,0.09510121494531631,2,0,0.625,1.75,1.74871826171875,9.320091247558594,26.375,-4.0,2,0,34.0,14.625,30.1875,0.08196721311475409,0,0,0,0
S_top20,corrupt,clean_to_corrupt,v5_qwen3_8b_280,279,25.375,-7.875,0.0003796572855208069,3,0,0.375,0.875,0.8749923706054688,8.599353790283203,25.0,-8.75,4,0,33.0,13.25,29.0,0.046875,0,0,0,0
S_top20,corrupt,clean_to_corrupt,v5_qwen3_8b_184,183,22.25,-17.0,4.139879195008689e-08,13,0,0.875,2.375,2.3749961853027344,19.904678344726562,21.375,-19.375,15,0,33.25,13.875,27.3125,0.07368421052631578,0,0,0,0
S_top20,corrupt,clean_to_corrupt,v5_qwen3_8b_245,244,26.125,-8.625,0.00017952034249901772,2,0,2.0,3.5,3.50006103515625,15.883949279785156,24.125,-12.125,5,0,31.125,9.875,27.625,0.2857142857142857,0,0,0,0
S_top20,corrupt,clean_to_corrupt,v5_qwen3_8b_285,284,23.5,-11.0,1.669284210947808e-05,6,0,1.25,3.25,3.2500991821289062,10.551582336425781,22.25,-14.25,11,0,31.625,12.5,26.9375,0.13333333333333333,0,0,0,0
S_top20,corrupt,clean_to_corrupt,v5_qwen3_8b_027,26,24.0,-12.0,6.1433311202563345e-06,8,0,2.625,4.875,4.875541687011719,17.200054168701172,21.375,-16.875,13,0,34.0,13.875,27.6875,0.2079207920792079,0,0,0,0
S_top20,corrupt,clean_to_corrupt,v5_qwen3_8b_068,67,22.75,-15.5,1.8553765812612255e-07,11,0,0.5,1.5,1.5,17.50218963623047,22.25,-17.0,12,0,32.5,11.75,27.375,0.04878048780487805,0,0,0,0
S_top20,corrupt,clean_to_corrupt,v5_qwen3_8b_103,102,23.75,-13.75,1.0676792498998111e-06,9,0,3.0,5.5,5.5000152587890625,16.714595794677734,20.75,-19.25,16,0,31.0,8.75,25.875,0.2926829268292683,0,0,0,0
S_top20,corrupt,clean_to_corrupt,v5_qwen3_8b_144,143,24.0,-10.5,2.7529298677109182e-05,5,0,0.75,2.0,2.0001449584960938,11.240489959716797,23.25,-12.5,7,0,29.0,5.375,26.125,0.13043478260869565,0,0,0,0
S_top20,corrupt,clean_to_corrupt,v5_qwen3_8b_087,86,24.75,-9.5,7.483095396310091e-05,2,0,1.75,3.25,3.2516403198242188,16.054508209228516,23.0,-12.75,9,0,32.5,10.875,27.75,0.18421052631578946,0,0,0,0
S_top20,corrupt,clean_to_corrupt,v5_qwen3_8b_104,103,25.625,-7.375,0.0006261443486437201,2,0,2.0,3.5,3.50006103515625,15.64200210571289,23.625,-10.875,5,0,31.5,12.25,27.5625,0.25396825396825395,0,0,0,0
S_top20,corrupt,clean_to_corrupt,v5_qwen3_8b_216,215,26.5,-1.5,0.18121734261512756,2,0,1.125,3.0,2.9967308044433594,11.990333557128906,25.375,-4.5,2,0,32.25,13.625,28.8125,0.16363636363636364,0,0,0,0
S_top20,corrupt,clean_to_corrupt,v5_qwen3_8b_052,51,24.25,-8.5,0.00020307803060859442,6,0,1.125,2.375,2.374317169189453,12.815372467041016,23.125,-10.875,9,0,33.0,12.5,28.0625,0.11392405063291139,0,0,0,0
S_top20,corrupt,clean_to_corrupt,v5_qwen3_8b_137,136,20.0,-18.0,1.522940706877307e-08,22,0,0.125,0.125,0.12498855590820312,13.896614074707031,19.875,-18.125,16,0,29.75,6.875,24.8125,0.012658227848101266,0,0,0,0
S_top20,corrupt,clean_to_corrupt,v5_qwen3_8b_173,172,27.0,-0.875,0.29260560870170593,2,0,0.5,1.875,1.8711299896240234,7.525341033935547,26.5,-2.75,2,0,29.875,9.5,28.1875,0.14814814814814814,0,0,0,0
S_top20,corrupt,clean_to_corrupt,v5_qwen3_8b_244,243,25.125,-9.375,8.478761446895078e-05,3,0,1.75,3.25,3.250213623046875,16.093521118164062,23.375,-12.625,9,0,32.0,11.25,27.6875,0.2028985507246377,0,0,0,0
S_top20,corrupt,clean_to_corrupt,v5_qwen3_8b_247,246,28.25,-1.75,0.14798881113529205,2,0,1.375,3.0,2.9999141693115234,10.802204132080078,26.875,-4.75,2,0,33.0,13.125,29.9375,0.22448979591836735,0,0,0,0
S_top20,corrupt,clean_to_corrupt,v5_qwen3_8b_013,12,22.5,-15.5,1.8553575387159071e-07,10,0,0.375,0.625,0.6250038146972656,15.120742797851562,22.125,-16.125,11,0,31.5,11.75,26.8125,0.04,0,0,0,0
S_top20,corrupt,clean_to_corrupt,v5_qwen3_8b_211,210,27.0,-1.5,0.18095780909061432,2,0,1.25,3.125,3.1201629638671875,10.84320068359375,25.75,-4.625,2,0,34.25,14.5,30.0,0.14705882352941177,0,0,0,0
S_top20,corrupt,clean_to_corrupt,v5_qwen3_8b_029,28,24.375,-11.875,6.961844064790057e-06,5,0,2.25,3.75,3.7501678466796875,17.09435272216797,22.125,-15.625,11,0,31.125,11.0,26.625,0.25,0,0,0,0
S_top20,corrupt,clean_to_corrupt,v5_qwen3_8b_046,45,24.0,-9.25,9.590784611646086e-05,3,0,1.625,3.125,3.1242103576660156,13.408851623535156,22.375,-12.375,9,0,32.25,11.75,27.3125,0.16455696202531644,0,0,0,0
S_top20,corrupt,clean_to_corrupt,v5_qwen3_8b_057,56,27.125,-1.375,0.20126959681510925,2,0,0.875,2.875,2.874042510986328,10.740856170654297,26.25,-4.25,2,0,31.75,12.375,29.0,0.1590909090909091,0,0,0,0
S_top20,corrupt,clean_to_corrupt,v5_qwen3_8b_169,168,27.875,-0.375,0.40691497921943665,2,0,0.25,1.25,1.2493743896484375,6.336662292480469,27.625,-1.625,2,0,30.75,10.25,29.1875,0.08,0,0,0,0
S_top20,corrupt,clean_to_corrupt,v5_qwen3_8b_233,232,26.625,-2.875,0.053069692105054855,2,0,1.25,2.75,2.7466487884521484,11.481239318847656,25.375,-5.625,2,0,33.5,14.375,29.4375,0.15384615384615385,0,0,0,0
S_top20,corrupt,clean_to_corrupt,v5_qwen3_8b_249,248,27.875,-1.375,0.20150840282440186,2,0,1.125,2.875,2.874208450317383,11.892070770263672,26.75,-4.25,2,0,32.5,13.0,29.625,0.1956521739130435,0,0,0,0
S_top20,corrupt,clean_to_corrupt,v5_qwen3_8b_036,35,26.5,-4.875,0.007566650863736868,2,0,1.0,2.625,2.624757766723633,9.812995910644531,25.5,-7.5,3,0,31.5,11.375,28.5,0.16666666666666666,0,0,0,0
S_top20,corrupt,clean_to_corrupt,v5_qwen3_8b_093,92,24.625,-11.125,1.4735334843862802e-05,4,0,3.5,6.0,6.000389099121094,16.96753692626953,21.125,-17.125,15,0,31.375,10.375,26.25,0.34146341463414637,0,0,0,0
S_top20,corrupt,clean_to_corrupt,v5_qwen3_8b_232,231,26.375,-1.625,0.163372203707695,2,0,1.375,3.375,3.372140884399414,10.039726257324219,25.0,-5.0,2,0,33.0,14.125,29.0,0.171875,0,0,0,0
S_top20,corrupt,clean_to_corrupt,v5_qwen3_8b_034,33,27.125,-2.25,0.09515759348869324,2,0,1.375,3.625,3.624645233154297,13.37966537475586,25.75,-5.875,2,0,32.25,13.5,29.0,0.21153846153846154,0,0,0,0
S_top20,corrupt,clean_to_corrupt,v5_qwen3_8b_055,54,26.75,-3.0,0.047319602221250534,2,0,0.875,2.5,2.4993839263916016,11.068225860595703,25.875,-5.5,2,0,31.875,12.375,28.875,0.14583333333333334,0,0,0,0
S_top20,corrupt,clean_to_corrupt,v5_qwen3_8b_264,263,26.75,-1.25,0.22056134045124054,2,0,1.0,3.25,3.243480682373047,12.02804946899414,25.75,-4.5,2,0,31.25,11.625,28.5,0.18181818181818182,0,0,0,0
S_top20,corrupt,clean_to_corrupt,v5_qwen3_8b_294,293,27.0,-1.25,0.2202780395746231,2,0,1.125,3.0,2.9918441772460938,12.283580780029297,25.875,-4.25,2,0,32.5,12.25,29.1875,0.16981132075471697,0,0,0,0
S_top20,corrupt,clean_to_corrupt,v5_qwen3_8b_044,43,25.125,-7.125,0.0008023366681300104,3,0,1.25,3.0,2.9991683959960938,9.93972396850586,23.875,-10.125,6,0,33.75,13.625,28.8125,0.12658227848101267,0,0,0,0
S_top20,corrupt,clean_to_corrupt,v5_qwen3_8b_205,204,24.625,-8.875,0.0001395384460920468,4,0,1.25,3.0,2.9989700317382812,13.729629516601562,23.375,-11.875,10,0,33.75,14.25,28.5625,0.12048192771084337,0,0,0,0
S_top20,corrupt,clean_to_corrupt,v5_qwen3_8b_214,213,26.875,-1.0,0.2677561342716217,2,0,0.875,3.125,3.1228389739990234,10.778446197509766,26.0,-4.125,2,0,33.0,14.375,29.5,0.125,0,0,0,0
S_top20,corrupt,clean_to_corrupt,v5_qwen3_8b_004,3,22.75,-16.5,6.825553811040663e-08,11,0,0.5,1.5,1.5,19.59588623046875,22.25,-18.0,13,0,33.25,13.75,27.75,0.045454545454545456,0,0,0,0
S_top20,corrupt,clean_to_corrupt,v5_qwen3_8b_033,32,27.75,-1.75,0.14746415615081787,2,0,1.625,3.375,3.3757057189941406,12.050727844238281,26.125,-5.125,2,0,33.0,13.375,29.5625,0.23636363636363636,0,0,0,0
S_top20,corrupt,clean_to_corrupt,v5_qwen3_8b_083,82,20.75,-20.5,1.2501437662848502e-09,28,0,0.125,0.375,0.3750038146972656,18.909759521484375,20.625,-20.875,25,0,31.125,9.625,25.875,0.011904761904761904,0,0,0,0
S_top20,corrupt,clean_to_corrupt,v5_qwen3_8b_234,233,26.875,-0.75,0.3157646656036377,2,0,1.125,2.625,2.6191062927246094,10.905887603759766,25.75,-3.375,2,0,33.75,14.625,29.75,0.140625,0,0,0,0
S_top20,corrupt,clean_to_corrupt,v5_qwen3_8b_106,105,28.5,-0.125,0.4683188796043396,2,0,2.25,5.125,5.12420654296875,14.84848403930664,26.25,-5.25,2,0,32.5,13.375,29.375,0.36,0,0,0,0
S_top20,corrupt,clean_to_corrupt,v5_qwen3_8b_011,10,22.25,-16.75,5.315574824749092e-08,14,0,1.125,2.875,2.874980926513672,21.919570922851562,21.125,-19.625,17,0,32.75,12.25,26.9375,0.0967741935483871,0,0,0,0
S_top20,corrupt,clean_to_corrupt,v5_qwen3_8b_293,292,26.5,0.0,0.49747106432914734,1,0,0.875,2.5,2.495981216430664,7.633052825927734,25.625,-2.5,2,0,32.0,12.875,28.8125,0.13725490196078433,0,0,0,0
S_top20,corrupt,clean_to_corrupt,v5_qwen3_8b_045,44,24.125,-8.125,0.00029432831797748804,4,0,1.375,3.125,3.1227378845214844,13.464927673339844,22.75,-11.25,8,0,32.0,11.25,27.375,0.14864864864864866,0,0,0,0
S_top20,corrupt,clean_to_corrupt,v5_qwen3_8b_282,281,22.875,-10.125,3.9964226743904874e-05,7,0,1.5,2.75,2.74896240234375,13.557209014892578,21.375,-12.875,14,0,31.75,10.375,26.5625,0.14457831325301204,0,0,0,0
S_top20,corrupt,clean_to_corrupt,v5_qwen3_8b_085,84,26.125,-6.375,0.001700400491245091,2,0,2.375,4.125,4.125232696533203,16.97195053100586,23.75,-10.5,4,0,31.75,11.0,27.75,0.296875,0,0,0,0
S_top20,corrupt,clean_to_corrupt,v5_qwen3_8b_236,235,26.5,-1.875,0.12989427149295807,2,0,1.0,2.25,2.2405319213867188,10.417530059814453,25.5,-4.125,2,0,34.25,14.375,29.875,0.11428571428571428,0,0,0,0
S_top20,corrupt,clean_to_corrupt,v5_qwen3_8b_239,238,26.25,-1.625,0.16271933913230896,2,0,1.125,3.0,2.9971466064453125,10.151229858398438,25.125,-4.625,2,0,32.5,13.75,28.8125,0.15254237288135594,0,0,0,0
S_top20,corrupt,clean_to_corrupt,v5_qwen3_8b_238,237,26.375,-1.125,0.24270398914813995,2,0,0.875,2.5,2.4941253662109375,10.683433532714844,25.5,-3.625,2,0,33.0,14.0,29.25,0.11666666666666667,0,0,0,0
S_top20,corrupt,clean_to_corrupt,v5_qwen3_8b_070,69,23.625,-15.625,1.6373725486573676e-07,6,0,1.0,2.75,2.75,18.398223876953125,22.625,-18.375,12,0,31.375,10.125,27.0,0.11428571428571428,0,0,0,0
S_top20,corrupt,clean_to_corrupt,v5_qwen3_8b_283,282,23.875,-9.125,0.00010876914893742651,4,0,1.0,2.0,2.0002059936523438,9.643478393554688,22.875,-11.125,9,0,31.75,10.75,27.3125,0.11267605633802817,0,0,0,0
S_top20,corrupt,clean_to_corrupt,v5_qwen3_8b_145,144,23.375,-12.375,4.221843482810073e-06,9,0,1.25,2.0,2.0000534057617188,13.224250793457031,22.125,-14.375,12,0,27.375,5.875,24.75,0.23809523809523808,0,0,0,0
S_top20,corrupt,clean_to_corrupt,v5_qwen3_8b_170,169,26.75,-0.625,0.3434065878391266,2,0,0.5,1.5,1.5007209777832031,6.638664245605469,26.25,-2.125,2,0,29.875,9.25,28.0625,0.13793103448275862,0,0,0,0
S_top20,corrupt,clean_to_corrupt,v5_qwen3_8b_172,171,27.0,0.0,0.4962184727191925,1,0,0.25,1.25,1.2461013793945312,6.035579681396484,26.75,-1.25,2,0,31.25,12.375,29.0,0.05555555555555555,0,0,0,0
S_top20,corrupt,clean_to_corrupt,v5_qwen3_8b_290,289,24.0,-10.0,4.53843931609299e-05,4,0,0.375,1.125,1.1249580383300781,10.677200317382812,23.625,-11.125,4,0,29.125,9.0,26.375,0.06818181818181818,0,0,0,0
S_top20,corrupt,clean_to_corrupt,v5_qwen3_8b_253,252,24.875,-7.875,0.0003794110962189734,3,0,1.25,2.5,2.4994125366210938,15.070728302001953,23.625,-10.375,6,0,32.5,11.75,28.0625,0.14084507042253522,0,0,0,0
S_top20,corrupt,clean_to_corrupt,v5_qwen3_8b_296,295,26.25,-3.875,0.020143557339906693,2,0,1.0,2.125,2.122272491455078,9.8531494140625,25.25,-6.0,3,0,31.125,10.5,28.1875,0.1702127659574468,0,0,0,0
S_top20,corrupt,clean_to_corrupt,v5_qwen3_8b_121,120,22.75,-15.5,1.8552402991645067e-07,10,0,0.125,0.875,0.8749504089355469,17.003074645996094,22.625,-16.375,12,0,30.375,8.625,26.5,0.016129032258064516,0,0,0,0
S_top20,corrupt,clean_to_corrupt,v5_qwen3_8b_237,236,26.5,-0.375,0.39337122440338135,2,0,1.0,2.75,2.7321319580078125,10.546951293945312,25.5,-3.125,2,0,33.5,14.375,29.5,0.125,0,0,0,0
S_top20,corrupt,clean_to_corrupt,v5_qwen3_8b_018,17,20.75,-16.75,5.315417439533121e-08,22,0,0.25,0.5,0.5000076293945312,19.239303588867188,20.5,-17.25,18,0,32.25,11.375,26.375,0.02127659574468085,0,0,0,0
S_top20,corrupt,clean_to_corrupt,v5_qwen3_8b_088,87,26.75,-7.5,0.0005526270833797753,2,0,2.25,4.5,4.500053405761719,16.985984802246094,24.5,-12.0,6,0,31.75,11.0,28.125,0.3103448275862069,0,0,0,0
S_top20,corrupt,clean_to_corrupt,v5_qwen3_8b_168,167,26.5,-1.125,0.23980145156383514,2,0,0.375,1.625,1.6141242980957031,7.52593994140625,26.125,-2.75,2,0,30.0,8.75,28.0625,0.0967741935483871,0,0,0,0
S_top20,corrupt,clean_to_corrupt,v5_qwen3_8b_268,267,23.25,-8.5,0.00020273499831091613,5,0,2.125,3.375,3.373910903930664,14.101604461669922,21.125,-11.875,10,0,32.75,12.125,26.9375,0.1827956989247312,0,0,0,0
S_top20,corrupt,clean_to_corrupt,v5_qwen3_8b_251,250,25.875,-9.125,0.00010888830001931638,2,0,3.125,5.375,5.375102996826172,17.05670928955078,22.75,-14.5,9,0,33.0,12.375,27.875,0.3048780487804878,0,0,0,0
S_top20,corrupt,clean_to_corrupt,v5_qwen3_8b_020,19,27.0,-4.625,0.009701528586447239,2,0,1.5,3.375,3.374734878540039,14.340484619140625,25.5,-8.0,2,0,31.75,11.875,28.625,0.24,0,0,0,0
S_top20,corrupt,clean_to_corrupt,v5_qwen3_8b_102,101,24.25,-9.75,5.827551649417728e-05,4,0,1.75,3.5,3.4999732971191406,16.95880889892578,22.5,-13.25,11,0,30.125,9.375,26.3125,0.22950819672131148,0,0,0,0
S_top20,corrupt,clean_to_corrupt,v5_qwen3_8b_295,294,27.25,-0.125,0.4637358486652374,2,0,0.75,2.0,2.0000534057617188,5.8807830810546875,26.5,-2.125,2,0,32.25,12.75,29.375,0.13043478260869565,0,0,0,0
S_top20,corrupt,clean_to_corrupt,v5_qwen3_8b_284,283,26.0,-7.0,0.0009107021032832563,2,0,1.25,3.25,3.2498435974121094,13.52437973022461,24.75,-10.25,3,0,31.875,11.25,28.3125,0.17543859649122806,0,0,0,0
S_top20,corrupt,clean_to_corrupt,v5_qwen3_8b_157,156,26.75,-0.25,0.4282202124595642,2,0,0.25,0.875,0.8762073516845703,7.354473114013672,26.5,-1.125,2,0,30.375,12.0,28.4375,0.06451612903225806,0,0,0,0
S_top20,corrupt,clean_to_corrupt,v5_qwen3_8b_150,149,26.5,-4.125,0.015875769779086113,2,0,0.875,1.5,1.5012950897216797,9.59573745727539,25.625,-5.625,2,0,30.25,7.625,27.9375,0.1891891891891892,0,0,0,0
E_top20,clean,corrupt_to_clean,v5_qwen3_8b_037,36,34.0,14.5,0.9999979734420776,1,1,-0.75,-0.5,-0.8355693817138672,-8.503328323364258,34.75,15.0,1,1,20.375,-17.375,27.5625,0.05217391304347826,0,0,0,0
E_top20,clean,corrupt_to_clean,v5_qwen3_8b_111,110,33.0,12.25,0.9999910593032837,1,1,0.0,-0.75,-0.1572742462158203,-6.305764198303223,33.0,13.0,1,1,19.875,-19.875,26.4375,-0.0,0,0,0,0
E_top20,clean,corrupt_to_clean,v5_qwen3_8b_180,179,32.5,9.75,0.9998825788497925,1,1,-0.25,-0.5,-0.5853862762451172,-5.748723983764648,32.75,10.25,1,1,22.75,-12.25,27.75,0.025,0,0,0,0
E_top20,clean,corrupt_to_clean,v5_qwen3_8b_219,218,34.5,14.875,0.9999991655349731,1,1,-0.25,0.0,-0.06288337707519531,-7.2887725830078125,34.75,14.875,1,1,22.625,-12.625,28.6875,0.020618556701030927,0,0,0,0
E_top20,clean,corrupt_to_clean,v5_qwen3_8b_078,77,31.5,9.125,0.9998677968978882,1,1,-0.25,-1.5,-1.2023468017578125,-8.021974563598633,31.75,10.625,1,1,17.5,-26.0,24.625,0.017543859649122806,0,0,0,0
E_top20,clean,corrupt_to_clean,v5_qwen3_8b_270,269,32.25,12.375,0.9999891519546509,1,1,-0.25,-0.125,-0.3999462127685547,-8.710559844970703,32.5,12.5,1,1,22.125,-14.375,27.3125,0.024096385542168676,0,0,0,0
E_top20,clean,corrupt_to_clean,v5_qwen3_8b_141,140,30.125,8.25,0.99962317943573,1,1,-0.25,-0.75,-0.5636177062988281,-6.034580707550049,30.375,9.0,1,1,20.375,-20.125,25.375,0.025,0,0,0,0
E_top20,clean,corrupt_to_clean,v5_qwen3_8b_065,64,31.0,8.375,0.9996095299720764,1,1,-0.25,-1.0,-0.6152172088623047,-6.9266815185546875,31.25,9.375,1,1,20.0,-22.25,25.625,0.022222222222222223,0,0,0,0
E_top20,clean,corrupt_to_clean,v5_qwen3_8b_286,285,32.75,12.75,0.9999929666519165,1,1,0.0,0.375,0.037372589111328125,-7.556344985961914,32.75,12.375,1,1,22.625,-11.875,27.6875,-0.0,0,0,0,0
E_top20,clean,corrupt_to_clean,v5_qwen3_8b_042,41,32.75,11.75,0.9999831914901733,1,1,-0.25,0.0,-0.36738014221191406,-6.597591400146484,33.0,11.75,1,1,21.75,-17.0,27.375,0.022222222222222223,0,0,0,0
E_top20,clean,corrupt_to_clean,v5_qwen3_8b_281,280,32.25,11.375,0.9999743700027466,1,1,0.0,-0.375,-0.19400405883789062,-6.605628967285156,32.25,11.75,1,1,23.5,-11.75,27.875,-0.0,0,0,0,0
E_top20,clean,corrupt_to_clean,v5_qwen3_8b_038,37,33.0,12.25,0.999992847442627,1,1,-0.25,-0.125,-0.20035743713378906,-6.559658050537109,33.25,12.375,1,1,21.75,-14.5,27.5,0.021739130434782608,0,0,0,0
E_top20,clean,corrupt_to_clean,v5_qwen3_8b_092,91,32.5,11.375,0.9999724626541138,1,1,-0.25,-0.375,-0.4134082794189453,-6.775269508361816,32.75,11.75,1,1,21.125,-16.625,26.9375,0.021505376344086023,0,0,0,0
E_top20,clean,corrupt_to_clean,v5_qwen3_8b_112,111,30.75,8.75,0.9996229410171509,1,1,-0.125,0.5,0.00360107421875,-5.892269134521484,30.875,8.25,1,1,23.875,-10.125,27.375,0.017857142857142856,0,0,0,0
E_top20,clean,corrupt_to_clean,v5_qwen3_8b_067,66,32.25,10.875,0.9999593496322632,1,1,-0.25,-0.375,-0.5227642059326172,-6.263309478759766,32.5,11.25,1,1,19.25,-24.5,25.875,0.018867924528301886,0,0,0,0
E_top20,clean,corrupt_to_clean,v5_qwen3_8b_159,158,29.125,6.5,0.9976876974105835,1,1,0.125,-0.125,-0.11574935913085938,-5.939344510436058,29.0,6.625,1,1,22.5,-12.25,25.75,-0.019230769230769232,0,0,0,0
E_top20,clean,corrupt_to_clean,v5_qwen3_8b_028,27,33.0,13.75,0.9999963045120239,1,1,-0.25,0.125,-0.07422828674316406,-6.785209655761719,33.25,13.625,1,1,20.375,-17.875,26.8125,0.019417475728155338,0,0,0,0
E_top20,clean,corrupt_to_clean,v5_qwen3_8b_040,39,32.5,12.0,0.9999885559082031,1,1,-0.25,-1.375,-0.6749019622802734,-6.0846710205078125,32.75,13.375,1,1,21.25,-16.25,27.0,0.021739130434782608,0,0,0,0
E_top20,clean,corrupt_to_clean,v5_qwen3_8b_125,124,27.875,5.375,0.9899303913116455,1,1,-0.125,-0.125,-0.27817344665527344,-4.907787322998047,28.0,5.5,1,1,19.0,-24.25,23.5,0.013888888888888888,0,0,0,0
E_top20,clean,corrupt_to_clean,v5_qwen3_8b_202,201,34.0,14.375,0.9999986886978149,1,1,0.0,0.125,0.028963088989257812,-5.159595489501953,34.0,14.25,1,1,20.25,-17.25,27.125,-0.0,0,0,0,0
E_top20,clean,corrupt_to_clean,v5_qwen3_8b_275,274,32.0,11.25,0.9999747276306152,1,1,-0.25,-0.5,-0.47289085388183594,-5.455799102783203,32.25,11.75,1,1,21.625,-15.625,26.9375,0.023529411764705882,0,0,0,0
E_top20,clean,corrupt_to_clean,v5_qwen3_8b_094,93,32.0,11.375,0.9999713897705078,1,1,0.0,0.25,-0.06531333923339844,-5.930082321166992,32.0,11.125,1,1,20.5,-19.75,26.25,-0.0,0,0,0,0
E_top20,clean,corrupt_to_clean,v5_qwen3_8b_288,287,31.0,9.75,0.9998904466629028,1,1,-0.25,-0.25,-0.3784008026123047,-7.547111511230469,31.25,10.0,1,1,23.0,-11.5,27.125,0.030303030303030304,0,0,0,0
E_top20,clean,corrupt_to_clean,v5_qwen3_8b_300,299,32.75,11.75,0.9999861717224121,1,1,0.0,-0.25,-0.3682403564453125,-6.637607574462891,32.75,12.0,1,1,23.125,-10.375,27.9375,-0.0,0,0,0,0
E_top20,clean,corrupt_to_clean,v5_qwen3_8b_002,1,33.5,13.125,0.9999964237213135,1,1,-0.25,-0.25,-0.23622894287109375,-7.929586410522461,33.75,13.375,1,1,19.875,-21.625,26.8125,0.018018018018018018,0,0,0,0
E_top20,clean,corrupt_to_clean,v5_qwen3_8b_082,81,30.0,8.125,0.999529242515564,1,1,-0.125,-1.0,-0.48607635498046875,-6.225978851318359,30.125,9.125,1,1,21.625,-19.625,25.875,0.014705882352941176,0,0,0,0
E_top20,clean,corrupt_to_clean,v5_qwen3_8b_119,118,29.5,7.25,0.998842179775238,1,1,-0.125,-1.0,-0.5355052947998047,-7.379045486450195,29.625,8.25,1,1,23.75,-10.5,26.6875,0.02127659574468085,0,0,0,0
E_top20,clean,corrupt_to_clean,v5_qwen3_8b_124,123,30.5,8.375,0.9993738532066345,1,1,0.0,-0.625,-0.5554866790771484,-5.554111480712891,30.5,9.0,1,1,22.125,-17.875,26.3125,-0.0,0,0,0,0
E_top20,clean,corrupt_to_clean,v5_qwen3_8b_162,161,31.625,9.875,0.9999144077301025,1,1,0.0,-0.5,-0.2522315979003906,-5.491633415222168,31.625,10.375,1,1,24.0,-9.75,27.8125,-0.0,0,0,0,0
E_top20,clean,corrupt_to_clean,v5_qwen3_8b_209,208,34.0,14.5,0.999998927116394,1,1,0.0,-0.125,-0.09812164306640625,-4.311309814453125,34.0,14.625,1,1,23.25,-11.75,28.625,-0.0,0,0,0,0
E_top20,clean,corrupt_to_clean,v5_qwen3_8b_260,259,30.75,10.75,0.9999513626098633,1,1,-0.25,-0.25,-0.3100452423095703,-6.1626176834106445,31.0,11.0,1,1,23.125,-10.875,27.0625,0.031746031746031744,0,0,0,0
E_top20,clean,corrupt_to_clean,v5_qwen3_8b_298,297,31.125,9.125,0.9998254179954529,1,1,-0.25,-1.375,-0.9920253753662109,-7.418779373168945,31.375,10.5,1,1,23.75,-10.25,27.5625,0.03278688524590164,0,0,0,0
E_top20,clean,corrupt_to_clean,v5_qwen3_8b_024,23,33.0,12.5,0.9999924898147583,1,1,-0.25,0.0,-0.18341445922851562,-6.0101165771484375,33.25,12.5,1,1,21.5,-16.5,27.375,0.02127659574468085,0,0,0,0
E_top20,clean,corrupt_to_clean,v5_qwen3_8b_062,61,29.875,8.875,0.9997273087501526,1,1,-0.125,0.125,-0.2120037078857422,-6.051045894622803,30.0,8.75,1,1,20.75,-19.75,25.375,0.013513513513513514,0,0,0,0
E_top20,clean,corrupt_to_clean,v5_qwen3_8b_206,205,34.5,14.75,0.9999992847442627,1,1,-0.25,-0.125,-0.05675697326660156,-6.338891983032227,34.75,14.875,1,1,23.125,-11.875,28.9375,0.021505376344086023,0,0,0,0
E_top20,clean,corrupt_to_clean,v5_qwen3_8b_227,226,33.5,13.5,0.9999969005584717,1,1,-0.25,-0.375,-0.25554466247558594,-5.41363525390625,33.75,13.875,1,1,24.125,-8.875,28.9375,0.025974025974025976,0,0,0,0
E_top20,clean,corrupt_to_clean,v5_qwen3_8b_277,276,31.875,11.375,0.9999736547470093,1,1,-0.375,-0.25,-0.5219917297363281,-6.899181365966797,32.25,11.625,1,1,22.625,-12.375,27.4375,0.03896103896103896,0,0,0,0
E_top20,clean,corrupt_to_clean,v5_qwen3_8b_279,278,33.75,13.625,0.9999964237213135,1,1,-0.25,-0.25,-0.43427467346191406,-6.671430587768555,34.0,13.875,1,1,21.875,-11.625,27.9375,0.020618556701030927,0,0,0,0
E_top20,clean,corrupt_to_clean,v5_qwen3_8b_041,40,33.25,13.5,0.999996542930603,1,1,0.0,0.125,-0.027231216430664062,-6.220912933349609,33.25,13.375,1,1,22.625,-13.125,27.9375,-0.0,0,0,0,0
E_top20,clean,corrupt_to_clean,v5_qwen3_8b_192,191,34.5,14.0,0.9999985694885254,1,1,0.0,0.125,0.15688323974609375,-4.937204360961914,34.5,13.875,1,1,22.125,-18.875,28.3125,-0.0,0,0,0,0
E_top20,clean,corrupt_to_clean,v5_qwen3_8b_220,219,33.25,14.125,0.9999982118606567,1,1,0.0,0.125,0.11357498168945312,-5.704555511474609,33.25,14.0,1,1,22.25,-13.5,27.75,-0.0,0,0,0,0
E_top20,clean,corrupt_to_clean,v5_qwen3_8b_267,266,31.125,12.5,0.9999855756759644,1,1,0.0,0.0,-0.136444091796875,-5.939294815063477,31.125,12.5,1,1,26.5,-4.125,28.8125,-0.0,0,0,0,0
E_top20,clean,corrupt_to_clean,v5_qwen3_8b_269,268,32.25,12.375,0.9999868869781494,1,1,-0.5,-0.125,-0.6185169219970703,-7.2130584716796875,32.75,12.5,1,1,22.375,-14.125,27.5625,0.04819277108433735,0,0,0,0
E_top20,clean,corrupt_to_clean,v5_qwen3_8b_289,288,32.25,12.25,0.9999872446060181,1,1,0.0,0.375,-0.03695487976074219,-6.347949981689453,32.25,11.875,1,1,20.625,-17.125,26.4375,-0.0,0,0,0,0
E_top20,clean,corrupt_to_clean,v5_qwen3_8b_010,9,33.75,14.25,0.9999977350234985,1,1,0.0,0.25,0.029163360595703125,-7.310735702514648,33.75,14.0,1,1,21.125,-19.625,27.4375,-0.0,0,0,0,0
E_top20,clean,corrupt_to_clean,v5_qwen3_8b_032,31,33.5,13.75,0.9999971389770508,1,1,-0.25,0.125,-0.16531944274902344,-5.975154876708984,33.75,13.625,1,1,18.875,-20.875,26.3125,0.01680672268907563,0,0,0,0
E_top20,clean,corrupt_to_clean,v5_qwen3_8b_066,65,32.5,11.75,0.9999887943267822,1,1,0.0,-1.125,-0.5847606658935547,-6.276979446411133,32.5,12.875,1,1,19.625,-22.625,26.0625,-0.0,0,0,0,0
E_top20,clean,corrupt_to_clean,v5_qwen3_8b_077,76,31.5,9.5,0.9998898506164551,1,1,0.125,-0.375,-0.1793365478515625,-6.6266937255859375,31.375,9.875,1,1,19.625,-21.625,25.5,-0.010638297872340425,0,0,0,0
E_top20,clean,corrupt_to_clean,v5_qwen3_8b_120,119,31.125,9.75,0.9998719692230225,1,1,-0.375,-0.25,-0.4070606231689453,-5.431540489196777,31.5,10.0,1,1,23.25,-11.0,27.375,0.045454545454545456,0,0,0,0
E_top20,clean,corrupt_to_clean,v5_qwen3_8b_241,240,31.625,11.375,0.9999721050262451,1,1,-0.125,0.5,0.0153350830078125,-6.076105117797852,31.75,10.875,1,1,22.125,-13.625,26.9375,0.012987012987012988,0,0,0,0
E_top20,clean,corrupt_to_clean,v5_qwen3_8b_097,96,30.625,9.375,0.9998179078102112,1,1,-0.125,0.5,0.03861236572265625,-5.578946113586426,30.75,8.875,1,1,20.0,-18.75,25.375,0.011627906976744186,0,0,0,0
E_top20,clean,corrupt_to_clean,v5_qwen3_8b_229,228,34.25,14.375,0.999998927116394,1,1,-0.25,-0.125,-0.0213623046875,-5.249996185302734,34.5,14.5,1,1,22.75,-11.5,28.625,0.02127659574468085,0,0,0,0
E_top20,clean,corrupt_to_clean,v5_qwen3_8b_299,298,31.25,10.5,0.999931812286377,1,1,-0.125,-0.25,-0.1929340362548828,-6.674962043762207,31.375,10.75,1,1,22.5,-11.25,26.9375,0.014084507042253521,0,0,0,0
E_top20,clean,corrupt_to_clean,v5_qwen3_8b_073,72,30.75,9.875,0.9998801946640015,1,1,-0.25,0.375,-0.0487518310546875,-7.075839042663574,31.0,9.5,1,1,19.125,-22.875,25.0625,0.021052631578947368,0,0,0,0
E_top20,clean,corrupt_to_clean,v5_qwen3_8b_171,170,30.75,11.0,0.9999610185623169,1,1,0.0,-0.625,-0.11315155029296875,-5.311867713928223,30.75,11.625,1,1,26.25,-2.375,28.5,-0.0,0,0,0,0
E_top20,clean,corrupt_to_clean,v5_qwen3_8b_008,7,31.75,10.25,0.9999305009841919,1,1,-0.25,0.0,-0.24747276306152344,-7.03589391708374,32.0,10.25,1,1,19.875,-22.125,25.9375,0.020618556701030927,0,0,0,0
E_top20,clean,corrupt_to_clean,v5_qwen3_8b_053,52,32.25,10.75,0.9999717473983765,1,1,0.0,-0.25,-0.28655433654785156,-6.948056221008301,32.25,11.0,1,1,22.875,-11.125,27.5625,-0.0,0,0,0,0
E_top20,clean,corrupt_to_clean,v5_qwen3_8b_091,90,30.125,9.625,0.9998496770858765,1,1,-0.125,-0.25,-0.145660400390625,-4.337889194488525,30.25,9.875,1,1,21.5,-16.5,25.875,0.014285714285714285,0,0,0,0
E_top20,clean,corrupt_to_clean,v5_qwen3_8b_221,220,33.0,13.875,0.9999971389770508,1,1,0.0,0.25,0.07110023498535156,-5.103569030761719,33.0,13.625,1,1,23.375,-11.875,28.1875,-0.0,0,0,0,0
E_top20,clean,corrupt_to_clean,v5_qwen3_8b_226,225,33.5,13.75,0.9999979734420776,1,1,-0.25,-0.375,-0.30364418029785156,-6.043632507324219,33.75,14.125,1,1,23.25,-9.75,28.5,0.023809523809523808,0,0,0,0
E_top20,clean,corrupt_to_clean,v5_qwen3_8b_258,257,30.875,11.75,0.9999796152114868,1,1,-0.25,-0.5,-0.33563804626464844,-5.951066970825195,31.125,12.25,1,1,22.25,-12.0,26.6875,0.028169014084507043,0,0,0,0
E_top20,clean,corrupt_to_clean,v5_qwen3_8b_006,5,32.75,13.375,0.9999961853027344,1,1,0.0,-0.125,-0.23090744018554688,-7.025356292724609,32.75,13.5,1,1,21.0,-19.0,26.875,-0.0,0,0,0,0
E_top20,clean,corrupt_to_clean,v5_qwen3_8b_056,55,32.75,13.375,0.9999967813491821,1,1,-0.25,-0.5,-0.4540729522705078,-4.452007293701172,33.0,13.875,1,1,26.75,-3.125,29.875,0.04,0,0,0,0
E_top20,clean,corrupt_to_clean,v5_qwen3_8b_063,62,31.875,10.5,0.9999574422836304,1,1,0.25,-0.625,-0.43768882751464844,-7.237247467041016,31.625,11.125,1,1,20.75,-19.75,26.1875,-0.022988505747126436,0,0,0,0
E_top20,clean,corrupt_to_clean,v5_qwen3_8b_072,71,31.25,9.875,0.9999231100082397,1,1,-0.25,-1.25,-0.731658935546875,-7.765078544616699,31.5,11.125,1,1,20.375,-21.875,25.9375,0.02247191011235955,0,0,0,0
E_top20,clean,corrupt_to_clean,v5_qwen3_8b_105,104,32.5,12.5,0.9999909400939941,1,1,-0.25,-0.75,-0.4967212677001953,-5.422677993774414,32.75,13.25,1,1,21.75,-16.25,27.25,0.022727272727272728,0,0,0,0
E_top20,clean,corrupt_to_clean,v5_qwen3_8b_007,6,34.25,14.0,0.9999982118606567,1,1,0.0,0.125,0.10968399047851562,-6.241056442260742,34.25,13.875,1,1,21.375,-20.125,27.8125,-0.0,0,0,0,0
E_top20,clean,corrupt_to_clean,v5_qwen3_8b_026,25,33.0,13.5,0.9999966621398926,1,1,-0.25,-0.125,-0.20436477661132812,-6.817188262939453,33.25,13.625,1,1,22.25,-16.0,27.75,0.022727272727272728,0,0,0,0
E_top20,clean,corrupt_to_clean,v5_qwen3_8b_054,53,33.25,13.0,0.9999935626983643,1,1,0.0,0.125,-0.0618896484375,-7.084558486938477,33.25,12.875,1,1,25.375,-6.875,29.3125,-0.0,0,0,0,0
E_top20,clean,corrupt_to_clean,v5_qwen3_8b_058,57,32.25,13.125,0.9999946355819702,1,1,0.0,-0.125,-0.08085250854492188,-4.354106903076172,32.25,13.25,1,1,26.5,-4.125,29.375,-0.0,0,0,0,0
E_top20,clean,corrupt_to_clean,v5_qwen3_8b_069,68,31.375,11.0,0.9999568462371826,1,1,0.0,0.125,0.10051536560058594,-4.5835161209106445,31.375,10.875,1,1,21.0,-20.25,26.1875,-0.0,0,0,0,0
E_top20,clean,corrupt_to_clean,v5_qwen3_8b_075,74,31.75,12.625,0.9999885559082031,1,1,0.125,0.5,0.14545631408691406,-4.241426467895508,31.625,12.125,1,1,23.125,-14.875,27.375,-0.014705882352941176,0,0,0,0
E_top20,clean,corrupt_to_clean,v5_qwen3_8b_113,112,30.625,9.875,0.9998958110809326,1,1,-0.25,0.125,-0.10063743591308594,-6.1931657791137695,30.875,9.75,1,1,23.625,-9.875,27.25,0.034482758620689655,0,0,0,0
E_top20,clean,corrupt_to_clean,v5_qwen3_8b_140,139,29.0,6.625,0.9979312419891357,1,1,-0.125,-0.25,-0.29891204833984375,-4.584736585617065,29.125,6.875,1,1,19.375,-21.125,24.25,0.01282051282051282,0,0,0,0
E_top20,clean,corrupt_to_clean,v5_qwen3_8b_276,275,30.625,9.375,0.9998161196708679,1,1,-0.125,-0.125,-0.3554115295410156,-7.21994161605835,30.75,9.5,1,1,22.75,-10.75,26.75,0.015625,0,0,0,0
E_top20,clean,corrupt_to_clean,v5_qwen3_8b_292,291,30.5,9.875,0.9998979568481445,1,1,-0.375,-0.125,-0.3555793762207031,-6.203344821929932,30.875,10.0,1,1,24.0,-10.25,27.4375,0.05454545454545454,0,0,0,0
E_top20,clean,corrupt_to_clean,v5_qwen3_8b_051,50,30.75,9.5,0.9999028444290161,1,1,-0.125,-0.25,-0.25292205810546875,-6.077226638793945,30.875,9.75,1,1,21.75,-12.75,26.3125,0.0136986301369863,0,0,0,0
E_top20,clean,corrupt_to_clean,v5_qwen3_8b_095,94,30.75,11.375,0.9999637603759766,1,1,-0.25,0.0,-0.20827865600585938,-5.204401016235352,31.0,11.375,1,1,23.0,-14.0,27.0,0.03125,0,0,0,0
E_top20,clean,corrupt_to_clean,v5_qwen3_8b_118,117,32.0,11.5,0.9999805688858032,1,1,0.0,-0.625,-0.2814674377441406,-6.2132568359375,32.0,12.125,1,1,24.25,-9.5,28.125,-0.0,0,0,0,0
E_top20,clean,corrupt_to_clean,v5_qwen3_8b_132,131,30.0,7.875,0.9994139671325684,1,1,0.125,-0.125,-0.16513442993164062,-3.8155293464660645,29.875,8.0,1,1,21.25,-19.25,25.5625,-0.014492753623188406,0,0,0,0
E_top20,clean,corrupt_to_clean,v5_qwen3_8b_133,132,31.375,12.625,0.9999910593032837,1,1,0.125,0.125,0.04609107971191406,-3.2728271484375,31.25,12.5,1,1,23.875,-14.375,27.5625,-0.01694915254237288,0,0,0,0
E_top20,clean,corrupt_to_clean,v5_qwen3_8b_001,0,32.0,12.5,0.9999903440475464,1,1,-0.25,0.125,-0.12090492248535156,-6.148464202880859,32.25,12.375,1,1,20.625,-19.375,26.4375,0.021505376344086023,0,0,0,0
E_top20,clean,corrupt_to_clean,v5_qwen3_8b_019,18,32.25,11.5,0.9999829530715942,1,1,-0.25,-0.125,-0.259033203125,-6.156251907348633,32.5,11.625,1,1,22.125,-14.125,27.3125,0.024096385542168676,0,0,0,0
E_top20,clean,corrupt_to_clean,v5_qwen3_8b_039,38,32.75,12.25,0.9999924898147583,1,1,0.0,0.25,0.11889266967773438,-6.088212966918945,32.75,12.0,1,1,22.125,-15.875,27.4375,-0.0,0,0,0,0
E_top20,clean,corrupt_to_clean,v5_qwen3_8b_049,48,31.875,12.25,0.9999897480010986,1,1,0.0,0.0,-0.09702873229980469,-6.854722023010254,31.875,12.25,1,1,23.625,-10.375,27.75,-0.0,0,0,0,0
E_top20,clean,corrupt_to_clean,v5_qwen3_8b_064,63,31.75,11.0,0.9999704360961914,1,1,-0.125,-0.5,-0.3748912811279297,-6.373695373535156,31.875,11.5,1,1,20.375,-23.375,26.125,0.010869565217391304,0,0,0,0
E_top20,clean,corrupt_to_clean,v5_qwen3_8b_084,83,29.75,8.375,0.9995300769805908,1,1,-0.25,0.0,-0.320709228515625,-6.330833435058594,30.0,8.375,1,1,20.125,-18.875,25.0625,0.02531645569620253,0,0,0,0
E_top20,clean,corrupt_to_clean,v5_qwen3_8b_143,142,28.375,5.75,0.9953815937042236,1,1,0.0,-0.375,-0.20692825317382812,-4.100447237491608,28.375,6.125,1,1,22.5,-14.0,25.4375,-0.0,0,0,0,0
E_top20,clean,corrupt_to_clean,v5_qwen3_8b_154,153,30.625,10.625,0.9999184608459473,1,1,0.125,0.25,0.119415283203125,-3.114220142364502,30.5,10.375,1,1,26.875,-3.375,28.6875,-0.034482758620689655,0,0,0,0
E_top20,clean,corrupt_to_clean,v5_qwen3_8b_197,196,33.0,14.125,0.9999979734420776,1,1,0.0,-0.125,-0.016077041625976562,-3.115121841430664,33.0,14.25,1,1,25.875,-5.375,29.4375,-0.0,0,0,0,0
E_top20,clean,corrupt_to_clean,v5_qwen3_8b_246,245,32.25,11.75,0.9999839067459106,1,1,-0.25,-0.875,-0.28791236877441406,-4.050966262817383,32.5,12.625,1,1,23.125,-11.375,27.8125,0.02666666666666667,0,0,0,0
E_top20,clean,corrupt_to_clean,v5_qwen3_8b_261,260,31.875,11.25,0.9999752044677734,1,1,-0.125,-0.125,-0.19991683959960938,-4.753636360168457,32.0,11.375,1,1,22.875,-13.125,27.4375,0.0136986301369863,0,0,0,0
E_top20,clean,corrupt_to_clean,v5_qwen3_8b_096,95,30.625,10.5,0.999929666519165,1,1,-0.125,0.25,-0.16554832458496094,-6.293639659881592,30.75,10.25,1,1,17.125,-23.625,23.9375,0.009174311926605505,0,0,0,0
E_top20,clean,corrupt_to_clean,v5_qwen3_8b_134,133,30.5,10.875,0.9999551773071289,1,1,0.25,0.125,0.08187675476074219,-4.081077575683594,30.25,10.75,1,1,23.75,-14.5,27.0,-0.038461538461538464,0,0,0,0
E_top20,clean,corrupt_to_clean,v5_qwen3_8b_153,152,30.625,11.375,0.9999690055847168,1,1,0.125,0.125,0.03342628479003906,-3.4767260551452637,30.5,11.25,1,1,26.625,-3.0,28.5625,-0.03225806451612903,0,0,0,0
E_top20,clean,corrupt_to_clean,v5_qwen3_8b_203,202,33.5,13.75,0.9999977350234985,1,1,-0.25,-0.375,-0.25670814514160156,-6.6009063720703125,33.75,14.125,1,1,22.625,-13.375,28.1875,0.02247191011235955,0,0,0,0
E_top20,clean,corrupt_to_clean,v5_qwen3_8b_204,203,33.5,13.5,0.9999970197677612,1,1,0.0,0.125,0.07786941528320312,-6.013795852661133,33.5,13.375,1,1,21.875,-14.375,27.6875,-0.0,0,0,0,0
E_top20,clean,corrupt_to_clean,v5_qwen3_8b_215,214,33.5,14.25,0.9999984502792358,1,1,0.0,-0.125,-0.17584228515625,-5.912174224853516,33.5,14.375,1,1,26.5,-4.0,30.0,-0.0,0,0,0,0
E_top20,clean,corrupt_to_clean,v5_qwen3_8b_250,249,31.625,10.75,0.9999672174453735,1,1,-0.25,-0.5,-0.4206714630126953,-4.493433952331543,31.875,11.25,1,1,25.5,-8.0,28.6875,0.0392156862745098,0,0,0,0
E_top20,clean,corrupt_to_clean,v5_qwen3_8b_252,251,32.25,9.625,0.9999274015426636,1,1,-0.25,-0.625,-0.6275825500488281,-6.947549819946289,32.5,10.25,1,1,22.125,-13.625,27.3125,0.024096385542168676,0,0,0,0
E_top20,clean,corrupt_to_clean,v5_qwen3_8b_021,20,31.875,11.125,0.9999697208404541,1,1,0.0,0.0,-0.13438987731933594,-5.697292327880859,31.875,11.125,1,1,17.25,-24.25,24.5625,-0.0,0,0,0,0
E_top20,clean,corrupt_to_clean,v5_qwen3_8b_074,73,31.75,13.125,0.9999910593032837,1,1,0.0,0.5,0.2288799285888672,-3.9981536865234375,31.75,12.625,1,1,24.0,-14.0,27.875,-0.0,0,0,0,0
E_top20,clean,corrupt_to_clean,v5_qwen3_8b_149,148,27.125,2.625,0.9105142951011658,1,1,0.375,0.25,0.2056427001953125,-2.937610626220703,26.75,2.375,1,1,23.0,-11.25,24.875,-0.1,0,0,0,0
E_top20,clean,corrupt_to_clean,v5_qwen3_8b_176,175,30.5,10.75,0.9999614953994751,1,1,0.125,0.125,0.0932769775390625,-3.795877456665039,30.375,10.625,1,1,26.5,-2.5,28.4375,-0.03225806451612903,0,0,0,0
E_top20,clean,corrupt_to_clean,v5_qwen3_8b_186,185,34.25,14.5,0.9999990463256836,1,1,0.0,0.0,0.023136138916015625,-5.121366500854492,34.25,14.5,1,1,24.625,-13.625,29.4375,-0.0,0,0,0,0
E_top20,clean,corrupt_to_clean,v5_qwen3_8b_222,221,33.0,13.125,0.9999961853027344,1,1,0.0,-0.375,-0.21175003051757812,-5.725730895996094,33.0,13.5,1,1,24.125,-10.625,28.5625,-0.0,0,0,0,0
E_top20,clean,corrupt_to_clean,v5_qwen3_8b_240,239,33.25,13.875,0.9999982118606567,1,1,-0.25,-0.375,-0.3446216583251953,-4.499799728393555,33.5,14.25,1,1,25.375,-5.75,29.4375,0.03076923076923077,0,0,0,0
E_top20,clean,corrupt_to_clean,v5_qwen3_8b_005,4,33.25,12.125,0.9999903440475464,1,1,-0.25,-1.125,-0.6458721160888672,-6.397411346435547,33.5,13.25,1,1,21.625,-18.875,27.5625,0.021052631578947368,0,0,0,0
E_top20,clean,corrupt_to_clean,v5_qwen3_8b_022,21,32.5,12.625,0.9999884366989136,1,1,-0.25,-0.125,-0.4880809783935547,-7.637369155883789,32.75,12.75,1,1,21.5,-17.5,27.125,0.022222222222222223,0,0,0,0
E_top20,clean,corrupt_to_clean,v5_qwen3_8b_076,75,31.625,12.625,0.9999895095825195,1,1,0.0,-0.125,-0.12022972106933594,-5.103398323059082,31.625,12.75,1,1,23.0,-15.25,27.3125,-0.0,0,0,0,0
E_top20,clean,corrupt_to_clean,v5_qwen3_8b_079,78,31.375,9.5,0.9998748302459717,1,1,0.0,0.25,-0.013904571533203125,-6.803276538848877,31.375,9.25,1,1,18.625,-24.125,25.0,-0.0,0,0,0,0
E_top20,clean,corrupt_to_clean,v5_qwen3_8b_152,151,30.375,10.125,0.999901294708252,1,1,0.0,-0.25,-0.14214134216308594,-5.056244850158691,30.375,10.375,1,1,26.25,-3.75,28.3125,-0.0,0,0,0,0
E_top20,clean,corrupt_to_clean,v5_qwen3_8b_155,154,30.625,10.0,0.9999147653579712,1,1,0.125,0.375,0.44037628173828125,-2.8047332763671875,30.5,9.625,1,1,26.75,-3.375,28.625,-0.03333333333333333,0,0,0,0
E_top20,clean,corrupt_to_clean,v5_qwen3_8b_164,163,29.25,6.375,0.9972374439239502,1,1,-0.25,-1.0,-0.6869354248046875,-5.012247323989868,29.5,7.375,1,1,23.25,-10.75,26.375,0.04,0,0,0,0
E_top20,clean,corrupt_to_clean,v5_qwen3_8b_182,181,33.5,13.875,0.999997615814209,1,1,0.0,0.125,0.000125885009765625,-6.765830993652344,33.5,13.75,1,1,19.625,-21.125,26.5625,-0.0,0,0,0,0
E_top20,clean,corrupt_to_clean,v5_qwen3_8b_228,227,33.75,13.875,0.9999984502792358,1,1,-0.5,-0.25,-0.323455810546875,-6.784812927246094,34.25,14.125,1,1,23.625,-10.125,28.9375,0.047058823529411764,0,0,0,0
E_top20,clean,corrupt_to_clean,v5_qwen3_8b_081,80,31.625,10.375,0.9999130964279175,1,1,-0.375,0.125,-0.46280670166015625,-7.3686933517456055,32.0,10.25,1,1,19.25,-23.75,25.625,0.029411764705882353,0,0,0,0
E_top20,clean,corrupt_to_clean,v5_qwen3_8b_090,89,29.5,8.0,0.9992963075637817,1,1,-0.25,0.125,-0.1477813720703125,-5.363768577575684,29.75,7.875,1,1,19.875,-21.125,24.8125,0.02531645569620253,0,0,0,0
E_top20,clean,corrupt_to_clean,v5_qwen3_8b_099,98,29.875,8.875,0.9996877908706665,1,1,-0.125,-0.5,-0.44780731201171875,-6.274350643157959,30.0,9.375,1,1,20.625,-18.375,25.3125,0.013333333333333334,0,0,0,0
E_top20,clean,corrupt_to_clean,v5_qwen3_8b_109,108,30.875,10.875,0.9999547004699707,1,1,0.0,0.25,0.07960128784179688,-3.966519355773926,30.875,10.625,1,1,25.625,-7.375,28.25,-0.0,0,0,0,0
E_top20,clean,corrupt_to_clean,v5_qwen3_8b_110,109,32.5,11.0,0.9999769926071167,1,1,-0.25,-1.25,-0.6796951293945312,-6.173344612121582,32.75,12.25,1,1,21.0,-16.5,26.875,0.02127659574468085,0,0,0,0
E_top20,clean,corrupt_to_clean,v5_qwen3_8b_122,121,29.25,6.75,0.9977036118507385,1,1,-0.375,-0.875,-0.8214855194091797,-4.857202768325806,29.625,7.625,1,1,19.125,-23.875,24.375,0.03571428571428571,0,0,0,0
E_top20,clean,corrupt_to_clean,v5_qwen3_8b_136,135,30.5,11.375,0.9999724626541138,1,1,0.0,0.125,-0.03363227844238281,-4.855510711669922,30.5,11.25,1,1,23.625,-14.875,27.0625,-0.0,0,0,0,0
E_top20,clean,corrupt_to_clean,v5_qwen3_8b_147,146,31.5,12.25,0.9999831914901733,1,1,0.0,0.25,0.12670516967773438,-2.6437320709228516,31.5,12.0,1,1,26.875,-3.875,29.1875,-0.0,0,0,0,0
E_top20,clean,corrupt_to_clean,v5_qwen3_8b_225,224,33.5,14.125,0.9999982118606567,1,1,-0.25,-0.125,-0.20506668090820312,-6.1087646484375,33.75,14.25,1,1,22.875,-10.625,28.3125,0.022988505747126436,0,0,0,0
E_top20,clean,corrupt_to_clean,v5_qwen3_8b_255,254,32.75,11.875,0.9999841451644897,1,1,-0.25,-0.5,-0.6001930236816406,-6.804610252380371,33.0,12.375,1,1,23.875,-11.125,28.4375,0.0273972602739726,0,0,0,0
E_top20,clean,corrupt_to_clean,v5_qwen3_8b_015,14,30.875,11.5,0.9999790191650391,1,1,0.125,0.125,0.18352699279785156,-3.7893223762512207,30.75,11.375,1,1,22.625,-15.875,26.6875,-0.015384615384615385,0,0,0,0
E_top20,clean,corrupt_to_clean,v5_qwen3_8b_016,15,32.5,13.375,0.9999969005584717,1,1,0.0,-0.125,-0.0009632110595703125,-4.922304153442383,32.5,13.5,1,1,23.75,-15.0,28.125,-0.0,0,0,0,0
E_top20,clean,corrupt_to_clean,v5_qwen3_8b_098,97,31.0,10.625,0.9999560117721558,1,1,-0.375,-1.25,-0.6683025360107422,-6.256401062011719,31.375,11.875,1,1,21.625,-18.125,26.5,0.038461538461538464,0,0,0,0
E_top20,clean,corrupt_to_clean,v5_qwen3_8b_174,173,30.0,9.875,0.9998996257781982,1,1,0.25,0.5,0.4102001190185547,-2.293242134153843,29.75,9.375,1,1,26.75,-2.75,28.25,-0.08333333333333333,0,0,0,0
E_top20,clean,corrupt_to_clean,v5_qwen3_8b_177,176,32.25,9.875,0.9999110698699951,1,1,-0.5,-1.125,-0.9896564483642578,-5.5055084228515625,32.75,11.0,1,1,24.125,-6.25,28.4375,0.057971014492753624,0,0,0,0
E_top20,clean,corrupt_to_clean,v5_qwen3_8b_181,180,34.25,14.5,0.9999991655349731,1,1,-0.25,-0.375,-0.2316761016845703,-7.273275375366211,34.5,14.875,1,1,22.125,-18.375,28.3125,0.020202020202020204,0,0,0,0
E_top20,clean,corrupt_to_clean,v5_qwen3_8b_191,190,33.5,14.0,0.9999984502792358,1,1,0.0,-0.125,-0.07701301574707031,-4.521720886230469,33.5,14.125,1,1,23.25,-16.25,28.375,-0.0,0,0,0,0
E_top20,clean,corrupt_to_clean,v5_qwen3_8b_273,272,31.75,10.5,0.9999531507492065,1,1,-0.125,-1.125,-0.6328105926513672,-7.411216735839844,31.875,11.625,1,1,23.375,-12.125,27.625,0.014705882352941176,0,0,0,0
E_top20,clean,corrupt_to_clean,v5_qwen3_8b_297,296,30.875,11.125,0.9999738931655884,1,1,-0.25,-0.25,-0.23280715942382812,-6.1125030517578125,31.125,11.375,1,1,25.625,-4.25,28.375,0.045454545454545456,0,0,0,0
E_top20,clean,corrupt_to_clean,v5_qwen3_8b_050,49,33.0,13.25,0.9999953508377075,1,1,-0.25,-0.25,-0.3898944854736328,-8.428388595581055,33.25,13.5,1,1,24.375,-10.375,28.8125,0.028169014084507043,0,0,0,0
E_top20,clean,corrupt_to_clean,v5_qwen3_8b_115,114,30.25,9.0,0.999823272228241,1,1,-0.25,0.125,-0.001247406005859375,-6.2164225578308105,30.5,8.875,1,1,23.0,-11.75,26.75,0.03333333333333333,0,0,0,0
E_top20,clean,corrupt_to_clean,v5_qwen3_8b_116,115,28.75,6.125,0.9963177442550659,1,1,-0.625,-1.125,-1.2318706512451172,-8.167757272720337,29.375,7.25,1,1,22.125,-14.375,25.75,0.08620689655172414,0,0,0,0
E_top20,clean,corrupt_to_clean,v5_qwen3_8b_139,138,29.25,5.625,0.9960636496543884,1,1,-0.25,-0.5,-0.5008831024169922,-4.302401304244995,29.5,6.125,1,1,20.0,-22.25,24.75,0.02631578947368421,0,0,0,0
E_top20,clean,corrupt_to_clean,v5_qwen3_8b_166,165,28.875,6.375,0.9962171912193298,1,1,0.0,-0.625,-0.5371379852294922,-5.384967863559723,28.875,7.0,1,1,23.125,-11.625,26.0,-0.0,0,0,0,0
E_top20,clean,corrupt_to_clean,v5_qwen3_8b_178,177,30.625,7.75,0.9991661310195923,1,1,-0.5,-1.125,-1.2330169677734375,-7.193583965301514,31.125,8.875,1,1,23.25,-12.25,27.1875,0.06349206349206349,0,0,0,0
E_top20,clean,corrupt_to_clean,v5_qwen3_8b_199,198,33.75,14.125,0.9999983310699463,1,1,0.0,0.0,-0.04178428649902344,-6.221506118774414,33.75,14.125,1,1,23.0,-13.5,28.375,-0.0,0,0,0,0
E_top20,clean,corrupt_to_clean,v5_qwen3_8b_242,241,32.5,12.875,0.9999933242797852,1,1,0.0,-0.375,-0.2339935302734375,-5.94489860534668,32.5,13.25,1,1,23.75,-12.25,28.125,-0.0,0,0,0,0
E_top20,clean,corrupt_to_clean,v5_qwen3_8b_254,253,32.5,12.0,0.999988317489624,1,1,-0.25,0.125,-0.14162254333496094,-6.74766731262207,32.75,11.875,1,1,23.875,-10.375,28.3125,0.028169014084507043,0,0,0,0
E_top20,clean,corrupt_to_clean,v5_qwen3_8b_274,273,31.25,11.375,0.999968409538269,1,1,-0.125,-0.125,-0.2717247009277344,-6.574468612670898,31.375,11.5,1,1,23.125,-11.875,27.25,0.015151515151515152,0,0,0,0
E_top20,clean,corrupt_to_clean,v5_qwen3_8b_003,2,33.0,13.375,0.9999955892562866,1,1,-0.25,-0.5,-0.6903820037841797,-8.37588882446289,33.25,13.875,1,1,21.25,-19.5,27.25,0.020833333333333332,0,0,0,0
E_top20,clean,corrupt_to_clean,v5_qwen3_8b_030,29,33.0,13.125,0.9999949932098389,1,1,-0.25,-0.25,-0.48772621154785156,-7.408365249633789,33.25,13.375,1,1,21.375,-17.375,27.3125,0.021052631578947368,0,0,0,0
E_top20,clean,corrupt_to_clean,v5_qwen3_8b_086,85,32.25,10.0,0.9999431371688843,1,1,-0.25,-1.5,-0.9341163635253906,-5.735107421875,32.5,11.5,1,1,22.5,-16.0,27.5,0.025,0,0,0,0
E_top20,clean,corrupt_to_clean,v5_qwen3_8b_014,13,32.5,13.0,0.9999934434890747,1,1,0.0,0.25,0.07862091064453125,-5.309499740600586,32.5,12.75,1,1,23.25,-15.5,27.875,-0.0,0,0,0,0
E_top20,clean,corrupt_to_clean,v5_qwen3_8b_060,59,33.5,12.625,0.9999927282333374,1,1,0.0,-0.25,-0.3756999969482422,-8.678030014038086,33.5,12.875,1,1,22.875,-11.375,28.1875,-0.0,0,0,0,0
E_top20,clean,corrupt_to_clean,v5_qwen3_8b_061,60,30.75,8.75,0.9997170567512512,1,1,-0.375,-0.375,-0.5292263031005859,-5.274985313415527,31.125,9.125,1,1,20.5,-20.0,25.8125,0.03529411764705882,0,0,0,0
E_top20,clean,corrupt_to_clean,v5_qwen3_8b_127,126,30.625,8.5,0.9996774196624756,1,1,-0.125,-0.75,-0.5105991363525391,-5.0240302085876465,30.75,9.25,1,1,21.875,-20.375,26.3125,0.014084507042253521,0,0,0,0
E_top20,clean,corrupt_to_clean,v5_qwen3_8b_128,127,29.75,8.0,0.9991523027420044,1,1,0.0,-0.25,-0.3774738311767578,-4.975859642028809,29.75,8.25,1,1,21.625,-19.875,25.6875,-0.0,0,0,0,0
E_top20,clean,corrupt_to_clean,v5_qwen3_8b_130,129,30.5,7.0,0.9988221526145935,1,1,-0.125,-1.125,-0.9390640258789062,-6.150899887084961,30.625,8.125,1,1,20.25,-21.25,25.4375,0.012048192771084338,0,0,0,0
E_top20,clean,corrupt_to_clean,v5_qwen3_8b_190,189,33.25,14.25,0.9999982118606567,1,1,0.0,-0.125,-0.155487060546875,-4.623125076293945,33.25,14.375,1,1,22.5,-16.5,27.875,-0.0,0,0,0,0
E_top20,clean,corrupt_to_clean,v5_qwen3_8b_198,197,32.75,14.0,0.9999978542327881,1,1,0.0,0.0,-0.07714271545410156,-3.9861202239990234,32.75,14.0,1,1,26.125,-6.125,29.4375,-0.0,0,0,0,0
E_top20,clean,corrupt_to_clean,v5_qwen3_8b_212,211,32.25,13.0,0.9999957084655762,1,1,0.25,-0.25,-0.060779571533203125,-4.715242385864258,32.0,13.25,1,1,26.0,-4.5,29.0,-0.041666666666666664,0,0,0,0
E_top20,clean,corrupt_to_clean,v5_qwen3_8b_224,223,34.25,14.125,0.9999985694885254,1,1,-0.25,-0.375,-0.264190673828125,-6.719841003417969,34.5,14.5,1,1,22.375,-11.875,28.4375,0.020618556701030927,0,0,0,0
E_top20,clean,corrupt_to_clean,v5_qwen3_8b_248,247,32.75,12.5,0.9999916553497314,1,1,-0.25,0.0,-0.1579742431640625,-4.60243034362793,33.0,12.5,1,1,27.0,-4.75,30.0,0.041666666666666664,0,0,0,0
E_top20,clean,corrupt_to_clean,v5_qwen3_8b_259,258,31.875,10.0,0.9999313354492188,1,1,-0.125,-0.125,-0.3052082061767578,-8.815482139587402,32.0,10.125,1,1,22.375,-14.375,27.1875,0.012987012987012988,0,0,0,0
E_top20,clean,corrupt_to_clean,v5_qwen3_8b_287,286,31.5,9.375,0.9998884201049805,1,1,-0.5,-0.875,-0.8760948181152344,-7.5912041664123535,32.0,10.25,1,1,22.75,-14.25,27.375,0.05405405405405406,0,0,0,0
E_top20,clean,corrupt_to_clean,v5_qwen3_8b_017,16,32.75,13.25,0.9999960660934448,1,1,0.0,-0.125,0.03327751159667969,-4.682987213134766,32.75,13.375,1,1,23.625,-14.625,28.1875,-0.0,0,0,0,0
E_top20,clean,corrupt_to_clean,v5_qwen3_8b_035,34,32.5,12.875,0.9999943971633911,1,1,-0.25,-0.375,-0.2391376495361328,-4.799171447753906,32.75,13.25,1,1,25.75,-6.25,29.25,0.03571428571428571,0,0,0,0
E_top20,clean,corrupt_to_clean,v5_qwen3_8b_129,128,27.625,3.875,0.9734506607055664,1,1,-0.5,-1.375,-1.1791114807128906,-5.8271609246730804,28.125,5.25,1,1,19.125,-24.875,23.625,0.05555555555555555,0,0,0,0
E_top20,clean,corrupt_to_clean,v5_qwen3_8b_131,130,29.125,6.875,0.9974823594093323,1,1,0.0,-0.25,-0.3315162658691406,-4.273015737533569,29.125,7.125,1,1,20.625,-20.125,24.875,-0.0,0,0,0,0
E_top20,clean,corrupt_to_clean,v5_qwen3_8b_146,145,29.5,6.75,0.9978699684143066,1,1,-0.25,-0.625,-0.6186847686767578,-4.800468444824219,29.75,7.375,1,1,25.25,-8.25,27.5,0.05555555555555555,0,0,0,0
E_top20,clean,corrupt_to_clean,v5_qwen3_8b_158,157,30.125,8.25,0.9996254444122314,1,1,0.0,-0.5,-0.474151611328125,-6.178431987762451,30.125,8.75,1,1,23.75,-9.25,26.9375,-0.0,0,0,0,0
E_top20,clean,corrupt_to_clean,v5_qwen3_8b_163,162,27.625,4.0,0.9581152200698853,1,1,-0.5,-1.5,-1.2729625701904297,-4.602999687194824,28.125,5.5,1,1,22.375,-14.625,25.25,0.08695652173913043,0,0,0,0
E_top20,clean,corrupt_to_clean,v5_qwen3_8b_207,206,34.0,14.5,0.9999990463256836,1,1,0.0,0.0,-0.021148681640625,-5.369192123413086,34.0,14.5,1,1,22.5,-12.25,28.25,-0.0,0,0,0,0
E_top20,clean,corrupt_to_clean,v5_qwen3_8b_217,216,33.75,14.5,0.999998927116394,1,1,0.25,0.0,0.07598304748535156,-5.246347427368164,33.5,14.5,1,1,25.875,-5.875,29.6875,-0.03278688524590164,0,0,0,0
E_top20,clean,corrupt_to_clean,v5_qwen3_8b_023,22,32.5,13.375,0.9999949932098389,1,1,0.0,0.25,-0.029582977294921875,-6.941923141479492,32.5,13.125,1,1,24.0,-12.0,28.25,-0.0,0,0,0,0
E_top20,clean,corrupt_to_clean,v5_qwen3_8b_031,30,33.5,13.875,0.9999982118606567,1,1,0.0,-0.125,-0.062152862548828125,-7.796276092529297,33.5,14.0,1,1,22.375,-13.875,27.9375,-0.0,0,0,0,0
E_top20,clean,corrupt_to_clean,v5_qwen3_8b_135,134,31.125,12.125,0.9999725818634033,1,1,0.0,0.125,-0.07611274719238281,-3.030764579772949,31.125,12.0,1,1,24.0,-13.0,27.5625,-0.0,0,0,0,0
E_top20,clean,corrupt_to_clean,v5_qwen3_8b_138,137,29.375,6.125,0.9957340359687805,1,1,0.0,-0.125,-0.2700023651123047,-3.5709962844848633,29.375,6.25,1,1,19.375,-21.125,24.375,-0.0,0,0,0,0
E_top20,clean,corrupt_to_clean,v5_qwen3_8b_175,174,29.625,9.625,0.9997900128364563,1,1,0.125,0.0,-0.08083343505859375,-3.9126810431480408,29.5,9.625,1,1,25.5,-2.5,27.5,-0.03125,0,0,0,0
E_top20,clean,corrupt_to_clean,v5_qwen3_8b_179,178,30.625,8.0,0.9993444085121155,1,1,0.125,0.0,-0.0017642974853515625,-4.52496537566185,30.5,8.0,1,1,23.875,-10.375,27.1875,-0.018867924528301886,0,0,0,0
E_top20,clean,corrupt_to_clean,v5_qwen3_8b_200,199,34.0,14.25,0.9999982118606567,1,1,0.0,0.125,0.07144927978515625,-5.612918853759766,34.0,14.125,1,1,23.625,-9.625,28.8125,-0.0,0,0,0,0
E_top20,clean,corrupt_to_clean,v5_qwen3_8b_243,242,32.5,12.125,0.9999886751174927,1,1,-0.25,0.0,-0.2550392150878906,-6.618202209472656,32.75,12.125,1,1,23.5,-11.75,28.125,0.02702702702702703,0,0,0,0
E_top20,clean,corrupt_to_clean,v5_qwen3_8b_059,58,32.25,13.25,0.9999951124191284,1,1,-0.25,-0.375,-0.4237403869628906,-5.585165023803711,32.5,13.625,1,1,26.375,-5.0,29.4375,0.04081632653061224,0,0,0,0
E_top20,clean,corrupt_to_clean,v5_qwen3_8b_156,155,29.875,8.875,0.9997088313102722,1,1,0.125,0.25,0.24678993225097656,-2.318286746740341,29.75,8.625,1,1,26.875,-3.625,28.3125,-0.043478260869565216,0,0,0,0
E_top20,clean,corrupt_to_clean,v5_qwen3_8b_266,265,31.625,12.375,0.9999862909317017,1,1,-0.25,0.125,0.014095306396484375,-5.514359474182129,31.875,12.25,1,1,26.125,-4.125,29.0,0.043478260869565216,0,0,0,0
E_top20,clean,corrupt_to_clean,v5_qwen3_8b_278,277,30.0,7.875,0.9994266033172607,1,1,-0.375,-0.375,-0.5332088470458984,-7.224598407745361,30.375,8.25,1,1,23.125,-12.125,26.75,0.05172413793103448,0,0,0,0
E_top20,clean,corrupt_to_clean,v5_qwen3_8b_009,8,31.75,11.75,0.9999815225601196,1,1,-0.125,0.0,-0.14747238159179688,-5.574579238891602,31.875,11.75,1,1,19.625,-23.125,25.75,0.01020408163265306,0,0,0,0
E_top20,clean,corrupt_to_clean,v5_qwen3_8b_160,159,28.0,4.375,0.9764196872711182,1,1,0.0,-0.375,-0.2922039031982422,-4.61945915222168,28.0,4.75,1,1,22.25,-13.25,25.125,-0.0,0,0,0,0
E_top20,clean,corrupt_to_clean,v5_qwen3_8b_218,217,34.0,14.125,0.9999985694885254,1,1,0.0,0.0,-0.024097442626953125,-6.248638153076172,34.0,14.125,1,1,23.625,-11.625,28.8125,-0.0,0,0,0,0
E_top20,clean,corrupt_to_clean,v5_qwen3_8b_231,230,33.25,14.0,0.9999979734420776,1,1,-0.25,-0.25,-0.34458351135253906,-5.891086578369141,33.5,14.25,1,1,23.0,-10.5,28.25,0.023809523809523808,0,0,0,0
E_top20,clean,corrupt_to_clean,v5_qwen3_8b_291,290,32.0,11.625,0.9999841451644897,1,1,0.0,0.125,0.050563812255859375,-5.348891258239746,32.0,11.5,1,1,22.375,-11.125,27.1875,-0.0,0,0,0,0
E_top20,clean,corrupt_to_clean,v5_qwen3_8b_107,106,31.0,12.0,0.9999839067459106,1,1,-0.25,0.0,-0.04442024230957031,-5.302463531494141,31.25,12.0,1,1,26.25,-5.625,28.75,0.05,0,0,0,0
E_top20,clean,corrupt_to_clean,v5_qwen3_8b_151,150,30.375,9.5,0.9998583793640137,1,1,0.0,0.0,-0.0071735382080078125,-3.8024871349334717,30.375,9.5,1,1,27.0,-3.125,28.6875,-0.0,0,0,0,0
E_top20,clean,corrupt_to_clean,v5_qwen3_8b_189,188,34.0,14.375,0.9999986886978149,1,1,0.0,-0.125,-0.03837394714355469,-5.30718994140625,34.0,14.5,1,1,24.125,-14.125,29.0625,-0.0,0,0,0,0
E_top20,clean,corrupt_to_clean,v5_qwen3_8b_210,209,34.25,13.875,0.9999983310699463,1,1,0.0,0.25,0.1773853302001953,-5.907018661499023,34.25,13.625,1,1,21.625,-13.875,27.9375,-0.0,0,0,0,0
E_top20,clean,corrupt_to_clean,v5_qwen3_8b_213,212,34.0,14.5,0.999998927116394,1,1,0.0,0.0,0.04193878173828125,-5.216194152832031,34.0,14.5,1,1,26.875,-4.125,30.4375,-0.0,0,0,0,0
E_top20,clean,corrupt_to_clean,v5_qwen3_8b_230,229,33.25,14.0,0.9999985694885254,1,1,0.25,0.25,0.1728954315185547,-6.266000747680664,33.0,13.75,1,1,23.625,-11.125,28.3125,-0.02666666666666667,0,0,0,0
E_top20,clean,corrupt_to_clean,v5_qwen3_8b_256,255,32.0,12.125,0.9999880790710449,1,1,-0.25,0.0,-0.17539405822753906,-6.046562194824219,32.25,12.125,1,1,22.375,-12.625,27.3125,0.02531645569620253,0,0,0,0
E_top20,clean,corrupt_to_clean,v5_qwen3_8b_043,42,32.5,12.0,0.9999889135360718,1,1,-0.25,-0.125,-0.27089691162109375,-6.447220802307129,32.75,12.125,1,1,22.875,-11.625,27.8125,0.02531645569620253,0,0,0,0
E_top20,clean,corrupt_to_clean,v5_qwen3_8b_048,47,30.75,9.875,0.9999085664749146,1,1,-0.25,-0.75,-0.6779022216796875,-6.2775565683841705,31.0,10.625,1,1,23.625,-14.375,27.3125,0.03389830508474576,0,0,0,0
E_top20,clean,corrupt_to_clean,v5_qwen3_8b_167,166,31.5,10.125,0.9999302625656128,1,1,-0.125,-0.25,-0.2833080291748047,-4.909785509109497,31.625,10.375,1,1,23.25,-12.75,27.4375,0.014925373134328358,0,0,0,0
E_top20,clean,corrupt_to_clean,v5_qwen3_8b_187,186,33.75,14.5,0.9999990463256836,1,1,-0.25,-0.125,-0.1355152130126953,-6.206085205078125,34.0,14.625,1,1,24.0,-14.5,29.0,0.025,0,0,0,0
E_top20,clean,corrupt_to_clean,v5_qwen3_8b_193,192,34.5,14.5,0.9999990463256836,1,1,0.0,-0.125,0.0347442626953125,-5.13897705078125,34.5,14.625,1,1,27.375,-4.875,30.9375,-0.0,0,0,0,0
E_top20,clean,corrupt_to_clean,v5_qwen3_8b_262,261,32.25,12.125,0.9999890327453613,1,1,0.0,0.125,0.028184890747070312,-5.540800094604492,32.25,12.0,1,1,26.625,-3.25,29.4375,-0.0,0,0,0,0
E_top20,clean,corrupt_to_clean,v5_qwen3_8b_012,11,32.0,12.75,0.9999940395355225,1,1,-0.25,-0.25,-0.2015228271484375,-5.857751846313477,32.25,13.0,1,1,23.75,-15.0,28.0,0.029411764705882353,0,0,0,0
E_top20,clean,corrupt_to_clean,v5_qwen3_8b_080,79,30.875,9.25,0.9997609257698059,1,1,-0.25,-0.125,-0.4942054748535156,-6.461419582366943,31.125,9.375,1,1,20.25,-22.0,25.6875,0.022988505747126436,0,0,0,0
E_top20,clean,corrupt_to_clean,v5_qwen3_8b_108,107,31.625,11.375,0.9999734163284302,1,1,0.0,0.25,0.1815948486328125,-3.13519287109375,31.625,11.125,1,1,26.25,-5.625,28.9375,-0.0,0,0,0,0
E_top20,clean,corrupt_to_clean,v5_qwen3_8b_194,193,34.25,14.125,0.9999988079071045,1,1,0.0,0.0,-0.009340286254882812,-4.205120086669922,34.25,14.125,1,1,27.25,-3.75,30.75,-0.0,0,0,0,0
E_top20,clean,corrupt_to_clean,v5_qwen3_8b_196,195,33.25,14.375,0.9999983310699463,1,1,0.0,0.0,-0.018157958984375,-3.5963783264160156,33.25,14.375,1,1,25.375,-7.375,29.3125,-0.0,0,0,0,0
E_top20,clean,corrupt_to_clean,v5_qwen3_8b_223,222,33.25,12.625,0.9999943971633911,1,1,0.0,0.125,0.02745819091796875,-6.9368896484375,33.25,12.5,1,1,21.5,-15.5,27.375,-0.0,0,0,0,0
E_top20,clean,corrupt_to_clean,v5_qwen3_8b_265,264,31.75,11.625,0.9999798536300659,1,1,-0.125,-0.125,-0.12982749938964844,-3.7808332443237305,31.875,11.75,1,1,27.0,-2.625,29.4375,0.02564102564102564,0,0,0,0
E_top20,clean,corrupt_to_clean,v5_qwen3_8b_272,271,33.0,12.625,0.9999914169311523,1,1,-0.25,0.0,-0.3721141815185547,-8.931913375854492,33.25,12.625,1,1,23.125,-10.125,28.1875,0.024691358024691357,0,0,0,0
E_top20,clean,corrupt_to_clean,v5_qwen3_8b_089,88,30.625,10.75,0.9999189376831055,1,1,-0.25,0.75,0.09248542785644531,-4.408174514770508,30.875,10.0,1,1,23.0,-13.25,26.9375,0.031746031746031744,0,0,0,0
E_top20,clean,corrupt_to_clean,v5_qwen3_8b_100,99,30.5,8.625,0.9997383952140808,1,1,-0.125,0.25,0.095123291015625,-4.878214359283447,30.625,8.375,1,1,23.0,-13.75,26.8125,0.01639344262295082,0,0,0,0
E_top20,clean,corrupt_to_clean,v5_qwen3_8b_117,116,31.875,11.625,0.9999847412109375,1,1,0.125,0.375,0.32932472229003906,-5.034453392028809,31.75,11.25,1,1,25.875,-3.75,28.8125,-0.02127659574468085,0,0,0,0
E_top20,clean,corrupt_to_clean,v5_qwen3_8b_123,122,28.375,4.5,0.9827456474304199,1,1,0.0,-0.5,-0.407470703125,-3.991187572479248,28.375,5.0,1,1,18.25,-23.25,23.3125,-0.0,0,0,0,0
E_top20,clean,corrupt_to_clean,v5_qwen3_8b_148,147,29.125,7.625,0.9992990493774414,1,1,0.25,0.25,0.2422809600830078,-2.913519859313965,28.875,7.375,1,1,25.375,-6.875,27.125,-0.07142857142857142,0,0,0,0
E_top20,clean,corrupt_to_clean,v5_qwen3_8b_165,164,29.625,7.875,0.9993394017219543,1,1,0.0,-0.25,-0.1350536346435547,-4.132947683334351,29.625,8.125,1,1,23.25,-11.0,26.4375,-0.0,0,0,0,0
E_top20,clean,corrupt_to_clean,v5_qwen3_8b_188,187,33.5,13.75,0.9999978542327881,1,1,0.0,-0.125,0.024724960327148438,-4.756628036499023,33.5,13.875,1,1,23.625,-15.375,28.5625,-0.0,0,0,0,0
E_top20,clean,corrupt_to_clean,v5_qwen3_8b_195,194,33.5,14.25,0.9999985694885254,1,1,0.0,-0.125,-0.0748443603515625,-4.280918121337891,33.5,14.375,1,1,26.25,-4.75,29.875,-0.0,0,0,0,0
E_top20,clean,corrupt_to_clean,v5_qwen3_8b_263,262,32.25,12.625,0.9999912977218628,1,1,0.0,0.25,0.09964370727539062,-4.691412925720215,32.25,12.375,1,1,27.125,-2.875,29.6875,-0.0,0,0,0,0
E_top20,clean,corrupt_to_clean,v5_qwen3_8b_025,24,33.0,13.5,0.9999971389770508,1,1,0.0,0.0,-0.029205322265625,-5.382726669311523,33.0,13.5,1,1,24.0,-11.25,28.5,-0.0,0,0,0,0
E_top20,clean,corrupt_to_clean,v5_qwen3_8b_047,46,32.0,11.25,0.9999792575836182,1,1,-0.25,-0.125,-0.2095794677734375,-6.0348968505859375,32.25,11.375,1,1,22.75,-11.75,27.5,0.02631578947368421,0,0,0,0
E_top20,clean,corrupt_to_clean,v5_qwen3_8b_114,113,31.375,10.875,0.9999504089355469,1,1,-0.125,0.0,-0.3102989196777344,-6.811012268066406,31.5,10.875,1,1,23.375,-11.625,27.4375,0.015384615384615385,0,0,0,0
E_top20,clean,corrupt_to_clean,v5_qwen3_8b_142,141,28.875,6.0,0.9965406060218811,1,1,-0.125,-0.25,-0.21054840087890625,-3.6039658784866333,29.0,6.25,1,1,18.875,-22.375,23.9375,0.012345679012345678,0,0,0,0
E_top20,clean,corrupt_to_clean,v5_qwen3_8b_161,160,30.0,8.25,0.9995619654655457,1,1,-0.5,-1.125,-0.8622837066650391,-5.757482290267944,30.5,9.375,1,1,23.25,-11.0,26.875,0.06896551724137931,0,0,0,0
E_top20,clean,corrupt_to_clean,v5_qwen3_8b_185,184,33.5,13.75,0.9999977350234985,1,1,0.0,0.125,0.17917823791503906,-5.485126495361328,33.5,13.625,1,1,20.625,-21.375,27.0625,-0.0,0,0,0,0
E_top20,clean,corrupt_to_clean,v5_qwen3_8b_101,100,32.25,12.625,0.9999901056289673,1,1,0.0,0.0,-0.04875755310058594,-5.772406578063965,32.25,12.625,1,1,21.75,-15.5,27.0,-0.0,0,0,0,0
E_top20,clean,corrupt_to_clean,v5_qwen3_8b_126,125,29.875,8.5,0.9994799494743347,1,1,0.0,-0.125,-0.13394737243652344,-4.450835227966309,29.875,8.625,1,1,19.5,-23.0,24.6875,-0.0,0,0,0,0
E_top20,clean,corrupt_to_clean,v5_qwen3_8b_208,207,34.0,14.5,0.999998927116394,1,1,0.0,0.0,0.05691719055175781,-5.920991897583008,34.0,14.5,1,1,22.625,-12.125,28.3125,-0.0,0,0,0,0
E_top20,clean,corrupt_to_clean,v5_qwen3_8b_201,200,33.5,14.25,0.9999985694885254,1,1,-0.25,-0.375,-0.2814197540283203,-7.336122512817383,33.75,14.625,1,1,25.125,-8.125,29.4375,0.028985507246376812,0,0,0,0
E_top20,clean,corrupt_to_clean,v5_qwen3_8b_257,256,30.875,9.25,0.999869704246521,1,1,0.0,-0.375,-0.33060264587402344,-4.858094692230225,30.875,9.625,1,1,22.5,-13.75,26.6875,-0.0,0,0,0,0
E_top20,clean,corrupt_to_clean,v5_qwen3_8b_271,270,32.25,11.625,0.9999806880950928,1,1,0.0,0.0,-0.12454986572265625,-5.549398422241211,32.25,11.625,1,1,23.625,-10.625,27.9375,-0.0,0,0,0,0
E_top20,clean,corrupt_to_clean,v5_qwen3_8b_071,70,31.875,12.25,0.9999880790710449,1,1,0.125,-0.125,-0.050201416015625,-5.582335472106934,31.75,12.375,1,1,19.875,-23.125,25.8125,-0.010526315789473684,0,0,0,0
E_top20,clean,corrupt_to_clean,v5_qwen3_8b_183,182,33.0,13.875,0.9999978542327881,1,1,0.0,0.125,0.13747596740722656,-4.538309097290039,33.0,13.75,1,1,22.25,-18.0,27.625,-0.0,0,0,0,0
E_top20,clean,corrupt_to_clean,v5_qwen3_8b_235,234,34.0,14.375,0.9999986886978149,1,1,0.0,-0.25,-0.11653709411621094,-4.853630065917969,34.0,14.625,1,1,26.375,-4.0,30.1875,-0.0,0,0,0,0
E_top20,clean,corrupt_to_clean,v5_qwen3_8b_280,279,33.0,13.125,0.9999939203262329,1,1,0.0,-0.125,-0.0055828094482421875,-6.353880882263184,33.0,13.25,1,1,25.0,-8.75,29.0,-0.0,0,0,0,0
E_top20,clean,corrupt_to_clean,v5_qwen3_8b_184,183,33.25,13.75,0.999997615814209,1,1,0.0,-0.125,-0.10560226440429688,-5.790403366088867,33.25,13.875,1,1,21.375,-19.375,27.3125,-0.0,0,0,0,0
E_top20,clean,corrupt_to_clean,v5_qwen3_8b_245,244,31.125,10.5,0.9999486207962036,1,1,0.0,0.625,0.37934303283691406,-4.724491596221924,31.125,9.875,1,1,24.125,-12.125,27.625,-0.0,0,0,0,0
E_top20,clean,corrupt_to_clean,v5_qwen3_8b_285,284,31.5,12.25,0.9999867677688599,1,1,-0.125,-0.25,-0.1095123291015625,-6.180453300476074,31.625,12.5,1,1,22.25,-14.25,26.9375,0.013333333333333334,0,0,0,0
E_top20,clean,corrupt_to_clean,v5_qwen3_8b_027,26,34.0,13.875,0.9999978542327881,1,1,0.0,0.0,0.13256263732910156,-5.545658111572266,34.0,13.875,1,1,21.375,-16.875,27.6875,-0.0,0,0,0,0
E_top20,clean,corrupt_to_clean,v5_qwen3_8b_068,67,32.75,11.75,0.9999865293502808,1,1,0.25,0.0,0.36100196838378906,-4.315624237060547,32.5,11.75,1,1,22.25,-17.0,27.375,-0.024390243902439025,0,0,0,0
E_top20,clean,corrupt_to_clean,v5_qwen3_8b_103,102,30.75,8.75,0.9997972846031189,1,1,-0.25,0.0,-0.063507080078125,-5.203152179718018,31.0,8.75,1,1,20.75,-19.25,25.875,0.024390243902439025,0,0,0,0
E_top20,clean,corrupt_to_clean,v5_qwen3_8b_144,143,29.0,5.625,0.9920824766159058,1,1,0.0,0.25,0.10740852355957031,-0.6951661705970764,29.0,5.375,1,1,23.25,-12.5,26.125,-0.0,0,0,0,0
E_top20,clean,corrupt_to_clean,v5_qwen3_8b_087,86,32.25,10.875,0.9999624490737915,1,1,-0.25,0.0,-0.15836715698242188,-6.5410308837890625,32.5,10.875,1,1,23.0,-12.75,27.75,0.02631578947368421,0,0,0,0
E_top20,clean,corrupt_to_clean,v5_qwen3_8b_104,103,31.125,11.875,0.9999805688858032,1,1,-0.375,-0.375,-0.3573455810546875,-5.910400390625,31.5,12.25,1,1,23.625,-10.875,27.5625,0.047619047619047616,0,0,0,0
E_top20,clean,corrupt_to_clean,v5_qwen3_8b_216,215,32.25,13.625,0.9999971389770508,1,1,0.0,0.0,-0.0348968505859375,-4.674373626708984,32.25,13.625,1,1,25.375,-4.5,28.8125,-0.0,0,0,0,0
E_top20,clean,corrupt_to_clean,v5_qwen3_8b_052,51,33.0,12.875,0.9999946355819702,1,1,0.0,0.375,0.09955596923828125,-6.705926895141602,33.0,12.5,1,1,23.125,-10.875,28.0625,-0.0,0,0,0,0
E_top20,clean,corrupt_to_clean,v5_qwen3_8b_137,136,29.25,5.75,0.9964564442634583,1,1,-0.5,-1.125,-1.0049858093261719,-5.390265464782715,29.75,6.875,1,1,19.875,-18.125,24.8125,0.05063291139240506,0,0,0,0
E_top20,clean,corrupt_to_clean,v5_qwen3_8b_173,172,30.25,10.0,0.9999179840087891,1,1,0.375,0.5,0.4145774841308594,-3.0056004524230957,29.875,9.5,1,1,26.5,-2.75,28.1875,-0.1111111111111111,0,0,0,0
E_top20,clean,corrupt_to_clean,v5_qwen3_8b_244,243,32.0,11.375,0.9999806880950928,1,1,0.0,0.125,-0.0009708404541015625,-5.592937469482422,32.0,11.25,1,1,23.375,-12.625,27.6875,-0.0,0,0,0,0
E_top20,clean,corrupt_to_clean,v5_qwen3_8b_247,246,33.0,13.25,0.9999949932098389,1,1,0.0,0.125,0.1320362091064453,-5.161163330078125,33.0,13.125,1,1,26.875,-4.75,29.9375,-0.0,0,0,0,0
E_top20,clean,corrupt_to_clean,v5_qwen3_8b_013,12,31.375,11.75,0.9999872446060181,1,1,-0.125,0.0,-0.008819580078125,-4.319487571716309,31.5,11.75,1,1,22.125,-16.125,26.8125,0.013333333333333334,0,0,0,0
E_top20,clean,corrupt_to_clean,v5_qwen3_8b_211,210,34.25,14.5,0.9999991655349731,1,1,0.0,0.0,0.10169029235839844,-6.493896484375,34.25,14.5,1,1,25.75,-4.625,30.0,-0.0,0,0,0,0
E_top20,clean,corrupt_to_clean,v5_qwen3_8b_029,28,30.75,10.625,0.9999496936798096,1,1,-0.375,-0.375,-0.526763916015625,-6.201767444610596,31.125,11.0,1,1,22.125,-15.625,26.625,0.041666666666666664,0,0,0,0
E_top20,clean,corrupt_to_clean,v5_qwen3_8b_046,45,32.0,10.875,0.999970555305481,1,1,-0.25,-0.875,-0.8295497894287109,-7.346548080444336,32.25,11.75,1,1,22.375,-12.375,27.3125,0.02531645569620253,0,0,0,0
E_top20,clean,corrupt_to_clean,v5_qwen3_8b_057,56,31.75,12.375,0.9999899864196777,1,1,0.0,0.0,0.022083282470703125,-4.222938537597656,31.75,12.375,1,1,26.25,-4.25,29.0,-0.0,0,0,0,0
E_top20,clean,corrupt_to_clean,v5_qwen3_8b_169,168,30.75,10.25,0.9999428987503052,1,1,0.0,0.0,-0.0067806243896484375,-4.620935916900635,30.75,10.25,1,1,27.625,-1.625,29.1875,-0.0,0,0,0,0
E_top20,clean,corrupt_to_clean,v5_qwen3_8b_233,232,33.5,14.25,0.9999984502792358,1,1,0.0,-0.125,-0.19797134399414062,-5.742898941040039,33.5,14.375,1,1,25.375,-5.625,29.4375,-0.0,0,0,0,0
E_top20,clean,corrupt_to_clean,v5_qwen3_8b_249,248,32.5,13.125,0.9999936819076538,1,1,0.0,0.125,-0.00078582763671875,-5.434239387512207,32.5,13.0,1,1,26.75,-4.25,29.625,-0.0,0,0,0,0
E_top20,clean,corrupt_to_clean,v5_qwen3_8b_036,35,31.5,11.375,0.9999768733978271,1,1,0.0,0.0,-0.10299110412597656,-4.630019187927246,31.5,11.375,1,1,25.5,-7.5,28.5,-0.0,0,0,0,0
E_top20,clean,corrupt_to_clean,v5_qwen3_8b_093,92,31.25,10.375,0.9999485015869141,1,1,-0.125,0.0,-0.16852569580078125,-6.422633171081543,31.375,10.375,1,1,21.125,-17.125,26.25,0.012195121951219513,0,0,0,0
E_top20,clean,corrupt_to_clean,v5_qwen3_8b_232,231,33.0,14.0,0.999997615814209,1,1,0.0,-0.125,-0.13448524475097656,-4.89600944519043,33.0,14.125,1,1,25.0,-5.0,29.0,-0.0,0,0,0,0
E_top20,clean,corrupt_to_clean,v5_qwen3_8b_034,33,32.0,13.0,0.9999951124191284,1,1,-0.25,-0.5,-0.3591938018798828,-5.049309730529785,32.25,13.5,1,1,25.75,-5.875,29.0,0.038461538461538464,0,0,0,0
E_top20,clean,corrupt_to_clean,v5_qwen3_8b_055,54,31.875,12.125,0.9999885559082031,1,1,0.0,-0.25,-0.1305370330810547,-4.338339805603027,31.875,12.375,1,1,25.875,-5.5,28.875,-0.0,0,0,0,0
E_top20,clean,corrupt_to_clean,v5_qwen3_8b_264,263,31.125,11.5,0.99997878074646,1,1,-0.125,-0.125,-0.1774272918701172,-4.45329475402832,31.25,11.625,1,1,25.75,-4.5,28.5,0.022727272727272728,0,0,0,0
E_top20,clean,corrupt_to_clean,v5_qwen3_8b_294,293,32.25,11.75,0.9999877214431763,1,1,-0.25,-0.5,-0.4248924255371094,-5.04908561706543,32.5,12.25,1,1,25.875,-4.25,29.1875,0.03773584905660377,0,0,0,0
E_top20,clean,corrupt_to_clean,v5_qwen3_8b_044,43,33.75,13.625,0.9999974966049194,1,1,0.0,0.0,-0.02408599853515625,-7.162391662597656,33.75,13.625,1,1,23.875,-10.125,28.8125,-0.0,0,0,0,0
E_top20,clean,corrupt_to_clean,v5_qwen3_8b_205,204,33.75,14.25,0.9999986886978149,1,1,0.0,0.0,-0.015691757202148438,-6.328510284423828,33.75,14.25,1,1,23.375,-11.875,28.5625,-0.0,0,0,0,0
E_top20,clean,corrupt_to_clean,v5_qwen3_8b_214,213,33.0,14.375,0.9999984502792358,1,1,0.0,0.0,-0.12277984619140625,-3.7926559448242188,33.0,14.375,1,1,26.0,-4.125,29.5,-0.0,0,0,0,0
E_top20,clean,corrupt_to_clean,v5_qwen3_8b_004,3,33.0,13.625,0.9999973773956299,1,1,-0.25,-0.125,-0.2678813934326172,-5.903076171875,33.25,13.75,1,1,22.25,-18.0,27.75,0.022727272727272728,0,0,0,0
E_top20,clean,corrupt_to_clean,v5_qwen3_8b_033,32,32.75,13.375,0.9999961853027344,1,1,-0.25,0.0,-0.09503173828125,-4.116819381713867,33.0,13.375,1,1,26.125,-5.125,29.5625,0.03636363636363636,0,0,0,0
E_top20,clean,corrupt_to_clean,v5_qwen3_8b_083,82,30.875,9.75,0.9998806715011597,1,1,-0.25,0.125,-0.16466903686523438,-6.126246929168701,31.125,9.625,1,1,20.625,-20.875,25.875,0.023809523809523808,0,0,0,0
E_top20,clean,corrupt_to_clean,v5_qwen3_8b_234,233,33.5,14.375,0.9999988079071045,1,1,-0.25,-0.25,-0.2353973388671875,-4.985776901245117,33.75,14.625,1,1,25.75,-3.375,29.75,0.03125,0,0,0,0
E_top20,clean,corrupt_to_clean,v5_qwen3_8b_106,105,32.25,13.125,0.9999936819076538,1,1,-0.25,-0.25,-0.12194252014160156,-4.250897407531738,32.5,13.375,1,1,26.25,-5.25,29.375,0.04,0,0,0,0
E_top20,clean,corrupt_to_clean,v5_qwen3_8b_011,10,32.5,11.875,0.999987006187439,1,1,-0.25,-0.375,-0.4706859588623047,-6.570245742797852,32.75,12.25,1,1,21.125,-19.625,26.9375,0.021505376344086023,0,0,0,0
E_top20,clean,corrupt_to_clean,v5_qwen3_8b_293,292,32.0,13.0,0.9999935626983643,1,1,0.0,0.125,0.028017044067382812,-4.880947113037109,32.0,12.875,1,1,25.625,-2.5,28.8125,-0.0,0,0,0,0
E_top20,clean,corrupt_to_clean,v5_qwen3_8b_045,44,31.875,10.875,0.9999719858169556,1,1,-0.125,-0.375,-0.40847206115722656,-6.051848888397217,32.0,11.25,1,1,22.75,-11.25,27.375,0.013513513513513514,0,0,0,0
E_top20,clean,corrupt_to_clean,v5_qwen3_8b_282,281,31.625,10.25,0.99993896484375,1,1,-0.125,-0.125,-0.3058624267578125,-6.720756530761719,31.75,10.375,1,1,21.375,-12.875,26.5625,0.012048192771084338,0,0,0,0
E_top20,clean,corrupt_to_clean,v5_qwen3_8b_085,84,31.5,10.5,0.9999470710754395,1,1,-0.25,-0.5,-0.18858909606933594,-5.439037322998047,31.75,11.0,1,1,23.75,-10.5,27.75,0.03125,0,0,0,0
E_top20,clean,corrupt_to_clean,v5_qwen3_8b_236,235,34.0,14.25,0.9999988079071045,1,1,-0.25,-0.125,-0.1866931915283203,-5.562929153442383,34.25,14.375,1,1,25.5,-4.125,29.875,0.02857142857142857,0,0,0,0
E_top20,clean,corrupt_to_clean,v5_qwen3_8b_239,238,32.25,13.5,0.9999961853027344,1,1,-0.25,-0.25,-0.30314064025878906,-4.641725540161133,32.5,13.75,1,1,25.125,-4.625,28.8125,0.03389830508474576,0,0,0,0
E_top20,clean,corrupt_to_clean,v5_qwen3_8b_238,237,32.75,13.5,0.9999966621398926,1,1,-0.25,-0.5,-0.3934745788574219,-4.689809799194336,33.0,14.0,1,1,25.5,-3.625,29.25,0.03333333333333333,0,0,0,0
E_top20,clean,corrupt_to_clean,v5_qwen3_8b_070,69,31.0,10.25,0.9999150037765503,1,1,-0.375,0.125,-0.19287490844726562,-5.541840076446533,31.375,10.125,1,1,22.625,-18.375,27.0,0.04285714285714286,0,0,0,0
E_top20,clean,corrupt_to_clean,v5_qwen3_8b_283,282,31.5,10.0,0.9999314546585083,1,1,-0.25,-0.75,-0.5161952972412109,-5.254876136779785,31.75,10.75,1,1,22.875,-11.125,27.3125,0.028169014084507043,0,0,0,0
E_top20,clean,corrupt_to_clean,v5_qwen3_8b_145,144,27.25,5.25,0.9897629022598267,1,1,-0.125,-0.625,-0.4027996063232422,-4.312381267547607,27.375,5.875,1,1,22.125,-14.375,24.75,0.023809523809523808,0,0,0,0
E_top20,clean,corrupt_to_clean,v5_qwen3_8b_170,169,30.0,9.375,0.9998642206192017,1,1,0.125,0.125,0.12550735473632812,-3.1323341131210327,29.875,9.25,1,1,26.25,-2.125,28.0625,-0.034482758620689655,0,0,0,0
E_top20,clean,corrupt_to_clean,v5_qwen3_8b_172,171,31.25,12.125,0.9999828338623047,1,1,0.0,-0.25,-0.22994041442871094,-3.656846046447754,31.25,12.375,1,1,26.75,-1.25,29.0,-0.0,0,0,0,0
E_top20,clean,corrupt_to_clean,v5_qwen3_8b_290,289,29.125,8.875,0.9997195601463318,1,1,0.0,-0.125,-0.061275482177734375,-5.510237455368042,29.125,9.0,1,1,23.625,-11.125,26.375,-0.0,0,0,0,0
E_top20,clean,corrupt_to_clean,v5_qwen3_8b_253,252,32.25,11.875,0.9999805688858032,1,1,-0.25,0.125,-0.2590446472167969,-6.380885124206543,32.5,11.75,1,1,23.625,-10.375,28.0625,0.028169014084507043,0,0,0,0
E_top20,clean,corrupt_to_clean,v5_qwen3_8b_296,295,31.0,10.25,0.9999349117279053,1,1,-0.125,-0.25,-0.27832603454589844,-4.938140869140625,31.125,10.5,1,1,25.25,-6.0,28.1875,0.02127659574468085,0,0,0,0
E_top20,clean,corrupt_to_clean,v5_qwen3_8b_121,120,30.375,8.875,0.9997492432594299,1,1,0.0,0.25,0.2141876220703125,-3.9690942764282227,30.375,8.625,1,1,22.625,-16.375,26.5,-0.0,0,0,0,0
E_top20,clean,corrupt_to_clean,v5_qwen3_8b_237,236,33.25,14.125,0.9999986886978149,1,1,-0.25,-0.25,-0.2344646453857422,-6.193281173706055,33.5,14.375,1,1,25.5,-3.125,29.5,0.03125,0,0,0,0
E_top20,clean,corrupt_to_clean,v5_qwen3_8b_018,17,32.0,11.5,0.9999793767929077,1,1,-0.25,0.125,-0.18099594116210938,-6.401576995849609,32.25,11.375,1,1,20.5,-17.25,26.375,0.02127659574468085,0,0,0,0
E_top20,clean,corrupt_to_clean,v5_qwen3_8b_088,87,31.625,11.125,0.9999675750732422,1,1,-0.125,0.125,-0.06840133666992188,-4.585803985595703,31.75,11.0,1,1,24.5,-12.0,28.125,0.017241379310344827,0,0,0,0
E_top20,clean,corrupt_to_clean,v5_qwen3_8b_168,167,29.875,8.375,0.9995062351226807,1,1,-0.125,-0.375,-0.3748645782470703,-5.4119157791137695,30.0,8.75,1,1,26.125,-2.75,28.0625,0.03225806451612903,0,0,0,0
E_top20,clean,corrupt_to_clean,v5_qwen3_8b_268,267,32.25,10.625,0.9999628067016602,1,1,-0.5,-1.5,-0.9031467437744141,-7.384616851806641,32.75,12.125,1,1,21.125,-11.875,26.9375,0.043010752688172046,0,0,0,0
E_top20,clean,corrupt_to_clean,v5_qwen3_8b_251,250,33.0,12.75,0.9999933242797852,1,1,0.0,0.375,0.08489036560058594,-6.6153411865234375,33.0,12.375,1,1,22.75,-14.5,27.875,-0.0,0,0,0,0
E_top20,clean,corrupt_to_clean,v5_qwen3_8b_020,19,31.625,11.875,0.9999864101409912,1,1,-0.125,0.0,-0.09530067443847656,-4.379383087158203,31.75,11.875,1,1,25.5,-8.0,28.625,0.02,0,0,0,0
E_top20,clean,corrupt_to_clean,v5_qwen3_8b_102,101,30.0,9.125,0.9997510313987732,1,1,-0.125,-0.25,-0.23079299926757812,-4.802393436431885,30.125,9.375,1,1,22.5,-13.25,26.3125,0.01639344262295082,0,0,0,0
E_top20,clean,corrupt_to_clean,v5_qwen3_8b_295,294,32.25,12.75,0.9999914169311523,1,1,0.0,0.0,0.027833938598632812,-4.75338077545166,32.25,12.75,1,1,26.5,-2.125,29.375,-0.0,0,0,0,0
E_top20,clean,corrupt_to_clean,v5_qwen3_8b_284,283,31.625,11.0,0.99996018409729,1,1,-0.25,-0.25,-0.32309532165527344,-6.580626487731934,31.875,11.25,1,1,24.75,-10.25,28.3125,0.03508771929824561,0,0,0,0
E_top20,clean,corrupt_to_clean,v5_qwen3_8b_157,156,30.625,12.125,0.999976634979248,1,1,0.25,0.125,0.10299110412597656,-3.549342632293701,30.375,12.0,1,1,26.5,-1.125,28.4375,-0.06451612903225806,0,0,0,0
E_top20,clean,corrupt_to_clean,v5_qwen3_8b_150,149,30.5,7.875,0.9993783235549927,1,1,0.25,0.25,0.34859275817871094,-3.570976138114929,30.25,7.625,1,1,25.625,-5.625,27.9375,-0.05405405405405406,0,0,0,0
E_top20,corrupt,clean_to_corrupt,v5_qwen3_8b_037,36,20.5,-15.5,1.8452931271895068e-07,11,0,0.125,1.875,1.8713607788085938,8.043075561523438,20.375,-17.375,15,0,34.75,15.0,27.5625,0.008695652173913044,0,0,0,0
E_top20,corrupt,clean_to_corrupt,v5_qwen3_8b_111,110,21.0,-16.75,5.3142045430831786e-08,15,0,1.125,3.125,3.1248092651367188,7.066383361816406,19.875,-19.875,22,0,33.0,13.0,26.4375,0.08571428571428572,0,0,0,0
E_top20,corrupt,clean_to_corrupt,v5_qwen3_8b_180,179,22.75,-10.75,2.140903234248981e-05,10,0,0.0,1.5,1.4994087219238281,6.520412445068359,22.75,-12.25,10,0,32.75,10.25,27.75,0.0,0,0,0,0
E_top20,corrupt,clean_to_corrupt,v5_qwen3_8b_219,218,22.625,-10.875,1.860783413576428e-05,7,0,0.0,1.75,1.7372207641601562,7.765174865722656,22.625,-12.625,9,0,34.75,14.875,28.6875,0.0,0,0,0,0
E_top20,corrupt,clean_to_corrupt,v5_qwen3_8b_078,77,18.875,-22.875,1.162810403521064e-10,37,0,1.375,3.125,3.1249961853027344,5.412544250488281,17.5,-26.0,86,0,31.75,10.625,24.625,0.09649122807017543,0,0,0,0
E_top20,corrupt,clean_to_corrupt,v5_qwen3_8b_270,269,22.625,-11.625,8.857199645717628e-06,10,0,0.5,2.75,2.7426834106445312,9.400634765625,22.125,-14.375,15,0,32.5,12.5,27.3125,0.04819277108433735,0,0,0,0
E_top20,corrupt,clean_to_corrupt,v5_qwen3_8b_141,140,21.25,-19.0,5.602740937860062e-09,15,0,0.875,1.125,1.125,3.0310745239257812,20.375,-20.125,26,0,30.375,9.0,25.375,0.0875,0,0,0,0
E_top20,corrupt,clean_to_corrupt,v5_qwen3_8b_065,64,21.25,-20.0,2.0611401474468494e-09,16,0,1.25,2.25,2.2499961853027344,4.5992431640625,20.0,-22.25,32,0,31.25,9.375,25.625,0.1111111111111111,0,0,0,0
E_top20,corrupt,clean_to_corrupt,v5_qwen3_8b_286,285,22.25,-11.25,1.2983587112103123e-05,9,0,-0.375,0.625,0.6243515014648438,5.868736267089844,22.625,-11.875,8,0,32.75,12.375,27.6875,-0.037037037037037035,0,0,0,0
E_top20,corrupt,clean_to_corrupt,v5_qwen3_8b_042,41,22.125,-15.125,2.699064225453185e-07,11,0,0.375,1.875,1.8748970031738281,6.265739440917969,21.75,-17.0,14,0,33.0,11.75,27.375,0.03333333333333333,0,0,0,0
E_top20,corrupt,clean_to_corrupt,v5_qwen3_8b_281,280,23.5,-10.0,4.5224904170027e-05,4,0,0.0,1.75,1.7491302490234375,4.378852844238281,23.5,-11.75,5,0,32.25,11.75,27.875,0.0,0,0,0,0
E_top20,corrupt,clean_to_corrupt,v5_qwen3_8b_038,37,22.125,-12.875,2.5302076664956985e-06,8,0,0.375,1.625,1.6177940368652344,5.409210205078125,21.75,-14.5,11,0,33.25,12.375,27.5,0.03260869565217391,0,0,0,0
E_top20,corrupt,clean_to_corrupt,v5_qwen3_8b_092,91,22.125,-13.875,9.421580102753069e-07,8,0,1.0,2.75,2.7499465942382812,6.063972473144531,21.125,-16.625,14,0,32.75,11.75,26.9375,0.08602150537634409,0,0,0,0
E_top20,corrupt,clean_to_corrupt,v5_qwen3_8b_112,111,23.625,-9.125,0.00010882205970119685,5,0,-0.25,1.0,0.9997482299804688,6.157299041748047,23.875,-10.125,5,0,30.875,8.25,27.375,-0.03571428571428571,0,0,0,0
E_top20,corrupt,clean_to_corrupt,v5_qwen3_8b_067,66,20.25,-22.25,2.1724275156564943e-10,25,0,1.0,2.25,2.25,5.7809600830078125,19.25,-24.5,46,0,32.5,11.25,25.875,0.07547169811320754,0,0,0,0
E_top20,corrupt,clean_to_corrupt,v5_qwen3_8b_159,158,22.375,-11.625,8.907071787689347e-06,8,0,-0.125,0.625,0.6246261596679688,4.8330078125,22.5,-12.25,9,0,29.0,6.625,25.75,-0.019230769230769232,0,0,0,0
E_top20,corrupt,clean_to_corrupt,v5_qwen3_8b_028,27,21.875,-14.125,7.334744509535085e-07,9,0,1.5,3.75,3.7496910095214844,7.760345458984375,20.375,-17.875,16,0,33.25,13.625,26.8125,0.11650485436893204,0,0,0,0
E_top20,corrupt,clean_to_corrupt,v5_qwen3_8b_040,39,22.5,-13.25,1.759629753905756e-06,8,0,1.25,3.0,2.9999160766601562,6.471168518066406,21.25,-16.25,16,0,32.75,13.375,27.0,0.10869565217391304,0,0,0,0
E_top20,corrupt,clean_to_corrupt,v5_qwen3_8b_125,124,19.75,-22.75,1.317646824983143e-10,22,0,0.75,1.5,1.5,3.4379730224609375,19.0,-24.25,38,0,28.0,5.5,23.5,0.08333333333333333,0,0,0,0
E_top20,corrupt,clean_to_corrupt,v5_qwen3_8b_202,201,21.375,-13.375,1.5526311472058296e-06,11,0,1.125,3.875,3.874652862548828,7.323238372802734,20.25,-17.25,19,0,34.0,14.25,27.125,0.08181818181818182,0,0,0,0
E_top20,corrupt,clean_to_corrupt,v5_qwen3_8b_275,274,22.375,-13.125,1.9931399037886877e-06,9,0,0.75,2.5,2.4995498657226562,6.936851501464844,21.625,-15.625,14,0,32.25,11.75,26.9375,0.07058823529411765,0,0,0,0
E_top20,corrupt,clean_to_corrupt,v5_qwen3_8b_094,93,21.5,-16.75,5.314046447324472e-08,13,0,1.0,3.0,2.999847412109375,6.678009033203125,20.5,-19.75,17,0,32.0,11.125,26.25,0.08695652173913043,0,0,0,0
E_top20,corrupt,clean_to_corrupt,v5_qwen3_8b_288,287,23.0,-10.25,3.531410402501933e-05,6,0,0.0,1.25,1.2494773864746094,6.501457214355469,23.0,-11.5,7,0,31.25,10.0,27.125,0.0,0,0,0,0
E_top20,corrupt,clean_to_corrupt,v5_qwen3_8b_300,299,23.375,-9.125,0.00010871539416257292,5,0,0.25,1.25,1.2491912841796875,6.25592041015625,23.125,-10.375,8,0,32.75,12.0,27.9375,0.025974025974025976,0,0,0,0
E_top20,corrupt,clean_to_corrupt,v5_qwen3_8b_002,1,21.125,-19.625,2.998812753673974e-09,15,0,1.25,2.0,1.9999809265136719,6.574409484863281,19.875,-21.625,28,0,33.75,13.375,26.8125,0.09009009009009009,0,0,0,0
E_top20,corrupt,clean_to_corrupt,v5_qwen3_8b_082,81,22.75,-17.25,3.2241771918961604e-08,9,0,1.125,2.375,2.375,5.3937835693359375,21.625,-19.625,14,0,30.125,9.125,25.875,0.1323529411764706,0,0,0,0
E_top20,corrupt,clean_to_corrupt,v5_qwen3_8b_119,118,23.875,-9.125,0.00010879888577619568,5,0,0.125,1.375,1.3747215270996094,6.959140777587891,23.75,-10.5,7,0,29.625,8.25,26.6875,0.02127659574468085,0,0,0,0
E_top20,corrupt,clean_to_corrupt,v5_qwen3_8b_124,123,22.0,-16.75,5.315699524999218e-08,13,0,-0.125,1.125,1.1249923706054688,4.233734130859375,22.125,-17.875,13,0,30.5,9.0,26.3125,-0.014925373134328358,0,0,0,0
E_top20,corrupt,clean_to_corrupt,v5_qwen3_8b_162,161,23.625,-8.625,0.00017899712838698179,4,0,-0.375,1.125,1.1243820190429688,4.518466949462891,24.0,-9.75,5,0,31.625,10.375,27.8125,-0.04918032786885246,0,0,0,0
E_top20,corrupt,clean_to_corrupt,v5_qwen3_8b_209,208,23.5,-10.0,4.518195055425167e-05,8,0,0.25,1.75,1.7478294372558594,6.268886566162109,23.25,-11.75,9,0,34.0,14.625,28.625,0.023255813953488372,0,0,0,0
E_top20,corrupt,clean_to_corrupt,v5_qwen3_8b_260,259,23.5,-9.25,9.566713561071083e-05,6,0,0.375,1.625,1.6229820251464844,6.180389404296875,23.125,-10.875,8,0,31.0,11.0,27.0625,0.047619047619047616,0,0,0,0
E_top20,corrupt,clean_to_corrupt,v5_qwen3_8b_298,297,23.875,-8.625,0.00017925903375726193,3,0,0.125,1.625,1.6243362426757812,8.453643798828125,23.75,-10.25,6,0,31.375,10.5,27.5625,0.01639344262295082,0,0,0,0
E_top20,corrupt,clean_to_corrupt,v5_qwen3_8b_024,23,22.5,-13.75,1.067000994225964e-06,8,0,1.0,2.75,2.7497825622558594,6.540794372558594,21.5,-16.5,13,0,33.25,12.5,27.375,0.0851063829787234,0,0,0,0
E_top20,corrupt,clean_to_corrupt,v5_qwen3_8b_062,61,21.5,-18.5,9.23709286837493e-09,13,0,0.75,1.25,1.2500190734863281,4.834266662597656,20.75,-19.75,20,0,30.0,8.75,25.375,0.08108108108108109,0,0,0,0
E_top20,corrupt,clean_to_corrupt,v5_qwen3_8b_206,205,23.25,-10.0,4.533378887572326e-05,9,0,0.125,1.875,1.8741531372070312,8.34127426147461,23.125,-11.875,10,0,34.75,14.875,28.9375,0.010752688172043012,0,0,0,0
E_top20,corrupt,clean_to_corrupt,v5_qwen3_8b_227,226,24.25,-7.375,0.0006251856102608144,2,0,0.125,1.5,1.4992618560791016,6.0663604736328125,24.125,-8.875,4,0,33.75,13.875,28.9375,0.012987012987012988,0,0,0,0
E_top20,corrupt,clean_to_corrupt,v5_qwen3_8b_277,276,23.0,-11.25,1.298759161727503e-05,7,0,0.375,1.125,1.1244354248046875,7.0162200927734375,22.625,-12.375,9,0,32.25,11.625,27.4375,0.03896103896103896,0,0,0,0
E_top20,corrupt,clean_to_corrupt,v5_qwen3_8b_279,278,21.75,-10.25,3.490490053081885e-05,7,0,-0.125,1.375,1.3694915771484375,7.3687744140625,21.875,-11.625,9,0,34.0,13.875,27.9375,-0.010309278350515464,0,0,0,0
E_top20,corrupt,clean_to_corrupt,v5_qwen3_8b_041,40,23.0,-11.75,7.851428563299123e-06,7,0,0.375,1.375,1.3722457885742188,8.27130126953125,22.625,-13.125,9,0,33.25,13.375,27.9375,0.03529411764705882,0,0,0,0
E_top20,corrupt,clean_to_corrupt,v5_qwen3_8b_192,191,22.75,-16.75,5.315669682204316e-08,11,0,0.625,2.125,2.1249923706054688,5.8135833740234375,22.125,-18.875,13,0,34.5,13.875,28.3125,0.050505050505050504,0,0,0,0
E_top20,corrupt,clean_to_corrupt,v5_qwen3_8b_220,219,22.75,-11.5,1.0105450201081112e-05,9,0,0.5,2.0,1.9989509582519531,5.61346435546875,22.25,-13.5,12,0,33.25,14.0,27.75,0.045454545454545456,0,0,0,0
E_top20,corrupt,clean_to_corrupt,v5_qwen3_8b_267,266,26.875,-2.25,0.0952766090631485,2,0,0.375,1.875,1.874624252319336,6.739749908447266,26.5,-4.125,2,0,31.125,12.5,28.8125,0.08108108108108109,0,0,0,0
E_top20,corrupt,clean_to_corrupt,v5_qwen3_8b_269,268,23.25,-11.25,1.2993918971915264e-05,6,0,0.875,2.875,2.8743362426757812,7.615604400634766,22.375,-14.125,12,0,32.75,12.5,27.5625,0.08433734939759036,0,0,0,0
E_top20,corrupt,clean_to_corrupt,v5_qwen3_8b_289,288,21.125,-15.125,2.698220100683102e-07,13,0,0.5,2.0,1.9998626708984375,7.439125061035156,20.625,-17.125,19,0,32.25,11.875,26.4375,0.043010752688172046,0,0,0,0
E_top20,corrupt,clean_to_corrupt,v5_qwen3_8b_010,9,21.5,-18.0,1.522976766921147e-08,13,0,0.375,1.625,1.6249923706054688,6.151275634765625,21.125,-19.625,16,0,33.75,14.0,27.4375,0.0297029702970297,0,0,0,0
E_top20,corrupt,clean_to_corrupt,v5_qwen3_8b_032,31,19.125,-18.875,6.313169542693231e-09,24,0,0.25,2.0,1.9960250854492188,8.026931762695312,18.875,-20.875,34,0,33.75,13.625,26.3125,0.01680672268907563,0,0,0,0
E_top20,corrupt,clean_to_corrupt,v5_qwen3_8b_066,65,20.75,-20.25,1.605212962552116e-09,20,0,1.125,2.375,2.375,5.288429260253906,19.625,-22.625,37,0,32.5,12.875,26.0625,0.08737864077669903,0,0,0,0
E_top20,corrupt,clean_to_corrupt,v5_qwen3_8b_077,76,20.25,-19.75,2.6463053970360306e-09,21,0,0.625,1.875,1.8749351501464844,5.177101135253906,19.625,-21.625,33,0,31.375,9.875,25.5,0.05319148936170213,0,0,0,0
E_top20,corrupt,clean_to_corrupt,v5_qwen3_8b_120,119,23.5,-9.5,7.475585880456492e-05,5,0,0.25,1.5,1.4996223449707031,6.038295745849609,23.25,-11.0,8,0,31.5,10.0,27.375,0.030303030303030304,0,0,0,0
E_top20,corrupt,clean_to_corrupt,v5_qwen3_8b_241,240,22.5,-12.5,3.704211394506274e-06,8,0,0.375,1.125,1.1228065490722656,6.918731689453125,22.125,-13.625,10,0,31.75,10.875,26.9375,0.03896103896103896,0,0,0,0
E_top20,corrupt,clean_to_corrupt,v5_qwen3_8b_097,96,20.875,-16.125,9.920923105255497e-08,14,0,0.875,2.625,2.62451171875,5.395668029785156,20.0,-18.75,21,0,30.75,8.875,25.375,0.08139534883720931,0,0,0,0
E_top20,corrupt,clean_to_corrupt,v5_qwen3_8b_229,228,22.875,-10.125,3.999582622782327e-05,8,0,0.125,1.375,1.3739891052246094,6.360141754150391,22.75,-11.5,9,0,34.5,14.5,28.625,0.010638297872340425,0,0,0,0
E_top20,corrupt,clean_to_corrupt,v5_qwen3_8b_299,298,22.5,-10.25,3.526638465700671e-05,7,0,0.0,1.0,0.9986495971679688,6.632728576660156,22.5,-11.25,8,0,31.375,10.75,26.9375,0.0,0,0,0,0
E_top20,corrupt,clean_to_corrupt,v5_qwen3_8b_073,72,20.0,-21.25,5.905230193725686e-10,24,0,0.875,1.625,1.6249961853027344,5.385169982910156,19.125,-22.875,36,0,31.0,9.5,25.0625,0.07368421052631578,0,0,0,0
E_top20,corrupt,clean_to_corrupt,v5_qwen3_8b_171,170,26.375,-1.125,0.24386757612228394,2,0,0.125,1.25,1.2483692169189453,5.254535675048828,26.25,-2.375,2,0,30.75,11.625,28.5,0.027777777777777776,0,0,0,0
E_top20,corrupt,clean_to_corrupt,v5_qwen3_8b_008,7,20.875,-19.875,2.3355586353801527e-09,15,0,1.0,2.25,2.2499923706054688,6.786125183105469,19.875,-22.125,29,0,32.0,10.25,25.9375,0.08247422680412371,0,0,0,0
E_top20,corrupt,clean_to_corrupt,v5_qwen3_8b_053,52,23.75,-9.25,9.428528574062511e-05,4,0,0.875,1.875,1.864990234375,7.408485412597656,22.875,-11.125,9,0,32.25,11.0,27.5625,0.09333333333333334,0,0,0,0
E_top20,corrupt,clean_to_corrupt,v5_qwen3_8b_091,90,22.25,-14.5,5.042026600676763e-07,10,0,0.75,2.0,1.9999923706054688,5.4335479736328125,21.5,-16.5,16,0,30.25,9.875,25.875,0.08571428571428572,0,0,0,0
E_top20,corrupt,clean_to_corrupt,v5_qwen3_8b_221,220,23.875,-10.125,3.999884575023316e-05,7,0,0.5,1.75,1.7493667602539062,5.03656005859375,23.375,-11.875,10,0,33.0,13.625,28.1875,0.05194805194805195,0,0,0,0
E_top20,corrupt,clean_to_corrupt,v5_qwen3_8b_226,225,23.25,-8.75,0.00015774091298226267,5,0,0.0,1.0,0.9972877502441406,7.01873779296875,23.25,-9.75,7,0,33.75,14.125,28.5,0.0,0,0,0,0
E_top20,corrupt,clean_to_corrupt,v5_qwen3_8b_258,257,22.625,-10.125,4.0034035919234157e-05,6,0,0.375,1.875,1.8746986389160156,6.4857635498046875,22.25,-12.0,10,0,31.125,12.25,26.6875,0.04225352112676056,0,0,0,0
E_top20,corrupt,clean_to_corrupt,v5_qwen3_8b_006,5,21.75,-17.5,2.5109107681942078e-08,13,0,0.75,1.5,1.4999923706054688,6.134765625,21.0,-19.0,18,0,32.75,13.5,26.875,0.06382978723404255,0,0,0,0
E_top20,corrupt,clean_to_corrupt,v5_qwen3_8b_056,55,27.0,-1.75,0.14788755774497986,2,0,0.25,1.375,1.374673843383789,5.24066162109375,26.75,-3.125,2,0,33.0,13.875,29.875,0.04,0,0,0,0
E_top20,corrupt,clean_to_corrupt,v5_qwen3_8b_063,62,21.25,-18.5,9.237365539149778e-09,13,0,0.5,1.25,1.2499961853027344,5.478889465332031,20.75,-19.75,16,0,31.625,11.125,26.1875,0.04597701149425287,0,0,0,0
E_top20,corrupt,clean_to_corrupt,v5_qwen3_8b_072,71,21.25,-19.5,3.3982427982692798e-09,15,0,0.875,2.375,2.3749961853027344,5.786842346191406,20.375,-21.875,27,0,31.5,11.125,25.9375,0.07865168539325842,0,0,0,0
E_top20,corrupt,clean_to_corrupt,v5_qwen3_8b_105,104,22.5,-13.5,1.3692585980606964e-06,10,0,0.75,2.75,2.749500274658203,6.300605773925781,21.75,-16.25,13,0,32.75,13.25,27.25,0.06818181818181818,0,0,0,0
E_top20,corrupt,clean_to_corrupt,v5_qwen3_8b_007,6,22.125,-17.625,2.2159122536891118e-08,13,0,0.75,2.5,2.4999923706054688,7.664375305175781,21.375,-20.125,16,0,34.25,13.875,27.8125,0.05825242718446602,0,0,0,0
E_top20,corrupt,clean_to_corrupt,v5_qwen3_8b_026,25,22.625,-14.625,4.449258597105654e-07,9,0,0.375,1.375,1.3748626708984375,7.32159423828125,22.25,-16.0,12,0,33.25,13.625,27.75,0.03409090909090909,0,0,0,0
E_top20,corrupt,clean_to_corrupt,v5_qwen3_8b_054,53,25.5,-5.5,0.004017889034003019,3,0,0.125,1.375,1.3721656799316406,6.956214904785156,25.375,-6.875,3,0,33.25,12.875,29.3125,0.015873015873015872,0,0,0,0
E_top20,corrupt,clean_to_corrupt,v5_qwen3_8b_058,57,26.875,-2.75,0.0599927119910717,2,0,0.375,1.375,1.3741321563720703,4.659492492675781,26.5,-4.125,2,0,32.25,13.25,29.375,0.06521739130434782,0,0,0,0
E_top20,corrupt,clean_to_corrupt,v5_qwen3_8b_069,68,21.5,-18.5,9.237343334689285e-09,15,0,0.5,1.75,1.7499961853027344,6.003562927246094,21.0,-20.25,21,0,31.375,10.875,26.1875,0.04819277108433735,0,0,0,0
E_top20,corrupt,clean_to_corrupt,v5_qwen3_8b_075,74,23.875,-13.375,1.553477545712667e-06,4,0,0.75,1.5,1.5000076293945312,4.9127197265625,23.125,-14.875,6,0,31.625,12.125,27.375,0.08823529411764706,0,0,0,0
E_top20,corrupt,clean_to_corrupt,v5_qwen3_8b_113,112,23.5,-9.5,7.475817983504385e-05,5,0,-0.125,0.375,0.37457275390625,5.675117492675781,23.625,-9.875,5,0,30.875,9.75,27.25,-0.017241379310344827,0,0,0,0
E_top20,corrupt,clean_to_corrupt,v5_qwen3_8b_140,139,20.125,-19.875,2.335542870213203e-09,23,0,0.75,1.25,1.25,3.209075927734375,19.375,-21.125,34,0,29.125,6.875,24.25,0.07692307692307693,0,0,0,0
E_top20,corrupt,clean_to_corrupt,v5_qwen3_8b_276,275,23.0,-9.25,9.567692904965952e-05,7,0,0.25,1.5,1.4977264404296875,7.7708282470703125,22.75,-10.75,8,0,30.75,9.5,26.75,0.03125,0,0,0,0
E_top20,corrupt,clean_to_corrupt,v5_qwen3_8b_292,291,24.125,-9.125,0.00010884779476327822,3,0,0.125,1.125,1.1247520446777344,5.654541015625,24.0,-10.25,5,0,30.875,10.0,27.4375,0.01818181818181818,0,0,0,0
E_top20,corrupt,clean_to_corrupt,v5_qwen3_8b_051,50,22.125,-11.625,8.87835085450206e-06,7,0,0.375,1.125,1.1220550537109375,5.7732391357421875,21.75,-12.75,10,0,30.875,9.75,26.3125,0.0410958904109589,0,0,0,0
E_top20,corrupt,clean_to_corrupt,v5_qwen3_8b_095,94,23.25,-12.75,2.8990079954382963e-06,7,0,0.25,1.25,1.2494468688964844,4.999153137207031,23.0,-14.0,8,0,31.0,11.375,27.0,0.03125,0,0,0,0
E_top20,corrupt,clean_to_corrupt,v5_qwen3_8b_118,117,24.625,-7.375,0.0006253604078665376,3,0,0.375,2.125,2.124603271484375,5.83544921875,24.25,-9.5,4,0,32.0,12.125,28.125,0.04838709677419355,0,0,0,0
E_top20,corrupt,clean_to_corrupt,v5_qwen3_8b_132,131,21.75,-18.0,1.5229787209136703e-08,15,0,0.5,1.25,1.2499961853027344,5.245758056640625,21.25,-19.25,15,0,29.875,8.0,25.5625,0.057971014492753624,0,0,0,0
E_top20,corrupt,clean_to_corrupt,v5_qwen3_8b_133,132,24.125,-13.125,1.9947121927543776e-06,4,0,0.25,1.25,1.25,5.0365753173828125,23.875,-14.375,5,0,31.25,12.5,27.5625,0.03389830508474576,0,0,0,0
E_top20,corrupt,clean_to_corrupt,v5_qwen3_8b_001,0,21.5,-17.75,1.955480755100325e-08,14,0,0.875,1.625,1.6249885559082031,6.4770660400390625,20.625,-19.375,20,0,32.25,12.375,26.4375,0.07526881720430108,0,0,0,0
E_top20,corrupt,clean_to_corrupt,v5_qwen3_8b_019,18,23.0,-11.75,7.886236744525377e-06,7,0,0.875,2.375,2.3748245239257812,6.154022216796875,22.125,-14.125,12,0,32.5,11.625,27.3125,0.08433734939759036,0,0,0,0
E_top20,corrupt,clean_to_corrupt,v5_qwen3_8b_039,38,22.625,-13.875,9.412991062163201e-07,9,0,0.5,2.0,1.9993057250976562,7.281768798828125,22.125,-15.875,13,0,32.75,12.0,27.4375,0.047058823529411764,0,0,0,0
E_top20,corrupt,clean_to_corrupt,v5_qwen3_8b_049,48,23.875,-8.625,0.00017841302906163037,8,0,0.25,1.75,1.7465171813964844,6.825950622558594,23.625,-10.375,9,0,31.875,12.25,27.75,0.030303030303030304,0,0,0,0
E_top20,corrupt,clean_to_corrupt,v5_qwen3_8b_064,63,20.625,-22.125,2.461666703812426e-10,21,0,0.25,1.25,1.2499961853027344,4.947044372558594,20.375,-23.375,28,0,31.875,11.5,26.125,0.021739130434782608,0,0,0,0
E_top20,corrupt,clean_to_corrupt,v5_qwen3_8b_084,83,20.5,-17.25,3.220212363430619e-08,17,0,0.375,1.625,1.6244049072265625,5.1336517333984375,20.125,-18.875,18,0,30.0,8.375,25.0625,0.0379746835443038,0,0,0,0
E_top20,corrupt,clean_to_corrupt,v5_qwen3_8b_143,142,23.0,-12.5,3.7132645047677215e-06,8,0,0.5,1.5,1.5002517700195312,4.144950866699219,22.5,-14.0,9,0,28.375,6.125,25.4375,0.0851063829787234,0,0,0,0
E_top20,corrupt,clean_to_corrupt,v5_qwen3_8b_154,153,27.0,-2.625,0.06723729521036148,2,0,0.125,0.75,0.7477359771728516,2.7481460571289062,26.875,-3.375,2,0,30.5,10.375,28.6875,0.034482758620689655,0,0,0,0
E_top20,corrupt,clean_to_corrupt,v5_qwen3_8b_197,196,25.875,-5.0,0.006677259691059589,2,0,0.0,0.375,0.3745594024658203,3.8898696899414062,25.875,-5.375,2,0,33.0,14.25,29.4375,0.0,0,0,0,0
E_top20,corrupt,clean_to_corrupt,v5_qwen3_8b_246,245,23.5,-9.75,5.821527156513184e-05,6,0,0.375,1.625,1.6245574951171875,5.1099395751953125,23.125,-11.375,8,0,32.5,12.625,27.8125,0.04,0,0,0,0
E_top20,corrupt,clean_to_corrupt,v5_qwen3_8b_261,260,23.875,-10.375,3.116701191174798e-05,7,0,1.0,2.75,2.7495079040527344,6.982994079589844,22.875,-13.125,9,0,32.0,11.375,27.4375,0.1095890410958904,0,0,0,0
E_top20,corrupt,clean_to_corrupt,v5_qwen3_8b_096,95,17.75,-21.75,3.5720346125422964e-10,43,0,0.625,1.875,1.8739051818847656,6.46942138671875,17.125,-23.625,64,0,30.75,10.25,23.9375,0.045871559633027525,0,0,0,0
E_top20,corrupt,clean_to_corrupt,v5_qwen3_8b_134,133,24.0,-13.5,1.370941276945814e-06,5,0,0.25,1.0,1.0000038146972656,4.1299285888671875,23.75,-14.5,8,0,30.25,10.75,27.0,0.038461538461538464,0,0,0,0
E_top20,corrupt,clean_to_corrupt,v5_qwen3_8b_153,152,26.625,-2.5,0.07531802356243134,2,0,0.0,0.5,0.4972095489501953,3.309417724609375,26.625,-3.0,2,0,30.5,11.25,28.5625,0.0,0,0,0,0
E_top20,corrupt,clean_to_corrupt,v5_qwen3_8b_203,202,23.0,-11.5,1.009312200039858e-05,8,0,0.375,1.875,1.8726387023925781,6.674491882324219,22.625,-13.375,10,0,33.75,14.125,28.1875,0.033707865168539325,0,0,0,0
E_top20,corrupt,clean_to_corrupt,v5_qwen3_8b_204,203,22.25,-12.5,3.70262182514125e-06,10,0,0.375,1.875,1.8711967468261719,8.395545959472656,21.875,-14.375,14,0,33.5,13.375,27.6875,0.03225806451612903,0,0,0,0
E_top20,corrupt,clean_to_corrupt,v5_qwen3_8b_215,214,26.875,-2.375,0.08501126617193222,2,0,0.375,1.625,1.6245307922363281,6.589328765869141,26.5,-4.0,2,0,33.5,14.375,30.0,0.05357142857142857,0,0,0,0
E_top20,corrupt,clean_to_corrupt,v5_qwen3_8b_250,249,25.75,-7.0,0.0009101362666115165,2,0,0.25,1.0,1.0003623962402344,5.020965576171875,25.5,-8.0,3,0,31.875,11.25,28.6875,0.0392156862745098,0,0,0,0
E_top20,corrupt,clean_to_corrupt,v5_qwen3_8b_252,251,23.125,-10.625,2.3674148906138726e-05,7,0,1.0,3.0,2.9806594848632812,9.589336395263672,22.125,-13.625,13,0,32.5,10.25,27.3125,0.0963855421686747,0,0,0,0
E_top20,corrupt,clean_to_corrupt,v5_qwen3_8b_021,20,18.25,-21.0,7.579409322389097e-10,32,0,1.0,3.25,3.2497406005859375,7.464530944824219,17.25,-24.25,60,0,31.875,11.125,24.5625,0.06837606837606838,0,0,0,0
E_top20,corrupt,clean_to_corrupt,v5_qwen3_8b_074,73,24.25,-13.25,1.7603152855372173e-06,4,0,0.25,0.75,0.75,4.584564208984375,24.0,-14.0,8,0,31.75,12.625,27.875,0.03225806451612903,0,0,0,0
E_top20,corrupt,clean_to_corrupt,v5_qwen3_8b_149,148,23.0,-10.75,2.1353751435526647e-05,8,0,0.0,0.5,0.4986152648925781,3.48760986328125,23.0,-11.25,8,0,26.75,2.375,24.875,0.0,0,0,0,0
E_top20,corrupt,clean_to_corrupt,v5_qwen3_8b_176,175,26.625,-1.5,0.18202421069145203,2,0,0.125,1.0,0.9992885589599609,4.095142364501953,26.5,-2.5,2,0,30.375,10.625,28.4375,0.03225806451612903,0,0,0,0
E_top20,corrupt,clean_to_corrupt,v5_qwen3_8b_186,185,25.0,-12.25,4.785025794262765e-06,2,0,0.375,1.375,1.3749961853027344,6.1250457763671875,24.625,-13.625,5,0,34.25,14.5,29.4375,0.03896103896103896,0,0,0,0
E_top20,corrupt,clean_to_corrupt,v5_qwen3_8b_222,221,24.625,-8.625,0.00017903675325214863,3,0,0.5,2.0,1.9985466003417969,5.834892272949219,24.125,-10.625,9,0,33.0,13.5,28.5625,0.056338028169014086,0,0,0,0
E_top20,corrupt,clean_to_corrupt,v5_qwen3_8b_240,239,25.5,-5.0,0.006639576517045498,2,0,0.125,0.75,0.74774169921875,5.244537353515625,25.375,-5.75,3,0,33.5,14.25,29.4375,0.015384615384615385,0,0,0,0
E_top20,corrupt,clean_to_corrupt,v5_qwen3_8b_005,4,22.25,-17.5,2.5109670787060168e-08,13,0,0.625,1.375,1.375,5.0894317626953125,21.625,-18.875,17,0,33.5,13.25,27.5625,0.05263157894736842,0,0,0,0
E_top20,corrupt,clean_to_corrupt,v5_qwen3_8b_022,21,22.0,-15.0,3.05789455978811e-07,11,0,0.5,2.5,2.4997406005859375,7.3771820068359375,21.5,-17.5,16,0,32.75,12.75,27.125,0.044444444444444446,0,0,0,0
E_top20,corrupt,clean_to_corrupt,v5_qwen3_8b_076,75,23.75,-14.25,6.475876261902158e-07,7,0,0.75,1.0,1.0000076293945312,4.324920654296875,23.0,-15.25,8,0,31.625,12.75,27.3125,0.08695652173913043,0,0,0,0
E_top20,corrupt,clean_to_corrupt,v5_qwen3_8b_079,78,19.75,-22.25,2.1723864374045831e-10,31,0,1.125,1.875,1.8749923706054688,4.530303955078125,18.625,-24.125,55,0,31.375,9.25,25.0,0.08823529411764706,0,0,0,0
E_top20,corrupt,clean_to_corrupt,v5_qwen3_8b_152,151,26.5,-2.875,0.05310560390353203,2,0,0.25,0.875,0.8742008209228516,3.668384552001953,26.25,-3.75,2,0,30.375,10.375,28.3125,0.06060606060606061,0,0,0,0
E_top20,corrupt,clean_to_corrupt,v5_qwen3_8b_155,154,26.875,-2.625,0.06746194511651993,2,0,0.125,0.75,0.7499008178710938,4.85736083984375,26.75,-3.375,2,0,30.5,9.625,28.625,0.03333333333333333,0,0,0,0
E_top20,corrupt,clean_to_corrupt,v5_qwen3_8b_164,163,23.25,-9.25,9.588435932528228e-05,7,0,0.0,1.5,1.4991264343261719,5.122413635253906,23.25,-10.75,8,0,29.5,7.375,26.375,0.0,0,0,0,0
E_top20,corrupt,clean_to_corrupt,v5_qwen3_8b_182,181,21.125,-18.625,8.151887165297467e-09,17,0,1.5,2.5,2.4999961853027344,5.4792633056640625,19.625,-21.125,39,0,33.5,13.75,26.5625,0.10810810810810811,0,0,0,0
E_top20,corrupt,clean_to_corrupt,v5_qwen3_8b_228,227,23.625,-9.125,0.00010794241825351492,5,0,0.0,1.0,0.99737548828125,6.7220306396484375,23.625,-10.125,5,0,34.25,14.125,28.9375,0.0,0,0,0,0
E_top20,corrupt,clean_to_corrupt,v5_qwen3_8b_081,80,20.125,-21.375,5.211174824992781e-10,23,0,0.875,2.375,2.3749656677246094,5.142189025878906,19.25,-23.75,48,0,32.0,10.25,25.625,0.06862745098039216,0,0,0,0
E_top20,corrupt,clean_to_corrupt,v5_qwen3_8b_090,89,20.0,-19.75,2.6450535095534633e-09,24,0,0.125,1.375,1.37469482421875,4.025032043457031,19.875,-21.125,34,0,29.75,7.875,24.8125,0.012658227848101266,0,0,0,0
E_top20,corrupt,clean_to_corrupt,v5_qwen3_8b_099,98,21.75,-15.0,3.0584848786929797e-07,10,0,1.125,3.375,3.374889373779297,7.109214782714844,20.625,-18.375,17,0,30.0,9.375,25.3125,0.12,0,0,0,0
E_top20,corrupt,clean_to_corrupt,v5_qwen3_8b_109,108,25.75,-6.25,0.001922721159644425,2,0,0.125,1.125,1.12396240234375,4.919971466064453,25.625,-7.375,3,0,30.875,10.625,28.25,0.023809523809523808,0,0,0,0
E_top20,corrupt,clean_to_corrupt,v5_qwen3_8b_110,109,22.25,-13.5,1.3694865401703282e-06,12,0,1.25,3.0,2.9995269775390625,6.375953674316406,21.0,-16.5,21,0,32.75,12.25,26.875,0.10638297872340426,0,0,0,0
E_top20,corrupt,clean_to_corrupt,v5_qwen3_8b_122,121,20.25,-21.75,3.58172713710303e-10,30,0,1.125,2.125,2.1250038146972656,3.2904891967773438,19.125,-23.875,55,0,29.625,7.625,24.375,0.10714285714285714,0,0,0,0
E_top20,corrupt,clean_to_corrupt,v5_qwen3_8b_136,135,23.75,-14.25,6.47592059976887e-07,4,0,0.125,0.625,0.6250076293945312,3.1973800659179688,23.625,-14.875,6,0,30.5,11.25,27.0625,0.01818181818181818,0,0,0,0
E_top20,corrupt,clean_to_corrupt,v5_qwen3_8b_147,146,27.0,-2.875,0.053229037672281265,2,0,0.125,1.0,0.9988918304443359,3.916706085205078,26.875,-3.875,2,0,31.5,12.0,29.1875,0.02702702702702703,0,0,0,0
E_top20,corrupt,clean_to_corrupt,v5_qwen3_8b_225,224,23.0,-9.5,7.43808996048756e-05,8,0,0.125,1.125,1.123443603515625,6.670375823974609,22.875,-10.625,9,0,33.75,14.25,28.3125,0.011494252873563218,0,0,0,0
E_top20,corrupt,clean_to_corrupt,v5_qwen3_8b_255,254,24.75,-8.25,0.00025988247944042087,4,0,0.875,2.875,2.8713226318359375,7.0570220947265625,23.875,-11.125,8,0,33.0,12.375,28.4375,0.0958904109589041,0,0,0,0
E_top20,corrupt,clean_to_corrupt,v5_qwen3_8b_015,14,23.25,-15.0,3.058966626667825e-07,8,0,0.625,0.875,0.8750038146972656,3.9277725219726562,22.625,-15.875,11,0,30.75,11.375,26.6875,0.07692307692307693,0,0,0,0
E_top20,corrupt,clean_to_corrupt,v5_qwen3_8b_016,15,24.5,-13.25,1.760318241394998e-06,4,0,0.75,1.75,1.7500038146972656,5.24566650390625,23.75,-15.0,8,0,32.5,13.5,28.125,0.08571428571428572,0,0,0,0
E_top20,corrupt,clean_to_corrupt,v5_qwen3_8b_098,97,22.75,-15.0,3.0587605692744546e-07,8,0,1.125,3.125,3.124958038330078,6.668701171875,21.625,-18.125,14,0,31.375,11.875,26.5,0.11538461538461539,0,0,0,0
E_top20,corrupt,clean_to_corrupt,v5_qwen3_8b_174,173,27.0,-2.0,0.11895447969436646,2,0,0.25,0.75,0.7497406005859375,4.800586700439453,26.75,-2.75,2,0,29.75,9.375,28.25,0.08333333333333333,0,0,0,0
E_top20,corrupt,clean_to_corrupt,v5_qwen3_8b_177,176,24.375,-4.5,0.009695903398096561,5,0,0.25,1.75,1.7430038452148438,6.885570526123047,24.125,-6.25,5,0,32.75,11.0,28.4375,0.028985507246376812,0,0,0,0
E_top20,corrupt,clean_to_corrupt,v5_qwen3_8b_181,180,23.125,-16.625,6.023455512149667e-08,11,0,1.0,1.75,1.7500076293945312,5.517829895019531,22.125,-18.375,16,0,34.5,14.875,28.3125,0.08080808080808081,0,0,0,0
E_top20,corrupt,clean_to_corrupt,v5_qwen3_8b_191,190,24.0,-14.75,3.9278322105928964e-07,6,0,0.75,1.5,1.5,5.416259765625,23.25,-16.25,8,0,33.5,14.125,28.375,0.07317073170731707,0,0,0,0
E_top20,corrupt,clean_to_corrupt,v5_qwen3_8b_273,272,23.75,-10.25,3.511145041557029e-05,6,0,0.375,1.875,1.8743324279785156,5.672321319580078,23.375,-12.125,9,0,31.875,11.625,27.625,0.04411764705882353,0,0,0,0
E_top20,corrupt,clean_to_corrupt,v5_qwen3_8b_297,296,25.875,-3.375,0.03288523107767105,2,0,0.25,0.875,0.8729515075683594,5.272983551025391,25.625,-4.25,2,0,31.125,11.375,28.375,0.045454545454545456,0,0,0,0
E_top20,corrupt,clean_to_corrupt,v5_qwen3_8b_050,49,24.75,-8.5,0.00020316136942710727,3,0,0.375,1.875,1.8741874694824219,7.242527008056641,24.375,-10.375,6,0,33.25,13.5,28.8125,0.04225352112676056,0,0,0,0
E_top20,corrupt,clean_to_corrupt,v5_qwen3_8b_115,114,23.625,-9.625,6.598913023481146e-05,5,0,0.625,2.125,2.1247024536132812,6.743011474609375,23.0,-11.75,9,0,30.5,8.875,26.75,0.08333333333333333,0,0,0,0
E_top20,corrupt,clean_to_corrupt,v5_qwen3_8b_116,115,22.75,-12.25,4.781620191351976e-06,8,0,0.625,2.125,2.1247329711914062,6.533660888671875,22.125,-14.375,13,0,29.375,7.25,25.75,0.08620689655172414,0,0,0,0
E_top20,corrupt,clean_to_corrupt,v5_qwen3_8b_139,138,21.375,-19.625,2.9989333238944482e-09,17,0,1.375,2.625,2.6250038146972656,4.4495086669921875,20.0,-22.25,45,0,29.5,6.125,24.75,0.14473684210526316,0,0,0,0
E_top20,corrupt,clean_to_corrupt,v5_qwen3_8b_166,165,23.625,-10.625,2.4277313059428707e-05,4,0,0.5,1.0,1.0002517700195312,4.775199890136719,23.125,-11.625,6,0,28.875,7.0,26.0,0.08695652173913043,0,0,0,0
E_top20,corrupt,clean_to_corrupt,v5_qwen3_8b_178,177,23.75,-9.75,5.82115571887698e-05,7,0,0.5,2.5,2.499309539794922,6.382499694824219,23.25,-12.25,10,0,31.125,8.875,27.1875,0.06349206349206349,0,0,0,0
E_top20,corrupt,clean_to_corrupt,v5_qwen3_8b_199,198,23.5,-11.0,1.6680209228070453e-05,6,0,0.5,2.5,2.4991111755371094,7.889892578125,23.0,-13.5,9,0,33.75,14.125,28.375,0.046511627906976744,0,0,0,0
E_top20,corrupt,clean_to_corrupt,v5_qwen3_8b_242,241,24.375,-10.125,4.0053226257441565e-05,4,0,0.625,2.125,2.1249656677246094,7.66351318359375,23.75,-12.25,7,0,32.5,13.25,28.125,0.07142857142857142,0,0,0,0
E_top20,corrupt,clean_to_corrupt,v5_qwen3_8b_254,253,24.0,-9.0,0.00012290154700167477,4,0,0.125,1.375,1.3726234436035156,7.30499267578125,23.875,-10.375,6,0,32.75,11.875,28.3125,0.014084507042253521,0,0,0,0
E_top20,corrupt,clean_to_corrupt,v5_qwen3_8b_274,273,23.625,-11.375,1.1470109711808618e-05,5,0,0.5,0.5,0.5001869201660156,4.601402282714844,23.125,-11.875,5,0,31.375,11.5,27.25,0.06060606060606061,0,0,0,0
E_top20,corrupt,clean_to_corrupt,v5_qwen3_8b_003,2,21.875,-17.875,1.725734755098074e-08,13,0,0.625,1.625,1.6249961853027344,5.040931701660156,21.25,-19.5,18,0,33.25,13.875,27.25,0.052083333333333336,0,0,0,0
E_top20,corrupt,clean_to_corrupt,v5_qwen3_8b_030,29,22.125,-14.875,3.4633399081940297e-07,8,0,0.75,2.5,2.499462127685547,7.001190185546875,21.375,-17.375,14,0,33.25,13.375,27.3125,0.06315789473684211,0,0,0,0
E_top20,corrupt,clean_to_corrupt,v5_qwen3_8b_086,85,23.25,-13.0,2.260142764498596e-06,7,0,0.75,3.0,2.999950408935547,6.4495697021484375,22.5,-16.0,10,0,32.5,11.5,27.5,0.075,0,0,0,0
E_top20,corrupt,clean_to_corrupt,v5_qwen3_8b_014,13,23.625,-14.625,4.4508107066576486e-07,7,0,0.375,0.875,0.8750038146972656,5.354957580566406,23.25,-15.5,8,0,32.5,12.75,27.875,0.04054054054054054,0,0,0,0
E_top20,corrupt,clean_to_corrupt,v5_qwen3_8b_060,59,23.5,-8.75,0.00015791515761520714,4,0,0.625,2.625,2.6228408813476562,7.757488250732422,22.875,-11.375,9,0,33.5,12.875,28.1875,0.058823529411764705,0,0,0,0
E_top20,corrupt,clean_to_corrupt,v5_qwen3_8b_061,60,21.125,-18.625,8.151848085447e-09,16,0,0.625,1.375,1.3749923706054688,4.476776123046875,20.5,-20.0,24,0,31.125,9.125,25.8125,0.058823529411764705,0,0,0,0
E_top20,corrupt,clean_to_corrupt,v5_qwen3_8b_127,126,22.0,-19.5,3.398257453213205e-09,15,0,0.125,0.875,0.875,2.4026031494140625,21.875,-20.375,15,0,30.75,9.25,26.3125,0.014084507042253521,0,0,0,0
E_top20,corrupt,clean_to_corrupt,v5_qwen3_8b_128,127,22.0,-18.25,1.1861046367300787e-08,13,0,0.375,1.625,1.6249961853027344,5.031707763671875,21.625,-19.875,15,0,29.75,8.25,25.6875,0.046153846153846156,0,0,0,0
E_top20,corrupt,clean_to_corrupt,v5_qwen3_8b_130,129,21.125,-19.125,4.944378240168135e-09,15,0,0.875,2.125,2.1249923706054688,4.766563415527344,20.25,-21.25,22,0,30.625,8.125,25.4375,0.08433734939759036,0,0,0,0
E_top20,corrupt,clean_to_corrupt,v5_qwen3_8b_190,189,23.375,-14.625,4.4507845586849726e-07,6,0,0.875,1.875,1.875,5.15032958984375,22.5,-16.5,10,0,33.25,14.375,27.875,0.08139534883720931,0,0,0,0
E_top20,corrupt,clean_to_corrupt,v5_qwen3_8b_198,197,26.5,-4.75,0.008571574464440346,2,0,0.375,1.375,1.374755859375,5.902515411376953,26.125,-6.125,2,0,32.75,14.0,29.4375,0.05660377358490566,0,0,0,0
E_top20,corrupt,clean_to_corrupt,v5_qwen3_8b_212,211,26.25,-3.75,0.022870676591992378,2,0,0.25,0.75,0.7490234375,4.35882568359375,26.0,-4.5,2,0,32.0,13.25,29.0,0.041666666666666664,0,0,0,0
E_top20,corrupt,clean_to_corrupt,v5_qwen3_8b_224,223,23.0,-9.25,9.177230094792321e-05,8,0,0.625,2.625,2.5891647338867188,7.1661224365234375,22.375,-11.875,12,0,34.5,14.5,28.4375,0.05154639175257732,0,0,0,0
E_top20,corrupt,clean_to_corrupt,v5_qwen3_8b_248,247,27.5,-3.125,0.04202090948820114,2,0,0.5,1.625,1.6240386962890625,6.493553161621094,27.0,-4.75,2,0,33.0,12.5,30.0,0.08333333333333333,0,0,0,0
E_top20,corrupt,clean_to_corrupt,v5_qwen3_8b_259,258,22.625,-12.375,4.218917183607118e-06,10,0,0.25,2.0,1.9993553161621094,7.588104248046875,22.375,-14.375,13,0,32.0,10.125,27.1875,0.025974025974025976,0,0,0,0
E_top20,corrupt,clean_to_corrupt,v5_qwen3_8b_287,286,23.125,-12.125,5.420185516413767e-06,7,0,0.375,2.125,2.1247711181640625,7.485374450683594,22.75,-14.25,10,0,32.0,10.25,27.375,0.04054054054054054,0,0,0,0
E_top20,corrupt,clean_to_corrupt,v5_qwen3_8b_017,16,24.125,-13.125,1.994708782149246e-06,3,0,0.5,1.5,1.4999961853027344,4.8841705322265625,23.625,-14.625,8,0,32.75,13.375,28.1875,0.0547945205479452,0,0,0,0
E_top20,corrupt,clean_to_corrupt,v5_qwen3_8b_035,34,26.0,-5.25,0.005211217794567347,2,0,0.25,1.0,0.9991340637207031,5.489952087402344,25.75,-6.25,2,0,32.75,13.25,29.25,0.03571428571428571,0,0,0,0
E_top20,corrupt,clean_to_corrupt,v5_qwen3_8b_129,128,19.875,-22.875,1.1628077667413805e-10,26,0,0.75,2.0,1.9999923706054688,3.18701171875,19.125,-24.875,42,0,28.125,5.25,23.625,0.08333333333333333,0,0,0,0
E_top20,corrupt,clean_to_corrupt,v5_qwen3_8b_131,130,21.0,-18.75,7.193853068798717e-09,15,0,0.375,1.375,1.3749809265136719,3.12890625,20.625,-20.125,19,0,29.125,7.125,24.875,0.04411764705882353,0,0,0,0
E_top20,corrupt,clean_to_corrupt,v5_qwen3_8b_146,145,25.5,-7.0,0.0009102019830606878,2,0,0.25,1.25,1.2495918273925781,3.1426544189453125,25.25,-8.25,3,0,29.75,7.375,27.5,0.05555555555555555,0,0,0,0
E_top20,corrupt,clean_to_corrupt,v5_qwen3_8b_158,157,23.625,-8.375,0.0002286038943566382,4,0,-0.125,0.875,0.8728713989257812,5.203418731689453,23.75,-9.25,5,0,30.125,8.75,26.9375,-0.0196078431372549,0,0,0,0
E_top20,corrupt,clean_to_corrupt,v5_qwen3_8b_163,162,22.375,-13.375,1.5528867152170278e-06,11,0,0.0,1.25,1.2499198913574219,4.8385772705078125,22.375,-14.625,13,0,28.125,5.5,25.25,0.0,0,0,0,0
E_top20,corrupt,clean_to_corrupt,v5_qwen3_8b_207,206,22.75,-10.5,2.749259874690324e-05,6,0,0.25,1.75,1.7491607666015625,7.113243103027344,22.5,-12.25,9,0,34.0,14.5,28.25,0.021739130434782608,0,0,0,0
E_top20,corrupt,clean_to_corrupt,v5_qwen3_8b_217,216,26.5,-3.875,0.020288869738578796,2,0,0.625,2.0,1.9988422393798828,7.232669830322266,25.875,-5.875,2,0,33.5,14.5,29.6875,0.08196721311475409,0,0,0,0
E_top20,corrupt,clean_to_corrupt,v5_qwen3_8b_023,22,24.125,-10.875,1.8914139218395576e-05,6,0,0.125,1.125,1.1246490478515625,6.160850524902344,24.0,-12.0,7,0,32.5,13.125,28.25,0.014705882352941176,0,0,0,0
E_top20,corrupt,clean_to_corrupt,v5_qwen3_8b_031,30,22.75,-11.75,7.879243639763445e-06,6,0,0.375,2.125,2.1240234375,9.406028747558594,22.375,-13.875,8,0,33.5,14.0,27.9375,0.033707865168539325,0,0,0,0
E_top20,corrupt,clean_to_corrupt,v5_qwen3_8b_135,134,24.125,-12.375,4.222756160743302e-06,3,0,0.125,0.625,0.6250114440917969,4.612831115722656,24.0,-13.0,5,0,31.125,12.0,27.5625,0.017543859649122806,0,0,0,0
E_top20,corrupt,clean_to_corrupt,v5_qwen3_8b_138,137,20.0,-21.25,5.905199107480996e-10,31,0,0.625,-0.125,-0.12498855590820312,3.1357040405273438,19.375,-21.125,44,0,29.375,6.25,24.375,0.0625,0,0,0,0
E_top20,corrupt,clean_to_corrupt,v5_qwen3_8b_175,174,25.625,-1.875,0.12586121261119843,2,0,0.125,0.625,0.6064510345458984,4.241371154785156,25.5,-2.5,2,0,29.5,9.625,27.5,0.03125,0,0,0,0
E_top20,corrupt,clean_to_corrupt,v5_qwen3_8b_179,178,24.125,-9.125,0.00010873889550566673,4,0,0.25,1.25,1.2501487731933594,4.906719207763672,23.875,-10.375,5,0,30.5,8.0,27.1875,0.03773584905660377,0,0,0,0
E_top20,corrupt,clean_to_corrupt,v5_qwen3_8b_200,199,23.875,-8.125,0.0002951659553218633,4,0,0.25,1.5,1.4987106323242188,6.401775360107422,23.625,-9.625,5,0,34.0,14.125,28.8125,0.024096385542168676,0,0,0,0
E_top20,corrupt,clean_to_corrupt,v5_qwen3_8b_243,242,24.25,-9.5,7.474983431166038e-05,4,0,0.75,2.25,2.249286651611328,6.035942077636719,23.5,-11.75,5,0,32.75,12.125,28.125,0.08108108108108109,0,0,0,0
E_top20,corrupt,clean_to_corrupt,v5_qwen3_8b_059,58,26.625,-3.75,0.02293921634554863,2,0,0.25,1.25,1.2493343353271484,5.936252593994141,26.375,-5.0,2,0,32.5,13.625,29.4375,0.04081632653061224,0,0,0,0
E_top20,corrupt,clean_to_corrupt,v5_qwen3_8b_156,155,27.125,-2.75,0.05998079106211662,2,0,0.25,0.875,0.8746852874755859,3.2143898010253906,26.875,-3.625,2,0,29.75,8.625,28.3125,0.08695652173913043,0,0,0,0
E_top20,corrupt,clean_to_corrupt,v5_qwen3_8b_266,265,26.625,-2.75,0.0598011314868927,2,0,0.5,1.375,1.373342514038086,5.4976043701171875,26.125,-4.125,2,0,31.875,12.25,29.0,0.08695652173913043,0,0,0,0
E_top20,corrupt,clean_to_corrupt,v5_qwen3_8b_278,277,23.25,-11.0,1.6694368241587654e-05,6,0,0.125,1.125,1.1249160766601562,6.279273986816406,23.125,-12.125,7,0,30.375,8.25,26.75,0.017241379310344827,0,0,0,0
E_top20,corrupt,clean_to_corrupt,v5_qwen3_8b_009,8,20.125,-21.625,4.0585479421650916e-10,18,0,0.5,1.5,1.4999847412109375,4.7268218994140625,19.625,-23.125,29,0,31.875,11.75,25.75,0.04081632653061224,0,0,0,0
E_top20,corrupt,clean_to_corrupt,v5_qwen3_8b_160,159,22.5,-12.5,3.7234090086712968e-06,10,0,0.25,0.75,0.7500877380371094,2.9826507568359375,22.25,-13.25,13,0,28.0,4.75,25.125,0.043478260869565216,0,0,0,0
E_top20,corrupt,clean_to_corrupt,v5_qwen3_8b_218,217,23.875,-9.625,6.325685535557568e-05,4,0,0.25,2.0,1.9801788330078125,6.018363952636719,23.625,-11.625,10,0,34.0,14.125,28.8125,0.024096385542168676,0,0,0,0
E_top20,corrupt,clean_to_corrupt,v5_qwen3_8b_231,230,23.0,-9.5,7.46034347685054e-05,8,0,0.0,1.0,0.9988479614257812,5.409427642822266,23.0,-10.5,8,0,33.5,14.25,28.25,0.0,0,0,0,0
E_top20,corrupt,clean_to_corrupt,v5_qwen3_8b_291,290,22.875,-10.125,4.0010621887631714e-05,8,0,0.5,1.0,0.9996986389160156,6.377311706542969,22.375,-11.125,10,0,32.0,11.5,27.1875,0.05194805194805195,0,0,0,0
E_top20,corrupt,clean_to_corrupt,v5_qwen3_8b_107,106,26.625,-4.25,0.014057517983019352,2,0,0.375,1.375,1.3747997283935547,5.4217376708984375,26.25,-5.625,2,0,31.25,12.0,28.75,0.075,0,0,0,0
E_top20,corrupt,clean_to_corrupt,v5_qwen3_8b_151,150,27.0,-2.75,0.05987755209207535,2,0,0.0,0.375,0.3740425109863281,2.1995391845703125,27.0,-3.125,2,0,30.375,9.5,28.6875,0.0,0,0,0,0
E_top20,corrupt,clean_to_corrupt,v5_qwen3_8b_189,188,24.625,-12.625,3.2886732697079424e-06,5,0,0.5,1.5,1.5,6.062644958496094,24.125,-14.125,7,0,34.0,14.5,29.0625,0.05063291139240506,0,0,0,0
E_top20,corrupt,clean_to_corrupt,v5_qwen3_8b_210,209,21.75,-12.5,3.724928546944284e-06,10,0,0.125,1.375,1.3748092651367188,5.7042083740234375,21.625,-13.875,12,0,34.25,13.625,27.9375,0.009900990099009901,0,0,0,0
E_top20,corrupt,clean_to_corrupt,v5_qwen3_8b_213,212,27.375,-2.25,0.0952429473400116,2,0,0.5,1.875,1.8744983673095703,5.860984802246094,26.875,-4.125,2,0,34.0,14.5,30.4375,0.07017543859649122,0,0,0,0
E_top20,corrupt,clean_to_corrupt,v5_qwen3_8b_230,229,23.75,-9.75,5.8268233260605484e-05,3,0,0.125,1.375,1.3749542236328125,5.012786865234375,23.625,-11.125,7,0,33.0,13.75,28.3125,0.013333333333333334,0,0,0,0
E_top20,corrupt,clean_to_corrupt,v5_qwen3_8b_256,255,23.125,-9.875,5.129452620167285e-05,6,0,0.75,2.75,2.7480735778808594,6.802459716796875,22.375,-12.625,10,0,32.25,12.125,27.3125,0.0759493670886076,0,0,0,0
E_top20,corrupt,clean_to_corrupt,v5_qwen3_8b_043,42,23.5,-10.5,2.7416623197495937e-05,8,0,0.625,1.125,1.1235389709472656,6.043914794921875,22.875,-11.625,10,0,32.75,12.125,27.8125,0.06329113924050633,0,0,0,0
E_top20,corrupt,clean_to_corrupt,v5_qwen3_8b_048,47,24.25,-12.0,6.141598532849457e-06,6,0,0.625,2.375,2.374736785888672,6.604621887207031,23.625,-14.375,8,0,31.0,10.625,27.3125,0.0847457627118644,0,0,0,0
E_top20,corrupt,clean_to_corrupt,v5_qwen3_8b_167,166,23.5,-11.0,1.6699574189260602e-05,5,0,0.25,1.75,1.7499732971191406,4.9935150146484375,23.25,-12.75,5,0,31.625,10.375,27.4375,0.029850746268656716,0,0,0,0
E_top20,corrupt,clean_to_corrupt,v5_qwen3_8b_187,186,24.5,-13.25,1.7603244941710727e-06,4,0,0.5,1.25,1.25,5.650779724121094,24.0,-14.5,7,0,34.0,14.625,29.0,0.05,0,0,0,0
E_top20,corrupt,clean_to_corrupt,v5_qwen3_8b_193,192,27.875,-3.25,0.03730658441781998,2,0,0.5,1.625,1.6247215270996094,7.573131561279297,27.375,-4.875,2,0,34.5,14.625,30.9375,0.07017543859649122,0,0,0,0
E_top20,corrupt,clean_to_corrupt,v5_qwen3_8b_262,261,26.75,-2.625,0.06682702153921127,2,0,0.125,0.625,0.6228771209716797,5.177711486816406,26.625,-3.25,2,0,32.25,12.0,29.4375,0.022222222222222223,0,0,0,0
E_top20,corrupt,clean_to_corrupt,v5_qwen3_8b_012,11,24.25,-13.25,1.760292548169673e-06,5,0,0.5,1.75,1.7499885559082031,5.253814697265625,23.75,-15.0,8,0,32.25,13.0,28.0,0.058823529411764705,0,0,0,0
E_top20,corrupt,clean_to_corrupt,v5_qwen3_8b_080,79,21.375,-19.625,2.9989155603260542e-09,15,0,1.125,2.375,2.375,5.253684997558594,20.25,-22.0,28,0,31.125,9.375,25.6875,0.10344827586206896,0,0,0,0
E_top20,corrupt,clean_to_corrupt,v5_qwen3_8b_108,107,26.75,-4.25,0.01404932513833046,2,0,0.5,1.375,1.3745479583740234,5.160560607910156,26.25,-5.625,2,0,31.625,11.125,28.9375,0.09302325581395349,0,0,0,0
E_top20,corrupt,clean_to_corrupt,v5_qwen3_8b_194,193,27.75,-2.625,0.06749977171421051,2,0,0.5,1.125,1.1248359680175781,6.400646209716797,27.25,-3.75,2,0,34.25,14.125,30.75,0.07142857142857142,0,0,0,0
E_top20,corrupt,clean_to_corrupt,v5_qwen3_8b_196,195,25.75,-6.25,0.0019237096421420574,2,0,0.375,1.125,1.1245269775390625,5.6218109130859375,25.375,-7.375,2,0,33.25,14.375,29.3125,0.047619047619047616,0,0,0,0
E_top20,corrupt,clean_to_corrupt,v5_qwen3_8b_223,222,21.875,-13.125,1.981741888812394e-06,12,0,0.375,2.375,2.3702621459960938,8.23834228515625,21.5,-15.5,16,0,33.25,12.5,27.375,0.031914893617021274,0,0,0,0
E_top20,corrupt,clean_to_corrupt,v5_qwen3_8b_265,264,27.125,-2.0,0.11824507266283035,2,0,0.125,0.625,0.6226310729980469,3.461193084716797,27.0,-2.625,2,0,31.875,11.75,29.4375,0.02564102564102564,0,0,0,0
E_top20,corrupt,clean_to_corrupt,v5_qwen3_8b_272,271,23.5,-7.75,0.0004162226978223771,5,0,0.375,2.375,2.3477210998535156,8.976177215576172,23.125,-10.125,9,0,33.25,12.625,28.1875,0.037037037037037035,0,0,0,0
E_top20,corrupt,clean_to_corrupt,v5_qwen3_8b_089,88,23.75,-10.75,2.142804441973567e-05,7,0,0.75,2.5,2.499584197998047,5.973625183105469,23.0,-13.25,10,0,30.875,10.0,26.9375,0.09523809523809523,0,0,0,0
E_top20,corrupt,clean_to_corrupt,v5_qwen3_8b_100,99,23.125,-12.875,2.55768941315182e-06,8,0,0.125,0.875,0.8744964599609375,4.58953857421875,23.0,-13.75,9,0,30.625,8.375,26.8125,0.01639344262295082,0,0,0,0
E_top20,corrupt,clean_to_corrupt,v5_qwen3_8b_117,116,26.0,-2.75,0.058703236281871796,2,0,0.125,1.0,0.9848976135253906,5.991825103759766,25.875,-3.75,2,0,31.75,11.25,28.8125,0.02127659574468085,0,0,0,0
E_top20,corrupt,clean_to_corrupt,v5_qwen3_8b_123,122,19.625,-21.375,5.21123699748216e-10,30,0,1.375,1.875,1.875,3.4083633422851562,18.25,-23.25,56,0,28.375,5.0,23.3125,0.13580246913580246,0,0,0,0
E_top20,corrupt,clean_to_corrupt,v5_qwen3_8b_148,147,25.5,-6.25,0.0019234353676438332,2,0,0.125,0.625,0.6249313354492188,3.290477752685547,25.375,-6.875,3,0,28.875,7.375,27.125,0.03571428571428571,0,0,0,0
E_top20,corrupt,clean_to_corrupt,v5_qwen3_8b_165,164,23.375,-10.125,3.996341547463089e-05,6,0,0.125,0.875,0.87493896484375,5.536430358886719,23.25,-11.0,9,0,29.625,8.125,26.4375,0.0196078431372549,0,0,0,0
E_top20,corrupt,clean_to_corrupt,v5_qwen3_8b_188,187,23.75,-14.25,6.475854661402991e-07,5,0,0.125,1.125,1.1250038146972656,4.928642272949219,23.625,-15.375,8,0,33.5,13.875,28.5625,0.012658227848101266,0,0,0,0
E_top20,corrupt,clean_to_corrupt,v5_qwen3_8b_195,194,27.0,-3.375,0.03303474932909012,2,0,0.75,1.375,1.3742904663085938,7.255096435546875,26.25,-4.75,2,0,33.5,14.375,29.875,0.10344827586206896,0,0,0,0
E_top20,corrupt,clean_to_corrupt,v5_qwen3_8b_263,262,27.5,-1.5,0.18157197535037994,2,0,0.375,1.375,1.3723487854003906,5.610496520996094,27.125,-2.875,2,0,32.25,12.375,29.6875,0.07317073170731707,0,0,0,0
E_top20,corrupt,clean_to_corrupt,v5_qwen3_8b_025,24,24.625,-8.875,0.00013950989523436874,5,0,0.625,2.375,2.374042510986328,7.480438232421875,24.0,-11.25,7,0,33.0,13.5,28.5,0.06944444444444445,0,0,0,0
E_top20,corrupt,clean_to_corrupt,v5_qwen3_8b_047,46,23.125,-10.375,3.102644404862076e-05,8,0,0.375,1.375,1.3722419738769531,6.968555450439453,22.75,-11.75,9,0,32.25,11.375,27.5,0.039473684210526314,0,0,0,0
E_top20,corrupt,clean_to_corrupt,v5_qwen3_8b_114,113,23.75,-9.5,7.471561548300087e-05,4,0,0.375,2.125,2.1246070861816406,5.319679260253906,23.375,-11.625,7,0,31.5,10.875,27.4375,0.046153846153846156,0,0,0,0
E_top20,corrupt,clean_to_corrupt,v5_qwen3_8b_142,141,19.875,-20.875,8.592059841383559e-10,24,0,1.0,1.5,1.5,2.6380844116210938,18.875,-22.375,43,0,29.0,6.25,23.9375,0.09876543209876543,0,0,0,0
E_top20,corrupt,clean_to_corrupt,v5_qwen3_8b_161,160,23.375,-9.125,0.00010865242802537978,4,0,0.125,1.875,1.8744964599609375,5.099674224853516,23.25,-11.0,5,0,30.5,9.375,26.875,0.017241379310344827,0,0,0,0
E_top20,corrupt,clean_to_corrupt,v5_qwen3_8b_185,184,21.25,-19.25,4.363373218296829e-09,13,0,0.625,2.125,2.124988555908203,4.7853851318359375,20.625,-21.375,18,0,33.5,13.625,27.0625,0.04854368932038835,0,0,0,0
E_top20,corrupt,clean_to_corrupt,v5_qwen3_8b_101,100,22.375,-13.125,1.9914893982786452e-06,9,0,0.625,2.375,2.3745498657226562,5.8419952392578125,21.75,-15.5,11,0,32.25,12.625,27.0,0.05952380952380952,0,0,0,0
E_top20,corrupt,clean_to_corrupt,v5_qwen3_8b_126,125,20.0,-21.25,5.905254618632227e-10,23,0,0.5,1.75,1.7499961853027344,2.4060287475585938,19.5,-23.0,31,0,29.875,8.625,24.6875,0.04819277108433735,0,0,0,0
E_top20,corrupt,clean_to_corrupt,v5_qwen3_8b_208,207,22.875,-9.875,5.1013506890740246e-05,9,0,0.25,2.25,2.243743896484375,7.17193603515625,22.625,-12.125,9,0,34.0,14.5,28.3125,0.02197802197802198,0,0,0,0
E_top20,corrupt,clean_to_corrupt,v5_qwen3_8b_201,200,25.75,-6.5,0.0014929798198863864,3,0,0.625,1.625,1.6234169006347656,7.473426818847656,25.125,-8.125,3,0,33.75,14.625,29.4375,0.07246376811594203,0,0,0,0
E_top20,corrupt,clean_to_corrupt,v5_qwen3_8b_257,256,23.0,-11.75,7.869110959290992e-06,7,0,0.5,2.0,1.9986228942871094,4.2269134521484375,22.5,-13.75,8,0,30.875,9.625,26.6875,0.05970149253731343,0,0,0,0
E_top20,corrupt,clean_to_corrupt,v5_qwen3_8b_271,270,24.375,-7.875,0.000376624520868063,4,0,0.75,2.75,2.743633270263672,6.067699432373047,23.625,-10.625,9,0,32.25,11.625,27.9375,0.08695652173913043,0,0,0,0
E_top20,corrupt,clean_to_corrupt,v5_qwen3_8b_071,70,21.125,-19.875,2.335531323893747e-09,15,0,1.25,3.25,3.2499847412109375,5.537986755371094,19.875,-23.125,31,0,31.75,12.375,25.8125,0.10526315789473684,0,0,0,0
E_top20,corrupt,clean_to_corrupt,v5_qwen3_8b_183,182,22.875,-16.125,9.931122235684597e-08,10,0,0.625,1.875,1.8749961853027344,5.07452392578125,22.25,-18.0,13,0,33.0,13.75,27.625,0.05813953488372093,0,0,0,0
E_top20,corrupt,clean_to_corrupt,v5_qwen3_8b_235,234,26.25,-3.875,0.020277438685297966,2,0,-0.125,0.125,0.12384033203125,4.933204650878906,26.375,-4.0,2,0,34.0,14.625,30.1875,-0.01639344262295082,0,0,0,0
E_top20,corrupt,clean_to_corrupt,v5_qwen3_8b_280,279,25.0,-8.0,0.00033500452991575,4,0,0.0,0.75,0.7498245239257812,4.096813201904297,25.0,-8.75,4,0,33.0,13.25,29.0,0.0,0,0,0,0
E_top20,corrupt,clean_to_corrupt,v5_qwen3_8b_184,183,22.375,-16.875,4.691102972742556e-08,10,0,1.0,2.5,2.5,6.258766174316406,21.375,-19.375,15,0,33.25,13.875,27.3125,0.08421052631578947,0,0,0,0
E_top20,corrupt,clean_to_corrupt,v5_qwen3_8b_245,244,24.75,-10.25,3.535104769980535e-05,4,0,0.625,1.875,1.8749542236328125,5.7245025634765625,24.125,-12.125,5,0,31.125,9.875,27.625,0.08928571428571429,0,0,0,0
E_top20,corrupt,clean_to_corrupt,v5_qwen3_8b_285,284,22.625,-11.875,6.955513072171016e-06,9,0,0.375,2.375,2.374645233154297,5.335285186767578,22.25,-14.25,11,0,31.625,12.5,26.9375,0.04,0,0,0,0
E_top20,corrupt,clean_to_corrupt,v5_qwen3_8b_027,26,21.5,-15.75,1.4433398121127539e-07,12,0,0.125,1.125,1.124542236328125,5.9520263671875,21.375,-16.875,13,0,34.0,13.875,27.6875,0.009900990099009901,0,0,0,0
E_top20,corrupt,clean_to_corrupt,v5_qwen3_8b_068,67,22.875,-14.875,3.466260523055098e-07,10,0,0.625,2.125,2.124988555908203,5.814338684082031,22.25,-17.0,12,0,32.5,11.75,27.375,0.06097560975609756,0,0,0,0
E_top20,corrupt,clean_to_corrupt,v5_qwen3_8b_103,102,21.75,-16.5,6.824789977599721e-08,13,0,1.0,2.75,2.749919891357422,5.684173583984375,20.75,-19.25,16,0,31.0,8.75,25.875,0.0975609756097561,0,0,0,0
E_top20,corrupt,clean_to_corrupt,v5_qwen3_8b_144,143,23.25,-11.75,7.886683306423947e-06,7,0,0.0,0.75,0.7500495910644531,2.470428466796875,23.25,-12.5,7,0,29.0,5.375,26.125,0.0,0,0,0,0
E_top20,corrupt,clean_to_corrupt,v5_qwen3_8b_087,86,23.75,-11.0,1.6669095202814788e-05,6,0,0.75,1.75,1.7499046325683594,5.830718994140625,23.0,-12.75,9,0,32.5,10.875,27.75,0.07894736842105263,0,0,0,0
E_top20,corrupt,clean_to_corrupt,v5_qwen3_8b_104,103,24.375,-8.875,0.00013975781621411443,3,0,0.75,2.0,1.9999046325683594,6.0531158447265625,23.625,-10.875,5,0,31.5,12.25,27.5625,0.09523809523809523,0,0,0,0
E_top20,corrupt,clean_to_corrupt,v5_qwen3_8b_216,215,25.75,-3.5,0.029140349477529526,2,0,0.375,1.0,0.9987945556640625,5.618534088134766,25.375,-4.5,2,0,32.25,13.625,28.8125,0.05454545454545454,0,0,0,0
E_top20,corrupt,clean_to_corrupt,v5_qwen3_8b_052,51,23.5,-9.5,7.470955461030826e-05,6,0,0.375,1.375,1.37420654296875,5.647125244140625,23.125,-10.875,9,0,33.0,12.5,28.0625,0.0379746835443038,0,0,0,0
E_top20,corrupt,clean_to_corrupt,v5_qwen3_8b_137,136,21.125,-16.625,6.023432064239387e-08,13,0,1.25,1.5,1.5000038146972656,3.3819427490234375,19.875,-18.125,16,0,29.75,6.875,24.8125,0.12658227848101267,0,0,0,0
E_top20,corrupt,clean_to_corrupt,v5_qwen3_8b_173,172,26.5,-2.125,0.10624678432941437,2,0,0.0,0.625,0.6242275238037109,4.508289337158203,26.5,-2.75,2,0,29.875,9.5,28.1875,0.0,0,0,0,0
E_top20,corrupt,clean_to_corrupt,v5_qwen3_8b_244,243,23.625,-11.375,1.1464320778031833e-05,6,0,0.25,1.25,1.2492294311523438,5.066001892089844,23.375,-12.625,9,0,32.0,11.25,27.6875,0.028985507246376812,0,0,0,0
E_top20,corrupt,clean_to_corrupt,v5_qwen3_8b_247,246,27.25,-3.375,0.03305995464324951,2,0,0.375,1.375,1.374563217163086,5.480716705322266,26.875,-4.75,2,0,33.0,13.125,29.9375,0.061224489795918366,0,0,0,0
E_top20,corrupt,clean_to_corrupt,v5_qwen3_8b_013,12,22.5,-15.25,2.382327295435971e-07,8,0,0.375,0.875,0.8750038146972656,3.8294906616210938,22.125,-16.125,11,0,31.5,11.75,26.8125,0.04,0,0,0,0
E_top20,corrupt,clean_to_corrupt,v5_qwen3_8b_211,210,26.0,-3.625,0.025707080960273743,2,0,0.25,1.0,0.9950904846191406,6.651908874511719,25.75,-4.625,2,0,34.25,14.5,30.0,0.029411764705882353,0,0,0,0
E_top20,corrupt,clean_to_corrupt,v5_qwen3_8b_029,28,22.125,-14.875,3.4650429370230995e-07,9,0,0.0,0.75,0.7498550415039062,5.20391845703125,22.125,-15.625,11,0,31.125,11.0,26.625,0.0,0,0,0,0
E_top20,corrupt,clean_to_corrupt,v5_qwen3_8b_046,45,22.75,-11.0,1.6661846530041657e-05,8,0,0.375,1.375,1.3738632202148438,6.3353424072265625,22.375,-12.375,9,0,32.25,11.75,27.3125,0.0379746835443038,0,0,0,0
E_top20,corrupt,clean_to_corrupt,v5_qwen3_8b_057,56,26.5,-3.375,0.032994434237480164,2,0,0.25,0.875,0.8745555877685547,4.781524658203125,26.25,-4.25,2,0,31.75,12.375,29.0,0.045454545454545456,0,0,0,0
E_top20,corrupt,clean_to_corrupt,v5_qwen3_8b_169,168,27.375,-1.75,0.14792628586292267,2,0,-0.25,-0.125,-0.12485122680664062,3.339996337890625,27.625,-1.625,2,0,30.75,10.25,29.1875,-0.08,0,0,0,0
E_top20,corrupt,clean_to_corrupt,v5_qwen3_8b_233,232,25.5,-5.0,0.006654100958257914,2,0,0.125,0.625,0.6224212646484375,6.660976409912109,25.375,-5.625,2,0,33.5,14.375,29.4375,0.015384615384615385,0,0,0,0
E_top20,corrupt,clean_to_corrupt,v5_qwen3_8b_249,248,26.875,-3.625,0.025918135419487953,2,0,0.125,0.625,0.6245498657226562,5.543998718261719,26.75,-4.25,2,0,32.5,13.0,29.625,0.021739130434782608,0,0,0,0
E_top20,corrupt,clean_to_corrupt,v5_qwen3_8b_036,35,25.5,-6.75,0.001167747424915433,2,0,0.0,0.75,0.7496566772460938,2.5835227966308594,25.5,-7.5,3,0,31.5,11.375,28.5,0.0,0,0,0,0
E_top20,corrupt,clean_to_corrupt,v5_qwen3_8b_093,92,22.25,-14.25,6.469148274845793e-07,10,0,1.125,2.875,2.8745880126953125,5.232154846191406,21.125,-17.125,15,0,31.375,10.375,26.25,0.10975609756097561,0,0,0,0
E_top20,corrupt,clean_to_corrupt,v5_qwen3_8b_232,231,25.25,-3.875,0.02017117105424404,2,0,0.25,1.125,1.122365951538086,6.870334625244141,25.0,-5.0,2,0,33.0,14.125,29.0,0.03125,0,0,0,0
E_top20,corrupt,clean_to_corrupt,v5_qwen3_8b_034,33,25.75,-5.25,0.0052104671485722065,2,0,0.0,0.625,0.6250095367431641,5.445453643798828,25.75,-5.875,2,0,32.25,13.5,29.0,0.0,0,0,0,0
E_top20,corrupt,clean_to_corrupt,v5_qwen3_8b_055,54,25.875,-5.125,0.005902250297367573,2,0,0.0,0.375,0.37523651123046875,5.2880859375,25.875,-5.5,2,0,31.875,12.375,28.875,0.0,0,0,0,0
E_top20,corrupt,clean_to_corrupt,v5_qwen3_8b_264,263,26.0,-3.375,0.0328463576734066,2,0,0.25,1.125,1.123361587524414,5.806835174560547,25.75,-4.5,2,0,31.25,11.625,28.5,0.045454545454545456,0,0,0,0
E_top20,corrupt,clean_to_corrupt,v5_qwen3_8b_294,293,26.25,-3.125,0.04166679084300995,2,0,0.375,1.125,1.120401382446289,7.087856292724609,25.875,-4.25,2,0,32.5,12.25,29.1875,0.05660377358490566,0,0,0,0
E_top20,corrupt,clean_to_corrupt,v5_qwen3_8b_044,43,24.375,-7.875,0.0003789419133681804,6,0,0.5,2.25,2.24859619140625,7.561008453369141,23.875,-10.125,6,0,33.75,13.625,28.8125,0.05063291139240506,0,0,0,0
E_top20,corrupt,clean_to_corrupt,v5_qwen3_8b_205,204,23.625,-10.875,1.8883565644500777e-05,9,0,0.25,1.0,0.9987983703613281,6.769157409667969,23.375,-11.875,10,0,33.75,14.25,28.5625,0.024096385542168676,0,0,0,0
E_top20,corrupt,clean_to_corrupt,v5_qwen3_8b_214,213,26.25,-3.125,0.041889678686857224,2,0,0.25,1.0,0.9989528656005859,4.687671661376953,26.0,-4.125,2,0,33.0,14.375,29.5,0.03571428571428571,0,0,0,0
E_top20,corrupt,clean_to_corrupt,v5_qwen3_8b_004,3,23.25,-15.5,1.8553663494458306e-07,8,0,1.0,2.5,2.4999961853027344,5.576576232910156,22.25,-18.0,13,0,33.25,13.75,27.75,0.09090909090909091,0,0,0,0
E_top20,corrupt,clean_to_corrupt,v5_qwen3_8b_033,32,26.625,-4.0,0.01785513013601303,2,0,0.5,1.125,1.1228885650634766,5.278755187988281,26.125,-5.125,2,0,33.0,13.375,29.5625,0.07272727272727272,0,0,0,0
E_top20,corrupt,clean_to_corrupt,v5_qwen3_8b_083,82,21.625,-18.625,8.151893382546405e-09,14,0,1.0,2.25,2.2499961853027344,4.926826477050781,20.625,-20.875,25,0,31.125,9.625,25.875,0.09523809523809523,0,0,0,0
E_top20,corrupt,clean_to_corrupt,v5_qwen3_8b_234,233,25.875,-2.875,0.05199960619211197,2,0,0.125,0.5,0.48929405212402344,5.7661895751953125,25.75,-3.375,2,0,33.75,14.625,29.75,0.015625,0,0,0,0
E_top20,corrupt,clean_to_corrupt,v5_qwen3_8b_106,105,26.75,-4.125,0.015882305800914764,2,0,0.5,1.125,1.1245613098144531,5.138233184814453,26.25,-5.25,2,0,32.5,13.375,29.375,0.08,0,0,0,0
E_top20,corrupt,clean_to_corrupt,v5_qwen3_8b_011,10,22.0,-17.25,3.224075229013579e-08,13,0,0.875,2.375,2.3749847412109375,5.73382568359375,21.125,-19.625,17,0,32.75,12.25,26.9375,0.07526881720430108,0,0,0,0
E_top20,corrupt,clean_to_corrupt,v5_qwen3_8b_293,292,25.625,-1.875,0.1318676918745041,2,0,0.0,0.625,0.621551513671875,4.923618316650391,25.625,-2.5,2,0,32.0,12.875,28.8125,0.0,0,0,0,0
E_top20,corrupt,clean_to_corrupt,v5_qwen3_8b_045,44,23.0,-10.0,4.507901394390501e-05,8,0,0.25,1.25,1.2462081909179688,5.371177673339844,22.75,-11.25,8,0,32.0,11.25,27.375,0.02702702702702703,0,0,0,0
E_top20,corrupt,clean_to_corrupt,v5_qwen3_8b_282,281,21.5,-11.0,1.663614784774836e-05,10,0,0.125,1.875,1.8725357055664062,7.183082580566406,21.375,-12.875,14,0,31.75,10.375,26.5625,0.012048192771084338,0,0,0,0
E_top20,corrupt,clean_to_corrupt,v5_qwen3_8b_085,84,24.5,-8.75,0.00015831083874218166,4,0,0.75,1.75,1.7496299743652344,5.669044494628906,23.75,-10.5,4,0,31.75,11.0,27.75,0.09375,0,0,0,0
E_top20,corrupt,clean_to_corrupt,v5_qwen3_8b_236,235,25.75,-3.125,0.04065228998661041,2,0,0.25,1.0,0.9812259674072266,7.068443298339844,25.5,-4.125,2,0,34.25,14.375,29.875,0.02857142857142857,0,0,0,0
E_top20,corrupt,clean_to_corrupt,v5_qwen3_8b_239,238,25.25,-4.125,0.01572469435632229,2,0,0.125,0.5,0.49860572814941406,4.9931640625,25.125,-4.625,2,0,32.5,13.75,28.8125,0.01694915254237288,0,0,0,0
E_top20,corrupt,clean_to_corrupt,v5_qwen3_8b_238,237,25.625,-3.0,0.046879034489393234,2,0,0.125,0.625,0.6198673248291016,5.295589447021484,25.5,-3.625,2,0,33.0,14.0,29.25,0.016666666666666666,0,0,0,0
E_top20,corrupt,clean_to_corrupt,v5_qwen3_8b_070,69,23.5,-16.0,1.125346642538716e-07,7,0,0.875,2.375,2.375,5.074699401855469,22.625,-18.375,12,0,31.375,10.125,27.0,0.1,0,0,0,0
E_top20,corrupt,clean_to_corrupt,v5_qwen3_8b_283,282,23.5,-9.25,9.590896661393344e-05,4,0,0.625,1.875,1.8743667602539062,5.757839202880859,22.875,-11.125,9,0,31.75,10.75,27.3125,0.07042253521126761,0,0,0,0
E_top20,corrupt,clean_to_corrupt,v5_qwen3_8b_145,144,22.5,-13.25,1.7596019006305141e-06,9,0,0.375,1.125,1.1248664855957031,3.7783203125,22.125,-14.375,12,0,27.375,5.875,24.75,0.07142857142857142,0,0,0,0
E_top20,corrupt,clean_to_corrupt,v5_qwen3_8b_170,169,26.25,-2.0,0.11713844537734985,2,0,0.0,0.125,0.1290607452392578,3.875408172607422,26.25,-2.125,2,0,29.875,9.25,28.0625,0.0,0,0,0,0
E_top20,corrupt,clean_to_corrupt,v5_qwen3_8b_172,171,26.75,-0.625,0.3455143868923187,2,0,0.0,0.625,0.6224136352539062,3.495014190673828,26.75,-1.25,2,0,31.25,12.375,29.0,0.0,0,0,0,0
E_top20,corrupt,clean_to_corrupt,v5_qwen3_8b_290,289,23.75,-10.0,4.5383952965494245e-05,4,0,0.125,1.125,1.1249504089355469,4.530586242675781,23.625,-11.125,4,0,29.125,9.0,26.375,0.022727272727272728,0,0,0,0
E_top20,corrupt,clean_to_corrupt,v5_qwen3_8b_253,252,23.875,-8.875,0.00013955924077890813,4,0,0.25,1.5,1.4990425109863281,5.766059875488281,23.625,-10.375,6,0,32.5,11.75,28.0625,0.028169014084507043,0,0,0,0
E_top20,corrupt,clean_to_corrupt,v5_qwen3_8b_296,295,25.125,-5.625,0.0035692467354238033,3,0,-0.125,0.375,0.374969482421875,4.718086242675781,25.25,-6.0,3,0,31.125,10.5,28.1875,-0.02127659574468085,0,0,0,0
E_top20,corrupt,clean_to_corrupt,v5_qwen3_8b_121,120,23.25,-14.25,6.475685836448974e-07,9,0,0.625,2.125,2.124988555908203,3.9459991455078125,22.625,-16.375,12,0,30.375,8.625,26.5,0.08064516129032258,0,0,0,0
E_top20,corrupt,clean_to_corrupt,v5_qwen3_8b_237,236,25.625,-2.5,0.07090932875871658,2,0,0.125,0.625,0.5924911499023438,7.201297760009766,25.5,-3.125,2,0,33.5,14.375,29.5,0.015625,0,0,0,0
E_top20,corrupt,clean_to_corrupt,v5_qwen3_8b_018,17,21.625,-16.125,9.93041453511978e-08,13,0,1.125,1.125,1.1249961853027344,5.093589782714844,20.5,-17.25,18,0,32.25,11.375,26.375,0.09574468085106383,0,0,0,0
E_top20,corrupt,clean_to_corrupt,v5_qwen3_8b_088,87,24.875,-10.375,3.118075255770236e-05,5,0,0.375,1.625,1.6246490478515625,5.4240570068359375,24.5,-12.0,6,0,31.75,11.0,28.125,0.05172413793103448,0,0,0,0
E_top20,corrupt,clean_to_corrupt,v5_qwen3_8b_168,167,26.0,-2.625,0.06646320968866348,2,0,-0.125,0.125,0.12556076049804688,4.217864990234375,26.125,-2.75,2,0,30.0,8.75,28.0625,-0.03225806451612903,0,0,0,0
E_top20,corrupt,clean_to_corrupt,v5_qwen3_8b_268,267,22.0,-9.375,8.433597395196557e-05,8,0,0.875,2.5,2.496702194213867,7.776165008544922,21.125,-11.875,10,0,32.75,12.125,26.9375,0.07526881720430108,0,0,0,0
E_top20,corrupt,clean_to_corrupt,v5_qwen3_8b_251,250,23.5,-12.0,6.140566256362945e-06,6,0,0.75,2.5,2.4995956420898438,6.881690979003906,22.75,-14.5,9,0,33.0,12.375,27.875,0.07317073170731707,0,0,0,0
E_top20,corrupt,clean_to_corrupt,v5_qwen3_8b_020,19,25.875,-6.375,0.0016995732439681888,2,0,0.375,1.625,1.6247787475585938,5.306499481201172,25.5,-8.0,2,0,31.75,11.875,28.625,0.06,0,0,0,0
E_top20,corrupt,clean_to_corrupt,v5_qwen3_8b_102,101,23.375,-11.875,6.9600678216374945e-06,6,0,0.875,1.375,1.3749313354492188,5.025520324707031,22.5,-13.25,11,0,30.125,9.375,26.3125,0.11475409836065574,0,0,0,0
E_top20,corrupt,clean_to_corrupt,v5_qwen3_8b_295,294,27.0,-0.75,0.3153648376464844,2,0,0.5,1.375,1.370208740234375,5.27679443359375,26.5,-2.125,2,0,32.25,12.75,29.375,0.08695652173913043,0,0,0,0
E_top20,corrupt,clean_to_corrupt,v5_qwen3_8b_284,283,25.25,-8.25,0.00026110908947885036,2,0,0.5,2.0,1.9999160766601562,6.741294860839844,24.75,-10.25,3,0,31.875,11.25,28.3125,0.07017543859649122,0,0,0,0
E_top20,corrupt,clean_to_corrupt,v5_qwen3_8b_157,156,26.5,-1.0,0.26082155108451843,2,0,0.0,0.125,0.12362098693847656,3.2967300415039062,26.5,-1.125,2,0,30.375,12.0,28.4375,0.0,0,0,0,0
E_top20,corrupt,clean_to_corrupt,v5_qwen3_8b_150,149,26.0,-4.625,0.00966821052134037,2,0,0.375,1.0,0.9990577697753906,3.868236541748047,25.625,-5.625,2,0,30.25,7.625,27.9375,0.08108108108108109,0,0,0,0
