group,side,direction,sample_id,pair_index,intervened_tool_logit,intervened_tool_probability,intervened_tool_rank,intervened_is_tool_top1,tool_logit_delta,tool_probability_delta,gate_score,gate_score_delta,baseline_tool_logit,baseline_tool_probability,baseline_tool_rank,baseline_is_tool_top1,strict_recovery,strict_drop
suppressor_top,clean,to_corrupt,v5_qwen35_4b_285,284,23.125,0.8672410845756531,1,1,0.0,-0.0007868409156799316,6.245906829833984,-0.09492254257202148,23.125,0.868027925491333,1,1,0,0
suppressor_top,clean,to_corrupt,v5_qwen35_4b_016,15,21.375,0.5326178669929504,1,1,0.0,-0.00014293193817138672,4.757743835449219,-0.048720359802246094,21.375,0.5327607989311218,1,1,0,0
suppressor_top,clean,to_corrupt,v5_qwen35_4b_036,35,21.375,0.5327757000923157,1,1,0.0,1.4901161193847656e-05,4.781795501708984,-0.02466869354248047,21.375,0.5327607989311218,1,1,0,0
suppressor_top,clean,to_corrupt,v5_qwen35_4b_085,84,21.875,0.5881760716438293,1,1,0.0,5.048513412475586e-05,3.4744606018066406,-0.0615391731262207,21.875,0.5881255865097046,1,1,0,0
suppressor_top,clean,to_corrupt,v5_qwen35_4b_133,132,22.0,0.6749009490013123,1,1,0.0,0.0168343186378479,6.596959590911865,-0.03761625289916992,22.0,0.6580666303634644,1,1,0,0
suppressor_top,clean,to_corrupt,v5_qwen35_4b_147,146,22.0,0.6749009490013123,1,1,0.0,0.0168343186378479,6.596959590911865,-0.03761625289916992,22.0,0.6580666303634644,1,1,0,0
suppressor_top,clean,to_corrupt,v5_qwen35_4b_260,259,22.0,0.6065723299980164,1,1,0.0,-0.0005688667297363281,4.694551467895508,-0.03349161148071289,22.0,0.6071411967277527,1,1,0,0
suppressor_top,clean,to_corrupt,v5_qwen35_4b_263,262,21.75,0.528281569480896,1,1,0.125,0.029530495405197144,2.3682148456573486,-0.0513606071472168,21.625,0.49875107407569885,1,1,0,0
suppressor_top,clean,to_corrupt,v5_qwen35_4b_296,295,22.0,0.6019201874732971,1,1,0.0,-0.0008305907249450684,4.768978595733643,-0.04980945587158203,22.0,0.6027507781982422,1,1,0,0
suppressor_top,clean,to_corrupt,v5_qwen35_4b_040,39,22.625,0.8380972743034363,1,1,0.0,0.001257777214050293,8.31112289428711,-0.07775211334228516,22.625,0.836839497089386,1,1,0,0
suppressor_top,clean,to_corrupt,v5_qwen35_4b_054,53,22.625,0.8380988240242004,1,1,0.0,0.0012593269348144531,8.31794261932373,-0.07093238830566406,22.625,0.836839497089386,1,1,0,0
suppressor_top,clean,to_corrupt,v5_qwen35_4b_229,228,22.5,0.7792590260505676,1,1,0.0,0.001123189926147461,8.074199676513672,-0.08316516876220703,22.5,0.7781358361244202,1,1,0,0
suppressor_top,clean,to_corrupt,v5_qwen35_4b_047,46,22.125,0.346006840467453,1,1,0.0,-0.00556221604347229,4.127121448516846,-0.046387672424316406,22.125,0.3515690565109253,1,1,0,0
suppressor_top,clean,to_corrupt,v5_qwen35_4b_271,270,21.875,0.40936824679374695,1,1,0.0,0.0010409057140350342,0.8988394737243652,-0.057815730571746826,21.875,0.4083273410797119,1,1,0,0
suppressor_top,clean,to_corrupt,v5_qwen35_4b_039,38,22.5,0.38142046332359314,1,1,-0.125,-0.014207452535629272,1.1852264404296875,-0.05588686466217041,22.625,0.3956279158592224,1,1,0,0
suppressor_top,clean,to_corrupt,v5_qwen35_4b_215,214,22.625,0.44406673312187195,1,1,0.0,0.017163485288619995,6.821493148803711,-0.0769038200378418,22.625,0.42690324783325195,1,1,0,0
suppressor_top,clean,to_corrupt,v5_qwen35_4b_245,244,21.125,0.33199024200439453,1,1,0.125,0.030398815870285034,0.9096608757972717,-0.06743866205215454,21.0,0.3015914261341095,1,1,0,0
suppressor_top,clean,to_corrupt,v5_qwen35_4b_161,160,23.125,0.830305278301239,1,1,0.0,0.00357818603515625,8.989542961120605,-0.12527751922607422,23.125,0.8267270922660828,1,1,0,0
suppressor_top,clean,to_corrupt,v5_qwen35_4b_121,120,23.625,0.9120233058929443,1,1,0.125,0.011070668697357178,6.146111965179443,-0.08504915237426758,23.5,0.9009526371955872,1,1,0,0
suppressor_top,clean,to_corrupt,v5_qwen35_4b_181,180,23.25,0.8167469501495361,1,1,0.0,0.015558362007141113,7.035495281219482,-0.11098670959472656,23.25,0.801188588142395,1,1,0,0
suppressor_top,clean,to_corrupt,v5_qwen35_4b_259,258,22.875,0.7188324928283691,1,1,0.125,0.025929808616638184,6.6484503746032715,-0.08650064468383789,22.75,0.692902684211731,1,1,0,0
suppressor_top,clean,to_corrupt,v5_qwen35_4b_283,282,22.125,0.47051116824150085,1,1,0.0,0.02206072211265564,2.844866991043091,-0.0666964054107666,22.125,0.4484504461288452,1,1,0,0
suppressor_top,clean,to_corrupt,v5_qwen35_4b_272,271,23.875,0.729523241519928,1,1,-0.125,-0.016592204570770264,1.7186570167541504,-0.09051501750946045,24.0,0.7461154460906982,1,1,0,0
suppressor_top,clean,to_corrupt,v5_qwen35_4b_043,42,23.375,0.7037172317504883,1,1,0.0,0.02203744649887085,9.742372512817383,-0.11720657348632812,23.375,0.6816797852516174,1,1,0,0
suppressor_top,clean,to_corrupt,v5_qwen35_4b_166,165,22.875,0.5619515180587769,1,1,-0.125,-0.02714163064956665,-1.2658528089523315,-0.03617501258850098,23.0,0.5890931487083435,1,1,0,0
suppressor_top,clean,to_corrupt,v5_qwen35_4b_055,54,23.0,0.5931369066238403,1,1,0.0,0.020282506942749023,0.6016814708709717,-0.09787166118621826,23.0,0.5728543996810913,1,1,0,0
suppressor_top,clean,to_corrupt,v5_qwen35_4b_130,129,22.125,0.5261602401733398,1,1,0.0,-4.792213439941406e-05,7.011378765106201,-0.05237007141113281,22.125,0.5262081623077393,1,1,0,0
suppressor_top,clean,to_corrupt,v5_qwen35_4b_182,181,22.25,0.3999254107475281,1,1,0.0,-0.027040153741836548,5.970160961151123,-0.011533737182617188,22.25,0.4269655644893646,1,1,0,0
suppressor_top,clean,to_corrupt,v5_qwen35_4b_065,64,21.25,0.3003852665424347,1,1,0.0,-0.024007439613342285,4.530618667602539,-0.003933906555175781,21.25,0.324392706155777,1,1,0,0
suppressor_top,clean,to_corrupt,v5_qwen35_4b_001,0,23.375,0.76348477602005,1,1,0.0,0.007551372051239014,8.034823417663574,-0.08284187316894531,23.375,0.755933403968811,1,1,0,0
suppressor_top,clean,to_corrupt,v5_qwen35_4b_053,52,22.375,0.7879365682601929,1,1,0.0,-0.005570769309997559,9.115577697753906,-0.040924072265625,22.375,0.7935073375701904,1,1,0,0
suppressor_top,clean,to_corrupt,v5_qwen35_4b_155,154,22.625,0.8446611166000366,1,1,0.125,0.017183363437652588,7.699743270874023,-0.07529020309448242,22.5,0.827477753162384,1,1,0,0
suppressor_top,clean,to_corrupt,v5_qwen35_4b_120,119,22.625,0.851737380027771,1,1,0.0,0.00035953521728515625,9.375611305236816,-0.045083045959472656,22.625,0.8513778448104858,1,1,0,0
suppressor_top,clean,to_corrupt,v5_qwen35_4b_232,231,22.625,0.8335325121879578,1,1,0.0,0.0019997358322143555,7.776572227478027,-0.07410860061645508,22.625,0.8315327763557434,1,1,0,0
suppressor_top,clean,to_corrupt,v5_qwen35_4b_226,225,23.625,0.7576166391372681,1,1,-0.125,-0.010715901851654053,2.908250331878662,-0.076080322265625,23.75,0.7683325409889221,1,1,0,0
suppressor_top,clean,to_corrupt,v5_qwen35_4b_123,122,22.625,0.7872603535652161,1,1,0.0,0.00588834285736084,8.115010261535645,-0.1194295883178711,22.625,0.7813720107078552,1,1,0,0
suppressor_top,clean,to_corrupt,v5_qwen35_4b_030,29,21.875,0.6154617667198181,1,1,0.0,0.004393637180328369,6.2874755859375,-0.12369585037231445,21.875,0.6110681295394897,1,1,0,0
suppressor_top,clean,to_corrupt,v5_qwen35_4b_205,204,22.0,0.6803633570671082,1,1,0.0,0.003282606601715088,5.748591423034668,-0.09936285018920898,22.0,0.6770807504653931,1,1,0,0
suppressor_top,clean,to_corrupt,v5_qwen35_4b_208,207,22.5,0.45815739035606384,1,1,0.0,0.024246960878372192,4.822434425354004,-0.10229301452636719,22.5,0.43391042947769165,1,1,0,0
suppressor_top,clean,to_corrupt,v5_qwen35_4b_159,158,24.0,0.9203798770904541,1,1,0.0,0.009432733058929443,9.171862602233887,-0.1565418243408203,24.0,0.9109471440315247,1,1,0,0
suppressor_top,clean,to_corrupt,v5_qwen35_4b_262,261,23.5,0.8721817135810852,1,1,0.0,0.0016379356384277344,8.11532974243164,-0.11581897735595703,23.5,0.8705437779426575,1,1,0,0
suppressor_top,clean,to_corrupt,v5_qwen35_4b_281,280,23.5,0.8721817135810852,1,1,0.0,0.0016379356384277344,8.11532974243164,-0.11581897735595703,23.5,0.8705437779426575,1,1,0,0
suppressor_top,clean,to_corrupt,v5_qwen35_4b_153,152,23.125,0.8891721367835999,1,1,0.125,0.013648808002471924,6.658878326416016,-0.12801122665405273,23.0,0.8755233287811279,1,1,0,0
suppressor_top,clean,to_corrupt,v5_qwen35_4b_017,16,22.5,0.8020719885826111,1,1,0.125,0.023098289966583252,4.874240875244141,-0.11120033264160156,22.375,0.7789736986160278,1,1,0,0
suppressor_top,clean,to_corrupt,v5_qwen35_4b_023,22,22.5,0.8020719885826111,1,1,0.125,0.023098289966583252,4.874240875244141,-0.11120033264160156,22.375,0.7789736986160278,1,1,0,0
suppressor_top,clean,to_corrupt,v5_qwen35_4b_027,26,22.5,0.7995317578315735,1,1,0.125,0.020558059215545654,4.885074615478516,-0.10036659240722656,22.375,0.7789736986160278,1,1,0,0
suppressor_top,clean,to_corrupt,v5_qwen35_4b_028,27,22.5,0.7995317578315735,1,1,0.125,0.020558059215545654,4.885074615478516,-0.10036659240722656,22.375,0.7789736986160278,1,1,0,0
suppressor_top,clean,to_corrupt,v5_qwen35_4b_035,34,22.5,0.7995317578315735,1,1,0.125,0.020558059215545654,4.885074615478516,-0.10036659240722656,22.375,0.7789736986160278,1,1,0,0
suppressor_top,clean,to_corrupt,v5_qwen35_4b_046,45,22.375,0.7816369533538818,1,1,0.125,0.022112369537353516,4.914597511291504,-0.09255552291870117,22.25,0.7595245838165283,1,1,0,0
suppressor_top,clean,to_corrupt,v5_qwen35_4b_059,58,22.25,0.7595356106758118,1,1,0.0,1.1026859283447266e-05,4.924894332885742,-0.08225870132446289,22.25,0.7595245838165283,1,1,0,0
suppressor_top,clean,to_corrupt,v5_qwen35_4b_064,63,22.25,0.7595356106758118,1,1,0.0,1.1026859283447266e-05,4.924894332885742,-0.08225870132446289,22.25,0.7595245838165283,1,1,0,0
suppressor_top,clean,to_corrupt,v5_qwen35_4b_113,112,22.875,0.8535993099212646,1,1,0.0,0.0007077455520629883,6.134573936462402,-0.10071754455566406,22.875,0.8528915643692017,1,1,0,0
suppressor_top,clean,to_corrupt,v5_qwen35_4b_118,117,22.875,0.8535993099212646,1,1,0.0,0.0007077455520629883,6.134573936462402,-0.10071754455566406,22.875,0.8528915643692017,1,1,0,0
suppressor_top,clean,to_corrupt,v5_qwen35_4b_149,148,22.875,0.8535993099212646,1,1,0.0,0.0007077455520629883,6.134573936462402,-0.10071754455566406,22.875,0.8528915643692017,1,1,0,0
suppressor_top,clean,to_corrupt,v5_qwen35_4b_152,151,22.875,0.86651611328125,1,1,0.0,0.002109527587890625,4.932896614074707,-0.10976409912109375,22.875,0.8644065856933594,1,1,0,0
suppressor_top,clean,to_corrupt,v5_qwen35_4b_156,155,22.875,0.86651611328125,1,1,0.0,0.002109527587890625,4.932896614074707,-0.10976409912109375,22.875,0.8644065856933594,1,1,0,0
suppressor_top,clean,to_corrupt,v5_qwen35_4b_167,166,22.875,0.86651611328125,1,1,0.0,0.002109527587890625,4.932896614074707,-0.10976409912109375,22.875,0.8644065856933594,1,1,0,0
suppressor_top,clean,to_corrupt,v5_qwen35_4b_172,171,23.0,0.8714711666107178,1,1,0.125,0.01669365167617798,5.101870059967041,-0.11371088027954102,22.875,0.8547775149345398,1,1,0,0
suppressor_top,clean,to_corrupt,v5_qwen35_4b_234,233,22.25,0.7207080125808716,1,1,0.125,0.016843795776367188,4.649857997894287,-0.10973024368286133,22.125,0.7038642168045044,1,1,0,0
suppressor_top,clean,to_corrupt,v5_qwen35_4b_243,242,22.25,0.7135640382766724,1,1,0.0,0.0022327303886413574,4.406100749969482,-0.09228181838989258,22.25,0.711331307888031,1,1,0,0
suppressor_top,clean,to_corrupt,v5_qwen35_4b_251,250,22.25,0.7135640382766724,1,1,0.0,0.0022327303886413574,4.406100749969482,-0.09228181838989258,22.25,0.711331307888031,1,1,0,0
suppressor_top,clean,to_corrupt,v5_qwen35_4b_254,253,22.25,0.7143449783325195,1,1,0.0,0.0030136704444885254,4.429495811462402,-0.06888675689697266,22.25,0.711331307888031,1,1,0,0
suppressor_top,clean,to_corrupt,v5_qwen35_4b_255,254,22.25,0.7143449783325195,1,1,0.0,0.0030136704444885254,4.429495811462402,-0.06888675689697266,22.25,0.711331307888031,1,1,0,0
suppressor_top,clean,to_corrupt,v5_qwen35_4b_264,263,22.25,0.7215986251831055,1,1,0.125,0.017734408378601074,4.6747283935546875,-0.08485984802246094,22.125,0.7038642168045044,1,1,0,0
suppressor_top,clean,to_corrupt,v5_qwen35_4b_273,272,22.25,0.7337804436683655,1,1,0.0,0.004829883575439453,4.670537948608398,-0.08391809463500977,22.25,0.728950560092926,1,1,0,0
suppressor_top,clean,to_corrupt,v5_qwen35_4b_290,289,22.25,0.7253115773200989,1,1,0.125,0.02683281898498535,4.574214935302734,-0.0661478042602539,22.125,0.6984787583351135,1,1,0,0
suppressor_top,clean,to_corrupt,v5_qwen35_4b_267,266,22.375,0.7336938381195068,1,1,0.0,0.009999632835388184,6.671563148498535,-0.10320663452148438,22.375,0.7236942052841187,1,1,0,0
suppressor_top,clean,to_corrupt,v5_qwen35_4b_148,147,23.75,0.9145482778549194,1,1,0.0,0.002394556999206543,8.357998847961426,-0.09056854248046875,23.75,0.9121537208557129,1,1,0,0
suppressor_top,clean,to_corrupt,v5_qwen35_4b_180,179,23.25,0.8849358558654785,1,1,0.0,0.0033169984817504883,6.080542087554932,-0.12570667266845703,23.25,0.881618857383728,1,1,0,0
suppressor_top,clean,to_corrupt,v5_qwen35_4b_072,71,22.5,0.7360513806343079,1,1,0.0,0.0016803145408630371,2.489900588989258,-0.05391645431518555,22.5,0.7343710660934448,1,1,0,0
suppressor_top,clean,to_corrupt,v5_qwen35_4b_073,72,23.25,0.5382931232452393,1,1,0.0,0.03058570623397827,5.922942638397217,-0.14252328872680664,23.25,0.507707417011261,1,1,0,0
suppressor_top,clean,to_corrupt,v5_qwen35_4b_270,269,22.5,0.64536452293396,1,1,0.0,0.0015735626220703125,4.240636825561523,-0.029252052307128906,22.5,0.6437909603118896,1,1,0,0
suppressor_top,clean,to_corrupt,v5_qwen35_4b_038,37,23.375,0.7660486698150635,1,1,0.0,0.0044814348220825195,4.281184196472168,-0.07625532150268555,23.375,0.761567234992981,1,1,0,0
suppressor_top,clean,to_corrupt,v5_qwen35_4b_204,203,24.125,0.6743228435516357,1,1,-0.125,0.004736721515655518,6.357097625732422,-0.14243125915527344,24.25,0.6695861220359802,1,1,0,0
suppressor_top,clean,to_corrupt,v5_qwen35_4b_007,6,23.375,0.8486731648445129,1,1,0.0,0.0009015798568725586,10.192665100097656,-0.15199565887451172,23.375,0.8477715849876404,1,1,0,0
suppressor_top,clean,to_corrupt,v5_qwen35_4b_014,13,23.375,0.8486731648445129,1,1,0.0,0.0009015798568725586,10.192665100097656,-0.15199565887451172,23.375,0.8477715849876404,1,1,0,0
suppressor_top,clean,to_corrupt,v5_qwen35_4b_018,17,23.375,0.8486731648445129,1,1,0.0,0.0009015798568725586,10.192665100097656,-0.15199565887451172,23.375,0.8477715849876404,1,1,0,0
suppressor_top,clean,to_corrupt,v5_qwen35_4b_020,19,23.375,0.8486731648445129,1,1,0.0,0.0009015798568725586,10.192665100097656,-0.15199565887451172,23.375,0.8477715849876404,1,1,0,0
suppressor_top,clean,to_corrupt,v5_qwen35_4b_021,20,23.375,0.8486731648445129,1,1,0.0,0.0009015798568725586,10.192665100097656,-0.15199565887451172,23.375,0.8477715849876404,1,1,0,0
suppressor_top,clean,to_corrupt,v5_qwen35_4b_024,23,23.375,0.8486731648445129,1,1,0.0,0.0009015798568725586,10.192665100097656,-0.15199565887451172,23.375,0.8477715849876404,1,1,0,0
suppressor_top,clean,to_corrupt,v5_qwen35_4b_025,24,23.375,0.8613610863685608,1,1,0.0,0.0013011693954467773,10.230957984924316,-0.15853214263916016,23.375,0.860059916973114,1,1,0,0
suppressor_top,clean,to_corrupt,v5_qwen35_4b_098,97,23.625,0.8951741456985474,1,1,0.125,0.024738013744354248,10.74606990814209,-0.17551708221435547,23.5,0.8704361319541931,1,1,0,0
suppressor_top,clean,to_corrupt,v5_qwen35_4b_114,113,23.625,0.8950154185295105,1,1,0.125,0.024579286575317383,10.78157901763916,-0.14000797271728516,23.5,0.8704361319541931,1,1,0,0
suppressor_top,clean,to_corrupt,v5_qwen35_4b_128,127,23.625,0.8950154185295105,1,1,0.125,0.024579286575317383,10.78157901763916,-0.14000797271728516,23.5,0.8704361319541931,1,1,0,0
suppressor_top,clean,to_corrupt,v5_qwen35_4b_131,130,23.625,0.8950154185295105,1,1,0.125,0.024579286575317383,10.78157901763916,-0.14000797271728516,23.5,0.8704361319541931,1,1,0,0
suppressor_top,clean,to_corrupt,v5_qwen35_4b_135,134,23.625,0.8950154185295105,1,1,0.125,0.024579286575317383,10.78157901763916,-0.14000797271728516,23.5,0.8704361319541931,1,1,0,0
suppressor_top,clean,to_corrupt,v5_qwen35_4b_136,135,23.625,0.8950154185295105,1,1,0.125,0.024579286575317383,10.78157901763916,-0.14000797271728516,23.5,0.8704361319541931,1,1,0,0
suppressor_top,clean,to_corrupt,v5_qwen35_4b_144,143,23.625,0.8950154185295105,1,1,0.125,0.024579286575317383,10.78157901763916,-0.14000797271728516,23.5,0.8704361319541931,1,1,0,0
suppressor_top,clean,to_corrupt,v5_qwen35_4b_145,144,23.625,0.8950154185295105,1,1,0.125,0.024579286575317383,10.78157901763916,-0.14000797271728516,23.5,0.8704361319541931,1,1,0,0
suppressor_top,clean,to_corrupt,v5_qwen35_4b_160,159,23.25,0.8640508055686951,1,1,0.0,0.004317045211791992,9.766554832458496,-0.1838998794555664,23.25,0.8597337603569031,1,1,0,0
suppressor_top,clean,to_corrupt,v5_qwen35_4b_164,163,23.25,0.8640508055686951,1,1,0.0,0.004317045211791992,9.766554832458496,-0.1838998794555664,23.25,0.8597337603569031,1,1,0,0
suppressor_top,clean,to_corrupt,v5_qwen35_4b_169,168,23.25,0.8640508055686951,1,1,0.0,0.004317045211791992,9.766554832458496,-0.1838998794555664,23.25,0.8597337603569031,1,1,0,0
suppressor_top,clean,to_corrupt,v5_qwen35_4b_174,173,23.25,0.8640508055686951,1,1,0.0,0.004317045211791992,9.766554832458496,-0.1838998794555664,23.25,0.8597337603569031,1,1,0,0
suppressor_top,clean,to_corrupt,v5_qwen35_4b_187,186,23.25,0.8640508055686951,1,1,0.0,0.004317045211791992,9.766554832458496,-0.1838998794555664,23.25,0.8597337603569031,1,1,0,0
suppressor_top,clean,to_corrupt,v5_qwen35_4b_188,187,23.25,0.8640508055686951,1,1,0.0,0.004317045211791992,9.766554832458496,-0.1838998794555664,23.25,0.8597337603569031,1,1,0,0
suppressor_top,clean,to_corrupt,v5_qwen35_4b_213,212,23.25,0.864141047000885,1,1,0.0,0.004407286643981934,9.794792175292969,-0.15566253662109375,23.25,0.8597337603569031,1,1,0,0
suppressor_top,clean,to_corrupt,v5_qwen35_4b_214,213,23.25,0.864141047000885,1,1,0.0,0.004407286643981934,9.794792175292969,-0.15566253662109375,23.25,0.8597337603569031,1,1,0,0
suppressor_top,clean,to_corrupt,v5_qwen35_4b_216,215,23.25,0.864141047000885,1,1,0.0,0.004407286643981934,9.794792175292969,-0.15566253662109375,23.25,0.8597337603569031,1,1,0,0
suppressor_top,clean,to_corrupt,v5_qwen35_4b_222,221,23.25,0.864141047000885,1,1,0.0,0.004407286643981934,9.794792175292969,-0.15566253662109375,23.25,0.8597337603569031,1,1,0,0
suppressor_top,clean,to_corrupt,v5_qwen35_4b_224,223,23.25,0.864141047000885,1,1,0.0,0.004407286643981934,9.794792175292969,-0.15566253662109375,23.25,0.8597337603569031,1,1,0,0
suppressor_top,clean,to_corrupt,v5_qwen35_4b_239,238,23.25,0.8491457104682922,1,1,0.0,0.0007781982421875,9.18383502960205,-0.15024757385253906,23.25,0.8483675122261047,1,1,0,0
suppressor_top,clean,to_corrupt,v5_qwen35_4b_241,240,23.25,0.8491457104682922,1,1,0.0,0.0007781982421875,9.18383502960205,-0.15024757385253906,23.25,0.8483675122261047,1,1,0,0
suppressor_top,clean,to_corrupt,v5_qwen35_4b_256,255,23.25,0.8491914868354797,1,1,0.0,0.000823974609375,9.179688453674316,-0.15439414978027344,23.25,0.8483675122261047,1,1,0,0
suppressor_top,clean,to_corrupt,v5_qwen35_4b_269,268,23.25,0.8491914868354797,1,1,0.0,0.000823974609375,9.179688453674316,-0.15439414978027344,23.25,0.8483675122261047,1,1,0,0
suppressor_top,clean,to_corrupt,v5_qwen35_4b_276,275,23.375,0.8658156991004944,1,1,0.125,0.01993018388748169,9.291421890258789,-0.14540481567382812,23.25,0.8458855152130127,1,1,0,0
suppressor_top,clean,to_corrupt,v5_qwen35_4b_277,276,23.375,0.8658156991004944,1,1,0.125,0.01993018388748169,9.291421890258789,-0.14540481567382812,23.25,0.8458855152130127,1,1,0,0
suppressor_top,clean,to_corrupt,v5_qwen35_4b_280,279,23.375,0.8658156991004944,1,1,0.125,0.01993018388748169,9.291421890258789,-0.14540481567382812,23.25,0.8458855152130127,1,1,0,0
suppressor_top,clean,to_corrupt,v5_qwen35_4b_284,283,23.375,0.8658156991004944,1,1,0.125,0.01993018388748169,9.291421890258789,-0.14540481567382812,23.25,0.8458855152130127,1,1,0,0
suppressor_top,clean,to_corrupt,v5_qwen35_4b_288,287,23.375,0.8658156991004944,1,1,0.125,0.01993018388748169,9.291421890258789,-0.14540481567382812,23.25,0.8458855152130127,1,1,0,0
suppressor_top,clean,to_corrupt,v5_qwen35_4b_292,291,23.375,0.8658156991004944,1,1,0.125,0.01993018388748169,9.291421890258789,-0.14540481567382812,23.25,0.8458855152130127,1,1,0,0
suppressor_top,clean,to_corrupt,v5_qwen35_4b_294,293,23.375,0.8658156991004944,1,1,0.125,0.01993018388748169,9.291421890258789,-0.14540481567382812,23.25,0.8458855152130127,1,1,0,0
suppressor_top,clean,to_corrupt,v5_qwen35_4b_002,1,23.375,0.8625385165214539,1,1,0.125,0.031855881214141846,10.291322708129883,-0.15291213989257812,23.25,0.830682635307312,1,1,0,0
suppressor_top,clean,to_corrupt,v5_qwen35_4b_012,11,23.375,0.8630391955375671,1,1,0.125,0.01834094524383545,10.28443717956543,-0.16072463989257812,23.25,0.8446982502937317,1,1,0,0
suppressor_top,clean,to_corrupt,v5_qwen35_4b_015,14,23.375,0.8630391955375671,1,1,0.125,0.01834094524383545,10.28443717956543,-0.16072463989257812,23.25,0.8446982502937317,1,1,0,0
suppressor_top,clean,to_corrupt,v5_qwen35_4b_037,36,23.25,0.8475067019462585,1,1,0.0,0.0028084516525268555,10.31926155090332,-0.1259002685546875,23.25,0.8446982502937317,1,1,0,0
suppressor_top,clean,to_corrupt,v5_qwen35_4b_042,41,23.25,0.8475067019462585,1,1,0.0,0.0028084516525268555,10.31926155090332,-0.1259002685546875,23.25,0.8446982502937317,1,1,0,0
suppressor_top,clean,to_corrupt,v5_qwen35_4b_044,43,23.25,0.8475067019462585,1,1,0.0,0.0028084516525268555,10.31926155090332,-0.1259002685546875,23.25,0.8446982502937317,1,1,0,0
suppressor_top,clean,to_corrupt,v5_qwen35_4b_115,114,23.625,0.8860211372375488,1,1,0.0,0.002969801425933838,10.854032516479492,-0.14393234252929688,23.625,0.883051335811615,1,1,0,0
suppressor_top,clean,to_corrupt,v5_qwen35_4b_126,125,23.625,0.8860211372375488,1,1,0.0,0.002969801425933838,10.854032516479492,-0.14393234252929688,23.625,0.883051335811615,1,1,0,0
suppressor_top,clean,to_corrupt,v5_qwen35_4b_127,126,23.625,0.8860211372375488,1,1,0.0,0.002969801425933838,10.854032516479492,-0.14393234252929688,23.625,0.883051335811615,1,1,0,0
suppressor_top,clean,to_corrupt,v5_qwen35_4b_134,133,23.625,0.8860211372375488,1,1,0.0,0.002969801425933838,10.854032516479492,-0.14393234252929688,23.625,0.883051335811615,1,1,0,0
suppressor_top,clean,to_corrupt,v5_qwen35_4b_140,139,23.625,0.8860211372375488,1,1,0.0,0.002969801425933838,10.854032516479492,-0.14393234252929688,23.625,0.883051335811615,1,1,0,0
suppressor_top,clean,to_corrupt,v5_qwen35_4b_142,141,23.625,0.8860211372375488,1,1,0.0,0.002969801425933838,10.854032516479492,-0.14393234252929688,23.625,0.883051335811615,1,1,0,0
suppressor_top,clean,to_corrupt,v5_qwen35_4b_146,145,23.625,0.8860211372375488,1,1,0.0,0.002969801425933838,10.854032516479492,-0.14393234252929688,23.625,0.883051335811615,1,1,0,0
suppressor_top,clean,to_corrupt,v5_qwen35_4b_150,149,23.625,0.8860211372375488,1,1,0.0,0.002969801425933838,10.854032516479492,-0.14393234252929688,23.625,0.883051335811615,1,1,0,0
suppressor_top,clean,to_corrupt,v5_qwen35_4b_168,167,23.25,0.8626425862312317,1,1,0.0,0.012149930000305176,9.665374755859375,-0.1717538833618164,23.25,0.8504926562309265,1,1,0,0
suppressor_top,clean,to_corrupt,v5_qwen35_4b_179,178,23.25,0.8626425862312317,1,1,0.0,0.012149930000305176,9.665374755859375,-0.1717538833618164,23.25,0.8504926562309265,1,1,0,0
suppressor_top,clean,to_corrupt,v5_qwen35_4b_183,182,23.25,0.8626425862312317,1,1,0.0,0.012149930000305176,9.665374755859375,-0.1717538833618164,23.25,0.8504926562309265,1,1,0,0
suppressor_top,clean,to_corrupt,v5_qwen35_4b_185,184,23.25,0.8626425862312317,1,1,0.0,0.012149930000305176,9.665374755859375,-0.1717538833618164,23.25,0.8504926562309265,1,1,0,0
suppressor_top,clean,to_corrupt,v5_qwen35_4b_186,185,23.25,0.8626425862312317,1,1,0.0,0.012149930000305176,9.665374755859375,-0.1717538833618164,23.25,0.8504926562309265,1,1,0,0
suppressor_top,clean,to_corrupt,v5_qwen35_4b_242,241,23.125,0.8437392711639404,1,1,0.0,0.014599800109863281,9.032514572143555,-0.14220619201660156,23.125,0.8291394710540771,1,1,0,0
suppressor_top,clean,to_corrupt,v5_qwen35_4b_249,248,23.125,0.8437392711639404,1,1,0.0,0.014599800109863281,9.032514572143555,-0.14220619201660156,23.125,0.8291394710540771,1,1,0,0
suppressor_top,clean,to_corrupt,v5_qwen35_4b_282,281,23.125,0.845594584941864,1,1,0.0,0.016455113887786865,9.020846366882324,-0.15387439727783203,23.125,0.8291394710540771,1,1,0,0
suppressor_top,clean,to_corrupt,v5_qwen35_4b_286,285,23.125,0.845594584941864,1,1,0.0,0.016455113887786865,9.020846366882324,-0.15387439727783203,23.125,0.8291394710540771,1,1,0,0
suppressor_top,clean,to_corrupt,v5_qwen35_4b_295,294,23.125,0.845594584941864,1,1,0.0,0.016455113887786865,9.020846366882324,-0.15387439727783203,23.125,0.8291394710540771,1,1,0,0
suppressor_top,clean,to_corrupt,v5_qwen35_4b_299,298,23.125,0.845594584941864,1,1,0.0,0.016455113887786865,9.020846366882324,-0.15387439727783203,23.125,0.8291394710540771,1,1,0,0
suppressor_top,clean,to_corrupt,v5_qwen35_4b_008,7,21.625,0.6994712352752686,1,1,0.0,0.0011088252067565918,6.95046854019165,-0.10135507583618164,21.625,0.698362410068512,1,1,0,0
suppressor_top,clean,to_corrupt,v5_qwen35_4b_122,121,22.625,0.8422648310661316,1,1,0.0,0.00261080265045166,8.807050704956055,-0.09717655181884766,22.625,0.8396540284156799,1,1,0,0
suppressor_top,clean,to_corrupt,v5_qwen35_4b_158,157,22.5,0.8224338889122009,1,1,0.0,0.0033894777297973633,6.736486911773682,-0.11184215545654297,22.5,0.8190444111824036,1,1,0,0
suppressor_top,clean,to_corrupt,v5_qwen35_4b_265,264,22.125,0.7196897268295288,1,1,0.125,0.030270934104919434,5.830774307250977,-0.08511686325073242,22.0,0.6894187927246094,1,1,0,0
suppressor_top,clean,to_corrupt,v5_qwen35_4b_003,2,22.5,0.8213171362876892,1,1,0.0,0.0022853612899780273,9.112250328063965,-0.19399547576904297,22.5,0.8190317749977112,1,1,0,0
suppressor_top,clean,to_corrupt,v5_qwen35_4b_011,10,22.25,0.8090934157371521,1,1,0.0,0.001712501049041748,8.63097858428955,-0.16147232055664062,22.25,0.8073809146881104,1,1,0,0
suppressor_top,clean,to_corrupt,v5_qwen35_4b_033,32,22.25,0.8086864948272705,1,1,0.0,0.0013055801391601562,8.646689414978027,-0.14576148986816406,22.25,0.8073809146881104,1,1,0,0
suppressor_top,clean,to_corrupt,v5_qwen35_4b_048,47,22.25,0.8086864948272705,1,1,0.0,0.0013055801391601562,8.646689414978027,-0.14576148986816406,22.25,0.8073809146881104,1,1,0,0
suppressor_top,clean,to_corrupt,v5_qwen35_4b_070,69,22.25,0.797029435634613,1,1,0.0,0.006461799144744873,8.677016258239746,-0.15072917938232422,22.25,0.7905676364898682,1,1,0,0
suppressor_top,clean,to_corrupt,v5_qwen35_4b_124,123,22.625,0.8492599129676819,1,1,0.0,0.015370666980743408,9.280416488647461,-0.14865970611572266,22.625,0.8338892459869385,1,1,0,0
suppressor_top,clean,to_corrupt,v5_qwen35_4b_125,124,22.75,0.8569886684417725,1,1,0.125,0.020523011684417725,9.432211875915527,-0.16748809814453125,22.625,0.8364656567573547,1,1,0,0
suppressor_top,clean,to_corrupt,v5_qwen35_4b_139,138,22.75,0.8569886684417725,1,1,0.125,0.020523011684417725,9.432211875915527,-0.16748809814453125,22.625,0.8364656567573547,1,1,0,0
suppressor_top,clean,to_corrupt,v5_qwen35_4b_203,202,22.625,0.8303638696670532,1,1,0.0,0.0014056563377380371,7.927398204803467,-0.14417695999145508,22.625,0.8289582133293152,1,1,0,0
suppressor_top,clean,to_corrupt,v5_qwen35_4b_206,205,22.375,0.8051087856292725,1,1,0.0,0.0014317631721496582,7.753502368927002,-0.13773250579833984,22.375,0.8036770224571228,1,1,0,0
suppressor_top,clean,to_corrupt,v5_qwen35_4b_212,211,22.625,0.8303638696670532,1,1,0.0,0.0014056563377380371,7.927398204803467,-0.14417695999145508,22.625,0.8289582133293152,1,1,0,0
suppressor_top,clean,to_corrupt,v5_qwen35_4b_228,227,21.75,0.6654555201530457,1,1,0.0,0.005756378173828125,6.447400093078613,-0.10814380645751953,21.75,0.6596991419792175,1,1,0,0
suppressor_top,clean,to_corrupt,v5_qwen35_4b_230,229,21.75,0.6654555201530457,1,1,0.0,0.005756378173828125,6.447400093078613,-0.10814380645751953,21.75,0.6596991419792175,1,1,0,0
suppressor_top,clean,to_corrupt,v5_qwen35_4b_231,230,21.75,0.6654555201530457,1,1,0.0,0.005756378173828125,6.447400093078613,-0.10814380645751953,21.75,0.6596991419792175,1,1,0,0
suppressor_top,clean,to_corrupt,v5_qwen35_4b_236,235,21.75,0.6654555201530457,1,1,0.0,0.005756378173828125,6.447400093078613,-0.10814380645751953,21.75,0.6596991419792175,1,1,0,0
suppressor_top,clean,to_corrupt,v5_qwen35_4b_237,236,21.75,0.6654555201530457,1,1,0.0,0.005756378173828125,6.447400093078613,-0.10814380645751953,21.75,0.6596991419792175,1,1,0,0
suppressor_top,clean,to_corrupt,v5_qwen35_4b_238,237,22.0,0.7151037454605103,1,1,0.125,0.028843581676483154,7.0312018394470215,-0.11851358413696289,21.875,0.6862601637840271,1,1,0,0
suppressor_top,clean,to_corrupt,v5_qwen35_4b_247,246,21.75,0.6654555201530457,1,1,0.0,0.005756378173828125,6.447400093078613,-0.10814380645751953,21.75,0.6596991419792175,1,1,0,0
suppressor_top,clean,to_corrupt,v5_qwen35_4b_257,256,21.75,0.6811469197273254,1,1,0.0,0.02144777774810791,6.434121131896973,-0.12142276763916016,21.75,0.6596991419792175,1,1,0,0
suppressor_top,clean,to_corrupt,v5_qwen35_4b_291,290,21.75,0.6811469197273254,1,1,0.0,0.02144777774810791,6.434121131896973,-0.12142276763916016,21.75,0.6596991419792175,1,1,0,0
suppressor_top,clean,to_corrupt,v5_qwen35_4b_005,4,22.375,0.8203427195549011,1,1,0.125,0.023509621620178223,8.719539642333984,-0.16819000244140625,22.25,0.7968330979347229,1,1,0,0
suppressor_top,clean,to_corrupt,v5_qwen35_4b_013,12,22.25,0.811589777469635,1,1,0.125,0.02670764923095703,8.714157104492188,-0.16949081420898438,22.125,0.784882128238678,1,1,0,0
suppressor_top,clean,to_corrupt,v5_qwen35_4b_026,25,22.25,0.8114721775054932,1,1,0.125,0.026590049266815186,8.72713851928711,-0.1565093994140625,22.125,0.784882128238678,1,1,0,0
suppressor_top,clean,to_corrupt,v5_qwen35_4b_041,40,22.375,0.8209555149078369,1,1,0.125,0.024122416973114014,8.739364624023438,-0.14836502075195312,22.25,0.7968330979347229,1,1,0,0
suppressor_top,clean,to_corrupt,v5_qwen35_4b_045,44,22.375,0.8209555149078369,1,1,0.125,0.024122416973114014,8.739364624023438,-0.14836502075195312,22.25,0.7968330979347229,1,1,0,0
suppressor_top,clean,to_corrupt,v5_qwen35_4b_049,48,22.25,0.8114721775054932,1,1,0.125,0.026590049266815186,8.72713851928711,-0.1565093994140625,22.125,0.784882128238678,1,1,0,0
suppressor_top,clean,to_corrupt,v5_qwen35_4b_117,116,22.625,0.8480814099311829,1,1,0.0,0.0011009573936462402,9.317150115966797,-0.14585113525390625,22.625,0.8469804525375366,1,1,0,0
suppressor_top,clean,to_corrupt,v5_qwen35_4b_137,136,22.625,0.8480814099311829,1,1,0.0,0.0011009573936462402,9.317150115966797,-0.14585113525390625,22.625,0.8469804525375366,1,1,0,0
suppressor_top,clean,to_corrupt,v5_qwen35_4b_141,140,22.625,0.8541359901428223,1,1,0.0,0.004911482334136963,9.117334365844727,-0.16003990173339844,22.625,0.8492245078086853,1,1,0,0
suppressor_top,clean,to_corrupt,v5_qwen35_4b_157,156,22.625,0.8456318378448486,1,1,0.0,0.003140389919281006,7.902571678161621,-0.16513633728027344,22.625,0.8424914479255676,1,1,0,0
suppressor_top,clean,to_corrupt,v5_qwen35_4b_227,226,21.875,0.6926652193069458,1,1,0.0,0.006564676761627197,6.687751770019531,-0.1213679313659668,21.875,0.6861005425453186,1,1,0,0
suppressor_top,clean,to_corrupt,v5_qwen35_4b_233,232,21.75,0.6835118532180786,1,1,0.0,0.0018454790115356445,6.5227179527282715,-0.1203317642211914,21.75,0.681666374206543,1,1,0,0
suppressor_top,clean,to_corrupt,v5_qwen35_4b_235,234,21.875,0.6926652193069458,1,1,0.0,0.006564676761627197,6.687751770019531,-0.1213679313659668,21.875,0.6861005425453186,1,1,0,0
suppressor_top,clean,to_corrupt,v5_qwen35_4b_248,247,21.875,0.6926652193069458,1,1,0.0,0.006564676761627197,6.687751770019531,-0.1213679313659668,21.875,0.6861005425453186,1,1,0,0
suppressor_top,clean,to_corrupt,v5_qwen35_4b_250,249,21.875,0.6926652193069458,1,1,0.0,0.006564676761627197,6.687751770019531,-0.1213679313659668,21.875,0.6861005425453186,1,1,0,0
suppressor_top,clean,to_corrupt,v5_qwen35_4b_261,260,21.75,0.6838248372077942,1,1,0.0,0.0021584630012512207,6.519827365875244,-0.12322235107421875,21.75,0.681666374206543,1,1,0,0
suppressor_top,clean,to_corrupt,v5_qwen35_4b_274,273,21.875,0.6880403161048889,1,1,0.0,0.0020982027053833008,6.635714530944824,-0.10978460311889648,21.875,0.6859421133995056,1,1,0,0
suppressor_top,clean,to_corrupt,v5_qwen35_4b_298,297,21.875,0.6896881461143494,1,1,0.0,0.003024458885192871,6.698311805725098,-0.12633705139160156,21.875,0.6866636872291565,1,1,0,0
suppressor_top,clean,to_corrupt,v5_qwen35_4b_202,201,23.25,0.5790170431137085,1,1,-0.125,-3.343820571899414e-05,6.6507720947265625,-0.1138458251953125,23.375,0.5790504813194275,1,1,0,0
suppressor_top,clean,to_corrupt,v5_qwen35_4b_221,220,24.5,0.5512194633483887,1,1,-0.125,-7.95125961303711e-05,7.246696472167969,-0.1416153907775879,24.625,0.551298975944519,1,1,0,0
suppressor_top,clean,to_corrupt,v5_qwen35_4b_051,50,23.625,0.5538871884346008,1,1,0.0,0.029396772384643555,7.089365482330322,-0.1129908561706543,23.625,0.5244904160499573,1,1,0,0
suppressor_top,clean,to_corrupt,v5_qwen35_4b_278,277,23.375,0.5699174404144287,1,1,0.0,0.00409388542175293,6.774076461791992,-0.09978771209716797,23.375,0.5658235549926758,1,1,0,0
suppressor_top,clean,to_corrupt,v5_qwen35_4b_062,61,23.75,0.5556789040565491,1,1,0.0,0.005487978458404541,7.245892524719238,-0.11010885238647461,23.75,0.5501909255981445,1,1,0,0
suppressor_top,clean,to_corrupt,v5_qwen35_4b_068,67,23.75,0.5556789040565491,1,1,0.0,0.005487978458404541,7.245892524719238,-0.11010885238647461,23.75,0.5501909255981445,1,1,0,0
suppressor_top,clean,to_corrupt,v5_qwen35_4b_209,208,23.625,0.5261847972869873,1,1,0.0,0.031017929315567017,6.969747066497803,-0.10797500610351562,23.625,0.4951668679714203,1,1,0,0
suppressor_top,clean,to_corrupt,v5_qwen35_4b_220,219,23.625,0.5261847972869873,1,1,0.0,0.031017929315567017,6.969747066497803,-0.10797500610351562,23.625,0.4951668679714203,1,1,0,0
suppressor_top,clean,to_corrupt,v5_qwen35_4b_225,224,23.625,0.5261847972869873,1,1,0.0,0.031017929315567017,6.969747066497803,-0.10797500610351562,23.625,0.4951668679714203,1,1,0,0
suppressor_top,clean,to_corrupt,v5_qwen35_4b_300,299,23.25,0.5436050295829773,1,1,-0.125,-0.025999128818511963,6.845338344573975,-0.10157108306884766,23.375,0.5696041584014893,1,1,0,0
suppressor_top,clean,to_corrupt,v5_qwen35_4b_293,292,24.75,0.9478293061256409,1,1,0.0,0.004332125186920166,6.638169765472412,-0.07925844192504883,24.75,0.9434971809387207,1,1,0,0
suppressor_top,clean,to_corrupt,v5_qwen35_4b_066,65,23.625,0.5498153567314148,1,1,-0.125,-0.023302435874938965,6.99547815322876,-0.1006321907043457,23.75,0.5731177926063538,1,1,0,0
suppressor_top,clean,to_corrupt,v5_qwen35_4b_197,196,23.375,0.5091395378112793,1,1,0.0,0.02955910563468933,6.467795372009277,-0.09015083312988281,23.375,0.47958043217658997,1,1,0,0
suppressor_top,clean,to_corrupt,v5_qwen35_4b_074,73,24.125,0.6442784667015076,1,1,0.0,0.030144810676574707,7.401652812957764,-0.11863851547241211,24.125,0.6141336560249329,1,1,0,0
suppressor_top,clean,to_corrupt,v5_qwen35_4b_189,188,23.375,0.5399169325828552,1,1,0.0,0.02971780300140381,6.271539211273193,-0.09032154083251953,23.375,0.5101991295814514,1,1,0,0
suppressor_top,clean,to_corrupt,v5_qwen35_4b_223,222,23.625,0.52415931224823,1,1,-0.125,0.0026210546493530273,6.995558261871338,-0.12201118469238281,23.75,0.521538257598877,1,1,0,0
suppressor_top,clean,to_corrupt,v5_qwen35_4b_266,265,23.625,0.6343936920166016,1,1,0.0,0.005147457122802734,7.016836166381836,-0.10523033142089844,23.625,0.6292462348937988,1,1,0,0
suppressor_top,clean,to_corrupt,v5_qwen35_4b_287,286,23.125,0.5052527785301208,1,1,0.0,0.004376471042633057,6.809115886688232,-0.1044149398803711,23.125,0.5008763074874878,1,1,0,0
suppressor_top,clean,to_corrupt,v5_qwen35_4b_058,57,23.5,0.5277976393699646,1,1,0.0,0.004756629467010498,6.952314853668213,-0.10950183868408203,23.5,0.5230410099029541,1,1,0,0
suppressor_top,clean,to_corrupt,v5_qwen35_4b_060,59,23.875,0.58641117811203,1,1,-0.125,0.002055346965789795,7.445592403411865,-0.12766647338867188,24.0,0.5843558311462402,1,1,0,0
suppressor_top,clean,to_corrupt,v5_qwen35_4b_201,200,23.625,0.5465405583381653,1,1,0.0,0.03411942720413208,6.9153547286987305,-0.10639190673828125,23.625,0.5124211311340332,1,1,0,0
suppressor_top,clean,to_corrupt,v5_qwen35_4b_217,216,23.75,0.5831218361854553,1,1,0.0,0.03050154447555542,6.815515995025635,-0.11401987075805664,23.75,0.5526202917098999,1,1,0,0
suppressor_top,clean,to_corrupt,v5_qwen35_4b_218,217,23.625,0.5469744205474854,1,1,0.0,0.03024226427078247,6.845954418182373,-0.11602163314819336,23.625,0.5167321562767029,1,1,0,0
suppressor_top,clean,to_corrupt,v5_qwen35_4b_275,274,23.25,0.5585657954216003,1,1,0.0,0.029233217239379883,6.747565269470215,-0.11687040328979492,23.25,0.5293325781822205,1,1,0,0
suppressor_top,clean,to_corrupt,v5_qwen35_4b_297,296,23.25,0.5638453960418701,1,1,0.0,0.028532028198242188,6.901930809020996,-0.11408567428588867,23.25,0.5353133678436279,1,1,0,0
suppressor_top,clean,to_corrupt,v5_qwen35_4b_050,49,23.75,0.5860063433647156,1,1,-0.125,-0.025550544261932373,7.285707473754883,-0.1185460090637207,23.875,0.611556887626648,1,1,0,0
suppressor_top,clean,to_corrupt,v5_qwen35_4b_063,62,23.75,0.5860063433647156,1,1,-0.125,-0.025550544261932373,7.285707473754883,-0.1185460090637207,23.875,0.611556887626648,1,1,0,0
suppressor_top,clean,to_corrupt,v5_qwen35_4b_067,66,23.75,0.5860063433647156,1,1,-0.125,-0.025550544261932373,7.285707473754883,-0.1185460090637207,23.875,0.611556887626648,1,1,0,0
suppressor_top,clean,to_corrupt,v5_qwen35_4b_075,74,23.75,0.5860063433647156,1,1,-0.125,-0.025550544261932373,7.285707473754883,-0.1185460090637207,23.875,0.611556887626648,1,1,0,0
suppressor_top,clean,to_corrupt,v5_qwen35_4b_198,197,23.75,0.5856964588165283,1,1,0.0,0.029027044773101807,7.098384380340576,-0.09233283996582031,23.75,0.5566694140434265,1,1,0,0
suppressor_top,clean,to_corrupt,v5_qwen35_4b_219,218,23.75,0.5858679413795471,1,1,0.0,0.0327075719833374,7.134735584259033,-0.12279510498046875,23.75,0.5531603693962097,1,1,0,0
suppressor_top,clean,to_corrupt,v5_qwen35_4b_253,252,23.125,0.5374610424041748,1,1,-0.125,-0.02596104145050049,6.872442722320557,-0.1117715835571289,23.25,0.5634220838546753,1,1,0,0
suppressor_top,clean,to_corrupt,v5_qwen35_4b_200,199,24.0,0.7450684905052185,1,1,-0.125,-0.017790615558624268,7.973275184631348,-0.1447906494140625,24.125,0.7628591060638428,1,1,0,0
suppressor_top,clean,to_corrupt,v5_qwen35_4b_031,30,23.75,0.6746101975440979,1,1,0.0,0.027063608169555664,6.264119625091553,-0.09529781341552734,23.75,0.6475465893745422,1,1,0,0
suppressor_top,clean,to_corrupt,v5_qwen35_4b_163,162,23.5,0.6158560514450073,1,1,0.0,0.028455257415771484,5.789539337158203,-0.09522581100463867,23.5,0.5874007940292358,1,1,0,0
suppressor_top,clean,to_corrupt,v5_qwen35_4b_184,183,23.25,0.5153051018714905,1,1,-0.125,-0.0042046308517456055,6.737330436706543,-0.08368444442749023,23.375,0.5195097327232361,1,1,0,0
suppressor_top,clean,to_corrupt,v5_qwen35_4b_191,190,23.5,0.6157175302505493,1,1,0.0,0.028316736221313477,5.788773536682129,-0.09599161148071289,23.5,0.5874007940292358,1,1,0,0
suppressor_top,clean,to_corrupt,v5_qwen35_4b_192,191,23.5,0.6157175302505493,1,1,0.0,0.028316736221313477,5.788773536682129,-0.09599161148071289,23.5,0.5874007940292358,1,1,0,0
suppressor_top,clean,to_corrupt,v5_qwen35_4b_022,21,23.75,0.6758984327316284,1,1,0.0,0.027075231075286865,6.367603302001953,-0.10465049743652344,23.75,0.6488232016563416,1,1,0,0
suppressor_top,clean,to_corrupt,v5_qwen35_4b_034,33,23.125,0.5020940899848938,1,1,-0.125,-0.025557994842529297,6.113614559173584,-0.09394550323486328,23.25,0.5276520848274231,1,1,0,0
suppressor_top,clean,to_corrupt,v5_qwen35_4b_061,60,23.75,0.679326057434082,1,1,0.0,0.03050285577774048,6.356245517730713,-0.11600828170776367,23.75,0.6488232016563416,1,1,0,0
suppressor_top,clean,to_corrupt,v5_qwen35_4b_069,68,23.125,0.5306440591812134,1,1,-0.125,0.002991974353790283,6.099424839019775,-0.10813522338867188,23.25,0.5276520848274231,1,1,0,0
suppressor_top,clean,to_corrupt,v5_qwen35_4b_162,161,23.625,0.6506285667419434,1,1,0.0,0.03202056884765625,6.047852516174316,-0.09900522232055664,23.625,0.6186079978942871,1,1,0,0
suppressor_top,clean,to_corrupt,v5_qwen35_4b_165,164,23.375,0.574027419090271,1,1,0.0,0.029675066471099854,6.078752517700195,-0.08669137954711914,23.375,0.5443523526191711,1,1,0,0
suppressor_top,clean,to_corrupt,v5_qwen35_4b_176,175,23.625,0.6506285667419434,1,1,0.0,0.03202056884765625,6.047852516174316,-0.09900522232055664,23.625,0.6186079978942871,1,1,0,0
suppressor_top,clean,to_corrupt,v5_qwen35_4b_177,176,23.625,0.6506285667419434,1,1,0.0,0.03202056884765625,6.047852516174316,-0.09900522232055664,23.625,0.6186079978942871,1,1,0,0
suppressor_top,clean,to_corrupt,v5_qwen35_4b_211,210,23.625,0.6499307155609131,1,1,0.0,0.031038343906402588,6.115485191345215,-0.11825370788574219,23.625,0.6188923716545105,1,1,0,0
suppressor_top,clean,to_corrupt,v5_qwen35_4b_246,245,22.5,0.4135255813598633,1,1,0.0,0.007494926452636719,5.870980739593506,-0.07365131378173828,22.5,0.40603065490722656,1,1,0,0
suppressor_top,clean,to_corrupt,v5_qwen35_4b_268,267,22.5,0.41396480798721313,1,1,0.0,0.007934153079986572,5.861328125,-0.08330392837524414,22.5,0.40603065490722656,1,1,0,0
suppressor_top,clean,to_corrupt,v5_qwen35_4b_032,31,23.75,0.5934997200965881,1,1,0.0,0.002632737159729004,6.56375789642334,-0.08999300003051758,23.75,0.5908669829368591,1,1,0,0
suppressor_top,clean,to_corrupt,v5_qwen35_4b_194,193,23.5,0.572996199131012,1,1,0.0,0.029870688915252686,5.961260795593262,-0.08619546890258789,23.5,0.5431255102157593,1,1,0,0
suppressor_top,clean,to_corrupt,v5_qwen35_4b_195,194,23.75,0.5526940226554871,1,1,0.125,0.03441065549850464,7.131165504455566,-0.09975671768188477,23.625,0.5182833671569824,1,1,0,0
suppressor_top,clean,to_corrupt,v5_qwen35_4b_019,18,23.25,0.5497123599052429,1,1,0.0,0.02893131971359253,6.409108638763428,-0.07207918167114258,23.25,0.5207810401916504,1,1,0,0
suppressor_top,clean,to_corrupt,v5_qwen35_4b_056,55,24.25,0.706121027469635,1,1,0.0,0.026514649391174316,6.594474792480469,-0.10451030731201172,24.25,0.6796063780784607,1,1,0,0
suppressor_top,clean,to_corrupt,v5_qwen35_4b_057,56,23.875,0.6240635514259338,1,1,-0.125,0.0006744861602783203,6.438444137573242,-0.12286758422851562,24.0,0.6233890652656555,1,1,0,0
suppressor_top,clean,to_corrupt,v5_qwen35_4b_190,189,24.125,0.6787539720535278,1,1,-0.125,-0.0007483363151550293,6.6182098388671875,-0.10050153732299805,24.25,0.6795023083686829,1,1,0,0
suppressor_top,clean,to_corrupt,v5_qwen35_4b_199,198,24.0,0.627271294593811,1,1,0.0,0.028772413730621338,6.616831302642822,-0.10103750228881836,24.0,0.5984988808631897,1,1,0,0
suppressor_top,clean,to_corrupt,v5_qwen35_4b_240,239,23.75,0.659224808216095,1,1,0.0,0.004843294620513916,6.496781826019287,-0.08688116073608398,23.75,0.654381513595581,1,1,0,0
suppressor_top,clean,to_corrupt,v5_qwen35_4b_279,278,23.625,0.6299116015434265,1,1,0.0,0.028836965560913086,6.422111511230469,-0.08611488342285156,23.625,0.6010746359825134,1,1,0,0
suppressor_top,clean,to_corrupt,v5_qwen35_4b_173,172,23.375,0.5374251008033752,1,1,-0.125,-0.003769516944885254,6.523778915405273,-0.084136962890625,23.5,0.5411946177482605,1,1,0,0
suppressor_top,clean,to_corrupt,v5_qwen35_4b_193,192,24.25,0.6772446036338806,1,1,0.0,0.003073394298553467,8.183374404907227,-0.11460208892822266,24.25,0.6741712093353271,1,1,0,0
suppressor_top,clean,to_corrupt,v5_qwen35_4b_196,195,23.625,0.5271037817001343,1,1,0.0,0.003335118293762207,7.287670135498047,-0.09934234619140625,23.625,0.5237686634063721,1,1,0,0
suppressor_top,clean,to_corrupt,v5_qwen35_4b_207,206,23.375,0.5398861765861511,1,1,0.0,0.0049659013748168945,6.4192328453063965,-0.1083984375,23.375,0.5349202752113342,1,1,0,0
suppressor_top,clean,to_corrupt,v5_qwen35_4b_210,209,23.625,0.5036383271217346,1,1,0.0,0.0026664137840270996,7.107594013214111,-0.10084056854248047,23.625,0.5009719133377075,1,1,0,0
suppressor_top,clean,to_corrupt,v5_qwen35_4b_071,70,23.5,0.7035749554634094,1,1,0.0,5.429983139038086e-05,11.375892639160156,-0.06681251525878906,23.5,0.703520655632019,1,1,0,0
suppressor_top,clean,to_corrupt,v5_qwen35_4b_170,169,23.375,0.6217629909515381,1,1,0.0,0.005923867225646973,6.438747406005859,-0.07658863067626953,23.375,0.6158391237258911,1,1,0,0
suppressor_top,clean,to_corrupt,v5_qwen35_4b_178,177,23.5,0.5795888304710388,1,1,-0.125,-0.026306331157684326,6.139545917510986,-0.08361148834228516,23.625,0.6058951616287231,1,1,0,0
suppressor_top,clean,to_corrupt,v5_qwen35_4b_175,174,22.875,0.4439055323600769,1,0,0.0,0.003940194845199585,5.617156982421875,-0.06449127197265625,22.875,0.4399653375148773,1,0,0,0
suppressor_top,clean,to_corrupt,v5_qwen35_4b_171,170,24.125,0.7249572277069092,1,1,0.0,0.02741187810897827,6.705623149871826,-0.09255647659301758,24.125,0.6975453495979309,1,1,0,0
suppressor_top,clean,to_corrupt,v5_qwen35_4b_009,8,23.625,0.6109817028045654,1,1,0.0,0.029143691062927246,7.2884521484375,-0.11281061172485352,23.625,0.5818380117416382,1,1,0,0
suppressor_top,clean,to_corrupt,v5_qwen35_4b_052,51,23.625,0.6499196290969849,1,1,-0.125,0.0023903250694274902,6.070305824279785,-0.1378469467163086,23.75,0.6475293040275574,1,1,0,0
suppressor_top,clean,to_corrupt,v5_qwen35_4b_076,75,21.25,0.46056199073791504,1,1,0.0,0.0018030107021331787,8.283219337463379,-0.09401607513427734,21.25,0.45875898003578186,1,1,0,0
suppressor_top,clean,to_corrupt,v5_qwen35_4b_077,76,21.25,0.46056199073791504,1,1,0.0,0.0018030107021331787,8.283219337463379,-0.09401607513427734,21.25,0.45875898003578186,1,1,0,0
suppressor_top,clean,to_corrupt,v5_qwen35_4b_078,77,21.25,0.46056199073791504,1,1,0.0,0.0018030107021331787,8.283219337463379,-0.09401607513427734,21.25,0.45875898003578186,1,1,0,0
suppressor_top,clean,to_corrupt,v5_qwen35_4b_079,78,21.25,0.46056199073791504,1,1,0.0,0.0018030107021331787,8.283219337463379,-0.09401607513427734,21.25,0.45875898003578186,1,1,0,0
suppressor_top,clean,to_corrupt,v5_qwen35_4b_080,79,21.25,0.46056199073791504,1,1,0.0,0.0018030107021331787,8.283219337463379,-0.09401607513427734,21.25,0.45875898003578186,1,1,0,0
suppressor_top,clean,to_corrupt,v5_qwen35_4b_081,80,21.25,0.46056199073791504,1,1,0.0,0.0018030107021331787,8.283219337463379,-0.09401607513427734,21.25,0.45875898003578186,1,1,0,0
suppressor_top,clean,to_corrupt,v5_qwen35_4b_082,81,21.25,0.46056199073791504,1,1,0.0,0.0018030107021331787,8.283219337463379,-0.09401607513427734,21.25,0.45875898003578186,1,1,0,0
suppressor_top,clean,to_corrupt,v5_qwen35_4b_083,82,21.25,0.4868222177028656,1,1,0.0,0.021197617053985596,8.275747299194336,-0.09251976013183594,21.25,0.46562460064888,1,1,0,0
suppressor_top,clean,to_corrupt,v5_qwen35_4b_084,83,21.25,0.4868222177028656,1,1,0.0,0.021197617053985596,8.275747299194336,-0.09251976013183594,21.25,0.46562460064888,1,1,0,0
suppressor_top,clean,to_corrupt,v5_qwen35_4b_087,86,21.25,0.4868222177028656,1,1,0.0,0.021197617053985596,8.275747299194336,-0.09251976013183594,21.25,0.46562460064888,1,1,0,0
suppressor_top,clean,to_corrupt,v5_qwen35_4b_088,87,21.25,0.4868222177028656,1,1,0.0,0.021197617053985596,8.275747299194336,-0.09251976013183594,21.25,0.46562460064888,1,1,0,0
suppressor_top,clean,to_corrupt,v5_qwen35_4b_089,88,21.25,0.4868222177028656,1,1,0.0,0.021197617053985596,8.275747299194336,-0.09251976013183594,21.25,0.46562460064888,1,1,0,0
suppressor_top,clean,to_corrupt,v5_qwen35_4b_090,89,21.25,0.4868222177028656,1,1,0.0,0.021197617053985596,8.275747299194336,-0.09251976013183594,21.25,0.46562460064888,1,1,0,0
suppressor_top,clean,to_corrupt,v5_qwen35_4b_091,90,21.25,0.4868222177028656,1,1,0.0,0.021197617053985596,8.275747299194336,-0.09251976013183594,21.25,0.46562460064888,1,1,0,0
suppressor_top,clean,to_corrupt,v5_qwen35_4b_092,91,21.25,0.4868222177028656,1,1,0.0,0.021197617053985596,8.275747299194336,-0.09251976013183594,21.25,0.46562460064888,1,1,0,0
suppressor_top,clean,to_corrupt,v5_qwen35_4b_093,92,21.25,0.4868222177028656,1,1,0.0,0.021197617053985596,8.275747299194336,-0.09251976013183594,21.25,0.46562460064888,1,1,0,0
suppressor_top,clean,to_corrupt,v5_qwen35_4b_094,93,21.25,0.4868222177028656,1,1,0.0,0.021197617053985596,8.275747299194336,-0.09251976013183594,21.25,0.46562460064888,1,1,0,0
suppressor_top,clean,to_corrupt,v5_qwen35_4b_095,94,21.25,0.4868222177028656,1,1,0.0,0.021197617053985596,8.275747299194336,-0.09251976013183594,21.25,0.46562460064888,1,1,0,0
suppressor_top,clean,to_corrupt,v5_qwen35_4b_096,95,21.25,0.4868222177028656,1,1,0.0,0.021197617053985596,8.275747299194336,-0.09251976013183594,21.25,0.46562460064888,1,1,0,0
suppressor_top,clean,to_corrupt,v5_qwen35_4b_097,96,21.25,0.4868222177028656,1,1,0.0,0.021197617053985596,8.275747299194336,-0.09251976013183594,21.25,0.46562460064888,1,1,0,0
suppressor_top,clean,to_corrupt,v5_qwen35_4b_099,98,21.25,0.4868222177028656,1,1,0.0,0.021197617053985596,8.275747299194336,-0.09251976013183594,21.25,0.46562460064888,1,1,0,0
suppressor_top,clean,to_corrupt,v5_qwen35_4b_100,99,21.25,0.4868222177028656,1,1,0.0,0.021197617053985596,8.275747299194336,-0.09251976013183594,21.25,0.46562460064888,1,1,0,0
suppressor_top,clean,to_corrupt,v5_qwen35_4b_101,100,21.25,0.4868222177028656,1,1,0.0,0.021197617053985596,8.275747299194336,-0.09251976013183594,21.25,0.46562460064888,1,1,0,0
suppressor_top,clean,to_corrupt,v5_qwen35_4b_102,101,21.25,0.4868222177028656,1,1,0.0,0.021197617053985596,8.275747299194336,-0.09251976013183594,21.25,0.46562460064888,1,1,0,0
suppressor_top,clean,to_corrupt,v5_qwen35_4b_103,102,21.25,0.4868222177028656,1,1,0.0,0.021197617053985596,8.275747299194336,-0.09251976013183594,21.25,0.46562460064888,1,1,0,0
suppressor_top,clean,to_corrupt,v5_qwen35_4b_104,103,21.25,0.4868222177028656,1,1,0.0,0.021197617053985596,8.275747299194336,-0.09251976013183594,21.25,0.46562460064888,1,1,0,0
suppressor_top,clean,to_corrupt,v5_qwen35_4b_105,104,21.25,0.4868222177028656,1,1,0.0,0.021197617053985596,8.275747299194336,-0.09251976013183594,21.25,0.46562460064888,1,1,0,0
suppressor_top,clean,to_corrupt,v5_qwen35_4b_106,105,21.25,0.4868222177028656,1,1,0.0,0.021197617053985596,8.275747299194336,-0.09251976013183594,21.25,0.46562460064888,1,1,0,0
suppressor_top,clean,to_corrupt,v5_qwen35_4b_107,106,21.25,0.4868222177028656,1,1,0.0,0.021197617053985596,8.275747299194336,-0.09251976013183594,21.25,0.46562460064888,1,1,0,0
suppressor_top,clean,to_corrupt,v5_qwen35_4b_108,107,21.25,0.4868222177028656,1,1,0.0,0.021197617053985596,8.275747299194336,-0.09251976013183594,21.25,0.46562460064888,1,1,0,0
suppressor_top,clean,to_corrupt,v5_qwen35_4b_109,108,21.25,0.4868222177028656,1,1,0.0,0.021197617053985596,8.275747299194336,-0.09251976013183594,21.25,0.46562460064888,1,1,0,0
suppressor_top,clean,to_corrupt,v5_qwen35_4b_110,109,21.25,0.4868222177028656,1,1,0.0,0.021197617053985596,8.275747299194336,-0.09251976013183594,21.25,0.46562460064888,1,1,0,0
suppressor_top,clean,to_corrupt,v5_qwen35_4b_111,110,21.25,0.4868222177028656,1,1,0.0,0.021197617053985596,8.275747299194336,-0.09251976013183594,21.25,0.46562460064888,1,1,0,0
suppressor_top,clean,to_corrupt,v5_qwen35_4b_112,111,21.25,0.4868222177028656,1,1,0.0,0.021197617053985596,8.275747299194336,-0.09251976013183594,21.25,0.46562460064888,1,1,0,0
suppressor_top,clean,to_corrupt,v5_qwen35_4b_116,115,21.25,0.4871751666069031,1,1,0.0,0.02155056595802307,8.260354995727539,-0.10791206359863281,21.25,0.46562460064888,1,1,0,0
suppressor_top,clean,to_corrupt,v5_qwen35_4b_129,128,21.25,0.4871751666069031,1,1,0.0,0.02155056595802307,8.260354995727539,-0.10791206359863281,21.25,0.46562460064888,1,1,0,0
suppressor_top,clean,to_corrupt,v5_qwen35_4b_132,131,21.25,0.4871751666069031,1,1,0.0,0.02155056595802307,8.260354995727539,-0.10791206359863281,21.25,0.46562460064888,1,1,0,0
suppressor_top,clean,to_corrupt,v5_qwen35_4b_138,137,21.25,0.4871751666069031,1,1,0.0,0.02155056595802307,8.260354995727539,-0.10791206359863281,21.25,0.46562460064888,1,1,0,0
suppressor_top,clean,to_corrupt,v5_qwen35_4b_143,142,21.25,0.4871751666069031,1,1,0.0,0.02155056595802307,8.260354995727539,-0.10791206359863281,21.25,0.46562460064888,1,1,0,0
suppressor_top,clean,to_corrupt,v5_qwen35_4b_029,28,21.75,0.5909079313278198,1,1,0.0,0.0005251765251159668,2.670941114425659,-0.05535769462585449,21.75,0.5903827548027039,1,1,0,0
suppressor_top,clean,to_corrupt,v5_qwen35_4b_086,85,21.5,0.5524285435676575,1,1,0.0,0.029649734497070312,8.395293235778809,-0.08543872833251953,21.5,0.5227788090705872,1,1,0,0
suppressor_top,clean,to_corrupt,v5_qwen35_4b_258,257,26.125,0.9620799422264099,1,1,-0.125,-7.212162017822266e-06,11.17325210571289,-0.09433746337890625,26.25,0.9620871543884277,1,1,0,0
suppressor_top,clean,to_corrupt,v5_qwen35_4b_252,251,24.375,0.8563328385353088,1,1,0.0,0.003021836280822754,5.4454026222229,-0.09148788452148438,24.375,0.8533110022544861,1,1,0,0
suppressor_top,clean,to_corrupt,v5_qwen35_4b_006,5,24.75,0.8889942765235901,1,1,0.0,0.0037705302238464355,6.559369087219238,-0.036516666412353516,24.75,0.8852237462997437,1,1,0,0
suppressor_top,clean,to_corrupt,v5_qwen35_4b_004,3,25.75,0.9041674733161926,1,1,-0.125,-4.4226646423339844e-05,11.133277893066406,-0.09226036071777344,25.875,0.904211699962616,1,1,0,0
suppressor_top,clean,to_corrupt,v5_qwen35_4b_154,153,26.125,0.9523442387580872,1,1,-0.125,-3.7610530853271484e-05,11.4890775680542,-0.11847305297851562,26.25,0.9523818492889404,1,1,0,0
suppressor_top,clean,to_corrupt,v5_qwen35_4b_119,118,26.625,0.9794488549232483,1,1,-0.25,-0.002387523651123047,11.732383728027344,-0.10648250579833984,26.875,0.9818363785743713,1,1,0,0
suppressor_top,clean,to_corrupt,v5_qwen35_4b_010,9,21.625,0.3780101239681244,1,1,0.125,0.02226892113685608,4.242396354675293,-0.11561155319213867,21.5,0.3557412028312683,1,1,0,0
suppressor_top,clean,to_corrupt,v5_qwen35_4b_151,150,27.625,0.9963384866714478,1,1,-0.125,-1.4066696166992188e-05,11.46180248260498,-0.1272106170654297,27.75,0.9963525533676147,1,1,0,0
suppressor_top,clean,to_corrupt,v5_qwen35_4b_289,288,27.125,0.9839946031570435,1,1,-0.25,-0.0018656253814697266,11.190167427062988,-0.1190805435180664,27.375,0.9858602285385132,1,1,0,0
suppressor_top,clean,to_corrupt,v5_qwen35_4b_244,243,25.0,0.936473548412323,1,1,-0.125,-4.184246063232422e-05,9.834485054016113,-0.08022499084472656,25.125,0.9365153908729553,1,1,0,0
suppressor_top,corrupt,to_clean,v5_qwen35_4b_285,284,19.375,0.029557598754763603,6,0,0.125,0.0029461197555065155,-7.911145210266113,0.07112503051757812,19.25,0.026611478999257088,7,0,0,0
suppressor_top,corrupt,to_clean,v5_qwen35_4b_016,15,15.125,0.00041021674405783415,37,0,0.0625,4.6932807890698314e-05,-12.918811798095703,0.046417236328125,15.0625,0.00036328393616713583,37,0,0,0
suppressor_top,corrupt,to_clean,v5_qwen35_4b_036,35,15.75,0.000603165477514267,24,0,0.0625,3.717467188835144e-05,-14.75046443939209,0.044498443603515625,15.6875,0.0005659908056259155,24,0,0,0
suppressor_top,corrupt,to_clean,v5_qwen35_4b_085,84,15.0,0.0002932173083536327,32,0,0.0,2.167894854210317e-05,-13.842604637145996,0.04805946350097656,15.0,0.0002715383598115295,32,0,0,0
suppressor_top,corrupt,to_clean,v5_qwen35_4b_133,132,15.75,0.000600923434831202,24,0,0.0625,3.49326292052865e-05,-14.751700401306152,0.043262481689453125,15.6875,0.0005659908056259155,24,0,0,0
suppressor_top,corrupt,to_clean,v5_qwen35_4b_147,146,15.75,0.000600923434831202,24,0,0.0625,3.49326292052865e-05,-14.751700401306152,0.043262481689453125,15.6875,0.0005659908056259155,24,0,0,0
suppressor_top,corrupt,to_clean,v5_qwen35_4b_260,259,17.25,0.005333493929356337,13,0,0.125,0.0006054048426449299,-13.068730354309082,0.03875541687011719,17.125,0.004728089086711407,13,0,0,0
suppressor_top,corrupt,to_clean,v5_qwen35_4b_263,262,16.625,0.002715473063290119,14,0,0.0,0.000174335902556777,-13.971569061279297,0.05302238464355469,16.625,0.002541137160733342,13,0,0,0
suppressor_top,corrupt,to_clean,v5_qwen35_4b_296,295,17.25,0.005506203509867191,13,0,0.0,-2.0316801965236664e-05,-12.904871940612793,0.04343700408935547,17.25,0.005526520311832428,13,0,0,0
suppressor_top,corrupt,to_clean,v5_qwen35_4b_040,39,16.0,0.0014361788053065538,19,0,0.0,2.552289515733719e-06,-11.306806564331055,0.06634140014648438,16.0,0.0014336265157908201,19,0,0,0
suppressor_top,corrupt,to_clean,v5_qwen35_4b_054,53,17.375,0.010540145449340343,9,0,0.0,-0.00022647995501756668,-9.964094161987305,0.05870628356933594,17.375,0.01076662540435791,9,0,0,0
suppressor_top,corrupt,to_clean,v5_qwen35_4b_229,228,16.0,0.001350725651718676,19,0,0.0,-8.290086407214403e-05,-11.284425735473633,0.08872222900390625,16.0,0.0014336265157908201,19,0,0,0
suppressor_top,corrupt,to_clean,v5_qwen35_4b_047,46,17.0,0.0015944382175803185,14,0,0.0,-1.780991442501545e-05,-5.730034351348877,0.05643320083618164,17.0,0.001612248132005334,14,0,0,0
suppressor_top,corrupt,to_clean,v5_qwen35_4b_271,270,19.375,0.023991230875253677,8,0,0.0,-0.00012027285993099213,-10.924511909484863,0.057969093322753906,19.375,0.02411150373518467,8,0,0,0
suppressor_top,corrupt,to_clean,v5_qwen35_4b_039,38,16.5,0.0004479428462218493,15,0,0.0,-7.664493750780821e-07,-9.654092788696289,0.05780029296875,16.5,0.0004487092955969274,14,0,0,0
suppressor_top,corrupt,to_clean,v5_qwen35_4b_215,214,19.25,0.02597283385694027,7,0,0.0,-0.00046981126070022583,-7.557230472564697,0.06612443923950195,19.25,0.026442645117640495,7,0,0,0
suppressor_top,corrupt,to_clean,v5_qwen35_4b_245,244,15.1875,0.0003294541675131768,22,0,0.0625,4.1031016735360026e-05,-15.472383499145508,0.05318260192871094,15.125,0.00028842315077781677,22,0,0,0
suppressor_top,corrupt,to_clean,v5_qwen35_4b_161,160,15.6875,0.00031181707163341343,28,0,0.0,2.8850306989625096e-05,-18.544723510742188,0.12125015258789062,15.6875,0.00028296676464378834,26,0,0,0
suppressor_top,corrupt,to_clean,v5_qwen35_4b_121,120,15.875,0.0006282678805291653,14,0,0.0,4.398083547130227e-05,-16.34022331237793,0.08466529846191406,15.875,0.000584287045057863,14,0,0,0
suppressor_top,corrupt,to_clean,v5_qwen35_4b_181,180,15.875,0.00047945594997145236,18,0,0.0,4.534030449576676e-05,-16.93979835510254,0.10941314697265625,15.875,0.0004341156454756856,18,0,0,0
suppressor_top,corrupt,to_clean,v5_qwen35_4b_259,258,17.375,0.0032853507436811924,9,0,0.0,0.0002918979153037071,-16.12970733642578,0.09784126281738281,17.375,0.0029934528283774853,9,0,0,0
suppressor_top,corrupt,to_clean,v5_qwen35_4b_283,282,18.0,0.008562159724533558,12,0,0.125,0.0013697706162929535,-12.001707077026367,0.06908607482910156,17.875,0.007192389108240604,12,0,0,0
suppressor_top,corrupt,to_clean,v5_qwen35_4b_272,271,20.375,0.029546096920967102,4,0,0.125,0.0057123154401779175,-10.544654846191406,0.08170890808105469,20.25,0.023833781480789185,4,0,0,0
suppressor_top,corrupt,to_clean,v5_qwen35_4b_043,42,16.625,0.0008536833338439465,25,0,-0.125,-0.0001653394429013133,-6.963067054748535,0.10704374313354492,16.75,0.0010190227767452598,23,0,0,0
suppressor_top,corrupt,to_clean,v5_qwen35_4b_166,165,19.375,0.022342992946505547,8,0,0.0,-5.179271101951599e-05,-8.0191650390625,0.03887176513671875,19.375,0.022394785657525063,7,0,0,0
suppressor_top,corrupt,to_clean,v5_qwen35_4b_055,54,19.25,0.010319218039512634,5,0,0.125,0.0020846547558903694,-14.771772384643555,0.09083080291748047,19.125,0.008234563283622265,6,0,0,0
suppressor_top,corrupt,to_clean,v5_qwen35_4b_130,129,16.625,0.0007499470957554877,20,0,0.0,-1.973588950932026e-06,-8.852798461914062,0.040930747985839844,16.625,0.0007519206847064197,20,0,0,0
suppressor_top,corrupt,to_clean,v5_qwen35_4b_182,181,15.875,0.00036055114469490945,28,0,0.0625,2.3764645447954535e-05,-4.715112209320068,0.018210887908935547,15.8125,0.0003367864992469549,28,0,0,0
suppressor_top,corrupt,to_clean,v5_qwen35_4b_065,64,18.125,0.01182944793254137,10,0,0.0,-0.0005464544519782066,-6.570955753326416,0.0032434463500976562,18.125,0.012375902384519577,10,0,0,0
suppressor_top,corrupt,to_clean,v5_qwen35_4b_001,0,17.5,0.005610024090856314,11,0,0.0,2.5494955480098724e-06,-3.5798568725585938,0.07311320304870605,17.5,0.005607474595308304,11,0,0,0
suppressor_top,corrupt,to_clean,v5_qwen35_4b_053,52,17.5,0.010628473944962025,9,0,0.0,-7.701106369495392e-06,-9.494161605834961,0.04836463928222656,17.5,0.01063617505133152,8,0,0,0
suppressor_top,corrupt,to_clean,v5_qwen35_4b_155,154,15.0625,0.0006391002680175006,31,0,-0.0625,-5.2165763918310404e-05,-10.716796875,0.06241798400878906,15.125,0.000691266031935811,29,0,0,0
suppressor_top,corrupt,to_clean,v5_qwen35_4b_120,119,16.125,0.0015872383955866098,18,0,0.0,5.4499367251992226e-05,-10.991754531860352,0.05475139617919922,16.125,0.0015327390283346176,18,0,0,0
suppressor_top,corrupt,to_clean,v5_qwen35_4b_232,231,16.125,0.0015816965606063604,18,0,0.0,4.895753227174282e-05,-10.98033618927002,0.06616973876953125,16.125,0.0015327390283346176,18,0,0,0
suppressor_top,corrupt,to_clean,v5_qwen35_4b_226,225,17.875,0.0015674722380936146,8,0,0.0,-1.0130577720701694e-05,-12.59627914428711,0.05343437194824219,17.875,0.0015776028158143163,7,0,0,0
suppressor_top,corrupt,to_clean,v5_qwen35_4b_123,122,15.6875,0.0007373104454018176,19,0,-0.0625,-1.7504149582237005e-05,-16.493244171142578,0.114044189453125,15.75,0.0007548145949840546,18,0,0,0
suppressor_top,corrupt,to_clean,v5_qwen35_4b_030,29,15.75,0.0006917291902936995,18,0,-0.0625,8.572533261030912e-06,-16.55979347229004,0.10956001281738281,15.8125,0.0006831566570326686,18,0,0,0
suppressor_top,corrupt,to_clean,v5_qwen35_4b_205,204,18.0,0.010865937918424606,7,0,0.0,0.0006851060315966606,-14.141915321350098,0.08048725128173828,18.0,0.010180831886827946,7,0,0,0
suppressor_top,corrupt,to_clean,v5_qwen35_4b_208,207,19.75,0.029836220666766167,4,0,0.125,0.005283443257212639,-11.56596565246582,0.10896778106689453,19.625,0.024552777409553528,5,0,0,0
suppressor_top,corrupt,to_clean,v5_qwen35_4b_159,158,15.6875,0.0003210963332094252,25,0,0.0,2.4828128516674042e-05,-18.66537857055664,0.1360301971435547,15.6875,0.00029626820469275117,23,0,0,0
suppressor_top,corrupt,to_clean,v5_qwen35_4b_262,261,18.75,0.013318020850419998,4,0,0.125,0.0020018592476844788,-15.610005378723145,0.10302448272705078,18.625,0.01131616160273552,4,0,0,0
suppressor_top,corrupt,to_clean,v5_qwen35_4b_281,280,18.75,0.013318020850419998,4,0,0.125,0.0020018592476844788,-15.610005378723145,0.10302448272705078,18.625,0.01131616160273552,4,0,0,0
suppressor_top,corrupt,to_clean,v5_qwen35_4b_153,152,15.8125,0.0008274746360257268,19,0,0.0,0.00015755940694361925,-17.2346134185791,0.13167572021484375,15.8125,0.0006699152290821075,19,0,0,0
suppressor_top,corrupt,to_clean,v5_qwen35_4b_017,16,15.5,0.0006293364567682147,19,0,-0.0625,3.175163874402642e-05,-16.629487991333008,0.1035003662109375,15.5625,0.0005975848180241883,19,0,0,0
suppressor_top,corrupt,to_clean,v5_qwen35_4b_023,22,15.5,0.0006293364567682147,19,0,-0.0625,3.175163874402642e-05,-16.629487991333008,0.1035003662109375,15.5625,0.0005975848180241883,19,0,0,0
suppressor_top,corrupt,to_clean,v5_qwen35_4b_027,26,16.375,0.0013412650441750884,14,0,-0.125,-0.00017919589299708605,-17.262107849121094,0.089996337890625,16.5,0.0015204609371721745,13,0,0,0
suppressor_top,corrupt,to_clean,v5_qwen35_4b_028,27,16.375,0.0013412650441750884,14,0,-0.125,-0.00017919589299708605,-17.262107849121094,0.089996337890625,16.5,0.0015204609371721745,13,0,0,0
suppressor_top,corrupt,to_clean,v5_qwen35_4b_035,34,16.375,0.0013412650441750884,14,0,-0.125,-0.00017919589299708605,-17.262107849121094,0.089996337890625,16.5,0.0015204609371721745,13,0,0,0
suppressor_top,corrupt,to_clean,v5_qwen35_4b_046,45,16.375,0.0014810968423262239,14,0,0.0,-1.8749851733446121e-06,-17.023347854614258,0.08244705200195312,16.375,0.0014829718274995685,13,0,0,0
suppressor_top,corrupt,to_clean,v5_qwen35_4b_059,58,17.5,0.00839182548224926,6,0,0.0,0.0006990651600062847,-15.388531684875488,0.07707405090332031,17.5,0.007692760322242975,5,0,0,0
suppressor_top,corrupt,to_clean,v5_qwen35_4b_064,63,17.5,0.00839182548224926,6,0,0.0,0.0006990651600062847,-15.388531684875488,0.07707405090332031,17.5,0.007692760322242975,5,0,0,0
suppressor_top,corrupt,to_clean,v5_qwen35_4b_113,112,16.375,0.0014807566767558455,14,0,0.0,-2.2151507437229156e-06,-17.01531410217285,0.09048080444335938,16.375,0.0014829718274995685,13,0,0,0
suppressor_top,corrupt,to_clean,v5_qwen35_4b_118,117,16.375,0.0014807566767558455,14,0,0.0,-2.2151507437229156e-06,-17.01531410217285,0.09048080444335938,16.375,0.0014829718274995685,13,0,0,0
suppressor_top,corrupt,to_clean,v5_qwen35_4b_149,148,16.375,0.0014807566767558455,14,0,0.0,-2.2151507437229156e-06,-17.01531410217285,0.09048080444335938,16.375,0.0014829718274995685,13,0,0,0
suppressor_top,corrupt,to_clean,v5_qwen35_4b_152,151,15.1875,0.0005130685749463737,21,0,0.0,0.00010142027167603374,-16.53899574279785,0.10532951354980469,15.1875,0.00041164830327033997,21,0,0,0
suppressor_top,corrupt,to_clean,v5_qwen35_4b_156,155,15.1875,0.0005130685749463737,21,0,0.0,0.00010142027167603374,-16.53899574279785,0.10532951354980469,15.1875,0.00041164830327033997,21,0,0,0
suppressor_top,corrupt,to_clean,v5_qwen35_4b_167,166,15.1875,0.0005130685749463737,21,0,0.0,0.00010142027167603374,-16.53899574279785,0.10532951354980469,15.1875,0.00041164830327033997,21,0,0,0
suppressor_top,corrupt,to_clean,v5_qwen35_4b_172,171,15.4375,0.0005877847434021533,20,0,-0.0625,2.7810630854219198e-05,-16.64690589904785,0.10360145568847656,15.5,0.0005599741125479341,19,0,0,0
suppressor_top,corrupt,to_clean,v5_qwen35_4b_234,233,16.125,0.0012607324169948697,14,0,0.0,8.686434011906385e-05,-17.095979690551758,0.08825874328613281,16.125,0.0011738680768758059,14,0,0,0
suppressor_top,corrupt,to_clean,v5_qwen35_4b_243,242,16.375,0.0014785915846005082,14,0,0.0,-4.380242899060249e-06,-17.034074783325195,0.07172012329101562,16.375,0.0014829718274995685,13,0,0,0
suppressor_top,corrupt,to_clean,v5_qwen35_4b_251,250,16.375,0.0014785915846005082,14,0,0.0,-4.380242899060249e-06,-17.034074783325195,0.07172012329101562,16.375,0.0014829718274995685,13,0,0,0
suppressor_top,corrupt,to_clean,v5_qwen35_4b_254,253,17.5,0.009208528324961662,6,0,0.0,0.001515768002718687,-15.395200729370117,0.0704050064086914,17.5,0.007692760322242975,5,0,0,0
suppressor_top,corrupt,to_clean,v5_qwen35_4b_255,254,17.5,0.009208528324961662,6,0,0.0,0.001515768002718687,-15.395200729370117,0.0704050064086914,17.5,0.007692760322242975,5,0,0,0
suppressor_top,corrupt,to_clean,v5_qwen35_4b_264,263,17.375,0.008123309351503849,9,0,0.0,0.0013884995132684708,-15.262646675109863,0.07707595825195312,17.375,0.006734809838235378,8,0,0,0
suppressor_top,corrupt,to_clean,v5_qwen35_4b_273,272,17.375,0.008187239989638329,7,0,0.0,0.0007079560309648514,-15.377333641052246,0.06509017944335938,17.375,0.007479283958673477,6,0,0,0
suppressor_top,corrupt,to_clean,v5_qwen35_4b_290,289,17.5,0.009341873228549957,4,0,0.0,0.0008239634335041046,-15.420048713684082,0.07890892028808594,17.5,0.008517909795045853,4,0,0,0
suppressor_top,corrupt,to_clean,v5_qwen35_4b_267,266,17.5,0.0033464529551565647,8,0,0.0,0.0001959612127393484,-16.94379997253418,0.10433006286621094,17.5,0.0031504917424172163,7,0,0,0
suppressor_top,corrupt,to_clean,v5_qwen35_4b_148,147,15.625,0.00041196111124008894,16,0,0.0625,4.7490495489910245e-05,-17.96595001220703,0.09858131408691406,15.5625,0.0003644706157501787,16,0,0,0
suppressor_top,corrupt,to_clean,v5_qwen35_4b_180,179,14.5,0.0001244087325176224,35,0,0.0,9.590352419763803e-06,-18.697208404541016,0.10479736328125,14.5,0.00011481838009785861,35,0,0,0
suppressor_top,corrupt,to_clean,v5_qwen35_4b_072,71,19.125,0.04883737862110138,5,0,0.0,0.003008224070072174,-7.600511074066162,0.051471710205078125,19.125,0.045829154551029205,5,0,0,0
suppressor_top,corrupt,to_clean,v5_qwen35_4b_073,72,19.625,0.02475234493613243,5,0,0.0,0.0007136240601539612,-9.335676193237305,0.13537216186523438,19.625,0.02403872087597847,5,0,0,0
suppressor_top,corrupt,to_clean,v5_qwen35_4b_270,269,19.75,0.10570972412824631,4,0,0.125,0.011005796492099762,-6.7370381355285645,0.02996540069580078,19.625,0.09470392763614655,5,0,0,0
suppressor_top,corrupt,to_clean,v5_qwen35_4b_038,37,18.0,0.003119844477623701,10,0,0.125,0.00036126747727394104,-9.877659797668457,0.07401847839355469,17.875,0.00275857700034976,10,0,0,0
suppressor_top,corrupt,to_clean,v5_qwen35_4b_204,203,20.625,0.04898466542363167,4,0,0.0,0.0027068890631198883,-6.3238606452941895,0.13516664505004883,20.625,0.04627777636051178,4,0,0,0
suppressor_top,corrupt,to_clean,v5_qwen35_4b_007,6,16.375,0.0006645038956776261,24,0,0.125,0.00011691194958984852,-17.720827102661133,0.15979957580566406,16.25,0.0005475919460877776,24,0,0,0
suppressor_top,corrupt,to_clean,v5_qwen35_4b_014,13,16.375,0.0006645038956776261,24,0,0.125,0.00011691194958984852,-17.720827102661133,0.15979957580566406,16.25,0.0005475919460877776,24,0,0,0
suppressor_top,corrupt,to_clean,v5_qwen35_4b_018,17,16.375,0.0006645038956776261,24,0,0.125,0.00011691194958984852,-17.720827102661133,0.15979957580566406,16.25,0.0005475919460877776,24,0,0,0
suppressor_top,corrupt,to_clean,v5_qwen35_4b_020,19,16.375,0.0006645038956776261,24,0,0.125,0.00011691194958984852,-17.720827102661133,0.15979957580566406,16.25,0.0005475919460877776,24,0,0,0
suppressor_top,corrupt,to_clean,v5_qwen35_4b_021,20,16.375,0.0006645038956776261,24,0,0.125,0.00011691194958984852,-17.720827102661133,0.15979957580566406,16.25,0.0005475919460877776,24,0,0,0
suppressor_top,corrupt,to_clean,v5_qwen35_4b_024,23,16.375,0.0006645038956776261,24,0,0.125,0.00011691194958984852,-17.720827102661133,0.15979957580566406,16.25,0.0005475919460877776,24,0,0,0
suppressor_top,corrupt,to_clean,v5_qwen35_4b_025,24,16.5,0.0007553379400633276,20,0,0.0,4.678138066083193e-05,-17.7371768951416,0.1531696319580078,16.5,0.0007085565594024956,19,0,0,0
suppressor_top,corrupt,to_clean,v5_qwen35_4b_098,97,16.5,0.0008260865579359233,20,0,0.0,0.00011752999853342772,-17.723676681518555,0.1666698455810547,16.5,0.0007085565594024956,19,0,0,0
suppressor_top,corrupt,to_clean,v5_qwen35_4b_114,113,16.75,0.0010485235834494233,11,0,0.0,4.993297625333071e-05,-17.515771865844727,0.14403152465820312,16.75,0.0009985906071960926,11,0,0,0
suppressor_top,corrupt,to_clean,v5_qwen35_4b_128,127,16.75,0.0010485235834494233,11,0,0.0,4.993297625333071e-05,-17.515771865844727,0.14403152465820312,16.75,0.0009985906071960926,11,0,0,0
suppressor_top,corrupt,to_clean,v5_qwen35_4b_131,130,16.75,0.0010485235834494233,11,0,0.0,4.993297625333071e-05,-17.515771865844727,0.14403152465820312,16.75,0.0009985906071960926,11,0,0,0
suppressor_top,corrupt,to_clean,v5_qwen35_4b_135,134,16.75,0.0010485235834494233,11,0,0.0,4.993297625333071e-05,-17.515771865844727,0.14403152465820312,16.75,0.0009985906071960926,11,0,0,0
suppressor_top,corrupt,to_clean,v5_qwen35_4b_136,135,16.75,0.0010485235834494233,11,0,0.0,4.993297625333071e-05,-17.515771865844727,0.14403152465820312,16.75,0.0009985906071960926,11,0,0,0
suppressor_top,corrupt,to_clean,v5_qwen35_4b_144,143,16.75,0.0010485235834494233,11,0,0.0,4.993297625333071e-05,-17.515771865844727,0.14403152465820312,16.75,0.0009985906071960926,11,0,0,0
suppressor_top,corrupt,to_clean,v5_qwen35_4b_145,144,16.75,0.0010485235834494233,11,0,0.0,4.993297625333071e-05,-17.515771865844727,0.14403152465820312,16.75,0.0009985906071960926,11,0,0,0
suppressor_top,corrupt,to_clean,v5_qwen35_4b_160,159,16.5,0.0008261562325060368,20,0,0.0,0.00011759967310354114,-17.72919464111328,0.16115188598632812,16.5,0.0007085565594024956,19,0,0,0
suppressor_top,corrupt,to_clean,v5_qwen35_4b_164,163,16.5,0.0008261562325060368,20,0,0.0,0.00011759967310354114,-17.72919464111328,0.16115188598632812,16.5,0.0007085565594024956,19,0,0,0
suppressor_top,corrupt,to_clean,v5_qwen35_4b_169,168,16.5,0.0008261562325060368,20,0,0.0,0.00011759967310354114,-17.72919464111328,0.16115188598632812,16.5,0.0007085565594024956,19,0,0,0
suppressor_top,corrupt,to_clean,v5_qwen35_4b_174,173,16.5,0.0008261562325060368,20,0,0.0,0.00011759967310354114,-17.72919464111328,0.16115188598632812,16.5,0.0007085565594024956,19,0,0,0
suppressor_top,corrupt,to_clean,v5_qwen35_4b_187,186,16.5,0.0008261562325060368,20,0,0.0,0.00011759967310354114,-17.72919464111328,0.16115188598632812,16.5,0.0007085565594024956,19,0,0,0
suppressor_top,corrupt,to_clean,v5_qwen35_4b_188,187,16.5,0.0008261562325060368,20,0,0.0,0.00011759967310354114,-17.72919464111328,0.16115188598632812,16.5,0.0007085565594024956,19,0,0,0
suppressor_top,corrupt,to_clean,v5_qwen35_4b_213,212,18.125,0.007964699529111385,8,0,0.125,0.0012767878361046314,-15.950312614440918,0.13715648651123047,18.0,0.006687911693006754,7,0,0,0
suppressor_top,corrupt,to_clean,v5_qwen35_4b_214,213,18.125,0.007964699529111385,8,0,0.125,0.0012767878361046314,-15.950312614440918,0.13715648651123047,18.0,0.006687911693006754,7,0,0,0
suppressor_top,corrupt,to_clean,v5_qwen35_4b_216,215,18.125,0.007964699529111385,8,0,0.125,0.0012767878361046314,-15.950312614440918,0.13715648651123047,18.0,0.006687911693006754,7,0,0,0
suppressor_top,corrupt,to_clean,v5_qwen35_4b_222,221,18.125,0.007964699529111385,8,0,0.125,0.0012767878361046314,-15.950312614440918,0.13715648651123047,18.0,0.006687911693006754,7,0,0,0
suppressor_top,corrupt,to_clean,v5_qwen35_4b_224,223,18.125,0.007964699529111385,8,0,0.125,0.0012767878361046314,-15.950312614440918,0.13715648651123047,18.0,0.006687911693006754,7,0,0,0
suppressor_top,corrupt,to_clean,v5_qwen35_4b_239,238,16.75,0.0010483211372047663,11,0,0.0,4.973053000867367e-05,-17.50699234008789,0.15281105041503906,16.75,0.0009985906071960926,11,0,0,0
suppressor_top,corrupt,to_clean,v5_qwen35_4b_241,240,16.75,0.0010483211372047663,11,0,0.0,4.973053000867367e-05,-17.50699234008789,0.15281105041503906,16.75,0.0009985906071960926,11,0,0,0
suppressor_top,corrupt,to_clean,v5_qwen35_4b_256,255,18.125,0.00795295275747776,8,0,0.125,0.0012650410644710064,-15.941245079040527,0.1462240219116211,18.0,0.006687911693006754,7,0,0,0
suppressor_top,corrupt,to_clean,v5_qwen35_4b_269,268,18.125,0.00795295275747776,8,0,0.125,0.0012650410644710064,-15.941245079040527,0.1462240219116211,18.0,0.006687911693006754,7,0,0,0
suppressor_top,corrupt,to_clean,v5_qwen35_4b_276,275,18.0,0.007254555821418762,8,0,0.0,0.00035838689655065536,-16.001577377319336,0.15269088745117188,18.0,0.006896168924868107,7,0,0,0
suppressor_top,corrupt,to_clean,v5_qwen35_4b_277,276,18.0,0.007254555821418762,8,0,0.0,0.00035838689655065536,-16.001577377319336,0.15269088745117188,18.0,0.006896168924868107,7,0,0,0
suppressor_top,corrupt,to_clean,v5_qwen35_4b_280,279,18.0,0.007254555821418762,8,0,0.0,0.00035838689655065536,-16.001577377319336,0.15269088745117188,18.0,0.006896168924868107,7,0,0,0
suppressor_top,corrupt,to_clean,v5_qwen35_4b_284,283,18.0,0.007254555821418762,8,0,0.0,0.00035838689655065536,-16.001577377319336,0.15269088745117188,18.0,0.006896168924868107,7,0,0,0
suppressor_top,corrupt,to_clean,v5_qwen35_4b_288,287,18.0,0.007254555821418762,8,0,0.0,0.00035838689655065536,-16.001577377319336,0.15269088745117188,18.0,0.006896168924868107,7,0,0,0
suppressor_top,corrupt,to_clean,v5_qwen35_4b_292,291,18.0,0.007254555821418762,8,0,0.0,0.00035838689655065536,-16.001577377319336,0.15269088745117188,18.0,0.006896168924868107,7,0,0,0
suppressor_top,corrupt,to_clean,v5_qwen35_4b_294,293,18.0,0.007254555821418762,8,0,0.0,0.00035838689655065536,-16.001577377319336,0.15269088745117188,18.0,0.006896168924868107,7,0,0,0
suppressor_top,corrupt,to_clean,v5_qwen35_4b_002,1,16.125,0.0005944153526797891,26,0,0.0,4.555640043690801e-05,-17.954084396362305,0.14873886108398438,16.125,0.0005488589522428811,26,0,0,0
suppressor_top,corrupt,to_clean,v5_qwen35_4b_012,11,16.25,0.0006610662676393986,25,0,0.0,4.44300239905715e-05,-17.923145294189453,0.16165542602539062,16.25,0.0006166362436488271,23,0,0,0
suppressor_top,corrupt,to_clean,v5_qwen35_4b_015,14,16.25,0.0006610662676393986,25,0,0.0,4.44300239905715e-05,-17.923145294189453,0.16165542602539062,16.25,0.0006166362436488271,23,0,0,0
suppressor_top,corrupt,to_clean,v5_qwen35_4b_037,36,16.75,0.0011026347056031227,12,0,0.0,5.8298115618526936e-05,-17.616222381591797,0.14133071899414062,16.75,0.0010443365899845958,12,0,0,0
suppressor_top,corrupt,to_clean,v5_qwen35_4b_042,41,16.75,0.0011026347056031227,12,0,0.0,5.8298115618526936e-05,-17.616222381591797,0.14133071899414062,16.75,0.0010443365899845958,12,0,0,0
suppressor_top,corrupt,to_clean,v5_qwen35_4b_044,43,16.75,0.0011026347056031227,12,0,0.0,5.8298115618526936e-05,-17.616222381591797,0.14133071899414062,16.75,0.0010443365899845958,12,0,0,0
suppressor_top,corrupt,to_clean,v5_qwen35_4b_115,114,16.875,0.00115884467959404,12,0,0.125,0.00011450808960944414,-17.606746673583984,0.15080642700195312,16.75,0.0010443365899845958,12,0,0,0
suppressor_top,corrupt,to_clean,v5_qwen35_4b_126,125,16.875,0.00115884467959404,12,0,0.125,0.00011450808960944414,-17.606746673583984,0.15080642700195312,16.75,0.0010443365899845958,12,0,0,0
suppressor_top,corrupt,to_clean,v5_qwen35_4b_127,126,16.875,0.00115884467959404,12,0,0.125,0.00011450808960944414,-17.606746673583984,0.15080642700195312,16.75,0.0010443365899845958,12,0,0,0
suppressor_top,corrupt,to_clean,v5_qwen35_4b_134,133,16.875,0.00115884467959404,12,0,0.125,0.00011450808960944414,-17.606746673583984,0.15080642700195312,16.75,0.0010443365899845958,12,0,0,0
suppressor_top,corrupt,to_clean,v5_qwen35_4b_140,139,16.875,0.00115884467959404,12,0,0.125,0.00011450808960944414,-17.606746673583984,0.15080642700195312,16.75,0.0010443365899845958,12,0,0,0
suppressor_top,corrupt,to_clean,v5_qwen35_4b_142,141,16.875,0.00115884467959404,12,0,0.125,0.00011450808960944414,-17.606746673583984,0.15080642700195312,16.75,0.0010443365899845958,12,0,0,0
suppressor_top,corrupt,to_clean,v5_qwen35_4b_146,145,16.875,0.00115884467959404,12,0,0.125,0.00011450808960944414,-17.606746673583984,0.15080642700195312,16.75,0.0010443365899845958,12,0,0,0
suppressor_top,corrupt,to_clean,v5_qwen35_4b_150,149,16.875,0.00115884467959404,12,0,0.125,0.00011450808960944414,-17.606746673583984,0.15080642700195312,16.75,0.0010443365899845958,12,0,0,0
suppressor_top,corrupt,to_clean,v5_qwen35_4b_168,167,16.25,0.0006608595722354949,25,0,0.0,4.4223328586667776e-05,-17.92254066467285,0.1622600555419922,16.25,0.0006166362436488271,23,0,0,0
suppressor_top,corrupt,to_clean,v5_qwen35_4b_179,178,16.25,0.0006608595722354949,25,0,0.0,4.4223328586667776e-05,-17.92254066467285,0.1622600555419922,16.25,0.0006166362436488271,23,0,0,0
suppressor_top,corrupt,to_clean,v5_qwen35_4b_183,182,16.25,0.0006608595722354949,25,0,0.0,4.4223328586667776e-05,-17.92254066467285,0.1622600555419922,16.25,0.0006166362436488271,23,0,0,0
suppressor_top,corrupt,to_clean,v5_qwen35_4b_185,184,16.25,0.0006608595722354949,25,0,0.0,4.4223328586667776e-05,-17.92254066467285,0.1622600555419922,16.25,0.0006166362436488271,23,0,0,0
suppressor_top,corrupt,to_clean,v5_qwen35_4b_186,185,16.25,0.0006608595722354949,25,0,0.0,4.4223328586667776e-05,-17.92254066467285,0.1622600555419922,16.25,0.0006166362436488271,23,0,0,0
suppressor_top,corrupt,to_clean,v5_qwen35_4b_242,241,16.875,0.0011534354416653514,12,0,0.125,0.00010909885168075562,-17.60464096069336,0.15291213989257812,16.75,0.0010443365899845958,12,0,0,0
suppressor_top,corrupt,to_clean,v5_qwen35_4b_249,248,16.875,0.0011534354416653514,12,0,0.125,0.00010909885168075562,-17.60464096069336,0.15291213989257812,16.75,0.0010443365899845958,12,0,0,0
suppressor_top,corrupt,to_clean,v5_qwen35_4b_282,281,17.875,0.005928902421146631,8,0,0.0,0.00028377072885632515,-16.286365509033203,0.1497631072998047,17.875,0.005645131692290306,8,0,0,0
suppressor_top,corrupt,to_clean,v5_qwen35_4b_286,285,17.875,0.005928902421146631,8,0,0.0,0.00028377072885632515,-16.286365509033203,0.1497631072998047,17.875,0.005645131692290306,8,0,0,0
suppressor_top,corrupt,to_clean,v5_qwen35_4b_295,294,17.875,0.005928902421146631,8,0,0.0,0.00028377072885632515,-16.286365509033203,0.1497631072998047,17.875,0.005645131692290306,8,0,0,0
suppressor_top,corrupt,to_clean,v5_qwen35_4b_299,298,17.875,0.005928902421146631,8,0,0.0,0.00028377072885632515,-16.286365509033203,0.1497631072998047,17.875,0.005645131692290306,8,0,0,0
suppressor_top,corrupt,to_clean,v5_qwen35_4b_008,7,14.5,0.000355479191057384,45,0,0.0,2.4160806788131595e-05,-17.79442024230957,0.09969520568847656,14.5,0.0003313183842692524,43,0,0,0
suppressor_top,corrupt,to_clean,v5_qwen35_4b_122,121,15.0,0.000425032339990139,26,0,0.0,2.341042272746563e-05,-18.842636108398438,0.09368324279785156,15.0,0.0004016219172626734,26,0,0,0
suppressor_top,corrupt,to_clean,v5_qwen35_4b_158,157,14.5625,0.00036282677319832146,43,0,0.0,2.672694972716272e-05,-18.080068588256836,0.10419082641601562,14.5625,0.00033609982347115874,42,0,0,0
suppressor_top,corrupt,to_clean,v5_qwen35_4b_265,264,17.0,0.005005489103496075,6,0,0.125,0.0009305160492658615,-17.057430267333984,0.07431793212890625,16.875,0.004074973054230213,8,0,0,0
suppressor_top,corrupt,to_clean,v5_qwen35_4b_003,2,15.5,0.00064907839987427,34,0,-0.0625,7.410766556859016e-06,-18.252086639404297,0.15566062927246094,15.5625,0.000641667633317411,31,0,0,0
suppressor_top,corrupt,to_clean,v5_qwen35_4b_011,10,15.5,0.0006815206725150347,33,0,-0.0625,7.420632755383849e-05,-18.317228317260742,0.15331077575683594,15.5625,0.0006073143449611962,29,0,0,0
suppressor_top,corrupt,to_clean,v5_qwen35_4b_033,32,16.25,0.001578726340085268,18,0,0.0,9.670748841017485e-05,-18.30304527282715,0.13808822631835938,16.25,0.0014820188516750932,18,0,0,0
suppressor_top,corrupt,to_clean,v5_qwen35_4b_048,47,16.25,0.001578726340085268,18,0,0.0,9.670748841017485e-05,-18.30304527282715,0.13808822631835938,16.25,0.0014820188516750932,18,0,0,0
suppressor_top,corrupt,to_clean,v5_qwen35_4b_070,69,17.5,0.00947537925094366,6,0,0.0,0.00063369981944561,-16.652706146240234,0.13639259338378906,17.5,0.00884167943149805,5,0,0,0
suppressor_top,corrupt,to_clean,v5_qwen35_4b_124,123,16.375,0.0019291604403406382,17,0,0.0,0.00010419380851089954,-18.219512939453125,0.13544273376464844,16.375,0.0018249666318297386,15,0,0,0
suppressor_top,corrupt,to_clean,v5_qwen35_4b_125,124,16.375,0.0016844369238242507,18,0,0.0,0.00011400866787880659,-18.19211196899414,0.12018394470214844,16.375,0.001570428255945444,18,0,0,0
suppressor_top,corrupt,to_clean,v5_qwen35_4b_139,138,16.375,0.0016844369238242507,18,0,0.0,0.00011400866787880659,-18.19211196899414,0.12018394470214844,16.375,0.001570428255945444,18,0,0,0
suppressor_top,corrupt,to_clean,v5_qwen35_4b_203,202,17.625,0.010015997104346752,9,0,0.0,0.0006836866959929466,-16.5172061920166,0.13260459899902344,17.625,0.009332310408353806,6,0,0,0
suppressor_top,corrupt,to_clean,v5_qwen35_4b_206,205,17.5,0.009430818259716034,7,0,0.0,0.0005891388282179832,-16.661235809326172,0.12786293029785156,17.5,0.00884167943149805,5,0,0,0
suppressor_top,corrupt,to_clean,v5_qwen35_4b_212,211,17.625,0.010015997104346752,9,0,0.0,0.0006836866959929466,-16.5172061920166,0.13260459899902344,17.625,0.009332310408353806,6,0,0,0
suppressor_top,corrupt,to_clean,v5_qwen35_4b_228,227,16.375,0.0019369180081412196,17,0,0.0,0.000111951376311481,-18.24245262145996,0.1125030517578125,16.375,0.0018249666318297386,15,0,0,0
suppressor_top,corrupt,to_clean,v5_qwen35_4b_230,229,16.375,0.0019369180081412196,17,0,0.0,0.000111951376311481,-18.24245262145996,0.1125030517578125,16.375,0.0018249666318297386,15,0,0,0
suppressor_top,corrupt,to_clean,v5_qwen35_4b_231,230,16.375,0.0019369180081412196,17,0,0.0,0.000111951376311481,-18.24245262145996,0.1125030517578125,16.375,0.0018249666318297386,15,0,0,0
suppressor_top,corrupt,to_clean,v5_qwen35_4b_236,235,16.375,0.0019369180081412196,17,0,0.0,0.000111951376311481,-18.24245262145996,0.1125030517578125,16.375,0.0018249666318297386,15,0,0,0
suppressor_top,corrupt,to_clean,v5_qwen35_4b_237,236,16.375,0.0019369180081412196,17,0,0.0,0.000111951376311481,-18.24245262145996,0.1125030517578125,16.375,0.0018249666318297386,15,0,0,0
suppressor_top,corrupt,to_clean,v5_qwen35_4b_238,237,16.375,0.0016298895934596658,18,0,0.0,5.946133751422167e-05,-18.219297409057617,0.09299850463867188,16.375,0.001570428255945444,18,0,0,0
suppressor_top,corrupt,to_clean,v5_qwen35_4b_247,246,16.375,0.0019369180081412196,17,0,0.0,0.000111951376311481,-18.24245262145996,0.1125030517578125,16.375,0.0018249666318297386,15,0,0,0
suppressor_top,corrupt,to_clean,v5_qwen35_4b_257,256,17.625,0.01068741362541914,5,0,0.125,0.0018457341939210892,-16.674591064453125,0.11450767517089844,17.5,0.00884167943149805,5,0,0,0
suppressor_top,corrupt,to_clean,v5_qwen35_4b_291,290,17.625,0.01068741362541914,5,0,0.125,0.0018457341939210892,-16.674591064453125,0.11450767517089844,17.5,0.00884167943149805,5,0,0,0
suppressor_top,corrupt,to_clean,v5_qwen35_4b_005,4,15.4375,0.0007029174594208598,33,0,-0.0625,8.615723345428705e-06,-18.244476318359375,0.16431045532226562,15.5,0.0006943017360754311,29,0,0,0
suppressor_top,corrupt,to_clean,v5_qwen35_4b_013,12,15.5,0.000765459903050214,31,0,-0.0625,8.952361531555653e-05,-18.333982467651367,0.152435302734375,15.5625,0.0006759362877346575,27,0,0,0
suppressor_top,corrupt,to_clean,v5_qwen35_4b_026,25,16.375,0.001961966510862112,17,0,0.0,0.0001420635962858796,-18.23152732849121,0.1434154510498047,16.375,0.0018199029145762324,17,0,0,0
suppressor_top,corrupt,to_clean,v5_qwen35_4b_041,40,16.375,0.0019352477975189686,19,0,0.0,0.00010487181134521961,-18.335359573364258,0.1311779022216797,16.375,0.001830375986173749,19,0,0,0
suppressor_top,corrupt,to_clean,v5_qwen35_4b_045,44,16.375,0.0019352477975189686,19,0,0.0,0.00010487181134521961,-18.335359573364258,0.1311779022216797,16.375,0.001830375986173749,19,0,0,0
suppressor_top,corrupt,to_clean,v5_qwen35_4b_049,48,16.375,0.001961966510862112,17,0,0.0,0.0001420635962858796,-18.23152732849121,0.1434154510498047,16.375,0.0018199029145762324,17,0,0,0
suppressor_top,corrupt,to_clean,v5_qwen35_4b_117,116,16.375,0.001956156687811017,17,0,0.0,0.0001362537732347846,-18.230602264404297,0.14434051513671875,16.375,0.0018199029145762324,17,0,0,0
suppressor_top,corrupt,to_clean,v5_qwen35_4b_137,136,16.375,0.001956156687811017,17,0,0.0,0.0001362537732347846,-18.230602264404297,0.14434051513671875,16.375,0.0018199029145762324,17,0,0,0
suppressor_top,corrupt,to_clean,v5_qwen35_4b_141,140,16.375,0.0020904643461108208,19,0,0.0,0.0002600883599370718,-18.335987091064453,0.13055038452148438,16.375,0.001830375986173749,19,0,0,0
suppressor_top,corrupt,to_clean,v5_qwen35_4b_157,156,15.5,0.0007565232808701694,31,0,-0.0625,8.058699313551188e-05,-18.333147048950195,0.15327072143554688,15.5625,0.0006759362877346575,27,0,0,0
suppressor_top,corrupt,to_clean,v5_qwen35_4b_227,226,16.375,0.0019574754405766726,17,0,0.0,0.00013757252600044012,-18.262544631958008,0.11239814758300781,16.375,0.0018199029145762324,17,0,0,0
suppressor_top,corrupt,to_clean,v5_qwen35_4b_233,232,16.25,0.001712579163722694,19,0,-0.125,-0.00011779682245105505,-18.368621826171875,0.0979156494140625,16.375,0.001830375986173749,19,0,0,0
suppressor_top,corrupt,to_clean,v5_qwen35_4b_235,234,16.375,0.0019574754405766726,17,0,0.0,0.00013757252600044012,-18.262544631958008,0.11239814758300781,16.375,0.0018199029145762324,17,0,0,0
suppressor_top,corrupt,to_clean,v5_qwen35_4b_248,247,16.375,0.0019574754405766726,17,0,0.0,0.00013757252600044012,-18.262544631958008,0.11239814758300781,16.375,0.0018199029145762324,17,0,0,0
suppressor_top,corrupt,to_clean,v5_qwen35_4b_250,249,16.375,0.0019574754405766726,17,0,0.0,0.00013757252600044012,-18.262544631958008,0.11239814758300781,16.375,0.0018199029145762324,17,0,0,0
suppressor_top,corrupt,to_clean,v5_qwen35_4b_261,260,17.625,0.011549955233931541,6,0,0.0,0.0006810193881392479,-16.456811904907227,0.10994720458984375,17.625,0.010868935845792294,6,0,0,0
suppressor_top,corrupt,to_clean,v5_qwen35_4b_274,273,17.5,0.009278534911572933,9,0,0.0,0.0012174462899565697,-16.742856979370117,0.10525894165039062,17.5,0.008061088621616364,5,0,0,0
suppressor_top,corrupt,to_clean,v5_qwen35_4b_298,297,17.5,0.010233111679553986,7,0,0.0,0.001513741910457611,-16.760723114013672,0.10806083679199219,17.5,0.008719369769096375,6,0,0,0
suppressor_top,corrupt,to_clean,v5_qwen35_4b_202,201,20.375,0.10157932341098785,2,0,0.0,0.007035449147224426,-6.6489362716674805,0.1136322021484375,20.375,0.09454387426376343,2,0,0,0
suppressor_top,corrupt,to_clean,v5_qwen35_4b_221,220,19.375,0.017792966216802597,5,0,-0.125,-0.0016178954392671585,-4.160506725311279,0.12845230102539062,19.5,0.019410861656069756,5,0,0,0
suppressor_top,corrupt,to_clean,v5_qwen35_4b_051,50,19.125,0.029575515538454056,5,0,0.0,0.0019198935478925705,-7.22323751449585,0.09673547744750977,19.125,0.027655621990561485,5,0,0,0
suppressor_top,corrupt,to_clean,v5_qwen35_4b_278,277,19.375,0.03456636518239975,5,0,0.0,-0.00046034902334213257,-6.998719692230225,0.09192085266113281,19.375,0.03502671420574188,5,0,0,0
suppressor_top,corrupt,to_clean,v5_qwen35_4b_062,61,19.5,0.03895663097500801,5,0,0.0,0.0022504031658172607,-7.137747287750244,0.10873746871948242,19.5,0.03670622780919075,5,0,0,0
suppressor_top,corrupt,to_clean,v5_qwen35_4b_068,67,19.5,0.03895663097500801,5,0,0.0,0.0022504031658172607,-7.137747287750244,0.10873746871948242,19.5,0.03670622780919075,5,0,0,0
suppressor_top,corrupt,to_clean,v5_qwen35_4b_209,208,19.375,0.034371212124824524,5,0,-0.125,-0.0022397078573703766,-7.186384677886963,0.09462118148803711,19.5,0.0366109199821949,5,0,0,0
suppressor_top,corrupt,to_clean,v5_qwen35_4b_220,219,19.375,0.034371212124824524,5,0,-0.125,-0.0022397078573703766,-7.186384677886963,0.09462118148803711,19.5,0.0366109199821949,5,0,0,0
suppressor_top,corrupt,to_clean,v5_qwen35_4b_225,224,19.375,0.034371212124824524,5,0,-0.125,-0.0022397078573703766,-7.186384677886963,0.09462118148803711,19.5,0.0366109199821949,5,0,0,0
suppressor_top,corrupt,to_clean,v5_qwen35_4b_300,299,19.625,0.041097935289144516,5,0,0.0,0.0021530911326408386,-7.094123363494873,0.09799575805664062,19.625,0.03894484415650368,5,0,0,0
suppressor_top,corrupt,to_clean,v5_qwen35_4b_293,292,19.375,0.027385573834180832,4,0,0.0,-5.661323666572571e-05,-8.16606330871582,0.06525707244873047,19.375,0.027442187070846558,4,0,0,0
suppressor_top,corrupt,to_clean,v5_qwen35_4b_066,65,19.25,0.031693700700998306,5,0,-0.125,-0.0021305084228515625,-7.676846981048584,0.10374736785888672,19.375,0.03382420912384987,5,0,0,0
suppressor_top,corrupt,to_clean,v5_qwen35_4b_197,196,19.375,0.029671069234609604,7,0,0.0,-0.0003107115626335144,-6.316912651062012,0.08888387680053711,19.375,0.02998178079724312,7,0,0,0
suppressor_top,corrupt,to_clean,v5_qwen35_4b_074,73,19.5,0.035275936126708984,5,0,-0.125,-0.0020905733108520508,-7.273106575012207,0.11059331893920898,19.625,0.037366509437561035,5,0,0,0
suppressor_top,corrupt,to_clean,v5_qwen35_4b_189,188,19.125,0.0149333281442523,7,0,0.0,0.00020173843950033188,-6.324338436126709,0.09684181213378906,19.125,0.014731589704751968,7,0,0,0
suppressor_top,corrupt,to_clean,v5_qwen35_4b_223,222,19.625,0.04565996304154396,5,0,0.0,0.00330502912402153,-7.190390110015869,0.11703872680664062,19.625,0.04235493391752243,5,0,0,0
suppressor_top,corrupt,to_clean,v5_qwen35_4b_266,265,19.5,0.041515398770570755,5,0,0.0,0.001559615135192871,-7.150503635406494,0.09333086013793945,19.5,0.039955783635377884,5,0,0,0
suppressor_top,corrupt,to_clean,v5_qwen35_4b_287,286,19.625,0.04468594491481781,5,0,0.0,0.0023310109972953796,-7.208520889282227,0.0989079475402832,19.625,0.04235493391752243,5,0,0,0
suppressor_top,corrupt,to_clean,v5_qwen35_4b_058,57,19.625,0.03686581924557686,5,0,0.0,0.0026595667004585266,-8.358407020568848,0.10174751281738281,19.625,0.03420625254511833,5,0,0,0
suppressor_top,corrupt,to_clean,v5_qwen35_4b_060,59,19.5,0.040500663220882416,5,0,0.0,0.003766283392906189,-7.058438301086426,0.11078310012817383,19.5,0.03673437982797623,5,0,0,0
suppressor_top,corrupt,to_clean,v5_qwen35_4b_201,200,19.625,0.04338102042675018,5,0,0.0,0.0024844110012054443,-7.315309047698975,0.1027989387512207,19.625,0.04089660942554474,5,0,0,0
suppressor_top,corrupt,to_clean,v5_qwen35_4b_217,216,19.5,0.036690011620521545,5,0,0.0,0.0008983686566352844,-7.172430038452148,0.09839296340942383,19.5,0.03579164296388626,5,0,0,0
suppressor_top,corrupt,to_clean,v5_qwen35_4b_218,217,19.625,0.04269738495349884,5,0,0.0,0.004887167364358902,-7.36976957321167,0.10560750961303711,19.625,0.03781021758913994,5,0,0,0
suppressor_top,corrupt,to_clean,v5_qwen35_4b_275,274,19.625,0.04025287926197052,5,0,0.0,0.0024426616728305817,-7.385537624359131,0.08983945846557617,19.625,0.03781021758913994,5,0,0,0
suppressor_top,corrupt,to_clean,v5_qwen35_4b_297,296,19.75,0.04873129725456238,5,0,0.0,0.0024446025490760803,-7.316500186920166,0.1106715202331543,19.75,0.0462866947054863,5,0,0,0
suppressor_top,corrupt,to_clean,v5_qwen35_4b_050,49,19.5,0.0399777777493,5,0,-0.125,-0.0023639164865016937,-7.332709789276123,0.1060791015625,19.625,0.0423416942358017,5,0,0,0
suppressor_top,corrupt,to_clean,v5_qwen35_4b_063,62,19.5,0.0399777777493,5,0,-0.125,-0.0023639164865016937,-7.332709789276123,0.1060791015625,19.625,0.0423416942358017,5,0,0,0
suppressor_top,corrupt,to_clean,v5_qwen35_4b_067,66,19.5,0.0399777777493,5,0,-0.125,-0.0023639164865016937,-7.332709789276123,0.1060791015625,19.625,0.0423416942358017,5,0,0,0
suppressor_top,corrupt,to_clean,v5_qwen35_4b_075,74,19.5,0.0399777777493,5,0,-0.125,-0.0023639164865016937,-7.332709789276123,0.1060791015625,19.625,0.0423416942358017,5,0,0,0
suppressor_top,corrupt,to_clean,v5_qwen35_4b_198,197,19.75,0.04412957280874252,5,0,-0.125,-0.00364057719707489,-5.707547187805176,0.09097623825073242,19.875,0.04777015000581741,5,0,0,0
suppressor_top,corrupt,to_clean,v5_qwen35_4b_219,218,19.625,0.044968198984861374,5,0,0.0,0.0025871507823467255,-7.119181156158447,0.11035728454589844,19.625,0.04238104820251465,5,0,0,0
suppressor_top,corrupt,to_clean,v5_qwen35_4b_253,252,19.625,0.044956889003515244,5,0,0.0,0.002575840801000595,-7.131938934326172,0.09759950637817383,19.625,0.04238104820251465,5,0,0,0
suppressor_top,corrupt,to_clean,v5_qwen35_4b_200,199,19.75,0.04954712092876434,5,0,0.0,0.0023357756435871124,-6.011769771575928,0.12365102767944336,19.75,0.04721134528517723,5,0,0,0
suppressor_top,corrupt,to_clean,v5_qwen35_4b_031,30,19.25,0.023548586294054985,7,0,0.0,0.0007479228079319,-6.863873481750488,0.09727048873901367,19.25,0.022800663486123085,7,0,0,0
suppressor_top,corrupt,to_clean,v5_qwen35_4b_163,162,19.75,0.042297810316085815,6,0,0.0,0.002000320702791214,-3.910391330718994,0.08724308013916016,19.75,0.0402974896132946,6,0,0,0
suppressor_top,corrupt,to_clean,v5_qwen35_4b_184,183,20.0,0.05110689997673035,5,0,0.0,0.0003538839519023895,-2.076049327850342,0.07802343368530273,20.0,0.05075301602482796,5,0,0,0
suppressor_top,corrupt,to_clean,v5_qwen35_4b_191,190,19.25,0.023209821432828903,7,0,0.0,0.0004091579467058182,-6.861857891082764,0.09928607940673828,19.25,0.022800663486123085,7,0,0,0
suppressor_top,corrupt,to_clean,v5_qwen35_4b_192,191,19.25,0.023209821432828903,7,0,0.0,0.0004091579467058182,-6.861857891082764,0.09928607940673828,19.25,0.022800663486123085,7,0,0,0
suppressor_top,corrupt,to_clean,v5_qwen35_4b_022,21,19.625,0.03563597425818443,6,0,0.0,-0.0007849186658859253,-3.9020283222198486,0.09047079086303711,19.625,0.03642089292407036,6,0,0,0
suppressor_top,corrupt,to_clean,v5_qwen35_4b_034,33,19.375,0.02153942547738552,7,0,0.0,-8.461065590381622e-05,-6.237539291381836,0.0959620475769043,19.375,0.021624036133289337,7,0,0,0
suppressor_top,corrupt,to_clean,v5_qwen35_4b_061,60,19.875,0.0406784750521183,4,0,0.125,0.00676804780960083,-8.744887351989746,0.10785961151123047,19.75,0.03391042724251747,4,0,0,0
suppressor_top,corrupt,to_clean,v5_qwen35_4b_069,68,19.875,0.03590664267539978,4,0,0.0,0.00228099524974823,-8.831233024597168,0.10750198364257812,19.875,0.03362564742565155,4,0,0,0
suppressor_top,corrupt,to_clean,v5_qwen35_4b_162,161,19.5,0.03163269907236099,6,0,-0.125,-0.004788193851709366,-3.9022607803344727,0.09023833274841309,19.625,0.03642089292407036,6,0,0,0
suppressor_top,corrupt,to_clean,v5_qwen35_4b_165,164,19.5,0.02699173055589199,7,0,-0.125,-0.00364774651825428,-3.7867469787597656,0.08620238304138184,19.625,0.03063947707414627,7,0,0,0
suppressor_top,corrupt,to_clean,v5_qwen35_4b_176,175,19.5,0.03163269907236099,6,0,-0.125,-0.004788193851709366,-3.9022607803344727,0.09023833274841309,19.625,0.03642089292407036,6,0,0,0
suppressor_top,corrupt,to_clean,v5_qwen35_4b_177,176,19.5,0.03163269907236099,6,0,-0.125,-0.004788193851709366,-3.9022607803344727,0.09023833274841309,19.625,0.03642089292407036,6,0,0,0
suppressor_top,corrupt,to_clean,v5_qwen35_4b_211,210,19.75,0.03652073070406914,4,0,0.0,0.002674803137779236,-8.773740768432617,0.09918785095214844,19.75,0.0338459275662899,4,0,0,0
suppressor_top,corrupt,to_clean,v5_qwen35_4b_246,245,19.375,0.027354193851351738,7,0,0.0,0.0011965390294790268,-6.788339138031006,0.07600116729736328,19.375,0.02615765482187271,7,0,0,0
suppressor_top,corrupt,to_clean,v5_qwen35_4b_268,267,19.75,0.03652997314929962,4,0,0.0,0.00268404558300972,-8.801798820495605,0.07112979888916016,19.75,0.0338459275662899,4,0,0,0
suppressor_top,corrupt,to_clean,v5_qwen35_4b_032,31,19.375,0.02430019900202751,7,0,-0.125,-0.002615921199321747,-5.578833103179932,0.09785699844360352,19.5,0.02691612020134926,7,0,0,0
suppressor_top,corrupt,to_clean,v5_qwen35_4b_194,193,19.25,0.02019023708999157,8,0,-0.125,-0.0038462020456790924,-6.219065189361572,0.09099864959716797,19.375,0.024036439135670662,7,0,0,0
suppressor_top,corrupt,to_clean,v5_qwen35_4b_195,194,19.375,0.023200087249279022,7,0,0.0,0.0007478371262550354,-5.806903839111328,0.09145116806030273,19.375,0.022452250123023987,7,0,0,0
suppressor_top,corrupt,to_clean,v5_qwen35_4b_019,18,19.25,0.01969027705490589,7,0,0.0,-0.00031373463571071625,-3.7689309120178223,0.07747983932495117,19.25,0.020004011690616608,7,0,0,0
suppressor_top,corrupt,to_clean,v5_qwen35_4b_056,55,19.25,0.01891298219561577,6,0,0.0,0.0010875854641199112,-8.724486351013184,0.10787582397460938,19.25,0.017825396731495857,6,0,0,0
suppressor_top,corrupt,to_clean,v5_qwen35_4b_057,56,19.375,0.02110278233885765,6,0,0.0,0.0013798270374536514,-8.67522144317627,0.1093759536743164,19.375,0.019722955301404,6,0,0,0
suppressor_top,corrupt,to_clean,v5_qwen35_4b_190,189,19.25,0.022076677531003952,7,0,-0.125,-0.0027677398175001144,-5.251298904418945,0.08235549926757812,19.375,0.024844417348504066,7,0,0,0
suppressor_top,corrupt,to_clean,v5_qwen35_4b_199,198,19.375,0.022151250392198563,7,0,0.0,-0.0004612728953361511,-5.586263179779053,0.10083484649658203,19.375,0.022612523287534714,7,0,0,0
suppressor_top,corrupt,to_clean,v5_qwen35_4b_240,239,19.25,0.022332021966576576,7,0,-0.125,-0.0025123953819274902,-5.256150722503662,0.07750368118286133,19.375,0.024844417348504066,7,0,0,0
suppressor_top,corrupt,to_clean,v5_qwen35_4b_279,278,19.25,0.019169887527823448,6,0,0.0,0.0013711564242839813,-8.707931518554688,0.07045650482177734,19.25,0.017798731103539467,6,0,0,0
suppressor_top,corrupt,to_clean,v5_qwen35_4b_173,172,19.125,0.01641455478966236,7,0,-0.125,-0.003061305731534958,-3.81207013130188,0.08258295059204102,19.25,0.01947586052119732,7,0,0,0
suppressor_top,corrupt,to_clean,v5_qwen35_4b_193,192,19.375,0.02872292883694172,6,0,0.0,-8.532963693141937e-05,-4.180941104888916,0.10187578201293945,19.375,0.02880825847387314,6,0,0,0
suppressor_top,corrupt,to_clean,v5_qwen35_4b_196,195,19.625,0.03261910378932953,6,0,-0.125,-0.0038779787719249725,-5.452194690704346,0.10027885437011719,19.75,0.0364970825612545,5,0,0,0
suppressor_top,corrupt,to_clean,v5_qwen35_4b_207,206,19.625,0.025218850001692772,5,0,-0.125,-0.001180725172162056,-8.783446311950684,0.11774539947509766,19.75,0.026399575173854828,5,0,0,0
suppressor_top,corrupt,to_clean,v5_qwen35_4b_210,209,19.5,0.030364707112312317,5,0,0.0,0.0010301582515239716,-7.875360012054443,0.10272073745727539,19.5,0.029334548860788345,5,0,0,0
suppressor_top,corrupt,to_clean,v5_qwen35_4b_071,70,19.375,0.023925380781292915,5,0,0.0,-0.0017939899116754532,-8.13779354095459,0.05995941162109375,19.375,0.02571937069296837,5,0,0,0
suppressor_top,corrupt,to_clean,v5_qwen35_4b_170,169,18.875,0.021291792392730713,7,0,0.0,-3.450550138950348e-05,-2.099104166030884,0.07084012031555176,18.875,0.021326297894120216,7,0,0,0
suppressor_top,corrupt,to_clean,v5_qwen35_4b_178,177,19.75,0.04650585725903511,5,0,-0.125,-0.00857459381222725,-3.1996090412139893,0.08192992210388184,19.875,0.05508045107126236,5,0,0,0
suppressor_top,corrupt,to_clean,v5_qwen35_4b_175,174,19.0,0.018572112545371056,7,0,0.0,-7.607974112033844e-05,-2.429694890975952,0.06298947334289551,19.0,0.018648192286491394,7,0,0,0
suppressor_top,corrupt,to_clean,v5_qwen35_4b_171,170,19.75,0.049172498285770416,5,0,-0.125,-0.006355155259370804,-2.7889652252197266,0.07963085174560547,19.875,0.05552765354514122,5,0,0,0
suppressor_top,corrupt,to_clean,v5_qwen35_4b_009,8,18.875,0.015468426048755646,7,0,-0.125,-0.002057662233710289,-2.690148115158081,0.10385012626647949,19.0,0.017526088282465935,7,0,0,0
suppressor_top,corrupt,to_clean,v5_qwen35_4b_052,51,20.25,0.04267038404941559,3,0,0.0,-0.0011278465390205383,-7.888894557952881,0.11562013626098633,20.25,0.04379823058843613,3,0,0,0
suppressor_top,corrupt,to_clean,v5_qwen35_4b_076,75,15.875,0.0004887838149443269,30,0,0.0,-5.1325769163668156e-06,-12.714266777038574,0.09223556518554688,15.875,0.0004939163918606937,29,0,0,0
suppressor_top,corrupt,to_clean,v5_qwen35_4b_077,76,15.875,0.0004887838149443269,30,0,0.0,-5.1325769163668156e-06,-12.714266777038574,0.09223556518554688,15.875,0.0004939163918606937,29,0,0,0
suppressor_top,corrupt,to_clean,v5_qwen35_4b_078,77,15.875,0.0004887838149443269,30,0,0.0,-5.1325769163668156e-06,-12.714266777038574,0.09223556518554688,15.875,0.0004939163918606937,29,0,0,0
suppressor_top,corrupt,to_clean,v5_qwen35_4b_079,78,15.875,0.0004887838149443269,30,0,0.0,-5.1325769163668156e-06,-12.714266777038574,0.09223556518554688,15.875,0.0004939163918606937,29,0,0,0
suppressor_top,corrupt,to_clean,v5_qwen35_4b_080,79,15.875,0.0004887838149443269,30,0,0.0,-5.1325769163668156e-06,-12.714266777038574,0.09223556518554688,15.875,0.0004939163918606937,29,0,0,0
suppressor_top,corrupt,to_clean,v5_qwen35_4b_081,80,15.875,0.0004887838149443269,30,0,0.0,-5.1325769163668156e-06,-12.714266777038574,0.09223556518554688,15.875,0.0004939163918606937,29,0,0,0
suppressor_top,corrupt,to_clean,v5_qwen35_4b_082,81,15.875,0.0004887838149443269,30,0,0.0,-5.1325769163668156e-06,-12.714266777038574,0.09223556518554688,15.875,0.0004939163918606937,29,0,0,0
suppressor_top,corrupt,to_clean,v5_qwen35_4b_083,82,15.875,0.0005307557294145226,30,0,-0.0625,4.275780520401895e-05,-12.706801414489746,0.08506965637207031,15.9375,0.0004879979242105037,29,0,0,0
suppressor_top,corrupt,to_clean,v5_qwen35_4b_084,83,15.875,0.0005307557294145226,30,0,-0.0625,4.275780520401895e-05,-12.706801414489746,0.08506965637207031,15.9375,0.0004879979242105037,29,0,0,0
suppressor_top,corrupt,to_clean,v5_qwen35_4b_087,86,15.875,0.0005307557294145226,30,0,-0.0625,4.275780520401895e-05,-12.706801414489746,0.08506965637207031,15.9375,0.0004879979242105037,29,0,0,0
suppressor_top,corrupt,to_clean,v5_qwen35_4b_088,87,15.875,0.0005307557294145226,30,0,-0.0625,4.275780520401895e-05,-12.706801414489746,0.08506965637207031,15.9375,0.0004879979242105037,29,0,0,0
suppressor_top,corrupt,to_clean,v5_qwen35_4b_089,88,15.875,0.0005307557294145226,30,0,-0.0625,4.275780520401895e-05,-12.706801414489746,0.08506965637207031,15.9375,0.0004879979242105037,29,0,0,0
suppressor_top,corrupt,to_clean,v5_qwen35_4b_090,89,15.875,0.0005307557294145226,30,0,-0.0625,4.275780520401895e-05,-12.706801414489746,0.08506965637207031,15.9375,0.0004879979242105037,29,0,0,0
suppressor_top,corrupt,to_clean,v5_qwen35_4b_091,90,15.875,0.0005307557294145226,30,0,-0.0625,4.275780520401895e-05,-12.706801414489746,0.08506965637207031,15.9375,0.0004879979242105037,29,0,0,0
suppressor_top,corrupt,to_clean,v5_qwen35_4b_092,91,15.875,0.0005307557294145226,30,0,-0.0625,4.275780520401895e-05,-12.706801414489746,0.08506965637207031,15.9375,0.0004879979242105037,29,0,0,0
suppressor_top,corrupt,to_clean,v5_qwen35_4b_093,92,15.875,0.0005307557294145226,30,0,-0.0625,4.275780520401895e-05,-12.706801414489746,0.08506965637207031,15.9375,0.0004879979242105037,29,0,0,0
suppressor_top,corrupt,to_clean,v5_qwen35_4b_094,93,15.875,0.0005307557294145226,30,0,-0.0625,4.275780520401895e-05,-12.706801414489746,0.08506965637207031,15.9375,0.0004879979242105037,29,0,0,0
suppressor_top,corrupt,to_clean,v5_qwen35_4b_095,94,15.875,0.0005307557294145226,30,0,-0.0625,4.275780520401895e-05,-12.706801414489746,0.08506965637207031,15.9375,0.0004879979242105037,29,0,0,0
suppressor_top,corrupt,to_clean,v5_qwen35_4b_096,95,15.875,0.0005307557294145226,30,0,-0.0625,4.275780520401895e-05,-12.706801414489746,0.08506965637207031,15.9375,0.0004879979242105037,29,0,0,0
suppressor_top,corrupt,to_clean,v5_qwen35_4b_097,96,15.875,0.0005307557294145226,30,0,-0.0625,4.275780520401895e-05,-12.706801414489746,0.08506965637207031,15.9375,0.0004879979242105037,29,0,0,0
suppressor_top,corrupt,to_clean,v5_qwen35_4b_099,98,15.875,0.0005307557294145226,30,0,-0.0625,4.275780520401895e-05,-12.706801414489746,0.08506965637207031,15.9375,0.0004879979242105037,29,0,0,0
suppressor_top,corrupt,to_clean,v5_qwen35_4b_100,99,15.875,0.0005307557294145226,30,0,-0.0625,4.275780520401895e-05,-12.706801414489746,0.08506965637207031,15.9375,0.0004879979242105037,29,0,0,0
suppressor_top,corrupt,to_clean,v5_qwen35_4b_101,100,15.875,0.0005307557294145226,30,0,-0.0625,4.275780520401895e-05,-12.706801414489746,0.08506965637207031,15.9375,0.0004879979242105037,29,0,0,0
suppressor_top,corrupt,to_clean,v5_qwen35_4b_102,101,15.875,0.0005307557294145226,30,0,-0.0625,4.275780520401895e-05,-12.706801414489746,0.08506965637207031,15.9375,0.0004879979242105037,29,0,0,0
suppressor_top,corrupt,to_clean,v5_qwen35_4b_103,102,15.875,0.0005307557294145226,30,0,-0.0625,4.275780520401895e-05,-12.706801414489746,0.08506965637207031,15.9375,0.0004879979242105037,29,0,0,0
suppressor_top,corrupt,to_clean,v5_qwen35_4b_104,103,15.875,0.0005307557294145226,30,0,-0.0625,4.275780520401895e-05,-12.706801414489746,0.08506965637207031,15.9375,0.0004879979242105037,29,0,0,0
suppressor_top,corrupt,to_clean,v5_qwen35_4b_105,104,15.875,0.0005307557294145226,30,0,-0.0625,4.275780520401895e-05,-12.706801414489746,0.08506965637207031,15.9375,0.0004879979242105037,29,0,0,0
suppressor_top,corrupt,to_clean,v5_qwen35_4b_106,105,15.875,0.0005307557294145226,30,0,-0.0625,4.275780520401895e-05,-12.706801414489746,0.08506965637207031,15.9375,0.0004879979242105037,29,0,0,0
suppressor_top,corrupt,to_clean,v5_qwen35_4b_107,106,15.875,0.0005307557294145226,30,0,-0.0625,4.275780520401895e-05,-12.706801414489746,0.08506965637207031,15.9375,0.0004879979242105037,29,0,0,0
suppressor_top,corrupt,to_clean,v5_qwen35_4b_108,107,15.875,0.0005307557294145226,30,0,-0.0625,4.275780520401895e-05,-12.706801414489746,0.08506965637207031,15.9375,0.0004879979242105037,29,0,0,0
suppressor_top,corrupt,to_clean,v5_qwen35_4b_109,108,15.875,0.0005307557294145226,30,0,-0.0625,4.275780520401895e-05,-12.706801414489746,0.08506965637207031,15.9375,0.0004879979242105037,29,0,0,0
suppressor_top,corrupt,to_clean,v5_qwen35_4b_110,109,15.875,0.0005307557294145226,30,0,-0.0625,4.275780520401895e-05,-12.706801414489746,0.08506965637207031,15.9375,0.0004879979242105037,29,0,0,0
suppressor_top,corrupt,to_clean,v5_qwen35_4b_111,110,15.875,0.0005307557294145226,30,0,-0.0625,4.275780520401895e-05,-12.706801414489746,0.08506965637207031,15.9375,0.0004879979242105037,29,0,0,0
suppressor_top,corrupt,to_clean,v5_qwen35_4b_112,111,15.875,0.0005307557294145226,30,0,-0.0625,4.275780520401895e-05,-12.706801414489746,0.08506965637207031,15.9375,0.0004879979242105037,29,0,0,0
suppressor_top,corrupt,to_clean,v5_qwen35_4b_116,115,16.625,0.0010410057147964835,17,0,0.0,6.916414713487029e-05,-15.357423782348633,0.10457897186279297,16.625,0.0009718415676616132,16,0,0,0
suppressor_top,corrupt,to_clean,v5_qwen35_4b_129,128,16.625,0.0010410057147964835,17,0,0.0,6.916414713487029e-05,-15.357423782348633,0.10457897186279297,16.625,0.0009718415676616132,16,0,0,0
suppressor_top,corrupt,to_clean,v5_qwen35_4b_132,131,16.625,0.0010410057147964835,17,0,0.0,6.916414713487029e-05,-15.357423782348633,0.10457897186279297,16.625,0.0009718415676616132,16,0,0,0
suppressor_top,corrupt,to_clean,v5_qwen35_4b_138,137,16.625,0.0010410057147964835,17,0,0.0,6.916414713487029e-05,-15.357423782348633,0.10457897186279297,16.625,0.0009718415676616132,16,0,0,0
suppressor_top,corrupt,to_clean,v5_qwen35_4b_143,142,16.625,0.0010410057147964835,17,0,0.0,6.916414713487029e-05,-15.357423782348633,0.10457897186279297,16.625,0.0009718415676616132,16,0,0,0
suppressor_top,corrupt,to_clean,v5_qwen35_4b_029,28,17.5,0.009354271925985813,8,0,0.0,0.0002848198637366295,-6.587075233459473,0.047088623046875,17.5,0.009069452062249184,8,0,0,0
suppressor_top,corrupt,to_clean,v5_qwen35_4b_086,85,15.75,0.0004650148330256343,30,0,0.0,3.2550044124946e-05,-12.509623527526855,0.09902286529541016,15.75,0.0004324647889006883,30,0,0,0
suppressor_top,corrupt,to_clean,v5_qwen35_4b_258,257,20.25,0.06716959178447723,4,0,0.125,0.0062372758984565735,-7.332943439483643,0.10023832321166992,20.125,0.06093231588602066,4,0,0,0
suppressor_top,corrupt,to_clean,v5_qwen35_4b_252,251,20.25,0.08750291168689728,3,0,0.0,0.00037920475006103516,-2.430840015411377,0.07968473434448242,20.25,0.08712370693683624,3,0,0,0
suppressor_top,corrupt,to_clean,v5_qwen35_4b_006,5,17.375,0.0059419116005301476,12,0,-0.125,-0.000785136129707098,-3.3747243881225586,0.047548532485961914,17.5,0.0067270477302372456,11,0,0,0
suppressor_top,corrupt,to_clean,v5_qwen35_4b_004,3,15.875,0.0005814577452838421,29,0,-0.375,-0.00030998943839222193,-1.6153020858764648,0.09834432601928711,16.25,0.000891447183676064,23,0,0,0
suppressor_top,corrupt,to_clean,v5_qwen35_4b_154,153,14.875,0.00032991310581564903,42,0,-0.4375,-0.00020530913025140762,-0.6846982836723328,0.1207837462425232,15.3125,0.0005352222360670567,36,0,0,0
suppressor_top,corrupt,to_clean,v5_qwen35_4b_119,118,18.5,0.004472202155739069,8,0,-0.125,-0.0012591788545250893,-7.242929935455322,0.1149439811706543,18.625,0.005731381010264158,7,0,0,0
suppressor_top,corrupt,to_clean,v5_qwen35_4b_010,9,15.9375,0.000882787921000272,28,0,-0.1875,-0.00013986410340294242,-5.931993007659912,0.12020158767700195,16.125,0.0010226520244032145,26,0,0,0
suppressor_top,corrupt,to_clean,v5_qwen35_4b_151,150,15.0,0.000452503067208454,36,0,-0.6875,-0.00047485370305366814,-4.744296550750732,0.1371140480041504,15.6875,0.0009273567702621222,26,0,0,0
suppressor_top,corrupt,to_clean,v5_qwen35_4b_289,288,19.25,0.017210718244314194,5,0,0.0,-2.165883779525757e-05,-8.661206245422363,0.11770439147949219,19.25,0.01723237708210945,5,0,0,0
suppressor_top,corrupt,to_clean,v5_qwen35_4b_244,243,18.5,0.046573810279369354,7,0,-0.25,-0.014361388981342316,-0.1422397792339325,0.08026435971260071,18.75,0.06093519926071167,6,0,0,0
driver_top,clean,to_corrupt,v5_qwen35_4b_285,284,23.125,0.8686209917068481,1,1,0.0,0.0005930662155151367,6.325850963592529,-0.014978408813476562,23.125,0.868027925491333,1,1,0,0
driver_top,clean,to_corrupt,v5_qwen35_4b_016,15,21.25,0.5057184100151062,1,1,-0.125,-0.027042388916015625,4.707776069641113,-0.09868812561035156,21.375,0.5327607989311218,1,1,0,0
driver_top,clean,to_corrupt,v5_qwen35_4b_036,35,21.25,0.5027308464050293,1,1,-0.125,-0.03002995252609253,4.69976282119751,-0.10670137405395508,21.375,0.5327607989311218,1,1,0,0
driver_top,clean,to_corrupt,v5_qwen35_4b_085,84,21.75,0.5633456110954285,1,1,-0.125,-0.024779975414276123,3.393325090408325,-0.14267468452453613,21.875,0.5881255865097046,1,1,0,0
driver_top,clean,to_corrupt,v5_qwen35_4b_133,132,21.875,0.6481733322143555,1,1,-0.125,-0.009893298149108887,6.488551139831543,-0.1460247039794922,22.0,0.6580666303634644,1,1,0,0
driver_top,clean,to_corrupt,v5_qwen35_4b_147,146,21.875,0.6481733322143555,1,1,-0.125,-0.009893298149108887,6.488551139831543,-0.1460247039794922,22.0,0.6580666303634644,1,1,0,0
driver_top,clean,to_corrupt,v5_qwen35_4b_260,259,21.875,0.5777726769447327,1,1,-0.125,-0.02936851978302002,4.620263576507568,-0.10777950286865234,22.0,0.6071411967277527,1,1,0,0
driver_top,clean,to_corrupt,v5_qwen35_4b_263,262,21.625,0.49975454807281494,1,1,0.0,0.0010034739971160889,2.314387559890747,-0.10518789291381836,21.625,0.49875107407569885,1,1,0,0
driver_top,clean,to_corrupt,v5_qwen35_4b_296,295,21.875,0.5730494856834412,1,1,-0.125,-0.029701292514801025,4.694882869720459,-0.12390518188476562,22.0,0.6027507781982422,1,1,0,0
driver_top,clean,to_corrupt,v5_qwen35_4b_040,39,22.5,0.8196958303451538,1,1,-0.125,-0.017143666744232178,8.22887134552002,-0.160003662109375,22.625,0.836839497089386,1,1,0,0
driver_top,clean,to_corrupt,v5_qwen35_4b_054,53,22.5,0.819730281829834,1,1,-0.125,-0.017109215259552002,8.235227584838867,-0.15364742279052734,22.625,0.836839497089386,1,1,0,0
driver_top,clean,to_corrupt,v5_qwen35_4b_229,228,22.375,0.7549977898597717,1,1,-0.125,-0.023138046264648438,7.989012241363525,-0.16835260391235352,22.5,0.7781358361244202,1,1,0,0
driver_top,clean,to_corrupt,v5_qwen35_4b_047,46,22.125,0.34216758608818054,1,1,0.0,-0.009401470422744751,4.09360408782959,-0.07990503311157227,22.125,0.3515690565109253,1,1,0,0
driver_top,clean,to_corrupt,v5_qwen35_4b_271,270,21.875,0.40922385454177856,1,1,0.0,0.0008965134620666504,0.9640466570854187,0.007391452789306641,21.875,0.4083273410797119,1,1,0,0
driver_top,clean,to_corrupt,v5_qwen35_4b_039,38,22.5,0.36803948879241943,1,1,-0.125,-0.02758842706680298,1.1536390781402588,-0.08747422695159912,22.625,0.3956279158592224,1,1,0,0
driver_top,clean,to_corrupt,v5_qwen35_4b_215,214,22.625,0.42669931054115295,1,1,0.0,-0.00020393729209899902,6.813730239868164,-0.08466672897338867,22.625,0.42690324783325195,1,1,0,0
driver_top,clean,to_corrupt,v5_qwen35_4b_245,244,21.0,0.3133096694946289,1,1,0.0,0.01171824336051941,0.8623213171958923,-0.11477822065353394,21.0,0.3015914261341095,1,1,0,0
driver_top,clean,to_corrupt,v5_qwen35_4b_161,160,23.0,0.8083885312080383,1,1,-0.125,-0.018338561058044434,8.93899154663086,-0.1758289337158203,23.125,0.8267270922660828,1,1,0,0
driver_top,clean,to_corrupt,v5_qwen35_4b_121,120,23.375,0.8874708414077759,1,1,-0.125,-0.01348179578781128,6.083491802215576,-0.14766931533813477,23.5,0.9009526371955872,1,1,0,0
driver_top,clean,to_corrupt,v5_qwen35_4b_181,180,23.125,0.7951667308807373,1,1,-0.125,-0.006021857261657715,6.9880194664001465,-0.1584625244140625,23.25,0.801188588142395,1,1,0,0
driver_top,clean,to_corrupt,v5_qwen35_4b_259,258,22.625,0.664238452911377,1,1,-0.125,-0.028664231300354004,6.580685615539551,-0.1542654037475586,22.75,0.692902684211731,1,1,0,0
driver_top,clean,to_corrupt,v5_qwen35_4b_283,282,22.125,0.4684600830078125,1,1,0.0,0.020009636878967285,2.838117837905884,-0.07344555854797363,22.125,0.4484504461288452,1,1,0,0
driver_top,clean,to_corrupt,v5_qwen35_4b_272,271,24.0,0.7463275790214539,1,1,0.0,0.00021213293075561523,1.816695213317871,0.007523179054260254,24.0,0.7461154460906982,1,1,0,0
driver_top,clean,to_corrupt,v5_qwen35_4b_043,42,23.375,0.7001633048057556,1,1,0.0,0.018483519554138184,9.758183479309082,-0.1013956069946289,23.375,0.6816797852516174,1,1,0,0
driver_top,clean,to_corrupt,v5_qwen35_4b_166,165,22.875,0.5611077547073364,1,1,-0.125,-0.02798539400100708,-1.27324640750885,-0.04356861114501953,23.0,0.5890931487083435,1,1,0,0
driver_top,clean,to_corrupt,v5_qwen35_4b_055,54,23.0,0.592160701751709,1,1,0.0,0.019306302070617676,0.6021716594696045,-0.09738147258758545,23.0,0.5728543996810913,1,1,0,0
driver_top,clean,to_corrupt,v5_qwen35_4b_130,129,22.0,0.5044074058532715,1,1,-0.125,-0.021800756454467773,6.955399990081787,-0.10834884643554688,22.125,0.5262081623077393,1,1,0,0
driver_top,clean,to_corrupt,v5_qwen35_4b_182,181,22.25,0.4222511649131775,1,1,0.0,-0.004714399576187134,5.898775100708008,-0.08291959762573242,22.25,0.4269655644893646,1,1,0,0
driver_top,clean,to_corrupt,v5_qwen35_4b_065,64,21.125,0.2965058386325836,1,1,-0.125,-0.02788686752319336,4.454502105712891,-0.08005046844482422,21.25,0.324392706155777,1,1,0,0
driver_top,clean,to_corrupt,v5_qwen35_4b_001,0,23.375,0.7569597959518433,1,1,0.0,0.0010263919830322266,8.07752799987793,-0.040137290954589844,23.375,0.755933403968811,1,1,0,0
driver_top,clean,to_corrupt,v5_qwen35_4b_053,52,22.375,0.7935776114463806,1,1,0.0,7.027387619018555e-05,9.045064926147461,-0.11143684387207031,22.375,0.7935073375701904,1,1,0,0
driver_top,clean,to_corrupt,v5_qwen35_4b_155,154,22.5,0.8293616771697998,1,1,0.0,0.0018839240074157715,7.663656234741211,-0.11137723922729492,22.5,0.827477753162384,1,1,0,0
driver_top,clean,to_corrupt,v5_qwen35_4b_120,119,22.5,0.8353666067123413,1,1,-0.125,-0.01601123809814453,9.298075675964355,-0.1226186752319336,22.625,0.8513778448104858,1,1,0,0
driver_top,clean,to_corrupt,v5_qwen35_4b_232,231,22.5,0.8230858445167542,1,1,-0.125,-0.008446931838989258,7.7115936279296875,-0.13908720016479492,22.625,0.8315327763557434,1,1,0,0
driver_top,clean,to_corrupt,v5_qwen35_4b_226,225,23.625,0.7457253932952881,1,1,-0.125,-0.022607147693634033,2.8888566493988037,-0.0954740047454834,23.75,0.7683325409889221,1,1,0,0
driver_top,clean,to_corrupt,v5_qwen35_4b_123,122,22.5,0.76072758436203,1,1,-0.125,-0.020644426345825195,7.991145610809326,-0.24329423904418945,22.625,0.7813720107078552,1,1,0,0
driver_top,clean,to_corrupt,v5_qwen35_4b_030,29,21.75,0.6030311584472656,1,1,-0.125,-0.008036971092224121,6.185592174530029,-0.22557926177978516,21.875,0.6110681295394897,1,1,0,0
driver_top,clean,to_corrupt,v5_qwen35_4b_205,204,21.875,0.6459553241729736,1,1,-0.125,-0.031125426292419434,5.65403413772583,-0.19392013549804688,22.0,0.6770807504653931,1,1,0,0
driver_top,clean,to_corrupt,v5_qwen35_4b_208,207,22.5,0.43398162722587585,1,1,0.0,7.11977481842041e-05,4.827244281768799,-0.09748315811157227,22.5,0.43391042947769165,1,1,0,0
driver_top,clean,to_corrupt,v5_qwen35_4b_159,158,23.875,0.906451940536499,1,1,-0.125,-0.004495203495025635,9.134929656982422,-0.19347476959228516,24.0,0.9109471440315247,1,1,0,0
driver_top,clean,to_corrupt,v5_qwen35_4b_262,261,23.375,0.8534624576568604,1,1,-0.125,-0.01708132028579712,8.036995887756348,-0.19415283203125,23.5,0.8705437779426575,1,1,0,0
driver_top,clean,to_corrupt,v5_qwen35_4b_281,280,23.375,0.8534624576568604,1,1,-0.125,-0.01708132028579712,8.036995887756348,-0.19415283203125,23.5,0.8705437779426575,1,1,0,0
driver_top,clean,to_corrupt,v5_qwen35_4b_153,152,23.0,0.8742834329605103,1,1,0.0,-0.0012398958206176758,6.607537269592285,-0.1793522834777832,23.0,0.8755233287811279,1,1,0,0
driver_top,clean,to_corrupt,v5_qwen35_4b_017,16,22.25,0.7689698934555054,1,1,-0.125,-0.010003805160522461,4.815828323364258,-0.16961288452148438,22.375,0.7789736986160278,1,1,0,0
driver_top,clean,to_corrupt,v5_qwen35_4b_023,22,22.25,0.7689698934555054,1,1,-0.125,-0.010003805160522461,4.815828323364258,-0.16961288452148438,22.375,0.7789736986160278,1,1,0,0
driver_top,clean,to_corrupt,v5_qwen35_4b_027,26,22.25,0.768707275390625,1,1,-0.125,-0.010266423225402832,4.811990737915039,-0.17345046997070312,22.375,0.7789736986160278,1,1,0,0
driver_top,clean,to_corrupt,v5_qwen35_4b_028,27,22.25,0.768707275390625,1,1,-0.125,-0.010266423225402832,4.811990737915039,-0.17345046997070312,22.375,0.7789736986160278,1,1,0,0
driver_top,clean,to_corrupt,v5_qwen35_4b_035,34,22.25,0.768707275390625,1,1,-0.125,-0.010266423225402832,4.811990737915039,-0.17345046997070312,22.375,0.7789736986160278,1,1,0,0
driver_top,clean,to_corrupt,v5_qwen35_4b_046,45,22.125,0.7463415861129761,1,1,-0.125,-0.013182997703552246,4.829097747802734,-0.1780552864074707,22.25,0.7595245838165283,1,1,0,0
driver_top,clean,to_corrupt,v5_qwen35_4b_059,58,22.125,0.7463454008102417,1,1,-0.125,-0.013179183006286621,4.834194183349609,-0.1729588508605957,22.25,0.7595245838165283,1,1,0,0
driver_top,clean,to_corrupt,v5_qwen35_4b_064,63,22.125,0.7463454008102417,1,1,-0.125,-0.013179183006286621,4.834194183349609,-0.1729588508605957,22.25,0.7595245838165283,1,1,0,0
driver_top,clean,to_corrupt,v5_qwen35_4b_113,112,22.75,0.8454698324203491,1,1,-0.125,-0.007421731948852539,6.057446002960205,-0.17784547805786133,22.875,0.8528915643692017,1,1,0,0
driver_top,clean,to_corrupt,v5_qwen35_4b_118,117,22.75,0.8454698324203491,1,1,-0.125,-0.007421731948852539,6.057446002960205,-0.17784547805786133,22.875,0.8528915643692017,1,1,0,0
driver_top,clean,to_corrupt,v5_qwen35_4b_149,148,22.75,0.8454698324203491,1,1,-0.125,-0.007421731948852539,6.057446002960205,-0.17784547805786133,22.875,0.8528915643692017,1,1,0,0
driver_top,clean,to_corrupt,v5_qwen35_4b_152,151,22.75,0.8494842648506165,1,1,-0.125,-0.01492232084274292,4.882565975189209,-0.1600947380065918,22.875,0.8644065856933594,1,1,0,0
driver_top,clean,to_corrupt,v5_qwen35_4b_156,155,22.75,0.8494842648506165,1,1,-0.125,-0.01492232084274292,4.882565975189209,-0.1600947380065918,22.875,0.8644065856933594,1,1,0,0
driver_top,clean,to_corrupt,v5_qwen35_4b_167,166,22.75,0.8494842648506165,1,1,-0.125,-0.01492232084274292,4.882565975189209,-0.1600947380065918,22.875,0.8644065856933594,1,1,0,0
driver_top,clean,to_corrupt,v5_qwen35_4b_172,171,22.875,0.8632416725158691,1,1,0.0,0.008464157581329346,5.042140007019043,-0.17344093322753906,22.875,0.8547775149345398,1,1,0,0
driver_top,clean,to_corrupt,v5_qwen35_4b_234,233,22.125,0.704313337802887,1,1,0.0,0.00044912099838256836,4.579229831695557,-0.1803584098815918,22.125,0.7038642168045044,1,1,0,0
driver_top,clean,to_corrupt,v5_qwen35_4b_243,242,22.125,0.696986973285675,1,1,-0.125,-0.014344334602355957,4.332578659057617,-0.1658039093017578,22.25,0.711331307888031,1,1,0,0
driver_top,clean,to_corrupt,v5_qwen35_4b_251,250,22.125,0.696986973285675,1,1,-0.125,-0.014344334602355957,4.332578659057617,-0.1658039093017578,22.25,0.711331307888031,1,1,0,0
driver_top,clean,to_corrupt,v5_qwen35_4b_254,253,22.125,0.6966444849967957,1,1,-0.125,-0.014686822891235352,4.3372697830200195,-0.16111278533935547,22.25,0.711331307888031,1,1,0,0
driver_top,clean,to_corrupt,v5_qwen35_4b_255,254,22.125,0.6966444849967957,1,1,-0.125,-0.014686822891235352,4.3372697830200195,-0.16111278533935547,22.25,0.711331307888031,1,1,0,0
driver_top,clean,to_corrupt,v5_qwen35_4b_264,263,22.125,0.7043598294258118,1,1,0.0,0.000495612621307373,4.583608627319336,-0.1759796142578125,22.125,0.7038642168045044,1,1,0,0
driver_top,clean,to_corrupt,v5_qwen35_4b_273,272,22.125,0.7038905620574951,1,1,-0.125,-0.025059998035430908,4.578142166137695,-0.1763138771057129,22.25,0.728950560092926,1,1,0,0
driver_top,clean,to_corrupt,v5_qwen35_4b_290,289,22.125,0.695671021938324,1,1,0.0,-0.0028077363967895508,4.472630023956299,-0.16773271560668945,22.125,0.6984787583351135,1,1,0,0
driver_top,clean,to_corrupt,v5_qwen35_4b_267,266,22.25,0.7114611864089966,1,1,-0.125,-0.01223301887512207,6.563074111938477,-0.21169567108154297,22.375,0.7236942052841187,1,1,0,0
driver_top,clean,to_corrupt,v5_qwen35_4b_148,147,23.625,0.9017918705940247,1,1,-0.125,-0.010361850261688232,8.264259338378906,-0.18430805206298828,23.75,0.9121537208557129,1,1,0,0
driver_top,clean,to_corrupt,v5_qwen35_4b_180,179,23.125,0.8661888241767883,1,1,-0.125,-0.015430033206939697,6.044387340545654,-0.16186141967773438,23.25,0.881618857383728,1,1,0,0
driver_top,clean,to_corrupt,v5_qwen35_4b_072,71,22.5,0.740856409072876,1,1,0.0,0.006485342979431152,2.5529441833496094,0.009127140045166016,22.5,0.7343710660934448,1,1,0,0
driver_top,clean,to_corrupt,v5_qwen35_4b_073,72,23.25,0.5076485276222229,1,1,0.0,-5.888938903808594e-05,5.992149829864502,-0.07331609725952148,23.25,0.507707417011261,1,1,0,0
driver_top,clean,to_corrupt,v5_qwen35_4b_270,269,22.375,0.6250318884849548,1,1,-0.125,-0.018759071826934814,4.200106143951416,-0.06978273391723633,22.5,0.6437909603118896,1,1,0,0
driver_top,clean,to_corrupt,v5_qwen35_4b_038,37,23.375,0.7616767883300781,1,1,0.0,0.00010955333709716797,4.257626056671143,-0.09981346130371094,23.375,0.761567234992981,1,1,0,0
driver_top,clean,to_corrupt,v5_qwen35_4b_204,203,24.125,0.6414482593536377,1,1,-0.125,-0.02813786268234253,6.464273452758789,-0.03525543212890625,24.25,0.6695861220359802,1,1,0,0
driver_top,clean,to_corrupt,v5_qwen35_4b_007,6,23.25,0.8411473035812378,1,1,-0.125,-0.006624281406402588,10.149930000305176,-0.1947307586669922,23.375,0.8477715849876404,1,1,0,0
driver_top,clean,to_corrupt,v5_qwen35_4b_014,13,23.25,0.8411473035812378,1,1,-0.125,-0.006624281406402588,10.149930000305176,-0.1947307586669922,23.375,0.8477715849876404,1,1,0,0
driver_top,clean,to_corrupt,v5_qwen35_4b_018,17,23.25,0.8411473035812378,1,1,-0.125,-0.006624281406402588,10.149930000305176,-0.1947307586669922,23.375,0.8477715849876404,1,1,0,0
driver_top,clean,to_corrupt,v5_qwen35_4b_020,19,23.25,0.8411473035812378,1,1,-0.125,-0.006624281406402588,10.149930000305176,-0.1947307586669922,23.375,0.8477715849876404,1,1,0,0
driver_top,clean,to_corrupt,v5_qwen35_4b_021,20,23.25,0.8411473035812378,1,1,-0.125,-0.006624281406402588,10.149930000305176,-0.1947307586669922,23.375,0.8477715849876404,1,1,0,0
driver_top,clean,to_corrupt,v5_qwen35_4b_024,23,23.25,0.8411473035812378,1,1,-0.125,-0.006624281406402588,10.149930000305176,-0.1947307586669922,23.375,0.8477715849876404,1,1,0,0
driver_top,clean,to_corrupt,v5_qwen35_4b_025,24,23.25,0.8420782089233398,1,1,-0.125,-0.01798170804977417,10.197709083557129,-0.19178104400634766,23.375,0.860059916973114,1,1,0,0
driver_top,clean,to_corrupt,v5_qwen35_4b_098,97,23.5,0.8799790740013123,1,1,0.0,0.00954294204711914,10.726727485656738,-0.19485950469970703,23.5,0.8704361319541931,1,1,0,0
driver_top,clean,to_corrupt,v5_qwen35_4b_114,113,23.5,0.8799936175346375,1,1,0.0,0.009557485580444336,10.717235565185547,-0.20435142517089844,23.5,0.8704361319541931,1,1,0,0
driver_top,clean,to_corrupt,v5_qwen35_4b_128,127,23.5,0.8799936175346375,1,1,0.0,0.009557485580444336,10.717235565185547,-0.20435142517089844,23.5,0.8704361319541931,1,1,0,0
driver_top,clean,to_corrupt,v5_qwen35_4b_131,130,23.5,0.8799936175346375,1,1,0.0,0.009557485580444336,10.717235565185547,-0.20435142517089844,23.5,0.8704361319541931,1,1,0,0
driver_top,clean,to_corrupt,v5_qwen35_4b_135,134,23.5,0.8799936175346375,1,1,0.0,0.009557485580444336,10.717235565185547,-0.20435142517089844,23.5,0.8704361319541931,1,1,0,0
driver_top,clean,to_corrupt,v5_qwen35_4b_136,135,23.5,0.8799936175346375,1,1,0.0,0.009557485580444336,10.717235565185547,-0.20435142517089844,23.5,0.8704361319541931,1,1,0,0
driver_top,clean,to_corrupt,v5_qwen35_4b_144,143,23.5,0.8799936175346375,1,1,0.0,0.009557485580444336,10.717235565185547,-0.20435142517089844,23.5,0.8704361319541931,1,1,0,0
driver_top,clean,to_corrupt,v5_qwen35_4b_145,144,23.5,0.8799936175346375,1,1,0.0,0.009557485580444336,10.717235565185547,-0.20435142517089844,23.5,0.8704361319541931,1,1,0,0
driver_top,clean,to_corrupt,v5_qwen35_4b_160,159,23.125,0.8440770506858826,1,1,-0.125,-0.015656709671020508,9.756718635559082,-0.19373607635498047,23.25,0.8597337603569031,1,1,0,0
driver_top,clean,to_corrupt,v5_qwen35_4b_164,163,23.125,0.8440770506858826,1,1,-0.125,-0.015656709671020508,9.756718635559082,-0.19373607635498047,23.25,0.8597337603569031,1,1,0,0
driver_top,clean,to_corrupt,v5_qwen35_4b_169,168,23.125,0.8440770506858826,1,1,-0.125,-0.015656709671020508,9.756718635559082,-0.19373607635498047,23.25,0.8597337603569031,1,1,0,0
driver_top,clean,to_corrupt,v5_qwen35_4b_174,173,23.125,0.8440770506858826,1,1,-0.125,-0.015656709671020508,9.756718635559082,-0.19373607635498047,23.25,0.8597337603569031,1,1,0,0
driver_top,clean,to_corrupt,v5_qwen35_4b_187,186,23.125,0.8440770506858826,1,1,-0.125,-0.015656709671020508,9.756718635559082,-0.19373607635498047,23.25,0.8597337603569031,1,1,0,0
driver_top,clean,to_corrupt,v5_qwen35_4b_188,187,23.125,0.8440770506858826,1,1,-0.125,-0.015656709671020508,9.756718635559082,-0.19373607635498047,23.25,0.8597337603569031,1,1,0,0
driver_top,clean,to_corrupt,v5_qwen35_4b_213,212,23.125,0.8440737724304199,1,1,-0.125,-0.015659987926483154,9.747698783874512,-0.20275592803955078,23.25,0.8597337603569031,1,1,0,0
driver_top,clean,to_corrupt,v5_qwen35_4b_214,213,23.125,0.8440737724304199,1,1,-0.125,-0.015659987926483154,9.747698783874512,-0.20275592803955078,23.25,0.8597337603569031,1,1,0,0
driver_top,clean,to_corrupt,v5_qwen35_4b_216,215,23.125,0.8440737724304199,1,1,-0.125,-0.015659987926483154,9.747698783874512,-0.20275592803955078,23.25,0.8597337603569031,1,1,0,0
driver_top,clean,to_corrupt,v5_qwen35_4b_222,221,23.125,0.8440737724304199,1,1,-0.125,-0.015659987926483154,9.747698783874512,-0.20275592803955078,23.25,0.8597337603569031,1,1,0,0
driver_top,clean,to_corrupt,v5_qwen35_4b_224,223,23.125,0.8440737724304199,1,1,-0.125,-0.015659987926483154,9.747698783874512,-0.20275592803955078,23.25,0.8597337603569031,1,1,0,0
driver_top,clean,to_corrupt,v5_qwen35_4b_239,238,23.125,0.8401906490325928,1,1,-0.125,-0.008176863193511963,9.137271881103516,-0.19681072235107422,23.25,0.8483675122261047,1,1,0,0
driver_top,clean,to_corrupt,v5_qwen35_4b_241,240,23.125,0.8401906490325928,1,1,-0.125,-0.008176863193511963,9.137271881103516,-0.19681072235107422,23.25,0.8483675122261047,1,1,0,0
driver_top,clean,to_corrupt,v5_qwen35_4b_256,255,23.125,0.8292061686515808,1,1,-0.125,-0.019161343574523926,9.135773658752441,-0.19830894470214844,23.25,0.8483675122261047,1,1,0,0
driver_top,clean,to_corrupt,v5_qwen35_4b_269,268,23.125,0.8292061686515808,1,1,-0.125,-0.019161343574523926,9.135773658752441,-0.19830894470214844,23.25,0.8483675122261047,1,1,0,0
driver_top,clean,to_corrupt,v5_qwen35_4b_276,275,23.125,0.8290866017341614,1,1,-0.125,-0.01679891347885132,9.252325057983398,-0.18450164794921875,23.25,0.8458855152130127,1,1,0,0
driver_top,clean,to_corrupt,v5_qwen35_4b_277,276,23.125,0.8290866017341614,1,1,-0.125,-0.01679891347885132,9.252325057983398,-0.18450164794921875,23.25,0.8458855152130127,1,1,0,0
driver_top,clean,to_corrupt,v5_qwen35_4b_280,279,23.125,0.8290866017341614,1,1,-0.125,-0.01679891347885132,9.252325057983398,-0.18450164794921875,23.25,0.8458855152130127,1,1,0,0
driver_top,clean,to_corrupt,v5_qwen35_4b_284,283,23.125,0.8290866017341614,1,1,-0.125,-0.01679891347885132,9.252325057983398,-0.18450164794921875,23.25,0.8458855152130127,1,1,0,0
driver_top,clean,to_corrupt,v5_qwen35_4b_288,287,23.125,0.8290866017341614,1,1,-0.125,-0.01679891347885132,9.252325057983398,-0.18450164794921875,23.25,0.8458855152130127,1,1,0,0
driver_top,clean,to_corrupt,v5_qwen35_4b_292,291,23.125,0.8290866017341614,1,1,-0.125,-0.01679891347885132,9.252325057983398,-0.18450164794921875,23.25,0.8458855152130127,1,1,0,0
driver_top,clean,to_corrupt,v5_qwen35_4b_294,293,23.125,0.8290866017341614,1,1,-0.125,-0.01679891347885132,9.252325057983398,-0.18450164794921875,23.25,0.8458855152130127,1,1,0,0
driver_top,clean,to_corrupt,v5_qwen35_4b_002,1,23.125,0.8262655138969421,1,1,-0.125,-0.004417121410369873,10.24150562286377,-0.2027292251586914,23.25,0.830682635307312,1,1,0,0
driver_top,clean,to_corrupt,v5_qwen35_4b_012,11,23.125,0.8276333212852478,1,1,-0.125,-0.017064929008483887,10.248653411865234,-0.19650840759277344,23.25,0.8446982502937317,1,1,0,0
driver_top,clean,to_corrupt,v5_qwen35_4b_015,14,23.125,0.8276333212852478,1,1,-0.125,-0.017064929008483887,10.248653411865234,-0.19650840759277344,23.25,0.8446982502937317,1,1,0,0
driver_top,clean,to_corrupt,v5_qwen35_4b_037,36,23.125,0.8276327848434448,1,1,-0.125,-0.017065465450286865,10.23187255859375,-0.2132892608642578,23.25,0.8446982502937317,1,1,0,0
driver_top,clean,to_corrupt,v5_qwen35_4b_042,41,23.125,0.8276327848434448,1,1,-0.125,-0.017065465450286865,10.23187255859375,-0.2132892608642578,23.25,0.8446982502937317,1,1,0,0
driver_top,clean,to_corrupt,v5_qwen35_4b_044,43,23.125,0.8276327848434448,1,1,-0.125,-0.017065465450286865,10.23187255859375,-0.2132892608642578,23.25,0.8446982502937317,1,1,0,0
driver_top,clean,to_corrupt,v5_qwen35_4b_115,114,23.5,0.879065752029419,1,1,-0.125,-0.003985583782196045,10.778133392333984,-0.2198314666748047,23.625,0.883051335811615,1,1,0,0
driver_top,clean,to_corrupt,v5_qwen35_4b_126,125,23.5,0.879065752029419,1,1,-0.125,-0.003985583782196045,10.778133392333984,-0.2198314666748047,23.625,0.883051335811615,1,1,0,0
driver_top,clean,to_corrupt,v5_qwen35_4b_127,126,23.5,0.879065752029419,1,1,-0.125,-0.003985583782196045,10.778133392333984,-0.2198314666748047,23.625,0.883051335811615,1,1,0,0
driver_top,clean,to_corrupt,v5_qwen35_4b_134,133,23.5,0.879065752029419,1,1,-0.125,-0.003985583782196045,10.778133392333984,-0.2198314666748047,23.625,0.883051335811615,1,1,0,0
driver_top,clean,to_corrupt,v5_qwen35_4b_140,139,23.5,0.879065752029419,1,1,-0.125,-0.003985583782196045,10.778133392333984,-0.2198314666748047,23.625,0.883051335811615,1,1,0,0
driver_top,clean,to_corrupt,v5_qwen35_4b_142,141,23.5,0.879065752029419,1,1,-0.125,-0.003985583782196045,10.778133392333984,-0.2198314666748047,23.625,0.883051335811615,1,1,0,0
driver_top,clean,to_corrupt,v5_qwen35_4b_146,145,23.5,0.879065752029419,1,1,-0.125,-0.003985583782196045,10.778133392333984,-0.2198314666748047,23.625,0.883051335811615,1,1,0,0
driver_top,clean,to_corrupt,v5_qwen35_4b_150,149,23.5,0.879065752029419,1,1,-0.125,-0.003985583782196045,10.778133392333984,-0.2198314666748047,23.625,0.883051335811615,1,1,0,0
driver_top,clean,to_corrupt,v5_qwen35_4b_168,167,23.125,0.8455448150634766,1,1,-0.125,-0.004947841167449951,9.65290641784668,-0.18422222137451172,23.25,0.8504926562309265,1,1,0,0
driver_top,clean,to_corrupt,v5_qwen35_4b_179,178,23.125,0.8455448150634766,1,1,-0.125,-0.004947841167449951,9.65290641784668,-0.18422222137451172,23.25,0.8504926562309265,1,1,0,0
driver_top,clean,to_corrupt,v5_qwen35_4b_183,182,23.125,0.8455448150634766,1,1,-0.125,-0.004947841167449951,9.65290641784668,-0.18422222137451172,23.25,0.8504926562309265,1,1,0,0
driver_top,clean,to_corrupt,v5_qwen35_4b_185,184,23.125,0.8455448150634766,1,1,-0.125,-0.004947841167449951,9.65290641784668,-0.18422222137451172,23.25,0.8504926562309265,1,1,0,0
driver_top,clean,to_corrupt,v5_qwen35_4b_186,185,23.125,0.8455448150634766,1,1,-0.125,-0.004947841167449951,9.65290641784668,-0.18422222137451172,23.25,0.8504926562309265,1,1,0,0
driver_top,clean,to_corrupt,v5_qwen35_4b_242,241,23.0,0.8231196403503418,1,1,-0.125,-0.0060198307037353516,8.97650146484375,-0.19821929931640625,23.125,0.8291394710540771,1,1,0,0
driver_top,clean,to_corrupt,v5_qwen35_4b_249,248,23.0,0.8231196403503418,1,1,-0.125,-0.0060198307037353516,8.97650146484375,-0.19821929931640625,23.125,0.8291394710540771,1,1,0,0
driver_top,clean,to_corrupt,v5_qwen35_4b_282,281,23.0,0.8229935765266418,1,1,-0.125,-0.006145894527435303,8.980807304382324,-0.19391345977783203,23.125,0.8291394710540771,1,1,0,0
driver_top,clean,to_corrupt,v5_qwen35_4b_286,285,23.0,0.8229935765266418,1,1,-0.125,-0.006145894527435303,8.980807304382324,-0.19391345977783203,23.125,0.8291394710540771,1,1,0,0
driver_top,clean,to_corrupt,v5_qwen35_4b_295,294,23.0,0.8229935765266418,1,1,-0.125,-0.006145894527435303,8.980807304382324,-0.19391345977783203,23.125,0.8291394710540771,1,1,0,0
driver_top,clean,to_corrupt,v5_qwen35_4b_299,298,23.0,0.8229935765266418,1,1,-0.125,-0.006145894527435303,8.980807304382324,-0.19391345977783203,23.125,0.8291394710540771,1,1,0,0
driver_top,clean,to_corrupt,v5_qwen35_4b_008,7,21.5,0.6694491505622864,1,1,-0.125,-0.028913259506225586,6.858634948730469,-0.19318866729736328,21.625,0.698362410068512,1,1,0,0
driver_top,clean,to_corrupt,v5_qwen35_4b_122,121,22.5,0.8206841945648193,1,1,-0.125,-0.018969833850860596,8.707106590270996,-0.19712066650390625,22.625,0.8396540284156799,1,1,0,0
driver_top,clean,to_corrupt,v5_qwen35_4b_158,157,22.375,0.797173798084259,1,1,-0.125,-0.02187061309814453,6.673029899597168,-0.17529916763305664,22.5,0.8190444111824036,1,1,0,0
driver_top,clean,to_corrupt,v5_qwen35_4b_265,264,21.875,0.6627810001373291,1,1,-0.125,-0.026637792587280273,5.729559421539307,-0.18633174896240234,22.0,0.6894187927246094,1,1,0,0
driver_top,clean,to_corrupt,v5_qwen35_4b_003,2,22.375,0.8131957054138184,1,1,-0.125,-0.005836069583892822,9.070930480957031,-0.23531532287597656,22.5,0.8190317749977112,1,1,0,0
driver_top,clean,to_corrupt,v5_qwen35_4b_011,10,22.125,0.7875844836235046,1,1,-0.125,-0.019796431064605713,8.568745613098145,-0.22370529174804688,22.25,0.8073809146881104,1,1,0,0
driver_top,clean,to_corrupt,v5_qwen35_4b_033,32,22.125,0.787630021572113,1,1,-0.125,-0.019750893115997314,8.569124221801758,-0.2233266830444336,22.25,0.8073809146881104,1,1,0,0
driver_top,clean,to_corrupt,v5_qwen35_4b_048,47,22.125,0.787630021572113,1,1,-0.125,-0.019750893115997314,8.569124221801758,-0.2233266830444336,22.25,0.8073809146881104,1,1,0,0
driver_top,clean,to_corrupt,v5_qwen35_4b_070,69,22.125,0.7820121645927429,1,1,-0.125,-0.008555471897125244,8.591842651367188,-0.2359027862548828,22.25,0.7905676364898682,1,1,0,0
driver_top,clean,to_corrupt,v5_qwen35_4b_124,123,22.5,0.826927661895752,1,1,-0.125,-0.0069615840911865234,9.201204299926758,-0.22787189483642578,22.625,0.8338892459869385,1,1,0,0
driver_top,clean,to_corrupt,v5_qwen35_4b_125,124,22.625,0.8369398713111877,1,1,0.0,0.0004742145538330078,9.369601249694824,-0.23009872436523438,22.625,0.8364656567573547,1,1,0,0
driver_top,clean,to_corrupt,v5_qwen35_4b_139,138,22.625,0.8369398713111877,1,1,0.0,0.0004742145538330078,9.369601249694824,-0.23009872436523438,22.625,0.8364656567573547,1,1,0,0
driver_top,clean,to_corrupt,v5_qwen35_4b_203,202,22.5,0.8097862601280212,1,1,-0.125,-0.019171953201293945,7.856736660003662,-0.21483850479125977,22.625,0.8289582133293152,1,1,0,0
driver_top,clean,to_corrupt,v5_qwen35_4b_206,205,22.25,0.7835160493850708,1,1,-0.125,-0.020160973072052002,7.681593894958496,-0.2096409797668457,22.375,0.8036770224571228,1,1,0,0
driver_top,clean,to_corrupt,v5_qwen35_4b_212,211,22.5,0.8097862601280212,1,1,-0.125,-0.019171953201293945,7.856736660003662,-0.21483850479125977,22.625,0.8289582133293152,1,1,0,0
driver_top,clean,to_corrupt,v5_qwen35_4b_228,227,21.625,0.6475315690040588,1,1,-0.125,-0.012167572975158691,6.342942237854004,-0.2126016616821289,21.75,0.6596991419792175,1,1,0,0
driver_top,clean,to_corrupt,v5_qwen35_4b_230,229,21.625,0.6475315690040588,1,1,-0.125,-0.012167572975158691,6.342942237854004,-0.2126016616821289,21.75,0.6596991419792175,1,1,0,0
driver_top,clean,to_corrupt,v5_qwen35_4b_231,230,21.625,0.6475315690040588,1,1,-0.125,-0.012167572975158691,6.342942237854004,-0.2126016616821289,21.75,0.6596991419792175,1,1,0,0
driver_top,clean,to_corrupt,v5_qwen35_4b_236,235,21.625,0.6475315690040588,1,1,-0.125,-0.012167572975158691,6.342942237854004,-0.2126016616821289,21.75,0.6596991419792175,1,1,0,0
driver_top,clean,to_corrupt,v5_qwen35_4b_237,236,21.625,0.6475315690040588,1,1,-0.125,-0.012167572975158691,6.342942237854004,-0.2126016616821289,21.75,0.6596991419792175,1,1,0,0
driver_top,clean,to_corrupt,v5_qwen35_4b_238,237,21.875,0.6825091242790222,1,1,0.0,-0.003751039505004883,6.946384906768799,-0.20333051681518555,21.875,0.6862601637840271,1,1,0,0
driver_top,clean,to_corrupt,v5_qwen35_4b_247,246,21.625,0.6475315690040588,1,1,-0.125,-0.012167572975158691,6.342942237854004,-0.2126016616821289,21.75,0.6596991419792175,1,1,0,0
driver_top,clean,to_corrupt,v5_qwen35_4b_257,256,21.625,0.6476508975028992,1,1,-0.125,-0.01204824447631836,6.344879627227783,-0.2106642723083496,21.75,0.6596991419792175,1,1,0,0
driver_top,clean,to_corrupt,v5_qwen35_4b_291,290,21.625,0.6476508975028992,1,1,-0.125,-0.01204824447631836,6.344879627227783,-0.2106642723083496,21.75,0.6596991419792175,1,1,0,0
driver_top,clean,to_corrupt,v5_qwen35_4b_005,4,22.25,0.8083153963088989,1,1,0.0,0.011482298374176025,8.673195838928223,-0.21453380584716797,22.25,0.7968330979347229,1,1,0,0
driver_top,clean,to_corrupt,v5_qwen35_4b_013,12,22.125,0.785973072052002,1,1,0.0,0.0010909438133239746,8.648011207580566,-0.23563671112060547,22.125,0.784882128238678,1,1,0,0
driver_top,clean,to_corrupt,v5_qwen35_4b_026,25,22.125,0.78605717420578,1,1,0.0,0.0011750459671020508,8.649867057800293,-0.2337808609008789,22.125,0.784882128238678,1,1,0,0
driver_top,clean,to_corrupt,v5_qwen35_4b_041,40,22.25,0.8083444833755493,1,1,0.0,0.011511385440826416,8.66982650756836,-0.21790313720703125,22.25,0.7968330979347229,1,1,0,0
driver_top,clean,to_corrupt,v5_qwen35_4b_045,44,22.25,0.8083444833755493,1,1,0.0,0.011511385440826416,8.66982650756836,-0.21790313720703125,22.25,0.7968330979347229,1,1,0,0
driver_top,clean,to_corrupt,v5_qwen35_4b_049,48,22.125,0.78605717420578,1,1,0.0,0.0011750459671020508,8.649867057800293,-0.2337808609008789,22.125,0.784882128238678,1,1,0,0
driver_top,clean,to_corrupt,v5_qwen35_4b_117,116,22.5,0.8299598097801208,1,1,-0.125,-0.01702064275741577,9.226160049438477,-0.23684120178222656,22.625,0.8469804525375366,1,1,0,0
driver_top,clean,to_corrupt,v5_qwen35_4b_137,136,22.5,0.8299598097801208,1,1,-0.125,-0.01702064275741577,9.226160049438477,-0.23684120178222656,22.625,0.8469804525375366,1,1,0,0
driver_top,clean,to_corrupt,v5_qwen35_4b_141,140,22.5,0.8331985473632812,1,1,-0.125,-0.016025960445404053,9.055588722229004,-0.2217855453491211,22.625,0.8492245078086853,1,1,0,0
driver_top,clean,to_corrupt,v5_qwen35_4b_157,156,22.5,0.8264752626419067,1,1,-0.125,-0.01601618528366089,7.845949172973633,-0.22175884246826172,22.625,0.8424914479255676,1,1,0,0
driver_top,clean,to_corrupt,v5_qwen35_4b_227,226,21.75,0.6589241027832031,1,1,-0.125,-0.02717643976211548,6.591109752655029,-0.21800994873046875,21.875,0.6861005425453186,1,1,0,0
driver_top,clean,to_corrupt,v5_qwen35_4b_233,232,21.625,0.6505522131919861,1,1,-0.125,-0.031114161014556885,6.4430131912231445,-0.20003652572631836,21.75,0.681666374206543,1,1,0,0
driver_top,clean,to_corrupt,v5_qwen35_4b_235,234,21.75,0.6589241027832031,1,1,-0.125,-0.02717643976211548,6.591109752655029,-0.21800994873046875,21.875,0.6861005425453186,1,1,0,0
driver_top,clean,to_corrupt,v5_qwen35_4b_248,247,21.75,0.6589241027832031,1,1,-0.125,-0.02717643976211548,6.591109752655029,-0.21800994873046875,21.875,0.6861005425453186,1,1,0,0
driver_top,clean,to_corrupt,v5_qwen35_4b_250,249,21.75,0.6589241027832031,1,1,-0.125,-0.02717643976211548,6.591109752655029,-0.21800994873046875,21.875,0.6861005425453186,1,1,0,0
driver_top,clean,to_corrupt,v5_qwen35_4b_261,260,21.625,0.6507048010826111,1,1,-0.125,-0.030961573123931885,6.446715831756592,-0.1963338851928711,21.75,0.681666374206543,1,1,0,0
driver_top,clean,to_corrupt,v5_qwen35_4b_274,273,21.75,0.654624342918396,1,1,-0.125,-0.03131777048110962,6.548947334289551,-0.19655179977416992,21.875,0.6859421133995056,1,1,0,0
driver_top,clean,to_corrupt,v5_qwen35_4b_298,297,21.75,0.6743757128715515,1,1,-0.125,-0.01228797435760498,6.6276936531066895,-0.19695520401000977,21.875,0.6866636872291565,1,1,0,0
driver_top,clean,to_corrupt,v5_qwen35_4b_202,201,23.25,0.5740505456924438,1,1,-0.125,-0.004999935626983643,6.738576412200928,-0.026041507720947266,23.375,0.5790504813194275,1,1,0,0
driver_top,clean,to_corrupt,v5_qwen35_4b_221,220,24.625,0.5512977838516235,1,1,0.0,-1.1920928955078125e-06,7.39909029006958,0.010778427124023438,24.625,0.551298975944519,1,1,0,0
driver_top,clean,to_corrupt,v5_qwen35_4b_051,50,23.625,0.5229551792144775,1,1,0.0,-0.0015352368354797363,7.153408050537109,-0.04894828796386719,23.625,0.5244904160499573,1,1,0,0
driver_top,clean,to_corrupt,v5_qwen35_4b_278,277,23.375,0.5658385157585144,1,1,0.0,1.4960765838623047e-05,6.846928119659424,-0.026936054229736328,23.375,0.5658235549926758,1,1,0,0
driver_top,clean,to_corrupt,v5_qwen35_4b_062,61,23.75,0.5492668151855469,1,1,0.0,-0.0009241104125976562,7.319751739501953,-0.036249637603759766,23.75,0.5501909255981445,1,1,0,0
driver_top,clean,to_corrupt,v5_qwen35_4b_068,67,23.75,0.5492668151855469,1,1,0.0,-0.0009241104125976562,7.319751739501953,-0.036249637603759766,23.75,0.5501909255981445,1,1,0,0
driver_top,clean,to_corrupt,v5_qwen35_4b_209,208,23.625,0.4949476718902588,1,1,0.0,-0.00021919608116149902,7.052543640136719,-0.02517843246459961,23.625,0.4951668679714203,1,1,0,0
driver_top,clean,to_corrupt,v5_qwen35_4b_220,219,23.625,0.4949476718902588,1,1,0.0,-0.00021919608116149902,7.052543640136719,-0.02517843246459961,23.625,0.4951668679714203,1,1,0,0
driver_top,clean,to_corrupt,v5_qwen35_4b_225,224,23.625,0.4949476718902588,1,1,0.0,-0.00021919608116149902,7.052543640136719,-0.02517843246459961,23.625,0.4951668679714203,1,1,0,0
driver_top,clean,to_corrupt,v5_qwen35_4b_300,299,23.25,0.538799524307251,1,1,-0.125,-0.03080463409423828,6.911933422088623,-0.03497600555419922,23.375,0.5696041584014893,1,1,0,0
driver_top,clean,to_corrupt,v5_qwen35_4b_293,292,24.75,0.9436984062194824,1,1,0.0,0.00020122528076171875,6.703342914581299,-0.01408529281616211,24.75,0.9434971809387207,1,1,0,0
driver_top,clean,to_corrupt,v5_qwen35_4b_066,65,23.625,0.5456181764602661,1,1,-0.125,-0.027499616146087646,7.043918132781982,-0.05219221115112305,23.75,0.5731177926063538,1,1,0,0
driver_top,clean,to_corrupt,v5_qwen35_4b_197,196,23.375,0.4797247350215912,1,1,0.0,0.0001443028450012207,6.510282516479492,-0.04766368865966797,23.375,0.47958043217658997,1,1,0,0
driver_top,clean,to_corrupt,v5_qwen35_4b_074,73,24.125,0.6419997811317444,1,1,0.0,0.027866125106811523,7.491111755371094,-0.02917957305908203,24.125,0.6141336560249329,1,1,0,0
driver_top,clean,to_corrupt,v5_qwen35_4b_189,188,23.375,0.5356152653694153,1,1,0.0,0.025416135787963867,6.300347805023193,-0.06151294708251953,23.375,0.5101991295814514,1,1,0,0
driver_top,clean,to_corrupt,v5_qwen35_4b_223,222,23.625,0.520030677318573,1,1,-0.125,-0.001507580280303955,7.088202476501465,-0.02936697006225586,23.75,0.521538257598877,1,1,0,0
driver_top,clean,to_corrupt,v5_qwen35_4b_266,265,23.625,0.6292785406112671,1,1,0.0,3.230571746826172e-05,7.08974027633667,-0.03232622146606445,23.625,0.6292462348937988,1,1,0,0
driver_top,clean,to_corrupt,v5_qwen35_4b_287,286,23.125,0.5043440461158752,1,1,0.0,0.003467738628387451,6.88419246673584,-0.029338359832763672,23.125,0.5008763074874878,1,1,0,0
driver_top,clean,to_corrupt,v5_qwen35_4b_058,57,23.375,0.4936649203300476,1,1,-0.125,-0.029376089572906494,6.994044780731201,-0.06777191162109375,23.5,0.5230410099029541,1,1,0,0
driver_top,clean,to_corrupt,v5_qwen35_4b_060,59,23.875,0.5535596013069153,1,1,-0.125,-0.03079622983932495,7.5402398109436035,-0.033019065856933594,24.0,0.5843558311462402,1,1,0,0
driver_top,clean,to_corrupt,v5_qwen35_4b_201,200,23.625,0.5156652927398682,1,1,0.0,0.003244161605834961,6.989197731018066,-0.03254890441894531,23.625,0.5124211311340332,1,1,0,0
driver_top,clean,to_corrupt,v5_qwen35_4b_217,216,23.75,0.5526130199432373,1,1,0.0,-7.271766662597656e-06,6.902045726776123,-0.02749013900756836,23.75,0.5526202917098999,1,1,0,0
driver_top,clean,to_corrupt,v5_qwen35_4b_218,217,23.625,0.5421249866485596,1,1,0.0,0.02539283037185669,6.926388740539551,-0.035587310791015625,23.625,0.5167321562767029,1,1,0,0
driver_top,clean,to_corrupt,v5_qwen35_4b_275,274,23.25,0.5528846979141235,1,1,0.0,0.023552119731903076,6.82396936416626,-0.04046630859375,23.25,0.5293325781822205,1,1,0,0
driver_top,clean,to_corrupt,v5_qwen35_4b_297,296,23.25,0.5594708919525146,1,1,0.0,0.02415752410888672,6.98585844039917,-0.030158042907714844,23.25,0.5353133678436279,1,1,0,0
driver_top,clean,to_corrupt,v5_qwen35_4b_050,49,23.75,0.5837225317955017,1,1,-0.125,-0.02783435583114624,7.372458457946777,-0.03179502487182617,23.875,0.611556887626648,1,1,0,0
driver_top,clean,to_corrupt,v5_qwen35_4b_063,62,23.75,0.5837225317955017,1,1,-0.125,-0.02783435583114624,7.372458457946777,-0.03179502487182617,23.875,0.611556887626648,1,1,0,0
driver_top,clean,to_corrupt,v5_qwen35_4b_067,66,23.75,0.5837225317955017,1,1,-0.125,-0.02783435583114624,7.372458457946777,-0.03179502487182617,23.875,0.611556887626648,1,1,0,0
driver_top,clean,to_corrupt,v5_qwen35_4b_075,74,23.75,0.5837225317955017,1,1,-0.125,-0.02783435583114624,7.372458457946777,-0.03179502487182617,23.875,0.611556887626648,1,1,0,0
driver_top,clean,to_corrupt,v5_qwen35_4b_198,197,23.75,0.5821757912635803,1,1,0.0,0.02550637722015381,7.1468963623046875,-0.043820858001708984,23.75,0.5566694140434265,1,1,0,0
driver_top,clean,to_corrupt,v5_qwen35_4b_219,218,23.75,0.5821288824081421,1,1,0.0,0.028968513011932373,7.229857921600342,-0.027672767639160156,23.75,0.5531603693962097,1,1,0,0
driver_top,clean,to_corrupt,v5_qwen35_4b_253,252,23.25,0.5666469931602478,1,1,0.0,0.0032249093055725098,6.956164836883545,-0.028049468994140625,23.25,0.5634220838546753,1,1,0,0
driver_top,clean,to_corrupt,v5_qwen35_4b_200,199,24.125,0.7628406286239624,1,1,0.0,-1.8477439880371094e-05,8.09267807006836,-0.02538776397705078,24.125,0.7628591060638428,1,1,0,0
driver_top,clean,to_corrupt,v5_qwen35_4b_031,30,23.75,0.6441897749900818,1,1,0.0,-0.0033568143844604492,6.279139041900635,-0.08027839660644531,23.75,0.6475465893745422,1,1,0,0
driver_top,clean,to_corrupt,v5_qwen35_4b_163,162,23.5,0.5874010324478149,1,1,0.0,2.384185791015625e-07,5.820051670074463,-0.0647134780883789,23.5,0.5874007940292358,1,1,0,0
driver_top,clean,to_corrupt,v5_qwen35_4b_184,183,23.25,0.5109935998916626,1,1,-0.125,-0.008516132831573486,6.758023738861084,-0.06299114227294922,23.375,0.5195097327232361,1,1,0,0
driver_top,clean,to_corrupt,v5_qwen35_4b_191,190,23.5,0.58742356300354,1,1,0.0,2.276897430419922e-05,5.822513580322266,-0.06225156784057617,23.5,0.5874007940292358,1,1,0,0
driver_top,clean,to_corrupt,v5_qwen35_4b_192,191,23.5,0.58742356300354,1,1,0.0,2.276897430419922e-05,5.822513580322266,-0.06225156784057617,23.5,0.5874007940292358,1,1,0,0
driver_top,clean,to_corrupt,v5_qwen35_4b_022,21,23.75,0.6703700423240662,1,1,0.0,0.02154684066772461,6.394590377807617,-0.07766342163085938,23.75,0.6488232016563416,1,1,0,0
driver_top,clean,to_corrupt,v5_qwen35_4b_034,33,23.125,0.4999181032180786,1,1,-0.125,-0.027733981609344482,6.134120464324951,-0.0734395980834961,23.25,0.5276520848274231,1,1,0,0
driver_top,clean,to_corrupt,v5_qwen35_4b_061,60,23.75,0.6701818704605103,1,1,0.0,0.0213586688041687,6.404491424560547,-0.06776237487792969,23.75,0.6488232016563416,1,1,0,0
driver_top,clean,to_corrupt,v5_qwen35_4b_069,68,23.125,0.49994146823883057,1,1,-0.125,-0.02771061658859253,6.1414713859558105,-0.06608867645263672,23.25,0.5276520848274231,1,1,0,0
driver_top,clean,to_corrupt,v5_qwen35_4b_162,161,23.625,0.618714451789856,1,1,0.0,0.00010645389556884766,6.078338623046875,-0.06851911544799805,23.625,0.6186079978942871,1,1,0,0
driver_top,clean,to_corrupt,v5_qwen35_4b_165,164,23.375,0.5693722367286682,1,1,0.0,0.02501988410949707,6.100184440612793,-0.06525945663452148,23.375,0.5443523526191711,1,1,0,0
driver_top,clean,to_corrupt,v5_qwen35_4b_176,175,23.625,0.618714451789856,1,1,0.0,0.00010645389556884766,6.078338623046875,-0.06851911544799805,23.625,0.6186079978942871,1,1,0,0
driver_top,clean,to_corrupt,v5_qwen35_4b_177,176,23.625,0.618714451789856,1,1,0.0,0.00010645389556884766,6.078338623046875,-0.06851911544799805,23.625,0.6186079978942871,1,1,0,0
driver_top,clean,to_corrupt,v5_qwen35_4b_211,210,23.625,0.6189407706260681,1,1,0.0,4.839897155761719e-05,6.1825032234191895,-0.05123567581176758,23.625,0.6188923716545105,1,1,0,0
driver_top,clean,to_corrupt,v5_qwen35_4b_246,245,22.5,0.4060909152030945,1,1,0.0,6.026029586791992e-05,5.866449356079102,-0.07818269729614258,22.5,0.40603065490722656,1,1,0,0
driver_top,clean,to_corrupt,v5_qwen35_4b_268,267,22.5,0.40695860981941223,1,1,0.0,0.0009279549121856689,5.887606620788574,-0.05702543258666992,22.5,0.40603065490722656,1,1,0,0
driver_top,clean,to_corrupt,v5_qwen35_4b_032,31,23.75,0.5906161665916443,1,1,0.0,-0.00025081634521484375,6.592329978942871,-0.06142091751098633,23.75,0.5908669829368591,1,1,0,0
driver_top,clean,to_corrupt,v5_qwen35_4b_194,193,23.375,0.537198543548584,1,1,-0.125,-0.005926966667175293,5.989916801452637,-0.05753946304321289,23.5,0.5431255102157593,1,1,0,0
driver_top,clean,to_corrupt,v5_qwen35_4b_195,194,23.625,0.48796260356903076,1,1,0.0,-0.03032076358795166,7.177342414855957,-0.05357980728149414,23.625,0.5182833671569824,1,1,0,0
driver_top,clean,to_corrupt,v5_qwen35_4b_019,18,23.25,0.5208038687705994,1,1,0.0,2.282857894897461e-05,6.401852130889893,-0.07933568954467773,23.25,0.5207810401916504,1,1,0,0
driver_top,clean,to_corrupt,v5_qwen35_4b_056,55,24.25,0.6795616149902344,1,1,0.0,-4.476308822631836e-05,6.640474796295166,-0.05851030349731445,24.25,0.6796063780784607,1,1,0,0
driver_top,clean,to_corrupt,v5_qwen35_4b_057,56,23.875,0.621262788772583,1,1,-0.125,-0.0021262764930725098,6.507170677185059,-0.05414104461669922,24.0,0.6233890652656555,1,1,0,0
driver_top,clean,to_corrupt,v5_qwen35_4b_190,189,24.125,0.6517400145530701,1,1,-0.125,-0.027762293815612793,6.670905590057373,-0.0478057861328125,24.25,0.6795023083686829,1,1,0,0
driver_top,clean,to_corrupt,v5_qwen35_4b_199,198,24.0,0.5979681611061096,1,1,0.0,-0.0005307197570800781,6.673704147338867,-0.04416465759277344,24.0,0.5984988808631897,1,1,0,0
driver_top,clean,to_corrupt,v5_qwen35_4b_240,239,23.75,0.6543803215026855,1,1,0.0,-1.1920928955078125e-06,6.520097255706787,-0.06356573104858398,23.75,0.654381513595581,1,1,0,0
driver_top,clean,to_corrupt,v5_qwen35_4b_279,278,23.625,0.6010706424713135,1,1,0.0,-3.993511199951172e-06,6.461043834686279,-0.047182559967041016,23.625,0.6010746359825134,1,1,0,0
driver_top,clean,to_corrupt,v5_qwen35_4b_173,172,23.375,0.535223662853241,1,1,-0.125,-0.005970954895019531,6.536638259887695,-0.07127761840820312,23.5,0.5411946177482605,1,1,0,0
driver_top,clean,to_corrupt,v5_qwen35_4b_193,192,24.25,0.6740999817848206,1,1,0.0,-7.12275505065918e-05,8.272153854370117,-0.02582263946533203,24.25,0.6741712093353271,1,1,0,0
driver_top,clean,to_corrupt,v5_qwen35_4b_196,195,23.625,0.52376788854599,1,1,0.0,-7.748603820800781e-07,7.345067024230957,-0.041945457458496094,23.625,0.5237686634063721,1,1,0,0
driver_top,clean,to_corrupt,v5_qwen35_4b_207,206,23.375,0.5350492000579834,1,1,0.0,0.00012892484664916992,6.468430995941162,-0.059200286865234375,23.375,0.5349202752113342,1,1,0,0
driver_top,clean,to_corrupt,v5_qwen35_4b_210,209,23.625,0.500978410243988,1,1,0.0,6.496906280517578e-06,7.154373645782471,-0.054060935974121094,23.625,0.5009719133377075,1,1,0,0
driver_top,clean,to_corrupt,v5_qwen35_4b_071,70,23.5,0.6958065032958984,1,1,0.0,-0.0077141523361206055,11.373595237731934,-0.06910991668701172,23.5,0.703520655632019,1,1,0,0
driver_top,clean,to_corrupt,v5_qwen35_4b_170,169,23.375,0.6168310642242432,1,1,0.0,0.0009919404983520508,6.442988872528076,-0.07234716415405273,23.375,0.6158391237258911,1,1,0,0
driver_top,clean,to_corrupt,v5_qwen35_4b_178,177,23.5,0.574855625629425,1,1,-0.125,-0.031039535999298096,6.176917552947998,-0.04623985290527344,23.625,0.6058951616287231,1,1,0,0
driver_top,clean,to_corrupt,v5_qwen35_4b_175,174,22.875,0.4395078122615814,1,0,0.0,-0.00045752525329589844,5.631526470184326,-0.05012178421020508,22.875,0.4399653375148773,1,0,0,0
driver_top,clean,to_corrupt,v5_qwen35_4b_171,170,24.125,0.6975410580635071,1,1,0.0,-4.291534423828125e-06,6.748507499694824,-0.04967212677001953,24.125,0.6975453495979309,1,1,0,0
driver_top,clean,to_corrupt,v5_qwen35_4b_009,8,23.625,0.58185875415802,1,1,0.0,2.0742416381835938e-05,7.351351737976074,-0.0499110221862793,23.625,0.5818380117416382,1,1,0,0
driver_top,clean,to_corrupt,v5_qwen35_4b_052,51,23.75,0.6501044034957886,1,1,0.0,0.002575099468231201,6.15759801864624,-0.050554752349853516,23.75,0.6475293040275574,1,1,0,0
driver_top,clean,to_corrupt,v5_qwen35_4b_076,75,21.125,0.446042537689209,1,1,-0.125,-0.012716442346572876,8.176658630371094,-0.2005767822265625,21.25,0.45875898003578186,1,1,0,0
driver_top,clean,to_corrupt,v5_qwen35_4b_077,76,21.125,0.446042537689209,1,1,-0.125,-0.012716442346572876,8.176658630371094,-0.2005767822265625,21.25,0.45875898003578186,1,1,0,0
driver_top,clean,to_corrupt,v5_qwen35_4b_078,77,21.125,0.446042537689209,1,1,-0.125,-0.012716442346572876,8.176658630371094,-0.2005767822265625,21.25,0.45875898003578186,1,1,0,0
driver_top,clean,to_corrupt,v5_qwen35_4b_079,78,21.125,0.446042537689209,1,1,-0.125,-0.012716442346572876,8.176658630371094,-0.2005767822265625,21.25,0.45875898003578186,1,1,0,0
driver_top,clean,to_corrupt,v5_qwen35_4b_080,79,21.125,0.446042537689209,1,1,-0.125,-0.012716442346572876,8.176658630371094,-0.2005767822265625,21.25,0.45875898003578186,1,1,0,0
driver_top,clean,to_corrupt,v5_qwen35_4b_081,80,21.125,0.446042537689209,1,1,-0.125,-0.012716442346572876,8.176658630371094,-0.2005767822265625,21.25,0.45875898003578186,1,1,0,0
driver_top,clean,to_corrupt,v5_qwen35_4b_082,81,21.125,0.446042537689209,1,1,-0.125,-0.012716442346572876,8.176658630371094,-0.2005767822265625,21.25,0.45875898003578186,1,1,0,0
driver_top,clean,to_corrupt,v5_qwen35_4b_083,82,21.125,0.44776248931884766,1,1,-0.125,-0.01786211133003235,8.171792984008789,-0.1964740753173828,21.25,0.46562460064888,1,1,0,0
driver_top,clean,to_corrupt,v5_qwen35_4b_084,83,21.125,0.44776248931884766,1,1,-0.125,-0.01786211133003235,8.171792984008789,-0.1964740753173828,21.25,0.46562460064888,1,1,0,0
driver_top,clean,to_corrupt,v5_qwen35_4b_087,86,21.125,0.44776248931884766,1,1,-0.125,-0.01786211133003235,8.171792984008789,-0.1964740753173828,21.25,0.46562460064888,1,1,0,0
driver_top,clean,to_corrupt,v5_qwen35_4b_088,87,21.125,0.44776248931884766,1,1,-0.125,-0.01786211133003235,8.171792984008789,-0.1964740753173828,21.25,0.46562460064888,1,1,0,0
driver_top,clean,to_corrupt,v5_qwen35_4b_089,88,21.125,0.44776248931884766,1,1,-0.125,-0.01786211133003235,8.171792984008789,-0.1964740753173828,21.25,0.46562460064888,1,1,0,0
driver_top,clean,to_corrupt,v5_qwen35_4b_090,89,21.125,0.44776248931884766,1,1,-0.125,-0.01786211133003235,8.171792984008789,-0.1964740753173828,21.25,0.46562460064888,1,1,0,0
driver_top,clean,to_corrupt,v5_qwen35_4b_091,90,21.125,0.44776248931884766,1,1,-0.125,-0.01786211133003235,8.171792984008789,-0.1964740753173828,21.25,0.46562460064888,1,1,0,0
driver_top,clean,to_corrupt,v5_qwen35_4b_092,91,21.125,0.44776248931884766,1,1,-0.125,-0.01786211133003235,8.171792984008789,-0.1964740753173828,21.25,0.46562460064888,1,1,0,0
driver_top,clean,to_corrupt,v5_qwen35_4b_093,92,21.125,0.44776248931884766,1,1,-0.125,-0.01786211133003235,8.171792984008789,-0.1964740753173828,21.25,0.46562460064888,1,1,0,0
driver_top,clean,to_corrupt,v5_qwen35_4b_094,93,21.125,0.44776248931884766,1,1,-0.125,-0.01786211133003235,8.171792984008789,-0.1964740753173828,21.25,0.46562460064888,1,1,0,0
driver_top,clean,to_corrupt,v5_qwen35_4b_095,94,21.125,0.44776248931884766,1,1,-0.125,-0.01786211133003235,8.171792984008789,-0.1964740753173828,21.25,0.46562460064888,1,1,0,0
driver_top,clean,to_corrupt,v5_qwen35_4b_096,95,21.125,0.44776248931884766,1,1,-0.125,-0.01786211133003235,8.171792984008789,-0.1964740753173828,21.25,0.46562460064888,1,1,0,0
driver_top,clean,to_corrupt,v5_qwen35_4b_097,96,21.125,0.44776248931884766,1,1,-0.125,-0.01786211133003235,8.171792984008789,-0.1964740753173828,21.25,0.46562460064888,1,1,0,0
driver_top,clean,to_corrupt,v5_qwen35_4b_099,98,21.125,0.44776248931884766,1,1,-0.125,-0.01786211133003235,8.171792984008789,-0.1964740753173828,21.25,0.46562460064888,1,1,0,0
driver_top,clean,to_corrupt,v5_qwen35_4b_100,99,21.125,0.44776248931884766,1,1,-0.125,-0.01786211133003235,8.171792984008789,-0.1964740753173828,21.25,0.46562460064888,1,1,0,0
driver_top,clean,to_corrupt,v5_qwen35_4b_101,100,21.125,0.44776248931884766,1,1,-0.125,-0.01786211133003235,8.171792984008789,-0.1964740753173828,21.25,0.46562460064888,1,1,0,0
driver_top,clean,to_corrupt,v5_qwen35_4b_102,101,21.125,0.44776248931884766,1,1,-0.125,-0.01786211133003235,8.171792984008789,-0.1964740753173828,21.25,0.46562460064888,1,1,0,0
driver_top,clean,to_corrupt,v5_qwen35_4b_103,102,21.125,0.44776248931884766,1,1,-0.125,-0.01786211133003235,8.171792984008789,-0.1964740753173828,21.25,0.46562460064888,1,1,0,0
driver_top,clean,to_corrupt,v5_qwen35_4b_104,103,21.125,0.44776248931884766,1,1,-0.125,-0.01786211133003235,8.171792984008789,-0.1964740753173828,21.25,0.46562460064888,1,1,0,0
driver_top,clean,to_corrupt,v5_qwen35_4b_105,104,21.125,0.44776248931884766,1,1,-0.125,-0.01786211133003235,8.171792984008789,-0.1964740753173828,21.25,0.46562460064888,1,1,0,0
driver_top,clean,to_corrupt,v5_qwen35_4b_106,105,21.125,0.44776248931884766,1,1,-0.125,-0.01786211133003235,8.171792984008789,-0.1964740753173828,21.25,0.46562460064888,1,1,0,0
driver_top,clean,to_corrupt,v5_qwen35_4b_107,106,21.125,0.44776248931884766,1,1,-0.125,-0.01786211133003235,8.171792984008789,-0.1964740753173828,21.25,0.46562460064888,1,1,0,0
driver_top,clean,to_corrupt,v5_qwen35_4b_108,107,21.125,0.44776248931884766,1,1,-0.125,-0.01786211133003235,8.171792984008789,-0.1964740753173828,21.25,0.46562460064888,1,1,0,0
driver_top,clean,to_corrupt,v5_qwen35_4b_109,108,21.125,0.44776248931884766,1,1,-0.125,-0.01786211133003235,8.171792984008789,-0.1964740753173828,21.25,0.46562460064888,1,1,0,0
driver_top,clean,to_corrupt,v5_qwen35_4b_110,109,21.125,0.44776248931884766,1,1,-0.125,-0.01786211133003235,8.171792984008789,-0.1964740753173828,21.25,0.46562460064888,1,1,0,0
driver_top,clean,to_corrupt,v5_qwen35_4b_111,110,21.125,0.44776248931884766,1,1,-0.125,-0.01786211133003235,8.171792984008789,-0.1964740753173828,21.25,0.46562460064888,1,1,0,0
driver_top,clean,to_corrupt,v5_qwen35_4b_112,111,21.125,0.44776248931884766,1,1,-0.125,-0.01786211133003235,8.171792984008789,-0.1964740753173828,21.25,0.46562460064888,1,1,0,0
driver_top,clean,to_corrupt,v5_qwen35_4b_116,115,21.125,0.4477519094944,1,1,-0.125,-0.01787269115447998,8.160697937011719,-0.20756912231445312,21.25,0.46562460064888,1,1,0,0
driver_top,clean,to_corrupt,v5_qwen35_4b_129,128,21.125,0.4477519094944,1,1,-0.125,-0.01787269115447998,8.160697937011719,-0.20756912231445312,21.25,0.46562460064888,1,1,0,0
driver_top,clean,to_corrupt,v5_qwen35_4b_132,131,21.125,0.4477519094944,1,1,-0.125,-0.01787269115447998,8.160697937011719,-0.20756912231445312,21.25,0.46562460064888,1,1,0,0
driver_top,clean,to_corrupt,v5_qwen35_4b_138,137,21.125,0.4477519094944,1,1,-0.125,-0.01787269115447998,8.160697937011719,-0.20756912231445312,21.25,0.46562460064888,1,1,0,0
driver_top,clean,to_corrupt,v5_qwen35_4b_143,142,21.125,0.4477519094944,1,1,-0.125,-0.01787269115447998,8.160697937011719,-0.20756912231445312,21.25,0.46562460064888,1,1,0,0
driver_top,clean,to_corrupt,v5_qwen35_4b_029,28,21.625,0.5599892139434814,1,1,-0.125,-0.030393540859222412,2.667330741882324,-0.05896806716918945,21.75,0.5903827548027039,1,1,0,0
driver_top,clean,to_corrupt,v5_qwen35_4b_086,85,21.375,0.5105736255645752,1,1,-0.125,-0.012205183506011963,8.289159774780273,-0.1915721893310547,21.5,0.5227788090705872,1,1,0,0
driver_top,clean,to_corrupt,v5_qwen35_4b_258,257,26.25,0.9621184468269348,1,1,0.0,3.129243850708008e-05,11.304499626159668,0.036910057067871094,26.25,0.9620871543884277,1,1,0,0
driver_top,clean,to_corrupt,v5_qwen35_4b_252,251,24.375,0.8533260226249695,1,1,0.0,1.5020370483398438e-05,5.478909969329834,-0.05798053741455078,24.375,0.8533110022544861,1,1,0,0
driver_top,clean,to_corrupt,v5_qwen35_4b_006,5,24.75,0.8854317665100098,1,1,0.0,0.00020802021026611328,6.50617790222168,-0.08970785140991211,24.75,0.8852237462997437,1,1,0,0
driver_top,clean,to_corrupt,v5_qwen35_4b_004,3,25.875,0.9042015671730042,1,1,0.0,-1.0132789611816406e-05,11.248621940612793,0.02308368682861328,25.875,0.904211699962616,1,1,0,0
driver_top,clean,to_corrupt,v5_qwen35_4b_154,153,26.25,0.9523869156837463,1,1,0.0,5.066394805908203e-06,11.700342178344727,0.09279155731201172,26.25,0.9523818492889404,1,1,0,0
driver_top,clean,to_corrupt,v5_qwen35_4b_119,118,26.875,0.981837809085846,1,1,0.0,1.430511474609375e-06,11.867271423339844,0.028405189514160156,26.875,0.9818363785743713,1,1,0,0
driver_top,clean,to_corrupt,v5_qwen35_4b_010,9,21.5,0.3540881276130676,1,1,0.0,-0.0016530752182006836,4.3098883628845215,-0.048119544982910156,21.5,0.3557412028312683,1,1,0,0
driver_top,clean,to_corrupt,v5_qwen35_4b_151,150,27.75,0.9963521957397461,1,1,0.0,-3.5762786865234375e-07,11.58735466003418,-0.0016584396362304688,27.75,0.9963525533676147,1,1,0,0
driver_top,clean,to_corrupt,v5_qwen35_4b_289,288,27.375,0.9858605861663818,1,1,0.0,3.5762786865234375e-07,11.375247955322266,0.06599998474121094,27.375,0.9858602285385132,1,1,0,0
driver_top,clean,to_corrupt,v5_qwen35_4b_244,243,25.125,0.9364984631538391,1,1,0.0,-1.6927719116210938e-05,9.929330825805664,0.014620780944824219,25.125,0.9365153908729553,1,1,0,0
driver_top,corrupt,to_clean,v5_qwen35_4b_285,284,19.375,0.030057061463594437,6,0,0.125,0.003445582464337349,-7.966109275817871,0.016160964965820312,19.25,0.026611478999257088,7,0,0,0
driver_top,corrupt,to_clean,v5_qwen35_4b_016,15,15.1875,0.00041129684541374445,37,0,0.125,4.8012909246608615e-05,-12.858171463012695,0.10705757141113281,15.0625,0.00036328393616713583,37,0,0,0
driver_top,corrupt,to_clean,v5_qwen35_4b_036,35,15.75,0.0006029722862876952,24,0,0.0625,3.698148066177964e-05,-14.679529190063477,0.1154336929321289,15.6875,0.0005659908056259155,24,0,0,0
driver_top,corrupt,to_clean,v5_qwen35_4b_085,84,15.125,0.00030461931601166725,30,0,0.125,3.3080956200137734e-05,-13.756739616394043,0.1339244842529297,15.0,0.0002715383598115295,32,0,0,0
driver_top,corrupt,to_clean,v5_qwen35_4b_133,132,15.75,0.000603077991399914,24,0,0.0625,3.70871857739985e-05,-14.653122901916504,0.14183998107910156,15.6875,0.0005659908056259155,24,0,0,0
driver_top,corrupt,to_clean,v5_qwen35_4b_147,146,15.75,0.000603077991399914,24,0,0.0625,3.70871857739985e-05,-14.653122901916504,0.14183998107910156,15.6875,0.0005659908056259155,24,0,0,0
driver_top,corrupt,to_clean,v5_qwen35_4b_260,259,17.25,0.005355658009648323,13,0,0.125,0.0006275689229369164,-13.003707885742188,0.10377788543701172,17.125,0.004728089086711407,13,0,0,0
driver_top,corrupt,to_clean,v5_qwen35_4b_263,262,16.75,0.0028674656059592962,13,0,0.125,0.00032632844522595406,-13.926761627197266,0.09782981872558594,16.625,0.002541137160733342,13,0,0,0
driver_top,corrupt,to_clean,v5_qwen35_4b_296,295,17.25,0.005509073380380869,13,0,0.0,-1.7446931451559067e-05,-12.843812942504883,0.10449600219726562,17.25,0.005526520311832428,13,0,0,0
driver_top,corrupt,to_clean,v5_qwen35_4b_040,39,16.125,0.001621961360797286,18,0,0.125,0.0001883348450064659,-11.210692405700684,0.16245555877685547,16.0,0.0014336265157908201,19,0,0,0
driver_top,corrupt,to_clean,v5_qwen35_4b_054,53,17.375,0.010791498236358166,9,0,0.0,2.4872832000255585e-05,-9.860547065734863,0.16225337982177734,17.375,0.01076662540435791,9,0,0,0
driver_top,corrupt,to_clean,v5_qwen35_4b_229,228,16.125,0.0016221095575019717,18,0,0.125,0.0001884830417111516,-11.214838027954102,0.1583099365234375,16.0,0.0014336265157908201,19,0,0,0
driver_top,corrupt,to_clean,v5_qwen35_4b_047,46,17.125,0.0018259540665894747,13,0,0.125,0.00021370593458414078,-5.697526454925537,0.08894109725952148,17.0,0.001612248132005334,14,0,0,0
driver_top,corrupt,to_clean,v5_qwen35_4b_271,270,19.375,0.024129187688231468,8,0,0.0,1.7683953046798706e-05,-10.9854154586792,-0.0029344558715820312,19.375,0.02411150373518467,8,0,0,0
driver_top,corrupt,to_clean,v5_qwen35_4b_039,38,16.625,0.0005079316324554384,14,0,0.125,5.922233685851097e-05,-9.622062683105469,0.08983039855957031,16.5,0.0004487092955969274,14,0,0,0
driver_top,corrupt,to_clean,v5_qwen35_4b_215,214,19.375,0.029891910031437874,5,0,0.125,0.0034492649137973785,-7.544119834899902,0.07923507690429688,19.25,0.026442645117640495,7,0,0,0
driver_top,corrupt,to_clean,v5_qwen35_4b_245,244,15.25,0.00032453611493110657,22,0,0.125,3.6112964153289795e-05,-15.422100067138672,0.10346603393554688,15.125,0.00028842315077781677,22,0,0,0
driver_top,corrupt,to_clean,v5_qwen35_4b_161,160,15.8125,0.00031931832199916244,25,0,0.125,3.63515573553741e-05,-18.481903076171875,0.18407058715820312,15.6875,0.00028296676464378834,26,0,0,0
driver_top,corrupt,to_clean,v5_qwen35_4b_121,120,15.9375,0.0006200195057317615,14,0,0.0625,3.573246067389846e-05,-16.27229881286621,0.1525897979736328,15.875,0.000584287045057863,14,0,0,0
driver_top,corrupt,to_clean,v5_qwen35_4b_181,180,16.0,0.000491014972794801,17,0,0.125,5.68993273191154e-05,-16.90298080444336,0.14623069763183594,15.875,0.0004341156454756856,18,0,0,0
driver_top,corrupt,to_clean,v5_qwen35_4b_259,258,17.5,0.0033902653958648443,9,0,0.125,0.00039681256748735905,-16.068891525268555,0.15865707397460938,17.375,0.0029934528283774853,9,0,0,0
driver_top,corrupt,to_clean,v5_qwen35_4b_283,282,18.0,0.008255371823906898,12,0,0.125,0.001062982715666294,-12.00246810913086,0.06832504272460938,17.875,0.007192389108240604,12,0,0,0
driver_top,corrupt,to_clean,v5_qwen35_4b_272,271,20.25,0.023787831887602806,4,0,0.0,-4.594959318637848e-05,-10.631085395812988,-0.004721641540527344,20.25,0.023833781480789185,4,0,0,0
driver_top,corrupt,to_clean,v5_qwen35_4b_043,42,16.75,0.0010201719123870134,22,0,0.0,1.1491356417536736e-06,-6.975418567657471,0.09469223022460938,16.75,0.0010190227767452598,23,0,0,0
driver_top,corrupt,to_clean,v5_qwen35_4b_166,165,19.375,0.022340497002005577,8,0,0.0,-5.4288655519485474e-05,-8.010470390319824,0.04756641387939453,19.375,0.022394785657525063,7,0,0,0
driver_top,corrupt,to_clean,v5_qwen35_4b_055,54,19.25,0.009319082833826542,5,0,0.125,0.001084519550204277,-14.766910552978516,0.09569263458251953,19.125,0.008234563283622265,6,0,0,0
driver_top,corrupt,to_clean,v5_qwen35_4b_130,129,16.75,0.0008570365025661886,19,0,0.125,0.00010511581785976887,-8.783004760742188,0.11072444915771484,16.625,0.0007519206847064197,20,0,0,0
driver_top,corrupt,to_clean,v5_qwen35_4b_182,181,15.875,0.0003612036816775799,28,0,0.0625,2.4417182430624962e-05,-4.651411056518555,0.08191204071044922,15.8125,0.0003367864992469549,28,0,0,0
driver_top,corrupt,to_clean,v5_qwen35_4b_065,64,18.25,0.013939138501882553,9,0,0.125,0.001563236117362976,-6.494322776794434,0.07987642288208008,18.125,0.012375902384519577,10,0,0,0
driver_top,corrupt,to_clean,v5_qwen35_4b_001,0,17.5,0.005616187583655119,11,0,0.0,8.71298834681511e-06,-3.614478826522827,0.038491249084472656,17.5,0.005607474595308304,11,0,0,0
driver_top,corrupt,to_clean,v5_qwen35_4b_053,52,17.625,0.012032168917357922,8,0,0.125,0.0013959938660264015,-9.4254789352417,0.11704730987548828,17.5,0.01063617505133152,8,0,0,0
driver_top,corrupt,to_clean,v5_qwen35_4b_155,154,15.1875,0.0007246645982377231,29,0,0.0625,3.339856630191207e-05,-10.677652359008789,0.1015625,15.125,0.000691266031935811,29,0,0,0
driver_top,corrupt,to_clean,v5_qwen35_4b_120,119,16.25,0.0017452324973419309,16,0,0.125,0.00021249346900731325,-10.90954875946045,0.13695716857910156,16.125,0.0015327390283346176,18,0,0,0
driver_top,corrupt,to_clean,v5_qwen35_4b_232,231,16.25,0.0017452118918299675,16,0,0.125,0.00021247286349534988,-10.921448707580566,0.12505722045898438,16.125,0.0015327390283346176,18,0,0,0
driver_top,corrupt,to_clean,v5_qwen35_4b_226,225,18.0,0.0017781491624191403,7,0,0.125,0.00020054634660482407,-12.554372787475586,0.09534072875976562,17.875,0.0015776028158143163,7,0,0,0
driver_top,corrupt,to_clean,v5_qwen35_4b_123,122,15.875,0.000829619646538049,17,0,0.125,7.480505155399442e-05,-16.35276222229004,0.25452613830566406,15.75,0.0007548145949840546,18,0,0,0
driver_top,corrupt,to_clean,v5_qwen35_4b_030,29,15.9375,0.0007696911343373358,17,0,0.125,8.653447730466723e-05,-16.439695358276367,0.2296581268310547,15.8125,0.0006831566570326686,18,0,0,0
driver_top,corrupt,to_clean,v5_qwen35_4b_205,204,18.125,0.011634526774287224,6,0,0.125,0.001453694887459278,-14.008415222167969,0.2139873504638672,18.0,0.010180831886827946,7,0,0,0
driver_top,corrupt,to_clean,v5_qwen35_4b_208,207,19.75,0.027650604024529457,4,0,0.125,0.0030978266149759293,-11.57133960723877,0.10359382629394531,19.625,0.024552777409553528,5,0,0,0
driver_top,corrupt,to_clean,v5_qwen35_4b_159,158,15.8125,0.0003013770910911262,23,0,0.125,5.108886398375034e-06,-18.617847442626953,0.1835613250732422,15.6875,0.00029626820469275117,23,0,0,0
driver_top,corrupt,to_clean,v5_qwen35_4b_262,261,18.75,0.012569937855005264,4,0,0.125,0.0012537762522697449,-15.519472122192383,0.1935577392578125,18.625,0.01131616160273552,4,0,0,0
driver_top,corrupt,to_clean,v5_qwen35_4b_281,280,18.75,0.012569937855005264,4,0,0.125,0.0012537762522697449,-15.519472122192383,0.1935577392578125,18.625,0.01131616160273552,4,0,0,0
driver_top,corrupt,to_clean,v5_qwen35_4b_153,152,15.9375,0.0007576388888992369,19,0,0.125,8.772365981712937e-05,-17.17873191833496,0.18755722045898438,15.8125,0.0006699152290821075,19,0,0,0
driver_top,corrupt,to_clean,v5_qwen35_4b_017,16,15.6875,0.0006047977367416024,19,0,0.125,7.212918717414141e-06,-16.556812286376953,0.1761760711669922,15.5625,0.0005975848180241883,19,0,0,0
driver_top,corrupt,to_clean,v5_qwen35_4b_023,22,15.6875,0.0006047977367416024,19,0,0.125,7.212918717414141e-06,-16.556812286376953,0.1761760711669922,15.5625,0.0005975848180241883,19,0,0,0
driver_top,corrupt,to_clean,v5_qwen35_4b_027,26,16.5,0.001375479158014059,13,0,0.0,-0.0001449817791581154,-17.17932891845703,0.1727752685546875,16.5,0.0015204609371721745,13,0,0,0
driver_top,corrupt,to_clean,v5_qwen35_4b_028,27,16.5,0.001375479158014059,13,0,0.0,-0.0001449817791581154,-17.17932891845703,0.1727752685546875,16.5,0.0015204609371721745,13,0,0,0
driver_top,corrupt,to_clean,v5_qwen35_4b_035,34,16.5,0.001375479158014059,13,0,0.0,-0.0001449817791581154,-17.17932891845703,0.1727752685546875,16.5,0.0015204609371721745,13,0,0,0
driver_top,corrupt,to_clean,v5_qwen35_4b_046,45,16.5,0.0016849731327965856,13,0,0.125,0.0002020013052970171,-16.937421798706055,0.16837310791015625,16.375,0.0014829718274995685,13,0,0,0
driver_top,corrupt,to_clean,v5_qwen35_4b_059,58,17.625,0.008584598079323769,4,0,0.125,0.0008918377570807934,-15.307001113891602,0.15860462188720703,17.5,0.007692760322242975,5,0,0,0
driver_top,corrupt,to_clean,v5_qwen35_4b_064,63,17.625,0.008584598079323769,4,0,0.125,0.0008918377570807934,-15.307001113891602,0.15860462188720703,17.5,0.007692760322242975,5,0,0,0
driver_top,corrupt,to_clean,v5_qwen35_4b_113,112,16.625,0.0019089396810159087,13,0,0.25,0.00042596785351634026,-16.93172836303711,0.17406654357910156,16.375,0.0014829718274995685,13,0,0,0
driver_top,corrupt,to_clean,v5_qwen35_4b_118,117,16.625,0.0019089396810159087,13,0,0.25,0.00042596785351634026,-16.93172836303711,0.17406654357910156,16.375,0.0014829718274995685,13,0,0,0
driver_top,corrupt,to_clean,v5_qwen35_4b_149,148,16.625,0.0019089396810159087,13,0,0.25,0.00042596785351634026,-16.93172836303711,0.17406654357910156,16.375,0.0014829718274995685,13,0,0,0
driver_top,corrupt,to_clean,v5_qwen35_4b_152,151,15.25,0.000439049385022372,21,0,0.0625,2.740108175203204e-05,-16.47971534729004,0.1646099090576172,15.1875,0.00041164830327033997,21,0,0,0
driver_top,corrupt,to_clean,v5_qwen35_4b_156,155,15.25,0.000439049385022372,21,0,0.0625,2.740108175203204e-05,-16.47971534729004,0.1646099090576172,15.1875,0.00041164830327033997,21,0,0,0
driver_top,corrupt,to_clean,v5_qwen35_4b_167,166,15.25,0.000439049385022372,21,0,0.0625,2.740108175203204e-05,-16.47971534729004,0.1646099090576172,15.1875,0.00041164830327033997,21,0,0,0
driver_top,corrupt,to_clean,v5_qwen35_4b_172,171,15.5625,0.0005956170498393476,19,0,0.0625,3.5642937291413546e-05,-16.590234756469727,0.16027259826660156,15.5,0.0005599741125479341,19,0,0,0
driver_top,corrupt,to_clean,v5_qwen35_4b_234,233,16.25,0.001304496661759913,14,0,0.125,0.0001306285848841071,-16.997777938842773,0.1864604949951172,16.125,0.0011738680768758059,14,0,0,0
driver_top,corrupt,to_clean,v5_qwen35_4b_243,242,16.625,0.0019088889239355922,13,0,0.25,0.0004259170964360237,-16.94294548034668,0.16284942626953125,16.375,0.0014829718274995685,13,0,0,0
driver_top,corrupt,to_clean,v5_qwen35_4b_251,250,16.625,0.0019088889239355922,13,0,0.25,0.0004259170964360237,-16.94294548034668,0.16284942626953125,16.375,0.0014829718274995685,13,0,0,0
driver_top,corrupt,to_clean,v5_qwen35_4b_254,253,17.625,0.008573586121201515,4,0,0.125,0.00088082579895854,-15.302000045776367,0.1636056900024414,17.5,0.007692760322242975,5,0,0,0
driver_top,corrupt,to_clean,v5_qwen35_4b_255,254,17.625,0.008573586121201515,4,0,0.125,0.00088082579895854,-15.302000045776367,0.1636056900024414,17.5,0.007692760322242975,5,0,0,0
driver_top,corrupt,to_clean,v5_qwen35_4b_264,263,17.375,0.00663506705313921,8,0,0.0,-9.974278509616852e-05,-15.17564582824707,0.1640768051147461,17.375,0.006734809838235378,8,0,0,0
driver_top,corrupt,to_clean,v5_qwen35_4b_273,272,17.5,0.008449251763522625,6,0,0.125,0.0009699678048491478,-15.288434982299805,0.15398883819580078,17.375,0.007479283958673477,6,0,0,0
driver_top,corrupt,to_clean,v5_qwen35_4b_290,289,17.75,0.010894952341914177,4,0,0.25,0.0023770425468683243,-15.33598518371582,0.16297245025634766,17.5,0.008517909795045853,4,0,0,0
driver_top,corrupt,to_clean,v5_qwen35_4b_267,266,17.625,0.0035660082940012217,6,0,0.125,0.00041551655158400536,-16.849990844726562,0.19813919067382812,17.5,0.0031504917424172163,7,0,0,0
driver_top,corrupt,to_clean,v5_qwen35_4b_148,147,15.75,0.00043918320443481207,14,0,0.1875,7.471258868463337e-05,-17.881351470947266,0.1831798553466797,15.5625,0.0003644706157501787,16,0,0,0
driver_top,corrupt,to_clean,v5_qwen35_4b_180,179,14.625,0.00011734072177205235,35,0,0.125,2.52234167419374e-06,-18.642173767089844,0.15983200073242188,14.5,0.00011481838009785861,35,0,0,0
driver_top,corrupt,to_clean,v5_qwen35_4b_072,71,19.125,0.04567243158817291,5,0,0.0,-0.00015672296285629272,-7.663760185241699,-0.011777400970458984,19.125,0.045829154551029205,5,0,0,0
driver_top,corrupt,to_clean,v5_qwen35_4b_073,72,19.625,0.02325645461678505,5,0,0.0,-0.0007822662591934204,-9.388629913330078,0.08241844177246094,19.625,0.02403872087597847,5,0,0,0
driver_top,corrupt,to_clean,v5_qwen35_4b_270,269,19.75,0.10607827454805374,4,0,0.125,0.011374346911907196,-6.691720008850098,0.07528352737426758,19.625,0.09470392763614655,5,0,0,0
driver_top,corrupt,to_clean,v5_qwen35_4b_038,37,18.0,0.0031243707053363323,10,0,0.125,0.00036579370498657227,-9.85107707977295,0.1006011962890625,17.875,0.00275857700034976,10,0,0,0
driver_top,corrupt,to_clean,v5_qwen35_4b_204,203,20.625,0.046280257403850555,4,0,0.0,2.4810433387756348e-06,-6.426450252532959,0.0325770378112793,20.625,0.04627777636051178,4,0,0,0
driver_top,corrupt,to_clean,v5_qwen35_4b_007,6,16.375,0.00061315594939515,23,0,0.125,6.556400330737233e-05,-17.702423095703125,0.17820358276367188,16.25,0.0005475919460877776,24,0,0,0
driver_top,corrupt,to_clean,v5_qwen35_4b_014,13,16.375,0.00061315594939515,23,0,0.125,6.556400330737233e-05,-17.702423095703125,0.17820358276367188,16.25,0.0005475919460877776,24,0,0,0
driver_top,corrupt,to_clean,v5_qwen35_4b_018,17,16.375,0.00061315594939515,23,0,0.125,6.556400330737233e-05,-17.702423095703125,0.17820358276367188,16.25,0.0005475919460877776,24,0,0,0
driver_top,corrupt,to_clean,v5_qwen35_4b_020,19,16.375,0.00061315594939515,23,0,0.125,6.556400330737233e-05,-17.702423095703125,0.17820358276367188,16.25,0.0005475919460877776,24,0,0,0
driver_top,corrupt,to_clean,v5_qwen35_4b_021,20,16.375,0.00061315594939515,23,0,0.125,6.556400330737233e-05,-17.702423095703125,0.17820358276367188,16.25,0.0005475919460877776,24,0,0,0
driver_top,corrupt,to_clean,v5_qwen35_4b_024,23,16.375,0.00061315594939515,23,0,0.125,6.556400330737233e-05,-17.702423095703125,0.17820358276367188,16.25,0.0005475919460877776,24,0,0,0
driver_top,corrupt,to_clean,v5_qwen35_4b_025,24,16.625,0.0008818610804155469,18,0,0.125,0.00017330452101305127,-17.700143814086914,0.1902027130126953,16.5,0.0007085565594024956,19,0,0,0
driver_top,corrupt,to_clean,v5_qwen35_4b_098,97,16.625,0.0008014487102627754,18,0,0.125,9.28921508602798e-05,-17.70380973815918,0.1865367889404297,16.5,0.0007085565594024956,19,0,0,0
driver_top,corrupt,to_clean,v5_qwen35_4b_114,113,16.875,0.0011474647326394916,10,0,0.125,0.00014887412544339895,-17.451683044433594,0.20812034606933594,16.75,0.0009985906071960926,11,0,0,0
driver_top,corrupt,to_clean,v5_qwen35_4b_128,127,16.875,0.0011474647326394916,10,0,0.125,0.00014887412544339895,-17.451683044433594,0.20812034606933594,16.75,0.0009985906071960926,11,0,0,0
driver_top,corrupt,to_clean,v5_qwen35_4b_131,130,16.875,0.0011474647326394916,10,0,0.125,0.00014887412544339895,-17.451683044433594,0.20812034606933594,16.75,0.0009985906071960926,11,0,0,0
driver_top,corrupt,to_clean,v5_qwen35_4b_135,134,16.875,0.0011474647326394916,10,0,0.125,0.00014887412544339895,-17.451683044433594,0.20812034606933594,16.75,0.0009985906071960926,11,0,0,0
driver_top,corrupt,to_clean,v5_qwen35_4b_136,135,16.875,0.0011474647326394916,10,0,0.125,0.00014887412544339895,-17.451683044433594,0.20812034606933594,16.75,0.0009985906071960926,11,0,0,0
driver_top,corrupt,to_clean,v5_qwen35_4b_144,143,16.875,0.0011474647326394916,10,0,0.125,0.00014887412544339895,-17.451683044433594,0.20812034606933594,16.75,0.0009985906071960926,11,0,0,0
driver_top,corrupt,to_clean,v5_qwen35_4b_145,144,16.875,0.0011474647326394916,10,0,0.125,0.00014887412544339895,-17.451683044433594,0.20812034606933594,16.75,0.0009985906071960926,11,0,0,0
driver_top,corrupt,to_clean,v5_qwen35_4b_160,159,16.625,0.0008016045903787017,17,0,0.125,9.304803097620606e-05,-17.711965560913086,0.17838096618652344,16.5,0.0007085565594024956,19,0,0,0
driver_top,corrupt,to_clean,v5_qwen35_4b_164,163,16.625,0.0008016045903787017,17,0,0.125,9.304803097620606e-05,-17.711965560913086,0.17838096618652344,16.5,0.0007085565594024956,19,0,0,0
driver_top,corrupt,to_clean,v5_qwen35_4b_169,168,16.625,0.0008016045903787017,17,0,0.125,9.304803097620606e-05,-17.711965560913086,0.17838096618652344,16.5,0.0007085565594024956,19,0,0,0
driver_top,corrupt,to_clean,v5_qwen35_4b_174,173,16.625,0.0008016045903787017,17,0,0.125,9.304803097620606e-05,-17.711965560913086,0.17838096618652344,16.5,0.0007085565594024956,19,0,0,0
driver_top,corrupt,to_clean,v5_qwen35_4b_187,186,16.625,0.0008016045903787017,17,0,0.125,9.304803097620606e-05,-17.711965560913086,0.17838096618652344,16.5,0.0007085565594024956,19,0,0,0
driver_top,corrupt,to_clean,v5_qwen35_4b_188,187,16.625,0.0008016045903787017,17,0,0.125,9.304803097620606e-05,-17.711965560913086,0.17838096618652344,16.5,0.0007085565594024956,19,0,0,0
driver_top,corrupt,to_clean,v5_qwen35_4b_213,212,18.125,0.007569057401269674,7,0,0.125,0.0008811457082629204,-15.898092269897461,0.1893768310546875,18.0,0.006687911693006754,7,0,0,0
driver_top,corrupt,to_clean,v5_qwen35_4b_214,213,18.125,0.007569057401269674,7,0,0.125,0.0008811457082629204,-15.898092269897461,0.1893768310546875,18.0,0.006687911693006754,7,0,0,0
driver_top,corrupt,to_clean,v5_qwen35_4b_216,215,18.125,0.007569057401269674,7,0,0.125,0.0008811457082629204,-15.898092269897461,0.1893768310546875,18.0,0.006687911693006754,7,0,0,0
driver_top,corrupt,to_clean,v5_qwen35_4b_222,221,18.125,0.007569057401269674,7,0,0.125,0.0008811457082629204,-15.898092269897461,0.1893768310546875,18.0,0.006687911693006754,7,0,0,0
driver_top,corrupt,to_clean,v5_qwen35_4b_224,223,18.125,0.007569057401269674,7,0,0.125,0.0008811457082629204,-15.898092269897461,0.1893768310546875,18.0,0.006687911693006754,7,0,0,0
driver_top,corrupt,to_clean,v5_qwen35_4b_239,238,16.875,0.0011475954670459032,10,0,0.125,0.0001490048598498106,-17.45681381225586,0.2029895782470703,16.75,0.0009985906071960926,11,0,0,0
driver_top,corrupt,to_clean,v5_qwen35_4b_241,240,16.875,0.0011475954670459032,10,0,0.125,0.0001490048598498106,-17.45681381225586,0.2029895782470703,16.75,0.0009985906071960926,11,0,0,0
driver_top,corrupt,to_clean,v5_qwen35_4b_256,255,18.125,0.0075663793832063675,7,0,0.125,0.0008784676901996136,-15.898908615112305,0.18856048583984375,18.0,0.006687911693006754,7,0,0,0
driver_top,corrupt,to_clean,v5_qwen35_4b_269,268,18.125,0.0075663793832063675,7,0,0.125,0.0008784676901996136,-15.898908615112305,0.18856048583984375,18.0,0.006687911693006754,7,0,0,0
driver_top,corrupt,to_clean,v5_qwen35_4b_276,275,18.125,0.007885348983108997,7,0,0.125,0.0009891800582408905,-15.972289085388184,0.18197917938232422,18.0,0.006896168924868107,7,0,0,0
driver_top,corrupt,to_clean,v5_qwen35_4b_277,276,18.125,0.007885348983108997,7,0,0.125,0.0009891800582408905,-15.972289085388184,0.18197917938232422,18.0,0.006896168924868107,7,0,0,0
driver_top,corrupt,to_clean,v5_qwen35_4b_280,279,18.125,0.007885348983108997,7,0,0.125,0.0009891800582408905,-15.972289085388184,0.18197917938232422,18.0,0.006896168924868107,7,0,0,0
driver_top,corrupt,to_clean,v5_qwen35_4b_284,283,18.125,0.007885348983108997,7,0,0.125,0.0009891800582408905,-15.972289085388184,0.18197917938232422,18.0,0.006896168924868107,7,0,0,0
driver_top,corrupt,to_clean,v5_qwen35_4b_288,287,18.125,0.007885348983108997,7,0,0.125,0.0009891800582408905,-15.972289085388184,0.18197917938232422,18.0,0.006896168924868107,7,0,0,0
driver_top,corrupt,to_clean,v5_qwen35_4b_292,291,18.125,0.007885348983108997,7,0,0.125,0.0009891800582408905,-15.972289085388184,0.18197917938232422,18.0,0.006896168924868107,7,0,0,0
driver_top,corrupt,to_clean,v5_qwen35_4b_294,293,18.125,0.007885348983108997,7,0,0.125,0.0009891800582408905,-15.972289085388184,0.18197917938232422,18.0,0.006896168924868107,7,0,0,0
driver_top,corrupt,to_clean,v5_qwen35_4b_002,1,16.25,0.0005587065825238824,26,0,0.125,9.84763028100133e-06,-17.908096313476562,0.19472694396972656,16.125,0.0005488589522428811,26,0,0,0
driver_top,corrupt,to_clean,v5_qwen35_4b_012,11,16.375,0.0006993066053837538,22,0,0.125,8.26703617349267e-05,-17.884967803955078,0.19983291625976562,16.25,0.0006166362436488271,23,0,0,0
driver_top,corrupt,to_clean,v5_qwen35_4b_015,14,16.375,0.0006993066053837538,22,0,0.125,8.26703617349267e-05,-17.884967803955078,0.19983291625976562,16.25,0.0006166362436488271,23,0,0,0
driver_top,corrupt,to_clean,v5_qwen35_4b_037,36,16.875,0.001198185607790947,11,0,0.125,0.00015384901780635118,-17.53754234313965,0.22001075744628906,16.75,0.0010443365899845958,12,0,0,0
driver_top,corrupt,to_clean,v5_qwen35_4b_042,41,16.875,0.001198185607790947,11,0,0.125,0.00015384901780635118,-17.53754234313965,0.22001075744628906,16.75,0.0010443365899845958,12,0,0,0
driver_top,corrupt,to_clean,v5_qwen35_4b_044,43,16.875,0.001198185607790947,11,0,0.125,0.00015384901780635118,-17.53754234313965,0.22001075744628906,16.75,0.0010443365899845958,12,0,0,0
driver_top,corrupt,to_clean,v5_qwen35_4b_115,114,16.875,0.001198200392536819,11,0,0.125,0.0001538638025522232,-17.53255271911621,0.22500038146972656,16.75,0.0010443365899845958,12,0,0,0
driver_top,corrupt,to_clean,v5_qwen35_4b_126,125,16.875,0.001198200392536819,11,0,0.125,0.0001538638025522232,-17.53255271911621,0.22500038146972656,16.75,0.0010443365899845958,12,0,0,0
driver_top,corrupt,to_clean,v5_qwen35_4b_127,126,16.875,0.001198200392536819,11,0,0.125,0.0001538638025522232,-17.53255271911621,0.22500038146972656,16.75,0.0010443365899845958,12,0,0,0
driver_top,corrupt,to_clean,v5_qwen35_4b_134,133,16.875,0.001198200392536819,11,0,0.125,0.0001538638025522232,-17.53255271911621,0.22500038146972656,16.75,0.0010443365899845958,12,0,0,0
driver_top,corrupt,to_clean,v5_qwen35_4b_140,139,16.875,0.001198200392536819,11,0,0.125,0.0001538638025522232,-17.53255271911621,0.22500038146972656,16.75,0.0010443365899845958,12,0,0,0
driver_top,corrupt,to_clean,v5_qwen35_4b_142,141,16.875,0.001198200392536819,11,0,0.125,0.0001538638025522232,-17.53255271911621,0.22500038146972656,16.75,0.0010443365899845958,12,0,0,0
driver_top,corrupt,to_clean,v5_qwen35_4b_146,145,16.875,0.001198200392536819,11,0,0.125,0.0001538638025522232,-17.53255271911621,0.22500038146972656,16.75,0.0010443365899845958,12,0,0,0
driver_top,corrupt,to_clean,v5_qwen35_4b_150,149,16.875,0.001198200392536819,11,0,0.125,0.0001538638025522232,-17.53255271911621,0.22500038146972656,16.75,0.0010443365899845958,12,0,0,0
driver_top,corrupt,to_clean,v5_qwen35_4b_168,167,16.375,0.0007019558106549084,22,0,0.125,8.531956700608134e-05,-17.89912986755371,0.1856708526611328,16.25,0.0006166362436488271,23,0,0,0
driver_top,corrupt,to_clean,v5_qwen35_4b_179,178,16.375,0.0007019558106549084,22,0,0.125,8.531956700608134e-05,-17.89912986755371,0.1856708526611328,16.25,0.0006166362436488271,23,0,0,0
driver_top,corrupt,to_clean,v5_qwen35_4b_183,182,16.375,0.0007019558106549084,22,0,0.125,8.531956700608134e-05,-17.89912986755371,0.1856708526611328,16.25,0.0006166362436488271,23,0,0,0
driver_top,corrupt,to_clean,v5_qwen35_4b_185,184,16.375,0.0007019558106549084,22,0,0.125,8.531956700608134e-05,-17.89912986755371,0.1856708526611328,16.25,0.0006166362436488271,23,0,0,0
driver_top,corrupt,to_clean,v5_qwen35_4b_186,185,16.375,0.0007019558106549084,22,0,0.125,8.531956700608134e-05,-17.89912986755371,0.1856708526611328,16.25,0.0006166362436488271,23,0,0,0
driver_top,corrupt,to_clean,v5_qwen35_4b_242,241,16.875,0.001182913314551115,11,0,0.125,0.00013857672456651926,-17.54892349243164,0.20862960815429688,16.75,0.0010443365899845958,12,0,0,0
driver_top,corrupt,to_clean,v5_qwen35_4b_249,248,16.875,0.001182913314551115,11,0,0.125,0.00013857672456651926,-17.54892349243164,0.20862960815429688,16.75,0.0010443365899845958,12,0,0,0
driver_top,corrupt,to_clean,v5_qwen35_4b_282,281,18.0,0.006329108029603958,8,0,0.125,0.000683976337313652,-16.243030548095703,0.1930980682373047,17.875,0.005645131692290306,8,0,0,0
driver_top,corrupt,to_clean,v5_qwen35_4b_286,285,18.0,0.006329108029603958,8,0,0.125,0.000683976337313652,-16.243030548095703,0.1930980682373047,17.875,0.005645131692290306,8,0,0,0
driver_top,corrupt,to_clean,v5_qwen35_4b_295,294,18.0,0.006329108029603958,8,0,0.125,0.000683976337313652,-16.243030548095703,0.1930980682373047,17.875,0.005645131692290306,8,0,0,0
driver_top,corrupt,to_clean,v5_qwen35_4b_299,298,18.0,0.006329108029603958,8,0,0.125,0.000683976337313652,-16.243030548095703,0.1930980682373047,17.875,0.005645131692290306,8,0,0,0
driver_top,corrupt,to_clean,v5_qwen35_4b_008,7,14.5625,0.0003492369141895324,41,0,0.0625,1.791852992027998e-05,-17.705598831176758,0.18851661682128906,14.5,0.0003313183842692524,43,0,0,0
driver_top,corrupt,to_clean,v5_qwen35_4b_122,121,15.125,0.00045322763617150486,25,0,0.125,5.160571890883148e-05,-18.732255935668945,0.20406341552734375,15.0,0.0004016219172626734,26,0,0,0
driver_top,corrupt,to_clean,v5_qwen35_4b_158,157,14.625,0.00035523175029084086,40,0,0.0625,1.913192681968212e-05,-18.000234603881836,0.18402481079101562,14.5625,0.00033609982347115874,42,0,0,0
driver_top,corrupt,to_clean,v5_qwen35_4b_265,264,17.125,0.005275893956422806,5,0,0.25,0.0012009209021925926,-16.951078414916992,0.18066978454589844,16.875,0.004074973054230213,8,0,0,0
driver_top,corrupt,to_clean,v5_qwen35_4b_003,2,15.6875,0.0006624226807616651,27,0,0.125,2.075504744425416e-05,-18.179744720458984,0.22800254821777344,15.5625,0.000641667633317411,31,0,0,0
driver_top,corrupt,to_clean,v5_qwen35_4b_011,10,15.6875,0.0007590025197714567,24,0,0.125,0.00015168817481026053,-18.242921829223633,0.2276172637939453,15.5625,0.0006073143449611962,29,0,0,0
driver_top,corrupt,to_clean,v5_qwen35_4b_033,32,16.375,0.0016752383671700954,16,0,0.125,0.00019321951549500227,-18.20877456665039,0.2323589324951172,16.25,0.0014820188516750932,18,0,0,0
driver_top,corrupt,to_clean,v5_qwen35_4b_048,47,16.375,0.0016752383671700954,16,0,0.125,0.00019321951549500227,-18.20877456665039,0.2323589324951172,16.25,0.0014820188516750932,18,0,0,0
driver_top,corrupt,to_clean,v5_qwen35_4b_070,69,17.75,0.011337515898048878,5,0,0.25,0.002495836466550827,-16.54660415649414,0.2424945831298828,17.5,0.00884167943149805,5,0,0,0
driver_top,corrupt,to_clean,v5_qwen35_4b_124,123,16.5,0.002062672981992364,15,0,0.125,0.0002377063501626253,-18.124387741088867,0.23056793212890625,16.375,0.0018249666318297386,15,0,0,0
driver_top,corrupt,to_clean,v5_qwen35_4b_125,124,16.5,0.0017804205417633057,17,0,0.125,0.00020999228581786156,-18.084375381469727,0.2279205322265625,16.375,0.001570428255945444,18,0,0,0
driver_top,corrupt,to_clean,v5_qwen35_4b_139,138,16.5,0.0017804205417633057,17,0,0.125,0.00020999228581786156,-18.084375381469727,0.2279205322265625,16.375,0.001570428255945444,18,0,0,0
driver_top,corrupt,to_clean,v5_qwen35_4b_203,202,17.75,0.009717488661408424,5,0,0.125,0.00038517825305461884,-16.43355941772461,0.21625137329101562,17.625,0.009332310408353806,6,0,0,0
driver_top,corrupt,to_clean,v5_qwen35_4b_206,205,17.75,0.011337246745824814,5,0,0.25,0.002495567314326763,-16.56685447692871,0.2222442626953125,17.5,0.00884167943149805,5,0,0,0
driver_top,corrupt,to_clean,v5_qwen35_4b_212,211,17.75,0.009717488661408424,5,0,0.125,0.00038517825305461884,-16.43355941772461,0.21625137329101562,17.625,0.009332310408353806,6,0,0,0
driver_top,corrupt,to_clean,v5_qwen35_4b_228,227,16.5,0.002102590398862958,15,0,0.125,0.00027762376703321934,-18.150001525878906,0.2049541473388672,16.375,0.0018249666318297386,15,0,0,0
driver_top,corrupt,to_clean,v5_qwen35_4b_230,229,16.5,0.002102590398862958,15,0,0.125,0.00027762376703321934,-18.150001525878906,0.2049541473388672,16.375,0.0018249666318297386,15,0,0,0
driver_top,corrupt,to_clean,v5_qwen35_4b_231,230,16.5,0.002102590398862958,15,0,0.125,0.00027762376703321934,-18.150001525878906,0.2049541473388672,16.375,0.0018249666318297386,15,0,0,0
driver_top,corrupt,to_clean,v5_qwen35_4b_236,235,16.5,0.002102590398862958,15,0,0.125,0.00027762376703321934,-18.150001525878906,0.2049541473388672,16.375,0.0018249666318297386,15,0,0,0
driver_top,corrupt,to_clean,v5_qwen35_4b_237,236,16.5,0.002102590398862958,15,0,0.125,0.00027762376703321934,-18.150001525878906,0.2049541473388672,16.375,0.0018249666318297386,15,0,0,0
driver_top,corrupt,to_clean,v5_qwen35_4b_238,237,16.5,0.0017803135560825467,17,0,0.125,0.0002098853001371026,-18.107271194458008,0.20502471923828125,16.375,0.001570428255945444,18,0,0,0
driver_top,corrupt,to_clean,v5_qwen35_4b_247,246,16.5,0.002102590398862958,15,0,0.125,0.00027762376703321934,-18.150001525878906,0.2049541473388672,16.375,0.0018249666318297386,15,0,0,0
driver_top,corrupt,to_clean,v5_qwen35_4b_257,256,17.75,0.011341243050992489,5,0,0.25,0.002499563619494438,-16.581180572509766,0.2079181671142578,17.5,0.00884167943149805,5,0,0,0
driver_top,corrupt,to_clean,v5_qwen35_4b_291,290,17.75,0.011341243050992489,5,0,0.25,0.002499563619494438,-16.581180572509766,0.2079181671142578,17.5,0.00884167943149805,5,0,0,0
driver_top,corrupt,to_clean,v5_qwen35_4b_005,4,15.625,0.0007819686434231699,28,0,0.125,8.766690734773874e-05,-18.18065643310547,0.22813034057617188,15.5,0.0006943017360754311,29,0,0,0
driver_top,corrupt,to_clean,v5_qwen35_4b_013,12,15.6875,0.0008551608771085739,25,0,0.125,0.0001792245893739164,-18.247100830078125,0.2393169403076172,15.5625,0.0006759362877346575,27,0,0,0
driver_top,corrupt,to_clean,v5_qwen35_4b_026,25,16.625,0.0023600480053573847,15,0,0.25,0.0005401450907811522,-18.137313842773438,0.23762893676757812,16.375,0.0018199029145762324,17,0,0,0
driver_top,corrupt,to_clean,v5_qwen35_4b_041,40,16.5,0.0020647963974624872,16,0,0.125,0.00023442041128873825,-18.240474700927734,0.22606277465820312,16.375,0.001830375986173749,19,0,0,0
driver_top,corrupt,to_clean,v5_qwen35_4b_045,44,16.5,0.0020647963974624872,16,0,0.125,0.00023442041128873825,-18.240474700927734,0.22606277465820312,16.375,0.001830375986173749,19,0,0,0
driver_top,corrupt,to_clean,v5_qwen35_4b_049,48,16.625,0.0023600480053573847,15,0,0.25,0.0005401450907811522,-18.137313842773438,0.23762893676757812,16.375,0.0018199029145762324,17,0,0,0
driver_top,corrupt,to_clean,v5_qwen35_4b_117,116,16.5,0.0020892967004328966,15,0,0.125,0.0002693937858566642,-18.14079475402832,0.2341480255126953,16.375,0.0018199029145762324,17,0,0,0
driver_top,corrupt,to_clean,v5_qwen35_4b_137,136,16.5,0.0020892967004328966,15,0,0.125,0.0002693937858566642,-18.14079475402832,0.2341480255126953,16.375,0.0018199029145762324,17,0,0,0
driver_top,corrupt,to_clean,v5_qwen35_4b_141,140,16.5,0.0020965903531759977,16,0,0.125,0.00026621436700224876,-18.23671531677246,0.22982215881347656,16.375,0.001830375986173749,19,0,0,0
driver_top,corrupt,to_clean,v5_qwen35_4b_157,156,15.625,0.0008011542959138751,25,0,0.0625,0.00012521800817921758,-18.268409729003906,0.21800804138183594,15.5625,0.0006759362877346575,27,0,0,0
driver_top,corrupt,to_clean,v5_qwen35_4b_227,226,16.5,0.002089031506329775,15,0,0.125,0.0002691285917535424,-18.159637451171875,0.21530532836914062,16.375,0.0018199029145762324,17,0,0,0
driver_top,corrupt,to_clean,v5_qwen35_4b_233,232,16.5,0.0020561206620186567,16,0,0.125,0.00022574467584490776,-18.255950927734375,0.2105865478515625,16.375,0.001830375986173749,19,0,0,0
driver_top,corrupt,to_clean,v5_qwen35_4b_235,234,16.5,0.002089031506329775,15,0,0.125,0.0002691285917535424,-18.159637451171875,0.21530532836914062,16.375,0.0018199029145762324,17,0,0,0
driver_top,corrupt,to_clean,v5_qwen35_4b_248,247,16.5,0.002089031506329775,15,0,0.125,0.0002691285917535424,-18.159637451171875,0.21530532836914062,16.375,0.0018199029145762324,17,0,0,0
driver_top,corrupt,to_clean,v5_qwen35_4b_250,249,16.5,0.002089031506329775,15,0,0.125,0.0002691285917535424,-18.159637451171875,0.21530532836914062,16.375,0.0018199029145762324,17,0,0,0
driver_top,corrupt,to_clean,v5_qwen35_4b_261,260,17.75,0.011383937671780586,6,0,0.125,0.0005150018259882927,-16.359359741210938,0.2073993682861328,17.625,0.010868935845792294,6,0,0,0
driver_top,corrupt,to_clean,v5_qwen35_4b_274,273,17.625,0.009083276614546776,5,0,0.125,0.0010221879929304123,-16.64240837097168,0.20570755004882812,17.5,0.008061088621616364,5,0,0,0
driver_top,corrupt,to_clean,v5_qwen35_4b_298,297,17.625,0.00995913241058588,6,0,0.125,0.0012397626414895058,-16.65001106262207,0.21877288818359375,17.5,0.008719369769096375,6,0,0,0
driver_top,corrupt,to_clean,v5_qwen35_4b_202,201,20.375,0.09442517161369324,2,0,0.0,-0.00011870265007019043,-6.738846302032471,0.023722171783447266,20.375,0.09454387426376343,2,0,0,0
driver_top,corrupt,to_clean,v5_qwen35_4b_221,220,19.5,0.018715428188443184,5,0,0.0,-0.0006954334676265717,-4.3006696701049805,-0.011710643768310547,19.5,0.019410861656069756,5,0,0,0
driver_top,corrupt,to_clean,v5_qwen35_4b_051,50,19.25,0.031124480068683624,5,0,0.125,0.003468858078122139,-7.2765350341796875,0.043437957763671875,19.125,0.027655621990561485,5,0,0,0
driver_top,corrupt,to_clean,v5_qwen35_4b_278,277,19.375,0.03492412716150284,5,0,0.0,-0.00010258704423904419,-7.05795955657959,0.03268098831176758,19.375,0.03502671420574188,5,0,0,0
driver_top,corrupt,to_clean,v5_qwen35_4b_062,61,19.5,0.035912539809942245,5,0,0.0,-0.0007936879992485046,-7.201838493347168,0.044646263122558594,19.5,0.03670622780919075,5,0,0,0
driver_top,corrupt,to_clean,v5_qwen35_4b_068,67,19.5,0.035912539809942245,5,0,0.0,-0.0007936879992485046,-7.201838493347168,0.044646263122558594,19.5,0.03670622780919075,5,0,0,0
driver_top,corrupt,to_clean,v5_qwen35_4b_209,208,19.5,0.03658077493309975,5,0,0.0,-3.014504909515381e-05,-7.252471923828125,0.028533935546875,19.5,0.0366109199821949,5,0,0,0
driver_top,corrupt,to_clean,v5_qwen35_4b_220,219,19.5,0.03658077493309975,5,0,0.0,-3.014504909515381e-05,-7.252471923828125,0.028533935546875,19.5,0.0366109199821949,5,0,0,0
driver_top,corrupt,to_clean,v5_qwen35_4b_225,224,19.5,0.03658077493309975,5,0,0.0,-3.014504909515381e-05,-7.252471923828125,0.028533935546875,19.5,0.0366109199821949,5,0,0,0
driver_top,corrupt,to_clean,v5_qwen35_4b_300,299,19.625,0.03887749835848808,5,0,0.0,-6.734579801559448e-05,-7.160351276397705,0.031767845153808594,19.625,0.03894484415650368,5,0,0,0
driver_top,corrupt,to_clean,v5_qwen35_4b_293,292,19.5,0.03097265399992466,4,0,0.125,0.003530466929078102,-8.230053901672363,0.0012664794921875,19.375,0.027442187070846558,4,0,0,0
driver_top,corrupt,to_clean,v5_qwen35_4b_066,65,19.375,0.033842749893665314,5,0,0.0,1.8540769815444946e-05,-7.729176044464111,0.051418304443359375,19.375,0.03382420912384987,5,0,0,0
driver_top,corrupt,to_clean,v5_qwen35_4b_197,196,19.375,0.028732696548104286,7,0,0.0,-0.001249084249138832,-6.352445125579834,0.053351402282714844,19.375,0.02998178079724312,7,0,0,0
driver_top,corrupt,to_clean,v5_qwen35_4b_074,73,19.625,0.03739281743764877,5,0,0.0,2.6308000087738037e-05,-7.34542179107666,0.03827810287475586,19.625,0.037366509437561035,5,0,0,0
driver_top,corrupt,to_clean,v5_qwen35_4b_189,188,19.125,0.014722835272550583,7,0,0.0,-8.754432201385498e-06,-6.359550476074219,0.0616297721862793,19.125,0.014731589704751968,7,0,0,0
driver_top,corrupt,to_clean,v5_qwen35_4b_223,222,19.75,0.04774578660726547,5,0,0.125,0.005390852689743042,-7.2782063484191895,0.029222488403320312,19.625,0.04235493391752243,5,0,0,0
driver_top,corrupt,to_clean,v5_qwen35_4b_266,265,19.5,0.038868386298418045,5,0,0.0,-0.0010873973369598389,-7.216264247894287,0.027570247650146484,19.5,0.039955783635377884,5,0,0,0
driver_top,corrupt,to_clean,v5_qwen35_4b_287,286,19.625,0.04234407842159271,5,0,0.0,-1.0855495929718018e-05,-7.27568244934082,0.03174638748168945,19.625,0.04235493391752243,5,0,0,0
driver_top,corrupt,to_clean,v5_qwen35_4b_058,57,19.75,0.03866249695420265,4,0,0.125,0.00445624440908432,-8.397043228149414,0.0631113052368164,19.625,0.03420625254511833,5,0,0,0
driver_top,corrupt,to_clean,v5_qwen35_4b_060,59,19.5,0.03675254434347153,5,0,0.0,1.8164515495300293e-05,-7.132147312164307,0.03707408905029297,19.5,0.03673437982797623,5,0,0,0
driver_top,corrupt,to_clean,v5_qwen35_4b_201,200,19.625,0.04088370501995087,5,0,0.0,-1.290440559387207e-05,-7.384190559387207,0.03391742706298828,19.625,0.04089660942554474,5,0,0,0
driver_top,corrupt,to_clean,v5_qwen35_4b_217,216,19.5,0.035486262291669846,5,0,0.0,-0.0003053806722164154,-7.2506537437438965,0.02016925811767578,19.5,0.03579164296388626,5,0,0,0
driver_top,corrupt,to_clean,v5_qwen35_4b_218,217,19.625,0.040213581174612045,5,0,0.0,0.002403363585472107,-7.437038898468018,0.03833818435668945,19.625,0.03781021758913994,5,0,0,0
driver_top,corrupt,to_clean,v5_qwen35_4b_275,274,19.625,0.037747710943222046,5,0,0.0,-6.250664591789246e-05,-7.437136650085449,0.03824043273925781,19.625,0.03781021758913994,5,0,0,0
driver_top,corrupt,to_clean,v5_qwen35_4b_297,296,19.75,0.047100815922021866,5,0,0.0,0.0008141212165355682,-7.393352508544922,0.03381919860839844,19.75,0.0462866947054863,5,0,0,0
driver_top,corrupt,to_clean,v5_qwen35_4b_050,49,19.625,0.042340975254774094,5,0,0.0,-7.189810276031494e-07,-7.396133899688721,0.042654991149902344,19.625,0.0423416942358017,5,0,0,0
driver_top,corrupt,to_clean,v5_qwen35_4b_063,62,19.625,0.042340975254774094,5,0,0.0,-7.189810276031494e-07,-7.396133899688721,0.042654991149902344,19.625,0.0423416942358017,5,0,0,0
driver_top,corrupt,to_clean,v5_qwen35_4b_067,66,19.625,0.042340975254774094,5,0,0.0,-7.189810276031494e-07,-7.396133899688721,0.042654991149902344,19.625,0.0423416942358017,5,0,0,0
driver_top,corrupt,to_clean,v5_qwen35_4b_075,74,19.625,0.042340975254774094,5,0,0.0,-7.189810276031494e-07,-7.396133899688721,0.042654991149902344,19.625,0.0423416942358017,5,0,0,0
driver_top,corrupt,to_clean,v5_qwen35_4b_198,197,19.875,0.04984459653496742,5,0,0.0,0.002074446529150009,-5.765815258026123,0.032708168029785156,19.875,0.04777015000581741,5,0,0,0
driver_top,corrupt,to_clean,v5_qwen35_4b_219,218,19.625,0.042314138263463974,5,0,0.0,-6.690993905067444e-05,-7.199009895324707,0.030528545379638672,19.625,0.04238104820251465,5,0,0,0
driver_top,corrupt,to_clean,v5_qwen35_4b_253,252,19.625,0.042300231754779816,5,0,0.0,-8.081644773483276e-05,-7.196225643157959,0.03331279754638672,19.625,0.04238104820251465,5,0,0,0
driver_top,corrupt,to_clean,v5_qwen35_4b_200,199,19.875,0.05313459411263466,5,0,0.125,0.005923248827457428,-6.115293979644775,0.020126819610595703,19.75,0.04721134528517723,5,0,0,0
driver_top,corrupt,to_clean,v5_qwen35_4b_031,30,19.375,0.025761140510439873,7,0,0.125,0.0029604770243167877,-6.8844451904296875,0.07669878005981445,19.25,0.022800663486123085,7,0,0,0
driver_top,corrupt,to_clean,v5_qwen35_4b_163,162,19.875,0.04624277353286743,6,0,0.125,0.00594528391957283,-3.940406560897827,0.05722784996032715,19.75,0.0402974896132946,6,0,0,0
driver_top,corrupt,to_clean,v5_qwen35_4b_184,183,20.0,0.050750136375427246,5,0,0.0,-2.8796494007110596e-06,-2.0977072715759277,0.0563654899597168,20.0,0.05075301602482796,5,0,0,0
driver_top,corrupt,to_clean,v5_qwen35_4b_191,190,19.375,0.025763558223843575,7,0,0.125,0.0029628947377204895,-6.903824806213379,0.05731916427612305,19.25,0.022800663486123085,7,0,0,0
driver_top,corrupt,to_clean,v5_qwen35_4b_192,191,19.375,0.025763558223843575,7,0,0.125,0.0029628947377204895,-6.903824806213379,0.05731916427612305,19.25,0.022800663486123085,7,0,0,0
driver_top,corrupt,to_clean,v5_qwen35_4b_022,21,19.75,0.04086330533027649,6,0,0.125,0.004442412406206131,-3.9192395210266113,0.07325959205627441,19.625,0.03642089292407036,6,0,0,0
driver_top,corrupt,to_clean,v5_qwen35_4b_034,33,19.5,0.02447177655994892,7,0,0.125,0.002847740426659584,-6.255207538604736,0.0782938003540039,19.375,0.021624036133289337,7,0,0,0
driver_top,corrupt,to_clean,v5_qwen35_4b_061,60,19.875,0.038204144686460495,4,0,0.125,0.004293717443943024,-8.793524742126465,0.05922222137451172,19.75,0.03391042724251747,4,0,0,0
driver_top,corrupt,to_clean,v5_qwen35_4b_069,68,19.875,0.0334092415869236,4,0,0.0,-0.00021640583872795105,-8.863431930541992,0.0753030776977539,19.875,0.03362564742565155,4,0,0,0
driver_top,corrupt,to_clean,v5_qwen35_4b_162,161,19.625,0.036354780197143555,6,0,0.0,-6.611272692680359e-05,-3.9311561584472656,0.06134295463562012,19.625,0.03642089292407036,6,0,0,0
driver_top,corrupt,to_clean,v5_qwen35_4b_165,164,19.625,0.03047853522002697,7,0,0.0,-0.00016094185411930084,-3.809891939163208,0.06305742263793945,19.625,0.03063947707414627,7,0,0,0
driver_top,corrupt,to_clean,v5_qwen35_4b_176,175,19.625,0.036354780197143555,6,0,0.0,-6.611272692680359e-05,-3.9311561584472656,0.06134295463562012,19.625,0.03642089292407036,6,0,0,0
driver_top,corrupt,to_clean,v5_qwen35_4b_177,176,19.625,0.036354780197143555,6,0,0.0,-6.611272692680359e-05,-3.9311561584472656,0.06134295463562012,19.625,0.03642089292407036,6,0,0,0
driver_top,corrupt,to_clean,v5_qwen35_4b_211,210,19.75,0.03381817787885666,4,0,0.0,-2.7749687433242798e-05,-8.8291597366333,0.043768882751464844,19.75,0.0338459275662899,4,0,0,0
driver_top,corrupt,to_clean,v5_qwen35_4b_246,245,19.375,0.02583511359989643,7,0,0.0,-0.0003225412219762802,-6.7846879959106445,0.07965230941772461,19.375,0.02615765482187271,7,0,0,0
driver_top,corrupt,to_clean,v5_qwen35_4b_268,267,19.75,0.03381230682134628,4,0,0.0,-3.3620744943618774e-05,-8.817752838134766,0.05517578125,19.75,0.0338459275662899,4,0,0,0
driver_top,corrupt,to_clean,v5_qwen35_4b_032,31,19.5,0.026463989168405533,7,0,0.0,-0.0004521310329437256,-5.618514060974121,0.05817604064941406,19.5,0.02691612020134926,7,0,0,0
driver_top,corrupt,to_clean,v5_qwen35_4b_194,193,19.375,0.02408239059150219,7,0,0.0,4.595145583152771e-05,-6.247886657714844,0.062177181243896484,19.375,0.024036439135670662,7,0,0,0
driver_top,corrupt,to_clean,v5_qwen35_4b_195,194,19.5,0.025370288640260696,7,0,0.125,0.0029180385172367096,-5.847276210784912,0.05107879638671875,19.375,0.022452250123023987,7,0,0,0
driver_top,corrupt,to_clean,v5_qwen35_4b_019,18,19.375,0.022626148536801338,7,0,0.125,0.0026221368461847305,-3.760655403137207,0.0857553482055664,19.25,0.020004011690616608,7,0,0,0
driver_top,corrupt,to_clean,v5_qwen35_4b_056,55,19.375,0.01998220942914486,6,0,0.125,0.002156812697649002,-8.775703430175781,0.05665874481201172,19.25,0.017825396731495857,6,0,0,0
driver_top,corrupt,to_clean,v5_qwen35_4b_057,56,19.375,0.01947004534304142,6,0,0.0,-0.00025290995836257935,-8.711761474609375,0.07283592224121094,19.375,0.019722955301404,6,0,0,0
driver_top,corrupt,to_clean,v5_qwen35_4b_190,189,19.375,0.02424938976764679,7,0,0.0,-0.0005950275808572769,-5.287758827209473,0.04589557647705078,19.375,0.024844417348504066,7,0,0,0
driver_top,corrupt,to_clean,v5_qwen35_4b_199,198,19.375,0.022607646882534027,7,0,0.0,-4.8764050006866455e-06,-5.630909442901611,0.05618858337402344,19.375,0.022612523287534714,7,0,0,0
driver_top,corrupt,to_clean,v5_qwen35_4b_240,239,19.375,0.02418357878923416,7,0,0.0,-0.0006608385592699051,-5.281064510345459,0.05258989334106445,19.375,0.024844417348504066,7,0,0,0
driver_top,corrupt,to_clean,v5_qwen35_4b_279,278,19.375,0.019816109910607338,6,0,0.125,0.002017378807067871,-8.734938621520996,0.04344940185546875,19.25,0.017798731103539467,6,0,0,0
driver_top,corrupt,to_clean,v5_qwen35_4b_173,172,19.25,0.019464366137981415,7,0,0.0,-1.1494383215904236e-05,-3.8155360221862793,0.0791170597076416,19.25,0.01947586052119732,7,0,0,0
driver_top,corrupt,to_clean,v5_qwen35_4b_193,192,19.375,0.028822576627135277,6,0,0.0,1.4318153262138367e-05,-4.262267112731934,0.020549774169921875,19.375,0.02880825847387314,6,0,0,0
driver_top,corrupt,to_clean,v5_qwen35_4b_196,195,19.75,0.03641814365983009,5,0,0.0,-7.893890142440796e-05,-5.509382247924805,0.0430912971496582,19.75,0.0364970825612545,5,0,0,0
driver_top,corrupt,to_clean,v5_qwen35_4b_207,206,19.75,0.02628706954419613,5,0,0.0,-0.00011250562965869904,-8.838543891906738,0.06264781951904297,19.75,0.026399575173854828,5,0,0,0
driver_top,corrupt,to_clean,v5_qwen35_4b_210,209,19.625,0.03314034640789032,5,0,0.125,0.0038057975471019745,-7.919670581817627,0.0584101676940918,19.5,0.029334548860788345,5,0,0,0
driver_top,corrupt,to_clean,v5_qwen35_4b_071,70,19.5,0.026964537799358368,5,0,0.125,0.0012451671063899994,-8.122797966003418,0.07495498657226562,19.375,0.02571937069296837,5,0,0,0
driver_top,corrupt,to_clean,v5_qwen35_4b_170,169,19.0,0.025131167843937874,7,0,0.125,0.0038048699498176575,-2.105170965194702,0.0647733211517334,18.875,0.021326297894120216,7,0,0,0
driver_top,corrupt,to_clean,v5_qwen35_4b_178,177,19.875,0.05292455106973648,5,0,0.0,-0.002155900001525879,-3.2331290245056152,0.04840993881225586,19.875,0.05508045107126236,5,0,0,0
driver_top,corrupt,to_clean,v5_qwen35_4b_175,174,19.0,0.01867828704416752,7,0,0.0,3.0094757676124573e-05,-2.4292795658111572,0.06340479850769043,19.0,0.018648192286491394,7,0,0,0
driver_top,corrupt,to_clean,v5_qwen35_4b_171,170,19.875,0.05553068220615387,5,0,0.0,3.028661012649536e-06,-2.824338674545288,0.044257402420043945,19.875,0.05552765354514122,5,0,0,0
driver_top,corrupt,to_clean,v5_qwen35_4b_009,8,19.0,0.01758507825434208,7,0,0.0,5.898997187614441e-05,-2.7531063556671143,0.04089188575744629,19.0,0.017526088282465935,7,0,0,0
driver_top,corrupt,to_clean,v5_qwen35_4b_052,51,20.25,0.04379457235336304,3,0,0.0,-3.6582350730895996e-06,-7.963775634765625,0.04073905944824219,20.25,0.04379823058843613,3,0,0,0
driver_top,corrupt,to_clean,v5_qwen35_4b_076,75,16.0,0.0005152966477908194,28,0,0.125,2.1380255930125713e-05,-12.603862762451172,0.20263957977294922,15.875,0.0004939163918606937,29,0,0,0
driver_top,corrupt,to_clean,v5_qwen35_4b_077,76,16.0,0.0005152966477908194,28,0,0.125,2.1380255930125713e-05,-12.603862762451172,0.20263957977294922,15.875,0.0004939163918606937,29,0,0,0
driver_top,corrupt,to_clean,v5_qwen35_4b_078,77,16.0,0.0005152966477908194,28,0,0.125,2.1380255930125713e-05,-12.603862762451172,0.20263957977294922,15.875,0.0004939163918606937,29,0,0,0
driver_top,corrupt,to_clean,v5_qwen35_4b_079,78,16.0,0.0005152966477908194,28,0,0.125,2.1380255930125713e-05,-12.603862762451172,0.20263957977294922,15.875,0.0004939163918606937,29,0,0,0
driver_top,corrupt,to_clean,v5_qwen35_4b_080,79,16.0,0.0005152966477908194,28,0,0.125,2.1380255930125713e-05,-12.603862762451172,0.20263957977294922,15.875,0.0004939163918606937,29,0,0,0
driver_top,corrupt,to_clean,v5_qwen35_4b_081,80,16.0,0.0005152966477908194,28,0,0.125,2.1380255930125713e-05,-12.603862762451172,0.20263957977294922,15.875,0.0004939163918606937,29,0,0,0
driver_top,corrupt,to_clean,v5_qwen35_4b_082,81,16.0,0.0005152966477908194,28,0,0.125,2.1380255930125713e-05,-12.603862762451172,0.20263957977294922,15.875,0.0004939163918606937,29,0,0,0
driver_top,corrupt,to_clean,v5_qwen35_4b_083,82,16.0,0.0005060601397417486,28,0,0.0625,1.8062215531244874e-05,-12.587224960327148,0.20464611053466797,15.9375,0.0004879979242105037,29,0,0,0
driver_top,corrupt,to_clean,v5_qwen35_4b_084,83,16.0,0.0005060601397417486,28,0,0.0625,1.8062215531244874e-05,-12.587224960327148,0.20464611053466797,15.9375,0.0004879979242105037,29,0,0,0
driver_top,corrupt,to_clean,v5_qwen35_4b_087,86,16.0,0.0005060601397417486,28,0,0.0625,1.8062215531244874e-05,-12.587224960327148,0.20464611053466797,15.9375,0.0004879979242105037,29,0,0,0
driver_top,corrupt,to_clean,v5_qwen35_4b_088,87,16.0,0.0005060601397417486,28,0,0.0625,1.8062215531244874e-05,-12.587224960327148,0.20464611053466797,15.9375,0.0004879979242105037,29,0,0,0
driver_top,corrupt,to_clean,v5_qwen35_4b_089,88,16.0,0.0005060601397417486,28,0,0.0625,1.8062215531244874e-05,-12.587224960327148,0.20464611053466797,15.9375,0.0004879979242105037,29,0,0,0
driver_top,corrupt,to_clean,v5_qwen35_4b_090,89,16.0,0.0005060601397417486,28,0,0.0625,1.8062215531244874e-05,-12.587224960327148,0.20464611053466797,15.9375,0.0004879979242105037,29,0,0,0
driver_top,corrupt,to_clean,v5_qwen35_4b_091,90,16.0,0.0005060601397417486,28,0,0.0625,1.8062215531244874e-05,-12.587224960327148,0.20464611053466797,15.9375,0.0004879979242105037,29,0,0,0
driver_top,corrupt,to_clean,v5_qwen35_4b_092,91,16.0,0.0005060601397417486,28,0,0.0625,1.8062215531244874e-05,-12.587224960327148,0.20464611053466797,15.9375,0.0004879979242105037,29,0,0,0
driver_top,corrupt,to_clean,v5_qwen35_4b_093,92,16.0,0.0005060601397417486,28,0,0.0625,1.8062215531244874e-05,-12.587224960327148,0.20464611053466797,15.9375,0.0004879979242105037,29,0,0,0
driver_top,corrupt,to_clean,v5_qwen35_4b_094,93,16.0,0.0005060601397417486,28,0,0.0625,1.8062215531244874e-05,-12.587224960327148,0.20464611053466797,15.9375,0.0004879979242105037,29,0,0,0
driver_top,corrupt,to_clean,v5_qwen35_4b_095,94,16.0,0.0005060601397417486,28,0,0.0625,1.8062215531244874e-05,-12.587224960327148,0.20464611053466797,15.9375,0.0004879979242105037,29,0,0,0
driver_top,corrupt,to_clean,v5_qwen35_4b_096,95,16.0,0.0005060601397417486,28,0,0.0625,1.8062215531244874e-05,-12.587224960327148,0.20464611053466797,15.9375,0.0004879979242105037,29,0,0,0
driver_top,corrupt,to_clean,v5_qwen35_4b_097,96,16.0,0.0005060601397417486,28,0,0.0625,1.8062215531244874e-05,-12.587224960327148,0.20464611053466797,15.9375,0.0004879979242105037,29,0,0,0
driver_top,corrupt,to_clean,v5_qwen35_4b_099,98,16.0,0.0005060601397417486,28,0,0.0625,1.8062215531244874e-05,-12.587224960327148,0.20464611053466797,15.9375,0.0004879979242105037,29,0,0,0
driver_top,corrupt,to_clean,v5_qwen35_4b_100,99,16.0,0.0005060601397417486,28,0,0.0625,1.8062215531244874e-05,-12.587224960327148,0.20464611053466797,15.9375,0.0004879979242105037,29,0,0,0
driver_top,corrupt,to_clean,v5_qwen35_4b_101,100,16.0,0.0005060601397417486,28,0,0.0625,1.8062215531244874e-05,-12.587224960327148,0.20464611053466797,15.9375,0.0004879979242105037,29,0,0,0
driver_top,corrupt,to_clean,v5_qwen35_4b_102,101,16.0,0.0005060601397417486,28,0,0.0625,1.8062215531244874e-05,-12.587224960327148,0.20464611053466797,15.9375,0.0004879979242105037,29,0,0,0
driver_top,corrupt,to_clean,v5_qwen35_4b_103,102,16.0,0.0005060601397417486,28,0,0.0625,1.8062215531244874e-05,-12.587224960327148,0.20464611053466797,15.9375,0.0004879979242105037,29,0,0,0
driver_top,corrupt,to_clean,v5_qwen35_4b_104,103,16.0,0.0005060601397417486,28,0,0.0625,1.8062215531244874e-05,-12.587224960327148,0.20464611053466797,15.9375,0.0004879979242105037,29,0,0,0
driver_top,corrupt,to_clean,v5_qwen35_4b_105,104,16.0,0.0005060601397417486,28,0,0.0625,1.8062215531244874e-05,-12.587224960327148,0.20464611053466797,15.9375,0.0004879979242105037,29,0,0,0
driver_top,corrupt,to_clean,v5_qwen35_4b_106,105,16.0,0.0005060601397417486,28,0,0.0625,1.8062215531244874e-05,-12.587224960327148,0.20464611053466797,15.9375,0.0004879979242105037,29,0,0,0
driver_top,corrupt,to_clean,v5_qwen35_4b_107,106,16.0,0.0005060601397417486,28,0,0.0625,1.8062215531244874e-05,-12.587224960327148,0.20464611053466797,15.9375,0.0004879979242105037,29,0,0,0
driver_top,corrupt,to_clean,v5_qwen35_4b_108,107,16.0,0.0005060601397417486,28,0,0.0625,1.8062215531244874e-05,-12.587224960327148,0.20464611053466797,15.9375,0.0004879979242105037,29,0,0,0
driver_top,corrupt,to_clean,v5_qwen35_4b_109,108,16.0,0.0005060601397417486,28,0,0.0625,1.8062215531244874e-05,-12.587224960327148,0.20464611053466797,15.9375,0.0004879979242105037,29,0,0,0
driver_top,corrupt,to_clean,v5_qwen35_4b_110,109,16.0,0.0005060601397417486,28,0,0.0625,1.8062215531244874e-05,-12.587224960327148,0.20464611053466797,15.9375,0.0004879979242105037,29,0,0,0
driver_top,corrupt,to_clean,v5_qwen35_4b_111,110,16.0,0.0005060601397417486,28,0,0.0625,1.8062215531244874e-05,-12.587224960327148,0.20464611053466797,15.9375,0.0004879979242105037,29,0,0,0
driver_top,corrupt,to_clean,v5_qwen35_4b_112,111,16.0,0.0005060601397417486,28,0,0.0625,1.8062215531244874e-05,-12.587224960327148,0.20464611053466797,15.9375,0.0004879979242105037,29,0,0,0
driver_top,corrupt,to_clean,v5_qwen35_4b_116,115,16.75,0.0010957372142001987,13,0,0.125,0.00012389564653858542,-15.249099731445312,0.21290302276611328,16.625,0.0009718415676616132,16,0,0,0
driver_top,corrupt,to_clean,v5_qwen35_4b_129,128,16.75,0.0010957372142001987,13,0,0.125,0.00012389564653858542,-15.249099731445312,0.21290302276611328,16.625,0.0009718415676616132,16,0,0,0
driver_top,corrupt,to_clean,v5_qwen35_4b_132,131,16.75,0.0010957372142001987,13,0,0.125,0.00012389564653858542,-15.249099731445312,0.21290302276611328,16.625,0.0009718415676616132,16,0,0,0
driver_top,corrupt,to_clean,v5_qwen35_4b_138,137,16.75,0.0010957372142001987,13,0,0.125,0.00012389564653858542,-15.249099731445312,0.21290302276611328,16.625,0.0009718415676616132,16,0,0,0
driver_top,corrupt,to_clean,v5_qwen35_4b_143,142,16.75,0.0010957372142001987,13,0,0.125,0.00012389564653858542,-15.249099731445312,0.21290302276611328,16.625,0.0009718415676616132,16,0,0,0
driver_top,corrupt,to_clean,v5_qwen35_4b_029,28,17.5,0.009456263855099678,8,0,0.0,0.0003868117928504944,-6.570542812347412,0.06362104415893555,17.5,0.009069452062249184,8,0,0,0
driver_top,corrupt,to_clean,v5_qwen35_4b_086,85,15.875,0.0004928134148940444,29,0,0.125,6.034862599335611e-05,-12.410792350769043,0.19785404205322266,15.75,0.0004324647889006883,30,0,0,0
driver_top,corrupt,to_clean,v5_qwen35_4b_258,257,20.125,0.05645254626870155,4,0,0.0,-0.004479769617319107,-7.46629524230957,-0.03311347961425781,20.125,0.06093231588602066,4,0,0,0
driver_top,corrupt,to_clean,v5_qwen35_4b_252,251,20.25,0.08713508397340775,3,0,0.0,1.1377036571502686e-05,-2.455374240875244,0.055150508880615234,20.25,0.08712370693683624,3,0,0,0
driver_top,corrupt,to_clean,v5_qwen35_4b_006,5,17.5,0.0067285276018083096,11,0,0.0,1.4798715710639954e-06,-3.3262341022491455,0.096038818359375,17.5,0.0067270477302372456,11,0,0,0
driver_top,corrupt,to_clean,v5_qwen35_4b_004,3,16.125,0.0007848663371987641,24,0,-0.125,-0.00010658084647729993,-1.7465190887451172,-0.032872676849365234,16.25,0.000891447183676064,23,0,0,0
driver_top,corrupt,to_clean,v5_qwen35_4b_154,153,15.25,0.0004900317871943116,37,0,-0.0625,-4.519044887274504e-05,-0.8867639303207397,-0.08128190040588379,15.3125,0.0005352222360670567,36,0,0,0
driver_top,corrupt,to_clean,v5_qwen35_4b_119,118,18.5,0.0050600189715623856,8,0,-0.125,-0.0006713620387017727,-7.390779495239258,-0.03290557861328125,18.625,0.005731381010264158,7,0,0,0
driver_top,corrupt,to_clean,v5_qwen35_4b_010,9,16.125,0.0010178147349506617,26,0,0.0,-4.837289452552795e-06,-6.010468006134033,0.04172658920288086,16.125,0.0010226520244032145,26,0,0,0
driver_top,corrupt,to_clean,v5_qwen35_4b_151,150,15.625,0.0008720415062271059,27,0,-0.0625,-5.53152640350163e-05,-4.895416736602783,-0.01400613784790039,15.6875,0.0009273567702621222,26,0,0,0
driver_top,corrupt,to_clean,v5_qwen35_4b_289,288,19.25,0.01722629927098751,5,0,0.0,-6.077811121940613e-06,-8.84746265411377,-0.06855201721191406,19.25,0.01723237708210945,5,0,0,0
driver_top,corrupt,to_clean,v5_qwen35_4b_244,243,18.625,0.05426459386944771,7,0,-0.125,-0.006670605391263962,-0.24059948325157166,-0.018095344305038452,18.75,0.06093519926071167,6,0,0,0
random_layer_matched,clean,to_corrupt,v5_qwen35_4b_285,284,23.125,0.868027925491333,1,1,0.0,0.0,6.340829372406006,0.0,23.125,0.868027925491333,1,1,0,0
random_layer_matched,clean,to_corrupt,v5_qwen35_4b_016,15,21.375,0.5327607989311218,1,1,0.0,0.0,4.806464195251465,0.0,21.375,0.5327607989311218,1,1,0,0
random_layer_matched,clean,to_corrupt,v5_qwen35_4b_036,35,21.375,0.5327607989311218,1,1,0.0,0.0,4.806464195251465,0.0,21.375,0.5327607989311218,1,1,0,0
random_layer_matched,clean,to_corrupt,v5_qwen35_4b_085,84,21.875,0.5881255865097046,1,1,0.0,0.0,3.5359997749328613,0.0,21.875,0.5881255865097046,1,1,0,0
random_layer_matched,clean,to_corrupt,v5_qwen35_4b_133,132,22.0,0.6580666303634644,1,1,0.0,0.0,6.634575843811035,0.0,22.0,0.6580666303634644,1,1,0,0
random_layer_matched,clean,to_corrupt,v5_qwen35_4b_147,146,22.0,0.6580666303634644,1,1,0.0,0.0,6.634575843811035,0.0,22.0,0.6580666303634644,1,1,0,0
random_layer_matched,clean,to_corrupt,v5_qwen35_4b_260,259,22.0,0.6071411967277527,1,1,0.0,0.0,4.728043079376221,0.0,22.0,0.6071411967277527,1,1,0,0
random_layer_matched,clean,to_corrupt,v5_qwen35_4b_263,262,21.625,0.49875107407569885,1,1,0.0,0.0,2.4195754528045654,0.0,21.625,0.49875107407569885,1,1,0,0
random_layer_matched,clean,to_corrupt,v5_qwen35_4b_296,295,22.0,0.6027507781982422,1,1,0.0,0.0,4.818788051605225,0.0,22.0,0.6027507781982422,1,1,0,0
random_layer_matched,clean,to_corrupt,v5_qwen35_4b_040,39,22.625,0.836839497089386,1,1,0.0,0.0,8.388875007629395,0.0,22.625,0.836839497089386,1,1,0,0
random_layer_matched,clean,to_corrupt,v5_qwen35_4b_054,53,22.625,0.836839497089386,1,1,0.0,0.0,8.388875007629395,0.0,22.625,0.836839497089386,1,1,0,0
random_layer_matched,clean,to_corrupt,v5_qwen35_4b_229,228,22.5,0.7781358361244202,1,1,0.0,0.0,8.157364845275879,0.0,22.5,0.7781358361244202,1,1,0,0
random_layer_matched,clean,to_corrupt,v5_qwen35_4b_047,46,22.125,0.3515690565109253,1,1,0.0,0.0,4.173509120941162,0.0,22.125,0.3515690565109253,1,1,0,0
random_layer_matched,clean,to_corrupt,v5_qwen35_4b_271,270,21.875,0.4083273410797119,1,1,0.0,0.0,0.9566552042961121,0.0,21.875,0.4083273410797119,1,1,0,0
random_layer_matched,clean,to_corrupt,v5_qwen35_4b_039,38,22.625,0.3956279158592224,1,1,0.0,0.0,1.241113305091858,0.0,22.625,0.3956279158592224,1,1,0,0
random_layer_matched,clean,to_corrupt,v5_qwen35_4b_215,214,22.625,0.42690324783325195,1,1,0.0,0.0,6.898396968841553,0.0,22.625,0.42690324783325195,1,1,0,0
random_layer_matched,clean,to_corrupt,v5_qwen35_4b_245,244,21.0,0.3015914261341095,1,1,0.0,0.0,0.9770995378494263,0.0,21.0,0.3015914261341095,1,1,0,0
random_layer_matched,clean,to_corrupt,v5_qwen35_4b_161,160,23.125,0.8267270922660828,1,1,0.0,0.0,9.11482048034668,0.0,23.125,0.8267270922660828,1,1,0,0
random_layer_matched,clean,to_corrupt,v5_qwen35_4b_121,120,23.5,0.9009526371955872,1,1,0.0,0.0,6.231161117553711,0.0,23.5,0.9009526371955872,1,1,0,0
random_layer_matched,clean,to_corrupt,v5_qwen35_4b_181,180,23.25,0.801188588142395,1,1,0.0,0.0,7.146481990814209,0.0,23.25,0.801188588142395,1,1,0,0
random_layer_matched,clean,to_corrupt,v5_qwen35_4b_259,258,22.75,0.692902684211731,1,1,0.0,0.0,6.734951019287109,0.0,22.75,0.692902684211731,1,1,0,0
random_layer_matched,clean,to_corrupt,v5_qwen35_4b_283,282,22.125,0.4484504461288452,1,1,0.0,0.0,2.9115633964538574,0.0,22.125,0.4484504461288452,1,1,0,0
random_layer_matched,clean,to_corrupt,v5_qwen35_4b_272,271,24.0,0.7461154460906982,1,1,0.0,0.0,1.8091720342636108,0.0,24.0,0.7461154460906982,1,1,0,0
random_layer_matched,clean,to_corrupt,v5_qwen35_4b_043,42,23.375,0.6816797852516174,1,1,0.0,0.0,9.859579086303711,0.0,23.375,0.6816797852516174,1,1,0,0
random_layer_matched,clean,to_corrupt,v5_qwen35_4b_166,165,23.0,0.5890931487083435,1,1,0.0,0.0,-1.2296777963638306,0.0,23.0,0.5890931487083435,1,1,0,0
random_layer_matched,clean,to_corrupt,v5_qwen35_4b_055,54,23.0,0.5728543996810913,1,1,0.0,0.0,0.6995531320571899,0.0,23.0,0.5728543996810913,1,1,0,0
random_layer_matched,clean,to_corrupt,v5_qwen35_4b_130,129,22.125,0.5262081623077393,1,1,0.0,0.0,7.063748836517334,0.0,22.125,0.5262081623077393,1,1,0,0
random_layer_matched,clean,to_corrupt,v5_qwen35_4b_182,181,22.25,0.4269655644893646,1,1,0.0,0.0,5.98169469833374,0.0,22.25,0.4269655644893646,1,1,0,0
random_layer_matched,clean,to_corrupt,v5_qwen35_4b_065,64,21.25,0.324392706155777,1,1,0.0,0.0,4.534552574157715,0.0,21.25,0.324392706155777,1,1,0,0
random_layer_matched,clean,to_corrupt,v5_qwen35_4b_001,0,23.375,0.755933403968811,1,1,0.0,0.0,8.11766529083252,0.0,23.375,0.755933403968811,1,1,0,0
random_layer_matched,clean,to_corrupt,v5_qwen35_4b_053,52,22.375,0.7935073375701904,1,1,0.0,0.0,9.156501770019531,0.0,22.375,0.7935073375701904,1,1,0,0
random_layer_matched,clean,to_corrupt,v5_qwen35_4b_155,154,22.5,0.827477753162384,1,1,0.0,0.0,7.775033473968506,0.0,22.5,0.827477753162384,1,1,0,0
random_layer_matched,clean,to_corrupt,v5_qwen35_4b_120,119,22.625,0.8513778448104858,1,1,0.0,0.0,9.420694351196289,0.0,22.625,0.8513778448104858,1,1,0,0
random_layer_matched,clean,to_corrupt,v5_qwen35_4b_232,231,22.625,0.8315327763557434,1,1,0.0,0.0,7.850680828094482,0.0,22.625,0.8315327763557434,1,1,0,0
random_layer_matched,clean,to_corrupt,v5_qwen35_4b_226,225,23.75,0.7683325409889221,1,1,0.0,0.0,2.984330654144287,0.0,23.75,0.7683325409889221,1,1,0,0
random_layer_matched,clean,to_corrupt,v5_qwen35_4b_123,122,22.625,0.7813720107078552,1,1,0.0,0.0,8.234439849853516,0.0,22.625,0.7813720107078552,1,1,0,0
random_layer_matched,clean,to_corrupt,v5_qwen35_4b_030,29,21.875,0.6110681295394897,1,1,0.0,0.0,6.4111714363098145,0.0,21.875,0.6110681295394897,1,1,0,0
random_layer_matched,clean,to_corrupt,v5_qwen35_4b_205,204,22.0,0.6770807504653931,1,1,0.0,0.0,5.847954273223877,0.0,22.0,0.6770807504653931,1,1,0,0
random_layer_matched,clean,to_corrupt,v5_qwen35_4b_208,207,22.5,0.43391042947769165,1,1,0.0,0.0,4.924727439880371,0.0,22.5,0.43391042947769165,1,1,0,0
random_layer_matched,clean,to_corrupt,v5_qwen35_4b_159,158,24.0,0.9109471440315247,1,1,0.0,0.0,9.328404426574707,0.0,24.0,0.9109471440315247,1,1,0,0
random_layer_matched,clean,to_corrupt,v5_qwen35_4b_262,261,23.5,0.8705437779426575,1,1,0.0,0.0,8.231148719787598,0.0,23.5,0.8705437779426575,1,1,0,0
random_layer_matched,clean,to_corrupt,v5_qwen35_4b_281,280,23.5,0.8705437779426575,1,1,0.0,0.0,8.231148719787598,0.0,23.5,0.8705437779426575,1,1,0,0
random_layer_matched,clean,to_corrupt,v5_qwen35_4b_153,152,23.0,0.8755233287811279,1,1,0.0,0.0,6.786889553070068,0.0,23.0,0.8755233287811279,1,1,0,0
random_layer_matched,clean,to_corrupt,v5_qwen35_4b_017,16,22.375,0.7789736986160278,1,1,0.0,0.0,4.985441207885742,0.0,22.375,0.7789736986160278,1,1,0,0
random_layer_matched,clean,to_corrupt,v5_qwen35_4b_023,22,22.375,0.7789736986160278,1,1,0.0,0.0,4.985441207885742,0.0,22.375,0.7789736986160278,1,1,0,0
random_layer_matched,clean,to_corrupt,v5_qwen35_4b_027,26,22.375,0.7789736986160278,1,1,0.0,0.0,4.985441207885742,0.0,22.375,0.7789736986160278,1,1,0,0
random_layer_matched,clean,to_corrupt,v5_qwen35_4b_028,27,22.375,0.7789736986160278,1,1,0.0,0.0,4.985441207885742,0.0,22.375,0.7789736986160278,1,1,0,0
random_layer_matched,clean,to_corrupt,v5_qwen35_4b_035,34,22.375,0.7789736986160278,1,1,0.0,0.0,4.985441207885742,0.0,22.375,0.7789736986160278,1,1,0,0
random_layer_matched,clean,to_corrupt,v5_qwen35_4b_046,45,22.25,0.7595245838165283,1,1,0.0,0.0,5.007153034210205,0.0,22.25,0.7595245838165283,1,1,0,0
random_layer_matched,clean,to_corrupt,v5_qwen35_4b_059,58,22.25,0.7595245838165283,1,1,0.0,0.0,5.007153034210205,0.0,22.25,0.7595245838165283,1,1,0,0
random_layer_matched,clean,to_corrupt,v5_qwen35_4b_064,63,22.25,0.7595245838165283,1,1,0.0,0.0,5.007153034210205,0.0,22.25,0.7595245838165283,1,1,0,0
random_layer_matched,clean,to_corrupt,v5_qwen35_4b_113,112,22.875,0.8528915643692017,1,1,0.0,0.0,6.235291481018066,0.0,22.875,0.8528915643692017,1,1,0,0
random_layer_matched,clean,to_corrupt,v5_qwen35_4b_118,117,22.875,0.8528915643692017,1,1,0.0,0.0,6.235291481018066,0.0,22.875,0.8528915643692017,1,1,0,0
random_layer_matched,clean,to_corrupt,v5_qwen35_4b_149,148,22.875,0.8528915643692017,1,1,0.0,0.0,6.235291481018066,0.0,22.875,0.8528915643692017,1,1,0,0
random_layer_matched,clean,to_corrupt,v5_qwen35_4b_152,151,22.875,0.8644065856933594,1,1,0.0,0.0,5.042660713195801,0.0,22.875,0.8644065856933594,1,1,0,0
random_layer_matched,clean,to_corrupt,v5_qwen35_4b_156,155,22.875,0.8644065856933594,1,1,0.0,0.0,5.042660713195801,0.0,22.875,0.8644065856933594,1,1,0,0
random_layer_matched,clean,to_corrupt,v5_qwen35_4b_167,166,22.875,0.8644065856933594,1,1,0.0,0.0,5.042660713195801,0.0,22.875,0.8644065856933594,1,1,0,0
random_layer_matched,clean,to_corrupt,v5_qwen35_4b_172,171,22.875,0.8547775149345398,1,1,0.0,0.0,5.215580940246582,0.0,22.875,0.8547775149345398,1,1,0,0
random_layer_matched,clean,to_corrupt,v5_qwen35_4b_234,233,22.125,0.7038642168045044,1,1,0.0,0.0,4.759588241577148,0.0,22.125,0.7038642168045044,1,1,0,0
random_layer_matched,clean,to_corrupt,v5_qwen35_4b_243,242,22.25,0.711331307888031,1,1,0.0,0.0,4.498382568359375,0.0,22.25,0.711331307888031,1,1,0,0
random_layer_matched,clean,to_corrupt,v5_qwen35_4b_251,250,22.25,0.711331307888031,1,1,0.0,0.0,4.498382568359375,0.0,22.25,0.711331307888031,1,1,0,0
random_layer_matched,clean,to_corrupt,v5_qwen35_4b_254,253,22.25,0.711331307888031,1,1,0.0,0.0,4.498382568359375,0.0,22.25,0.711331307888031,1,1,0,0
random_layer_matched,clean,to_corrupt,v5_qwen35_4b_255,254,22.25,0.711331307888031,1,1,0.0,0.0,4.498382568359375,0.0,22.25,0.711331307888031,1,1,0,0
random_layer_matched,clean,to_corrupt,v5_qwen35_4b_264,263,22.125,0.7038642168045044,1,1,0.0,0.0,4.759588241577148,0.0,22.125,0.7038642168045044,1,1,0,0
random_layer_matched,clean,to_corrupt,v5_qwen35_4b_273,272,22.25,0.728950560092926,1,1,0.0,0.0,4.754456043243408,0.0,22.25,0.728950560092926,1,1,0,0
random_layer_matched,clean,to_corrupt,v5_qwen35_4b_290,289,22.125,0.6984787583351135,1,1,0.0,0.0,4.640362739562988,0.0,22.125,0.6984787583351135,1,1,0,0
random_layer_matched,clean,to_corrupt,v5_qwen35_4b_267,266,22.375,0.7236942052841187,1,1,0.0,0.0,6.7747697830200195,0.0,22.375,0.7236942052841187,1,1,0,0
random_layer_matched,clean,to_corrupt,v5_qwen35_4b_148,147,23.75,0.9121537208557129,1,1,0.0,0.0,8.448567390441895,0.0,23.75,0.9121537208557129,1,1,0,0
random_layer_matched,clean,to_corrupt,v5_qwen35_4b_180,179,23.25,0.881618857383728,1,1,0.0,0.0,6.206248760223389,0.0,23.25,0.881618857383728,1,1,0,0
random_layer_matched,clean,to_corrupt,v5_qwen35_4b_072,71,22.5,0.7343710660934448,1,1,0.0,0.0,2.5438170433044434,0.0,22.5,0.7343710660934448,1,1,0,0
random_layer_matched,clean,to_corrupt,v5_qwen35_4b_073,72,23.25,0.507707417011261,1,1,0.0,0.0,6.065465927124023,0.0,23.25,0.507707417011261,1,1,0,0
random_layer_matched,clean,to_corrupt,v5_qwen35_4b_270,269,22.5,0.6437909603118896,1,1,0.0,0.0,4.269888877868652,0.0,22.5,0.6437909603118896,1,1,0,0
random_layer_matched,clean,to_corrupt,v5_qwen35_4b_038,37,23.375,0.761567234992981,1,1,0.0,0.0,4.3574395179748535,0.0,23.375,0.761567234992981,1,1,0,0
random_layer_matched,clean,to_corrupt,v5_qwen35_4b_204,203,24.25,0.6695861220359802,1,1,0.0,0.0,6.499528884887695,0.0,24.25,0.6695861220359802,1,1,0,0
random_layer_matched,clean,to_corrupt,v5_qwen35_4b_007,6,23.375,0.8477715849876404,1,1,0.0,0.0,10.344660758972168,0.0,23.375,0.8477715849876404,1,1,0,0
random_layer_matched,clean,to_corrupt,v5_qwen35_4b_014,13,23.375,0.8477715849876404,1,1,0.0,0.0,10.344660758972168,0.0,23.375,0.8477715849876404,1,1,0,0
random_layer_matched,clean,to_corrupt,v5_qwen35_4b_018,17,23.375,0.8477715849876404,1,1,0.0,0.0,10.344660758972168,0.0,23.375,0.8477715849876404,1,1,0,0
random_layer_matched,clean,to_corrupt,v5_qwen35_4b_020,19,23.375,0.8477715849876404,1,1,0.0,0.0,10.344660758972168,0.0,23.375,0.8477715849876404,1,1,0,0
random_layer_matched,clean,to_corrupt,v5_qwen35_4b_021,20,23.375,0.8477715849876404,1,1,0.0,0.0,10.344660758972168,0.0,23.375,0.8477715849876404,1,1,0,0
random_layer_matched,clean,to_corrupt,v5_qwen35_4b_024,23,23.375,0.8477715849876404,1,1,0.0,0.0,10.344660758972168,0.0,23.375,0.8477715849876404,1,1,0,0
random_layer_matched,clean,to_corrupt,v5_qwen35_4b_025,24,23.375,0.860059916973114,1,1,0.0,0.0,10.389490127563477,0.0,23.375,0.860059916973114,1,1,0,0
random_layer_matched,clean,to_corrupt,v5_qwen35_4b_098,97,23.5,0.8704361319541931,1,1,0.0,0.0,10.921586990356445,0.0,23.5,0.8704361319541931,1,1,0,0
random_layer_matched,clean,to_corrupt,v5_qwen35_4b_114,113,23.5,0.8704361319541931,1,1,0.0,0.0,10.921586990356445,0.0,23.5,0.8704361319541931,1,1,0,0
random_layer_matched,clean,to_corrupt,v5_qwen35_4b_128,127,23.5,0.8704361319541931,1,1,0.0,0.0,10.921586990356445,0.0,23.5,0.8704361319541931,1,1,0,0
random_layer_matched,clean,to_corrupt,v5_qwen35_4b_131,130,23.5,0.8704361319541931,1,1,0.0,0.0,10.921586990356445,0.0,23.5,0.8704361319541931,1,1,0,0
random_layer_matched,clean,to_corrupt,v5_qwen35_4b_135,134,23.5,0.8704361319541931,1,1,0.0,0.0,10.921586990356445,0.0,23.5,0.8704361319541931,1,1,0,0
random_layer_matched,clean,to_corrupt,v5_qwen35_4b_136,135,23.5,0.8704361319541931,1,1,0.0,0.0,10.921586990356445,0.0,23.5,0.8704361319541931,1,1,0,0
random_layer_matched,clean,to_corrupt,v5_qwen35_4b_144,143,23.5,0.8704361319541931,1,1,0.0,0.0,10.921586990356445,0.0,23.5,0.8704361319541931,1,1,0,0
random_layer_matched,clean,to_corrupt,v5_qwen35_4b_145,144,23.5,0.8704361319541931,1,1,0.0,0.0,10.921586990356445,0.0,23.5,0.8704361319541931,1,1,0,0
random_layer_matched,clean,to_corrupt,v5_qwen35_4b_160,159,23.25,0.8597337603569031,1,1,0.0,0.0,9.950454711914062,0.0,23.25,0.8597337603569031,1,1,0,0
random_layer_matched,clean,to_corrupt,v5_qwen35_4b_164,163,23.25,0.8597337603569031,1,1,0.0,0.0,9.950454711914062,0.0,23.25,0.8597337603569031,1,1,0,0
random_layer_matched,clean,to_corrupt,v5_qwen35_4b_169,168,23.25,0.8597337603569031,1,1,0.0,0.0,9.950454711914062,0.0,23.25,0.8597337603569031,1,1,0,0
random_layer_matched,clean,to_corrupt,v5_qwen35_4b_174,173,23.25,0.8597337603569031,1,1,0.0,0.0,9.950454711914062,0.0,23.25,0.8597337603569031,1,1,0,0
random_layer_matched,clean,to_corrupt,v5_qwen35_4b_187,186,23.25,0.8597337603569031,1,1,0.0,0.0,9.950454711914062,0.0,23.25,0.8597337603569031,1,1,0,0
random_layer_matched,clean,to_corrupt,v5_qwen35_4b_188,187,23.25,0.8597337603569031,1,1,0.0,0.0,9.950454711914062,0.0,23.25,0.8597337603569031,1,1,0,0
random_layer_matched,clean,to_corrupt,v5_qwen35_4b_213,212,23.25,0.8597337603569031,1,1,0.0,0.0,9.950454711914062,0.0,23.25,0.8597337603569031,1,1,0,0
random_layer_matched,clean,to_corrupt,v5_qwen35_4b_214,213,23.25,0.8597337603569031,1,1,0.0,0.0,9.950454711914062,0.0,23.25,0.8597337603569031,1,1,0,0
random_layer_matched,clean,to_corrupt,v5_qwen35_4b_216,215,23.25,0.8597337603569031,1,1,0.0,0.0,9.950454711914062,0.0,23.25,0.8597337603569031,1,1,0,0
random_layer_matched,clean,to_corrupt,v5_qwen35_4b_222,221,23.25,0.8597337603569031,1,1,0.0,0.0,9.950454711914062,0.0,23.25,0.8597337603569031,1,1,0,0
random_layer_matched,clean,to_corrupt,v5_qwen35_4b_224,223,23.25,0.8597337603569031,1,1,0.0,0.0,9.950454711914062,0.0,23.25,0.8597337603569031,1,1,0,0
random_layer_matched,clean,to_corrupt,v5_qwen35_4b_239,238,23.25,0.8483675122261047,1,1,0.0,0.0,9.33408260345459,0.0,23.25,0.8483675122261047,1,1,0,0
random_layer_matched,clean,to_corrupt,v5_qwen35_4b_241,240,23.25,0.8483675122261047,1,1,0.0,0.0,9.33408260345459,0.0,23.25,0.8483675122261047,1,1,0,0
random_layer_matched,clean,to_corrupt,v5_qwen35_4b_256,255,23.25,0.8483675122261047,1,1,0.0,0.0,9.33408260345459,0.0,23.25,0.8483675122261047,1,1,0,0
random_layer_matched,clean,to_corrupt,v5_qwen35_4b_269,268,23.25,0.8483675122261047,1,1,0.0,0.0,9.33408260345459,0.0,23.25,0.8483675122261047,1,1,0,0
random_layer_matched,clean,to_corrupt,v5_qwen35_4b_276,275,23.25,0.8458855152130127,1,1,0.0,0.0,9.436826705932617,0.0,23.25,0.8458855152130127,1,1,0,0
random_layer_matched,clean,to_corrupt,v5_qwen35_4b_277,276,23.25,0.8458855152130127,1,1,0.0,0.0,9.436826705932617,0.0,23.25,0.8458855152130127,1,1,0,0
random_layer_matched,clean,to_corrupt,v5_qwen35_4b_280,279,23.25,0.8458855152130127,1,1,0.0,0.0,9.436826705932617,0.0,23.25,0.8458855152130127,1,1,0,0
random_layer_matched,clean,to_corrupt,v5_qwen35_4b_284,283,23.25,0.8458855152130127,1,1,0.0,0.0,9.436826705932617,0.0,23.25,0.8458855152130127,1,1,0,0
random_layer_matched,clean,to_corrupt,v5_qwen35_4b_288,287,23.25,0.8458855152130127,1,1,0.0,0.0,9.436826705932617,0.0,23.25,0.8458855152130127,1,1,0,0
random_layer_matched,clean,to_corrupt,v5_qwen35_4b_292,291,23.25,0.8458855152130127,1,1,0.0,0.0,9.436826705932617,0.0,23.25,0.8458855152130127,1,1,0,0
random_layer_matched,clean,to_corrupt,v5_qwen35_4b_294,293,23.25,0.8458855152130127,1,1,0.0,0.0,9.436826705932617,0.0,23.25,0.8458855152130127,1,1,0,0
random_layer_matched,clean,to_corrupt,v5_qwen35_4b_002,1,23.25,0.830682635307312,1,1,0.0,0.0,10.444234848022461,0.0,23.25,0.830682635307312,1,1,0,0
random_layer_matched,clean,to_corrupt,v5_qwen35_4b_012,11,23.25,0.8446982502937317,1,1,0.0,0.0,10.445161819458008,0.0,23.25,0.8446982502937317,1,1,0,0
random_layer_matched,clean,to_corrupt,v5_qwen35_4b_015,14,23.25,0.8446982502937317,1,1,0.0,0.0,10.445161819458008,0.0,23.25,0.8446982502937317,1,1,0,0
random_layer_matched,clean,to_corrupt,v5_qwen35_4b_037,36,23.25,0.8446982502937317,1,1,0.0,0.0,10.445161819458008,0.0,23.25,0.8446982502937317,1,1,0,0
random_layer_matched,clean,to_corrupt,v5_qwen35_4b_042,41,23.25,0.8446982502937317,1,1,0.0,0.0,10.445161819458008,0.0,23.25,0.8446982502937317,1,1,0,0
random_layer_matched,clean,to_corrupt,v5_qwen35_4b_044,43,23.25,0.8446982502937317,1,1,0.0,0.0,10.445161819458008,0.0,23.25,0.8446982502937317,1,1,0,0
random_layer_matched,clean,to_corrupt,v5_qwen35_4b_115,114,23.625,0.883051335811615,1,1,0.0,0.0,10.997964859008789,0.0,23.625,0.883051335811615,1,1,0,0
random_layer_matched,clean,to_corrupt,v5_qwen35_4b_126,125,23.625,0.883051335811615,1,1,0.0,0.0,10.997964859008789,0.0,23.625,0.883051335811615,1,1,0,0
random_layer_matched,clean,to_corrupt,v5_qwen35_4b_127,126,23.625,0.883051335811615,1,1,0.0,0.0,10.997964859008789,0.0,23.625,0.883051335811615,1,1,0,0
random_layer_matched,clean,to_corrupt,v5_qwen35_4b_134,133,23.625,0.883051335811615,1,1,0.0,0.0,10.997964859008789,0.0,23.625,0.883051335811615,1,1,0,0
random_layer_matched,clean,to_corrupt,v5_qwen35_4b_140,139,23.625,0.883051335811615,1,1,0.0,0.0,10.997964859008789,0.0,23.625,0.883051335811615,1,1,0,0
random_layer_matched,clean,to_corrupt,v5_qwen35_4b_142,141,23.625,0.883051335811615,1,1,0.0,0.0,10.997964859008789,0.0,23.625,0.883051335811615,1,1,0,0
random_layer_matched,clean,to_corrupt,v5_qwen35_4b_146,145,23.625,0.883051335811615,1,1,0.0,0.0,10.997964859008789,0.0,23.625,0.883051335811615,1,1,0,0
random_layer_matched,clean,to_corrupt,v5_qwen35_4b_150,149,23.625,0.883051335811615,1,1,0.0,0.0,10.997964859008789,0.0,23.625,0.883051335811615,1,1,0,0
random_layer_matched,clean,to_corrupt,v5_qwen35_4b_168,167,23.25,0.8504926562309265,1,1,0.0,0.0,9.837128639221191,0.0,23.25,0.8504926562309265,1,1,0,0
random_layer_matched,clean,to_corrupt,v5_qwen35_4b_179,178,23.25,0.8504926562309265,1,1,0.0,0.0,9.837128639221191,0.0,23.25,0.8504926562309265,1,1,0,0
random_layer_matched,clean,to_corrupt,v5_qwen35_4b_183,182,23.25,0.8504926562309265,1,1,0.0,0.0,9.837128639221191,0.0,23.25,0.8504926562309265,1,1,0,0
random_layer_matched,clean,to_corrupt,v5_qwen35_4b_185,184,23.25,0.8504926562309265,1,1,0.0,0.0,9.837128639221191,0.0,23.25,0.8504926562309265,1,1,0,0
random_layer_matched,clean,to_corrupt,v5_qwen35_4b_186,185,23.25,0.8504926562309265,1,1,0.0,0.0,9.837128639221191,0.0,23.25,0.8504926562309265,1,1,0,0
random_layer_matched,clean,to_corrupt,v5_qwen35_4b_242,241,23.125,0.8291394710540771,1,1,0.0,0.0,9.174720764160156,0.0,23.125,0.8291394710540771,1,1,0,0
random_layer_matched,clean,to_corrupt,v5_qwen35_4b_249,248,23.125,0.8291394710540771,1,1,0.0,0.0,9.174720764160156,0.0,23.125,0.8291394710540771,1,1,0,0
random_layer_matched,clean,to_corrupt,v5_qwen35_4b_282,281,23.125,0.8291394710540771,1,1,0.0,0.0,9.174720764160156,0.0,23.125,0.8291394710540771,1,1,0,0
random_layer_matched,clean,to_corrupt,v5_qwen35_4b_286,285,23.125,0.8291394710540771,1,1,0.0,0.0,9.174720764160156,0.0,23.125,0.8291394710540771,1,1,0,0
random_layer_matched,clean,to_corrupt,v5_qwen35_4b_295,294,23.125,0.8291394710540771,1,1,0.0,0.0,9.174720764160156,0.0,23.125,0.8291394710540771,1,1,0,0
random_layer_matched,clean,to_corrupt,v5_qwen35_4b_299,298,23.125,0.8291394710540771,1,1,0.0,0.0,9.174720764160156,0.0,23.125,0.8291394710540771,1,1,0,0
random_layer_matched,clean,to_corrupt,v5_qwen35_4b_008,7,21.625,0.698362410068512,1,1,0.0,0.0,7.051823616027832,0.0,21.625,0.698362410068512,1,1,0,0
random_layer_matched,clean,to_corrupt,v5_qwen35_4b_122,121,22.625,0.8396540284156799,1,1,0.0,0.0,8.904227256774902,0.0,22.625,0.8396540284156799,1,1,0,0
random_layer_matched,clean,to_corrupt,v5_qwen35_4b_158,157,22.5,0.8190444111824036,1,1,0.0,0.0,6.848329067230225,0.0,22.5,0.8190444111824036,1,1,0,0
random_layer_matched,clean,to_corrupt,v5_qwen35_4b_265,264,22.0,0.6894187927246094,1,1,0.0,0.0,5.915891170501709,0.0,22.0,0.6894187927246094,1,1,0,0
random_layer_matched,clean,to_corrupt,v5_qwen35_4b_003,2,22.5,0.8190317749977112,1,1,0.0,0.0,9.306245803833008,0.0,22.5,0.8190317749977112,1,1,0,0
random_layer_matched,clean,to_corrupt,v5_qwen35_4b_011,10,22.25,0.8073809146881104,1,1,0.0,0.0,8.792450904846191,0.0,22.25,0.8073809146881104,1,1,0,0
random_layer_matched,clean,to_corrupt,v5_qwen35_4b_033,32,22.25,0.8073809146881104,1,1,0.0,0.0,8.792450904846191,0.0,22.25,0.8073809146881104,1,1,0,0
random_layer_matched,clean,to_corrupt,v5_qwen35_4b_048,47,22.25,0.8073809146881104,1,1,0.0,0.0,8.792450904846191,0.0,22.25,0.8073809146881104,1,1,0,0
random_layer_matched,clean,to_corrupt,v5_qwen35_4b_070,69,22.25,0.7905676364898682,1,1,0.0,0.0,8.82774543762207,0.0,22.25,0.7905676364898682,1,1,0,0
random_layer_matched,clean,to_corrupt,v5_qwen35_4b_124,123,22.625,0.8338892459869385,1,1,0.0,0.0,9.429076194763184,0.0,22.625,0.8338892459869385,1,1,0,0
random_layer_matched,clean,to_corrupt,v5_qwen35_4b_125,124,22.625,0.8364656567573547,1,1,0.0,0.0,9.599699974060059,0.0,22.625,0.8364656567573547,1,1,0,0
random_layer_matched,clean,to_corrupt,v5_qwen35_4b_139,138,22.625,0.8364656567573547,1,1,0.0,0.0,9.599699974060059,0.0,22.625,0.8364656567573547,1,1,0,0
random_layer_matched,clean,to_corrupt,v5_qwen35_4b_203,202,22.625,0.8289582133293152,1,1,0.0,0.0,8.071575164794922,0.0,22.625,0.8289582133293152,1,1,0,0
random_layer_matched,clean,to_corrupt,v5_qwen35_4b_206,205,22.375,0.8036770224571228,1,1,0.0,0.0,7.891234874725342,0.0,22.375,0.8036770224571228,1,1,0,0
random_layer_matched,clean,to_corrupt,v5_qwen35_4b_212,211,22.625,0.8289582133293152,1,1,0.0,0.0,8.071575164794922,0.0,22.625,0.8289582133293152,1,1,0,0
random_layer_matched,clean,to_corrupt,v5_qwen35_4b_228,227,21.75,0.6596991419792175,1,1,0.0,0.0,6.555543899536133,0.0,21.75,0.6596991419792175,1,1,0,0
random_layer_matched,clean,to_corrupt,v5_qwen35_4b_230,229,21.75,0.6596991419792175,1,1,0.0,0.0,6.555543899536133,0.0,21.75,0.6596991419792175,1,1,0,0
random_layer_matched,clean,to_corrupt,v5_qwen35_4b_231,230,21.75,0.6596991419792175,1,1,0.0,0.0,6.555543899536133,0.0,21.75,0.6596991419792175,1,1,0,0
random_layer_matched,clean,to_corrupt,v5_qwen35_4b_236,235,21.75,0.6596991419792175,1,1,0.0,0.0,6.555543899536133,0.0,21.75,0.6596991419792175,1,1,0,0
random_layer_matched,clean,to_corrupt,v5_qwen35_4b_237,236,21.75,0.6596991419792175,1,1,0.0,0.0,6.555543899536133,0.0,21.75,0.6596991419792175,1,1,0,0
random_layer_matched,clean,to_corrupt,v5_qwen35_4b_238,237,21.875,0.6862601637840271,1,1,0.0,0.0,7.149715423583984,0.0,21.875,0.6862601637840271,1,1,0,0
random_layer_matched,clean,to_corrupt,v5_qwen35_4b_247,246,21.75,0.6596991419792175,1,1,0.0,0.0,6.555543899536133,0.0,21.75,0.6596991419792175,1,1,0,0
random_layer_matched,clean,to_corrupt,v5_qwen35_4b_257,256,21.75,0.6596991419792175,1,1,0.0,0.0,6.555543899536133,0.0,21.75,0.6596991419792175,1,1,0,0
random_layer_matched,clean,to_corrupt,v5_qwen35_4b_291,290,21.75,0.6596991419792175,1,1,0.0,0.0,6.555543899536133,0.0,21.75,0.6596991419792175,1,1,0,0
random_layer_matched,clean,to_corrupt,v5_qwen35_4b_005,4,22.25,0.7968330979347229,1,1,0.0,0.0,8.88772964477539,0.0,22.25,0.7968330979347229,1,1,0,0
random_layer_matched,clean,to_corrupt,v5_qwen35_4b_013,12,22.125,0.784882128238678,1,1,0.0,0.0,8.883647918701172,0.0,22.125,0.784882128238678,1,1,0,0
random_layer_matched,clean,to_corrupt,v5_qwen35_4b_026,25,22.125,0.784882128238678,1,1,0.0,0.0,8.883647918701172,0.0,22.125,0.784882128238678,1,1,0,0
random_layer_matched,clean,to_corrupt,v5_qwen35_4b_041,40,22.25,0.7968330979347229,1,1,0.0,0.0,8.88772964477539,0.0,22.25,0.7968330979347229,1,1,0,0
random_layer_matched,clean,to_corrupt,v5_qwen35_4b_045,44,22.25,0.7968330979347229,1,1,0.0,0.0,8.88772964477539,0.0,22.25,0.7968330979347229,1,1,0,0
random_layer_matched,clean,to_corrupt,v5_qwen35_4b_049,48,22.125,0.784882128238678,1,1,0.0,0.0,8.883647918701172,0.0,22.125,0.784882128238678,1,1,0,0
random_layer_matched,clean,to_corrupt,v5_qwen35_4b_117,116,22.625,0.8469804525375366,1,1,0.0,0.0,9.463001251220703,0.0,22.625,0.8469804525375366,1,1,0,0
random_layer_matched,clean,to_corrupt,v5_qwen35_4b_137,136,22.625,0.8469804525375366,1,1,0.0,0.0,9.463001251220703,0.0,22.625,0.8469804525375366,1,1,0,0
random_layer_matched,clean,to_corrupt,v5_qwen35_4b_141,140,22.625,0.8492245078086853,1,1,0.0,0.0,9.277374267578125,0.0,22.625,0.8492245078086853,1,1,0,0
random_layer_matched,clean,to_corrupt,v5_qwen35_4b_157,156,22.625,0.8424914479255676,1,1,0.0,0.0,8.067708015441895,0.0,22.625,0.8424914479255676,1,1,0,0
random_layer_matched,clean,to_corrupt,v5_qwen35_4b_227,226,21.875,0.6861005425453186,1,1,0.0,0.0,6.809119701385498,0.0,21.875,0.6861005425453186,1,1,0,0
random_layer_matched,clean,to_corrupt,v5_qwen35_4b_233,232,21.75,0.681666374206543,1,1,0.0,0.0,6.643049716949463,0.0,21.75,0.681666374206543,1,1,0,0
random_layer_matched,clean,to_corrupt,v5_qwen35_4b_235,234,21.875,0.6861005425453186,1,1,0.0,0.0,6.809119701385498,0.0,21.875,0.6861005425453186,1,1,0,0
random_layer_matched,clean,to_corrupt,v5_qwen35_4b_248,247,21.875,0.6861005425453186,1,1,0.0,0.0,6.809119701385498,0.0,21.875,0.6861005425453186,1,1,0,0
random_layer_matched,clean,to_corrupt,v5_qwen35_4b_250,249,21.875,0.6861005425453186,1,1,0.0,0.0,6.809119701385498,0.0,21.875,0.6861005425453186,1,1,0,0
random_layer_matched,clean,to_corrupt,v5_qwen35_4b_261,260,21.75,0.681666374206543,1,1,0.0,0.0,6.643049716949463,0.0,21.75,0.681666374206543,1,1,0,0
random_layer_matched,clean,to_corrupt,v5_qwen35_4b_274,273,21.875,0.6859421133995056,1,1,0.0,0.0,6.745499134063721,0.0,21.875,0.6859421133995056,1,1,0,0
random_layer_matched,clean,to_corrupt,v5_qwen35_4b_298,297,21.875,0.6866636872291565,1,1,0.0,0.0,6.824648857116699,0.0,21.875,0.6866636872291565,1,1,0,0
random_layer_matched,clean,to_corrupt,v5_qwen35_4b_202,201,23.375,0.5790504813194275,1,1,0.0,0.0,6.764617919921875,0.0,23.375,0.5790504813194275,1,1,0,0
random_layer_matched,clean,to_corrupt,v5_qwen35_4b_221,220,24.625,0.551298975944519,1,1,0.0,0.0,7.388311862945557,0.0,24.625,0.551298975944519,1,1,0,0
random_layer_matched,clean,to_corrupt,v5_qwen35_4b_051,50,23.625,0.5244904160499573,1,1,0.0,0.0,7.202356338500977,0.0,23.625,0.5244904160499573,1,1,0,0
random_layer_matched,clean,to_corrupt,v5_qwen35_4b_278,277,23.375,0.5658235549926758,1,1,0.0,0.0,6.87386417388916,0.0,23.375,0.5658235549926758,1,1,0,0
random_layer_matched,clean,to_corrupt,v5_qwen35_4b_062,61,23.75,0.5501909255981445,1,1,0.0,0.0,7.356001377105713,0.0,23.75,0.5501909255981445,1,1,0,0
random_layer_matched,clean,to_corrupt,v5_qwen35_4b_068,67,23.75,0.5501909255981445,1,1,0.0,0.0,7.356001377105713,0.0,23.75,0.5501909255981445,1,1,0,0
random_layer_matched,clean,to_corrupt,v5_qwen35_4b_209,208,23.625,0.4951668679714203,1,1,0.0,0.0,7.077722072601318,0.0,23.625,0.4951668679714203,1,1,0,0
random_layer_matched,clean,to_corrupt,v5_qwen35_4b_220,219,23.625,0.4951668679714203,1,1,0.0,0.0,7.077722072601318,0.0,23.625,0.4951668679714203,1,1,0,0
random_layer_matched,clean,to_corrupt,v5_qwen35_4b_225,224,23.625,0.4951668679714203,1,1,0.0,0.0,7.077722072601318,0.0,23.625,0.4951668679714203,1,1,0,0
random_layer_matched,clean,to_corrupt,v5_qwen35_4b_300,299,23.375,0.5696041584014893,1,1,0.0,0.0,6.946909427642822,0.0,23.375,0.5696041584014893,1,1,0,0
random_layer_matched,clean,to_corrupt,v5_qwen35_4b_293,292,24.75,0.9434971809387207,1,1,0.0,0.0,6.717428207397461,0.0,24.75,0.9434971809387207,1,1,0,0
random_layer_matched,clean,to_corrupt,v5_qwen35_4b_066,65,23.75,0.5731177926063538,1,1,0.0,0.0,7.0961103439331055,0.0,23.75,0.5731177926063538,1,1,0,0
random_layer_matched,clean,to_corrupt,v5_qwen35_4b_197,196,23.375,0.47958043217658997,1,1,0.0,0.0,6.55794620513916,0.0,23.375,0.47958043217658997,1,1,0,0
random_layer_matched,clean,to_corrupt,v5_qwen35_4b_074,73,24.125,0.6141336560249329,1,1,0.0,0.0,7.520291328430176,0.0,24.125,0.6141336560249329,1,1,0,0
random_layer_matched,clean,to_corrupt,v5_qwen35_4b_189,188,23.375,0.5101991295814514,1,1,0.0,0.0,6.361860752105713,0.0,23.375,0.5101991295814514,1,1,0,0
random_layer_matched,clean,to_corrupt,v5_qwen35_4b_223,222,23.75,0.521538257598877,1,1,0.0,0.0,7.117569446563721,0.0,23.75,0.521538257598877,1,1,0,0
random_layer_matched,clean,to_corrupt,v5_qwen35_4b_266,265,23.625,0.6292462348937988,1,1,0.0,0.0,7.122066497802734,0.0,23.625,0.6292462348937988,1,1,0,0
random_layer_matched,clean,to_corrupt,v5_qwen35_4b_287,286,23.125,0.5008763074874878,1,1,0.0,0.0,6.9135308265686035,0.0,23.125,0.5008763074874878,1,1,0,0
random_layer_matched,clean,to_corrupt,v5_qwen35_4b_058,57,23.5,0.5230410099029541,1,1,0.0,0.0,7.061816692352295,0.0,23.5,0.5230410099029541,1,1,0,0
random_layer_matched,clean,to_corrupt,v5_qwen35_4b_060,59,24.0,0.5843558311462402,1,1,0.0,0.0,7.573258876800537,0.0,24.0,0.5843558311462402,1,1,0,0
random_layer_matched,clean,to_corrupt,v5_qwen35_4b_201,200,23.625,0.5124211311340332,1,1,0.0,0.0,7.021746635437012,0.0,23.625,0.5124211311340332,1,1,0,0
random_layer_matched,clean,to_corrupt,v5_qwen35_4b_217,216,23.75,0.5526202917098999,1,1,0.0,0.0,6.929535865783691,0.0,23.75,0.5526202917098999,1,1,0,0
random_layer_matched,clean,to_corrupt,v5_qwen35_4b_218,217,23.625,0.5167321562767029,1,1,0.0,0.0,6.961976051330566,0.0,23.625,0.5167321562767029,1,1,0,0
random_layer_matched,clean,to_corrupt,v5_qwen35_4b_275,274,23.25,0.5293325781822205,1,1,0.0,0.0,6.86443567276001,0.0,23.25,0.5293325781822205,1,1,0,0
random_layer_matched,clean,to_corrupt,v5_qwen35_4b_297,296,23.25,0.5353133678436279,1,1,0.0,0.0,7.016016483306885,0.0,23.25,0.5353133678436279,1,1,0,0
random_layer_matched,clean,to_corrupt,v5_qwen35_4b_050,49,23.875,0.611556887626648,1,1,0.0,0.0,7.4042534828186035,0.0,23.875,0.611556887626648,1,1,0,0
random_layer_matched,clean,to_corrupt,v5_qwen35_4b_063,62,23.875,0.611556887626648,1,1,0.0,0.0,7.4042534828186035,0.0,23.875,0.611556887626648,1,1,0,0
random_layer_matched,clean,to_corrupt,v5_qwen35_4b_067,66,23.875,0.611556887626648,1,1,0.0,0.0,7.4042534828186035,0.0,23.875,0.611556887626648,1,1,0,0
random_layer_matched,clean,to_corrupt,v5_qwen35_4b_075,74,23.875,0.611556887626648,1,1,0.0,0.0,7.4042534828186035,0.0,23.875,0.611556887626648,1,1,0,0
random_layer_matched,clean,to_corrupt,v5_qwen35_4b_198,197,23.75,0.5566694140434265,1,1,0.0,0.0,7.1907172203063965,0.0,23.75,0.5566694140434265,1,1,0,0
random_layer_matched,clean,to_corrupt,v5_qwen35_4b_219,218,23.75,0.5531603693962097,1,1,0.0,0.0,7.257530689239502,0.0,23.75,0.5531603693962097,1,1,0,0
random_layer_matched,clean,to_corrupt,v5_qwen35_4b_253,252,23.25,0.5634220838546753,1,1,0.0,0.0,6.9842143058776855,0.0,23.25,0.5634220838546753,1,1,0,0
random_layer_matched,clean,to_corrupt,v5_qwen35_4b_200,199,24.125,0.7628591060638428,1,1,0.0,0.0,8.11806583404541,0.0,24.125,0.7628591060638428,1,1,0,0
random_layer_matched,clean,to_corrupt,v5_qwen35_4b_031,30,23.75,0.6475465893745422,1,1,0.0,0.0,6.35941743850708,0.0,23.75,0.6475465893745422,1,1,0,0
random_layer_matched,clean,to_corrupt,v5_qwen35_4b_163,162,23.5,0.5874007940292358,1,1,0.0,0.0,5.884765148162842,0.0,23.5,0.5874007940292358,1,1,0,0
random_layer_matched,clean,to_corrupt,v5_qwen35_4b_184,183,23.375,0.5195097327232361,1,1,0.0,0.0,6.821014881134033,0.0,23.375,0.5195097327232361,1,1,0,0
random_layer_matched,clean,to_corrupt,v5_qwen35_4b_191,190,23.5,0.5874007940292358,1,1,0.0,0.0,5.884765148162842,0.0,23.5,0.5874007940292358,1,1,0,0
random_layer_matched,clean,to_corrupt,v5_qwen35_4b_192,191,23.5,0.5874007940292358,1,1,0.0,0.0,5.884765148162842,0.0,23.5,0.5874007940292358,1,1,0,0
random_layer_matched,clean,to_corrupt,v5_qwen35_4b_022,21,23.75,0.6488232016563416,1,1,0.0,0.0,6.472253799438477,0.0,23.75,0.6488232016563416,1,1,0,0
random_layer_matched,clean,to_corrupt,v5_qwen35_4b_034,33,23.25,0.5276520848274231,1,1,0.0,0.0,6.207560062408447,0.0,23.25,0.5276520848274231,1,1,0,0
random_layer_matched,clean,to_corrupt,v5_qwen35_4b_061,60,23.75,0.6488232016563416,1,1,0.0,0.0,6.472253799438477,0.0,23.75,0.6488232016563416,1,1,0,0
random_layer_matched,clean,to_corrupt,v5_qwen35_4b_069,68,23.25,0.5276520848274231,1,1,0.0,0.0,6.207560062408447,0.0,23.25,0.5276520848274231,1,1,0,0
random_layer_matched,clean,to_corrupt,v5_qwen35_4b_162,161,23.625,0.6186079978942871,1,1,0.0,0.0,6.146857738494873,0.0,23.625,0.6186079978942871,1,1,0,0
random_layer_matched,clean,to_corrupt,v5_qwen35_4b_165,164,23.375,0.5443523526191711,1,1,0.0,0.0,6.1654438972473145,0.0,23.375,0.5443523526191711,1,1,0,0
random_layer_matched,clean,to_corrupt,v5_qwen35_4b_176,175,23.625,0.6186079978942871,1,1,0.0,0.0,6.146857738494873,0.0,23.625,0.6186079978942871,1,1,0,0
random_layer_matched,clean,to_corrupt,v5_qwen35_4b_177,176,23.625,0.6186079978942871,1,1,0.0,0.0,6.146857738494873,0.0,23.625,0.6186079978942871,1,1,0,0
random_layer_matched,clean,to_corrupt,v5_qwen35_4b_211,210,23.625,0.6188923716545105,1,1,0.0,0.0,6.233738899230957,0.0,23.625,0.6188923716545105,1,1,0,0
random_layer_matched,clean,to_corrupt,v5_qwen35_4b_246,245,22.5,0.40603065490722656,1,1,0.0,0.0,5.944632053375244,0.0,22.5,0.40603065490722656,1,1,0,0
random_layer_matched,clean,to_corrupt,v5_qwen35_4b_268,267,22.5,0.40603065490722656,1,1,0.0,0.0,5.944632053375244,0.0,22.5,0.40603065490722656,1,1,0,0
random_layer_matched,clean,to_corrupt,v5_qwen35_4b_032,31,23.75,0.5908669829368591,1,1,0.0,0.0,6.653750896453857,0.0,23.75,0.5908669829368591,1,1,0,0
random_layer_matched,clean,to_corrupt,v5_qwen35_4b_194,193,23.5,0.5431255102157593,1,1,0.0,0.0,6.04745626449585,0.0,23.5,0.5431255102157593,1,1,0,0
random_layer_matched,clean,to_corrupt,v5_qwen35_4b_195,194,23.625,0.5182833671569824,1,1,0.0,0.0,7.230922222137451,0.0,23.625,0.5182833671569824,1,1,0,0
random_layer_matched,clean,to_corrupt,v5_qwen35_4b_019,18,23.25,0.5207810401916504,1,1,0.0,0.0,6.48118782043457,0.0,23.25,0.5207810401916504,1,1,0,0
random_layer_matched,clean,to_corrupt,v5_qwen35_4b_056,55,24.25,0.6796063780784607,1,1,0.0,0.0,6.6989850997924805,0.0,24.25,0.6796063780784607,1,1,0,0
random_layer_matched,clean,to_corrupt,v5_qwen35_4b_057,56,24.0,0.6233890652656555,1,1,0.0,0.0,6.561311721801758,0.0,24.0,0.6233890652656555,1,1,0,0
random_layer_matched,clean,to_corrupt,v5_qwen35_4b_190,189,24.25,0.6795023083686829,1,1,0.0,0.0,6.7187113761901855,0.0,24.25,0.6795023083686829,1,1,0,0
random_layer_matched,clean,to_corrupt,v5_qwen35_4b_199,198,24.0,0.5984988808631897,1,1,0.0,0.0,6.717868804931641,0.0,24.0,0.5984988808631897,1,1,0,0
random_layer_matched,clean,to_corrupt,v5_qwen35_4b_240,239,23.75,0.654381513595581,1,1,0.0,0.0,6.583662986755371,0.0,23.75,0.654381513595581,1,1,0,0
random_layer_matched,clean,to_corrupt,v5_qwen35_4b_279,278,23.625,0.6010746359825134,1,1,0.0,0.0,6.50822639465332,0.0,23.625,0.6010746359825134,1,1,0,0
random_layer_matched,clean,to_corrupt,v5_qwen35_4b_173,172,23.5,0.5411946177482605,1,1,0.0,0.0,6.607915878295898,0.0,23.5,0.5411946177482605,1,1,0,0
random_layer_matched,clean,to_corrupt,v5_qwen35_4b_193,192,24.25,0.6741712093353271,1,1,0.0,0.0,8.29797649383545,0.0,24.25,0.6741712093353271,1,1,0,0
random_layer_matched,clean,to_corrupt,v5_qwen35_4b_196,195,23.625,0.5237686634063721,1,1,0.0,0.0,7.387012481689453,0.0,23.625,0.5237686634063721,1,1,0,0
random_layer_matched,clean,to_corrupt,v5_qwen35_4b_207,206,23.375,0.5349202752113342,1,1,0.0,0.0,6.5276312828063965,0.0,23.375,0.5349202752113342,1,1,0,0
random_layer_matched,clean,to_corrupt,v5_qwen35_4b_210,209,23.625,0.5009719133377075,1,1,0.0,0.0,7.208434581756592,0.0,23.625,0.5009719133377075,1,1,0,0
random_layer_matched,clean,to_corrupt,v5_qwen35_4b_071,70,23.5,0.703520655632019,1,1,0.0,0.0,11.442705154418945,0.0,23.5,0.703520655632019,1,1,0,0
random_layer_matched,clean,to_corrupt,v5_qwen35_4b_170,169,23.375,0.6158391237258911,1,1,0.0,0.0,6.515336036682129,0.0,23.375,0.6158391237258911,1,1,0,0
random_layer_matched,clean,to_corrupt,v5_qwen35_4b_178,177,23.625,0.6058951616287231,1,1,0.0,0.0,6.2231574058532715,0.0,23.625,0.6058951616287231,1,1,0,0
random_layer_matched,clean,to_corrupt,v5_qwen35_4b_175,174,22.875,0.4399653375148773,1,0,0.0,0.0,5.681648254394531,0.0,22.875,0.4399653375148773,1,0,0,0
random_layer_matched,clean,to_corrupt,v5_qwen35_4b_171,170,24.125,0.6975453495979309,1,1,0.0,0.0,6.798179626464844,0.0,24.125,0.6975453495979309,1,1,0,0
random_layer_matched,clean,to_corrupt,v5_qwen35_4b_009,8,23.625,0.5818380117416382,1,1,0.0,0.0,7.4012627601623535,0.0,23.625,0.5818380117416382,1,1,0,0
random_layer_matched,clean,to_corrupt,v5_qwen35_4b_052,51,23.75,0.6475293040275574,1,1,0.0,0.0,6.208152770996094,0.0,23.75,0.6475293040275574,1,1,0,0
random_layer_matched,clean,to_corrupt,v5_qwen35_4b_076,75,21.25,0.45875898003578186,1,1,0.0,0.0,8.377235412597656,0.0,21.25,0.45875898003578186,1,1,0,0
random_layer_matched,clean,to_corrupt,v5_qwen35_4b_077,76,21.25,0.45875898003578186,1,1,0.0,0.0,8.377235412597656,0.0,21.25,0.45875898003578186,1,1,0,0
random_layer_matched,clean,to_corrupt,v5_qwen35_4b_078,77,21.25,0.45875898003578186,1,1,0.0,0.0,8.377235412597656,0.0,21.25,0.45875898003578186,1,1,0,0
random_layer_matched,clean,to_corrupt,v5_qwen35_4b_079,78,21.25,0.45875898003578186,1,1,0.0,0.0,8.377235412597656,0.0,21.25,0.45875898003578186,1,1,0,0
random_layer_matched,clean,to_corrupt,v5_qwen35_4b_080,79,21.25,0.45875898003578186,1,1,0.0,0.0,8.377235412597656,0.0,21.25,0.45875898003578186,1,1,0,0
random_layer_matched,clean,to_corrupt,v5_qwen35_4b_081,80,21.25,0.45875898003578186,1,1,0.0,0.0,8.377235412597656,0.0,21.25,0.45875898003578186,1,1,0,0
random_layer_matched,clean,to_corrupt,v5_qwen35_4b_082,81,21.25,0.45875898003578186,1,1,0.0,0.0,8.377235412597656,0.0,21.25,0.45875898003578186,1,1,0,0
random_layer_matched,clean,to_corrupt,v5_qwen35_4b_083,82,21.25,0.46562460064888,1,1,0.0,0.0,8.368267059326172,0.0,21.25,0.46562460064888,1,1,0,0
random_layer_matched,clean,to_corrupt,v5_qwen35_4b_084,83,21.25,0.46562460064888,1,1,0.0,0.0,8.368267059326172,0.0,21.25,0.46562460064888,1,1,0,0
random_layer_matched,clean,to_corrupt,v5_qwen35_4b_087,86,21.25,0.46562460064888,1,1,0.0,0.0,8.368267059326172,0.0,21.25,0.46562460064888,1,1,0,0
random_layer_matched,clean,to_corrupt,v5_qwen35_4b_088,87,21.25,0.46562460064888,1,1,0.0,0.0,8.368267059326172,0.0,21.25,0.46562460064888,1,1,0,0
random_layer_matched,clean,to_corrupt,v5_qwen35_4b_089,88,21.25,0.46562460064888,1,1,0.0,0.0,8.368267059326172,0.0,21.25,0.46562460064888,1,1,0,0
random_layer_matched,clean,to_corrupt,v5_qwen35_4b_090,89,21.25,0.46562460064888,1,1,0.0,0.0,8.368267059326172,0.0,21.25,0.46562460064888,1,1,0,0
random_layer_matched,clean,to_corrupt,v5_qwen35_4b_091,90,21.25,0.46562460064888,1,1,0.0,0.0,8.368267059326172,0.0,21.25,0.46562460064888,1,1,0,0
random_layer_matched,clean,to_corrupt,v5_qwen35_4b_092,91,21.25,0.46562460064888,1,1,0.0,0.0,8.368267059326172,0.0,21.25,0.46562460064888,1,1,0,0
random_layer_matched,clean,to_corrupt,v5_qwen35_4b_093,92,21.25,0.46562460064888,1,1,0.0,0.0,8.368267059326172,0.0,21.25,0.46562460064888,1,1,0,0
random_layer_matched,clean,to_corrupt,v5_qwen35_4b_094,93,21.25,0.46562460064888,1,1,0.0,0.0,8.368267059326172,0.0,21.25,0.46562460064888,1,1,0,0
random_layer_matched,clean,to_corrupt,v5_qwen35_4b_095,94,21.25,0.46562460064888,1,1,0.0,0.0,8.368267059326172,0.0,21.25,0.46562460064888,1,1,0,0
random_layer_matched,clean,to_corrupt,v5_qwen35_4b_096,95,21.25,0.46562460064888,1,1,0.0,0.0,8.368267059326172,0.0,21.25,0.46562460064888,1,1,0,0
random_layer_matched,clean,to_corrupt,v5_qwen35_4b_097,96,21.25,0.46562460064888,1,1,0.0,0.0,8.368267059326172,0.0,21.25,0.46562460064888,1,1,0,0
random_layer_matched,clean,to_corrupt,v5_qwen35_4b_099,98,21.25,0.46562460064888,1,1,0.0,0.0,8.368267059326172,0.0,21.25,0.46562460064888,1,1,0,0
random_layer_matched,clean,to_corrupt,v5_qwen35_4b_100,99,21.25,0.46562460064888,1,1,0.0,0.0,8.368267059326172,0.0,21.25,0.46562460064888,1,1,0,0
random_layer_matched,clean,to_corrupt,v5_qwen35_4b_101,100,21.25,0.46562460064888,1,1,0.0,0.0,8.368267059326172,0.0,21.25,0.46562460064888,1,1,0,0
random_layer_matched,clean,to_corrupt,v5_qwen35_4b_102,101,21.25,0.46562460064888,1,1,0.0,0.0,8.368267059326172,0.0,21.25,0.46562460064888,1,1,0,0
random_layer_matched,clean,to_corrupt,v5_qwen35_4b_103,102,21.25,0.46562460064888,1,1,0.0,0.0,8.368267059326172,0.0,21.25,0.46562460064888,1,1,0,0
random_layer_matched,clean,to_corrupt,v5_qwen35_4b_104,103,21.25,0.46562460064888,1,1,0.0,0.0,8.368267059326172,0.0,21.25,0.46562460064888,1,1,0,0
random_layer_matched,clean,to_corrupt,v5_qwen35_4b_105,104,21.25,0.46562460064888,1,1,0.0,0.0,8.368267059326172,0.0,21.25,0.46562460064888,1,1,0,0
random_layer_matched,clean,to_corrupt,v5_qwen35_4b_106,105,21.25,0.46562460064888,1,1,0.0,0.0,8.368267059326172,0.0,21.25,0.46562460064888,1,1,0,0
random_layer_matched,clean,to_corrupt,v5_qwen35_4b_107,106,21.25,0.46562460064888,1,1,0.0,0.0,8.368267059326172,0.0,21.25,0.46562460064888,1,1,0,0
random_layer_matched,clean,to_corrupt,v5_qwen35_4b_108,107,21.25,0.46562460064888,1,1,0.0,0.0,8.368267059326172,0.0,21.25,0.46562460064888,1,1,0,0
random_layer_matched,clean,to_corrupt,v5_qwen35_4b_109,108,21.25,0.46562460064888,1,1,0.0,0.0,8.368267059326172,0.0,21.25,0.46562460064888,1,1,0,0
random_layer_matched,clean,to_corrupt,v5_qwen35_4b_110,109,21.25,0.46562460064888,1,1,0.0,0.0,8.368267059326172,0.0,21.25,0.46562460064888,1,1,0,0
random_layer_matched,clean,to_corrupt,v5_qwen35_4b_111,110,21.25,0.46562460064888,1,1,0.0,0.0,8.368267059326172,0.0,21.25,0.46562460064888,1,1,0,0
random_layer_matched,clean,to_corrupt,v5_qwen35_4b_112,111,21.25,0.46562460064888,1,1,0.0,0.0,8.368267059326172,0.0,21.25,0.46562460064888,1,1,0,0
random_layer_matched,clean,to_corrupt,v5_qwen35_4b_116,115,21.25,0.46562460064888,1,1,0.0,0.0,8.368267059326172,0.0,21.25,0.46562460064888,1,1,0,0
random_layer_matched,clean,to_corrupt,v5_qwen35_4b_129,128,21.25,0.46562460064888,1,1,0.0,0.0,8.368267059326172,0.0,21.25,0.46562460064888,1,1,0,0
random_layer_matched,clean,to_corrupt,v5_qwen35_4b_132,131,21.25,0.46562460064888,1,1,0.0,0.0,8.368267059326172,0.0,21.25,0.46562460064888,1,1,0,0
random_layer_matched,clean,to_corrupt,v5_qwen35_4b_138,137,21.25,0.46562460064888,1,1,0.0,0.0,8.368267059326172,0.0,21.25,0.46562460064888,1,1,0,0
random_layer_matched,clean,to_corrupt,v5_qwen35_4b_143,142,21.25,0.46562460064888,1,1,0.0,0.0,8.368267059326172,0.0,21.25,0.46562460064888,1,1,0,0
random_layer_matched,clean,to_corrupt,v5_qwen35_4b_029,28,21.75,0.5903827548027039,1,1,0.0,0.0,2.7262988090515137,0.0,21.75,0.5903827548027039,1,1,0,0
random_layer_matched,clean,to_corrupt,v5_qwen35_4b_086,85,21.5,0.5227788090705872,1,1,0.0,0.0,8.480731964111328,0.0,21.5,0.5227788090705872,1,1,0,0
random_layer_matched,clean,to_corrupt,v5_qwen35_4b_258,257,26.25,0.9620871543884277,1,1,0.0,0.0,11.267589569091797,0.0,26.25,0.9620871543884277,1,1,0,0
random_layer_matched,clean,to_corrupt,v5_qwen35_4b_252,251,24.375,0.8533110022544861,1,1,0.0,0.0,5.536890506744385,0.0,24.375,0.8533110022544861,1,1,0,0
random_layer_matched,clean,to_corrupt,v5_qwen35_4b_006,5,24.75,0.8852237462997437,1,1,0.0,0.0,6.595885753631592,0.0,24.75,0.8852237462997437,1,1,0,0
random_layer_matched,clean,to_corrupt,v5_qwen35_4b_004,3,25.875,0.904211699962616,1,1,0.0,0.0,11.22553825378418,0.0,25.875,0.904211699962616,1,1,0,0
random_layer_matched,clean,to_corrupt,v5_qwen35_4b_154,153,26.25,0.9523818492889404,1,1,0.0,0.0,11.607550621032715,0.0,26.25,0.9523818492889404,1,1,0,0
random_layer_matched,clean,to_corrupt,v5_qwen35_4b_119,118,26.875,0.9818363785743713,1,1,0.0,0.0,11.838866233825684,0.0,26.875,0.9818363785743713,1,1,0,0
random_layer_matched,clean,to_corrupt,v5_qwen35_4b_010,9,21.5,0.3557412028312683,1,1,0.0,0.0,4.358007907867432,0.0,21.5,0.3557412028312683,1,1,0,0
random_layer_matched,clean,to_corrupt,v5_qwen35_4b_151,150,27.75,0.9963525533676147,1,1,0.0,0.0,11.58901309967041,0.0,27.75,0.9963525533676147,1,1,0,0
random_layer_matched,clean,to_corrupt,v5_qwen35_4b_289,288,27.375,0.9858602285385132,1,1,0.0,0.0,11.309247970581055,0.0,27.375,0.9858602285385132,1,1,0,0
random_layer_matched,clean,to_corrupt,v5_qwen35_4b_244,243,25.125,0.9365153908729553,1,1,0.0,0.0,9.91471004486084,0.0,25.125,0.9365153908729553,1,1,0,0
random_layer_matched,corrupt,to_clean,v5_qwen35_4b_285,284,19.25,0.026611478999257088,7,0,0.0,0.0,-7.982270240783691,0.0,19.25,0.026611478999257088,7,0,0,0
random_layer_matched,corrupt,to_clean,v5_qwen35_4b_016,15,15.0625,0.00036328393616713583,37,0,0.0,0.0,-12.965229034423828,0.0,15.0625,0.00036328393616713583,37,0,0,0
random_layer_matched,corrupt,to_clean,v5_qwen35_4b_036,35,15.6875,0.0005659908056259155,24,0,0.0,0.0,-14.794962882995605,0.0,15.6875,0.0005659908056259155,24,0,0,0
random_layer_matched,corrupt,to_clean,v5_qwen35_4b_085,84,15.0,0.0002715383598115295,32,0,0.0,0.0,-13.890664100646973,0.0,15.0,0.0002715383598115295,32,0,0,0
random_layer_matched,corrupt,to_clean,v5_qwen35_4b_133,132,15.6875,0.0005659908056259155,24,0,0.0,0.0,-14.794962882995605,0.0,15.6875,0.0005659908056259155,24,0,0,0
random_layer_matched,corrupt,to_clean,v5_qwen35_4b_147,146,15.6875,0.0005659908056259155,24,0,0.0,0.0,-14.794962882995605,0.0,15.6875,0.0005659908056259155,24,0,0,0
random_layer_matched,corrupt,to_clean,v5_qwen35_4b_260,259,17.125,0.004728089086711407,13,0,0.0,0.0,-13.1074857711792,0.0,17.125,0.004728089086711407,13,0,0,0
random_layer_matched,corrupt,to_clean,v5_qwen35_4b_263,262,16.625,0.002541137160733342,13,0,0.0,0.0,-14.024591445922852,0.0,16.625,0.002541137160733342,13,0,0,0
random_layer_matched,corrupt,to_clean,v5_qwen35_4b_296,295,17.25,0.005526520311832428,13,0,0.0,0.0,-12.948308944702148,0.0,17.25,0.005526520311832428,13,0,0,0
random_layer_matched,corrupt,to_clean,v5_qwen35_4b_040,39,16.0,0.0014336265157908201,19,0,0.0,0.0,-11.373147964477539,0.0,16.0,0.0014336265157908201,19,0,0,0
random_layer_matched,corrupt,to_clean,v5_qwen35_4b_054,53,17.375,0.01076662540435791,9,0,0.0,0.0,-10.02280044555664,0.0,17.375,0.01076662540435791,9,0,0,0
random_layer_matched,corrupt,to_clean,v5_qwen35_4b_229,228,16.0,0.0014336265157908201,19,0,0.0,0.0,-11.373147964477539,0.0,16.0,0.0014336265157908201,19,0,0,0
random_layer_matched,corrupt,to_clean,v5_qwen35_4b_047,46,17.0,0.001612248132005334,14,0,0.0,0.0,-5.786467552185059,0.0,17.0,0.001612248132005334,14,0,0,0
random_layer_matched,corrupt,to_clean,v5_qwen35_4b_271,270,19.375,0.02411150373518467,8,0,0.0,0.0,-10.982481002807617,0.0,19.375,0.02411150373518467,8,0,0,0
random_layer_matched,corrupt,to_clean,v5_qwen35_4b_039,38,16.5,0.0004487092955969274,14,0,0.0,0.0,-9.711893081665039,0.0,16.5,0.0004487092955969274,14,0,0,0
random_layer_matched,corrupt,to_clean,v5_qwen35_4b_215,214,19.25,0.026442645117640495,7,0,0.0,0.0,-7.623354911804199,0.0,19.25,0.026442645117640495,7,0,0,0
random_layer_matched,corrupt,to_clean,v5_qwen35_4b_245,244,15.125,0.00028842315077781677,22,0,0.0,0.0,-15.525566101074219,0.0,15.125,0.00028842315077781677,22,0,0,0
random_layer_matched,corrupt,to_clean,v5_qwen35_4b_161,160,15.6875,0.00028296676464378834,26,0,0.0,0.0,-18.665973663330078,0.0,15.6875,0.00028296676464378834,26,0,0,0
random_layer_matched,corrupt,to_clean,v5_qwen35_4b_121,120,15.875,0.000584287045057863,14,0,0.0,0.0,-16.424888610839844,0.0,15.875,0.000584287045057863,14,0,0,0
random_layer_matched,corrupt,to_clean,v5_qwen35_4b_181,180,15.875,0.0004341156454756856,18,0,0.0,0.0,-17.049211502075195,0.0,15.875,0.0004341156454756856,18,0,0,0
random_layer_matched,corrupt,to_clean,v5_qwen35_4b_259,258,17.375,0.0029934528283774853,9,0,0.0,0.0,-16.227548599243164,0.0,17.375,0.0029934528283774853,9,0,0,0
random_layer_matched,corrupt,to_clean,v5_qwen35_4b_283,282,17.875,0.007192389108240604,12,0,0.0,0.0,-12.070793151855469,0.0,17.875,0.007192389108240604,12,0,0,0
random_layer_matched,corrupt,to_clean,v5_qwen35_4b_272,271,20.25,0.023833781480789185,4,0,0.0,0.0,-10.626363754272461,0.0,20.25,0.023833781480789185,4,0,0,0
random_layer_matched,corrupt,to_clean,v5_qwen35_4b_043,42,16.75,0.0010190227767452598,23,0,0.0,0.0,-7.07011079788208,0.0,16.75,0.0010190227767452598,23,0,0,0
random_layer_matched,corrupt,to_clean,v5_qwen35_4b_166,165,19.375,0.022394785657525063,7,0,0.0,0.0,-8.058036804199219,0.0,19.375,0.022394785657525063,7,0,0,0
random_layer_matched,corrupt,to_clean,v5_qwen35_4b_055,54,19.125,0.008234563283622265,6,0,0.0,0.0,-14.862603187561035,0.0,19.125,0.008234563283622265,6,0,0,0
random_layer_matched,corrupt,to_clean,v5_qwen35_4b_130,129,16.625,0.0007519206847064197,20,0,0.0,0.0,-8.893729209899902,0.0,16.625,0.0007519206847064197,20,0,0,0
random_layer_matched,corrupt,to_clean,v5_qwen35_4b_182,181,15.8125,0.0003367864992469549,28,0,0.0,0.0,-4.733323097229004,0.0,15.8125,0.0003367864992469549,28,0,0,0
random_layer_matched,corrupt,to_clean,v5_qwen35_4b_065,64,18.125,0.012375902384519577,10,0,0.0,0.0,-6.574199199676514,0.0,18.125,0.012375902384519577,10,0,0,0
random_layer_matched,corrupt,to_clean,v5_qwen35_4b_001,0,17.5,0.005607474595308304,11,0,0.0,0.0,-3.6529700756073,0.0,17.5,0.005607474595308304,11,0,0,0
random_layer_matched,corrupt,to_clean,v5_qwen35_4b_053,52,17.5,0.01063617505133152,8,0,0.0,0.0,-9.542526245117188,0.0,17.5,0.01063617505133152,8,0,0,0
random_layer_matched,corrupt,to_clean,v5_qwen35_4b_155,154,15.125,0.000691266031935811,29,0,0.0,0.0,-10.779214859008789,0.0,15.125,0.000691266031935811,29,0,0,0
random_layer_matched,corrupt,to_clean,v5_qwen35_4b_120,119,16.125,0.0015327390283346176,18,0,0.0,0.0,-11.04650592803955,0.0,16.125,0.0015327390283346176,18,0,0,0
random_layer_matched,corrupt,to_clean,v5_qwen35_4b_232,231,16.125,0.0015327390283346176,18,0,0.0,0.0,-11.04650592803955,0.0,16.125,0.0015327390283346176,18,0,0,0
random_layer_matched,corrupt,to_clean,v5_qwen35_4b_226,225,17.875,0.0015776028158143163,7,0,0.0,0.0,-12.649713516235352,0.0,17.875,0.0015776028158143163,7,0,0,0
random_layer_matched,corrupt,to_clean,v5_qwen35_4b_123,122,15.75,0.0007548145949840546,18,0,0.0,0.0,-16.607288360595703,0.0,15.75,0.0007548145949840546,18,0,0,0
random_layer_matched,corrupt,to_clean,v5_qwen35_4b_030,29,15.8125,0.0006831566570326686,18,0,0.0,0.0,-16.669353485107422,0.0,15.8125,0.0006831566570326686,18,0,0,0
random_layer_matched,corrupt,to_clean,v5_qwen35_4b_205,204,18.0,0.010180831886827946,7,0,0.0,0.0,-14.222402572631836,0.0,18.0,0.010180831886827946,7,0,0,0
random_layer_matched,corrupt,to_clean,v5_qwen35_4b_208,207,19.625,0.024552777409553528,5,0,0.0,0.0,-11.674933433532715,0.0,19.625,0.024552777409553528,5,0,0,0
random_layer_matched,corrupt,to_clean,v5_qwen35_4b_159,158,15.6875,0.00029626820469275117,23,0,0.0,0.0,-18.801408767700195,0.0,15.6875,0.00029626820469275117,23,0,0,0
random_layer_matched,corrupt,to_clean,v5_qwen35_4b_262,261,18.625,0.01131616160273552,4,0,0.0,0.0,-15.713029861450195,0.0,18.625,0.01131616160273552,4,0,0,0
random_layer_matched,corrupt,to_clean,v5_qwen35_4b_281,280,18.625,0.01131616160273552,4,0,0.0,0.0,-15.713029861450195,0.0,18.625,0.01131616160273552,4,0,0,0
random_layer_matched,corrupt,to_clean,v5_qwen35_4b_153,152,15.8125,0.0006699152290821075,19,0,0.0,0.0,-17.366289138793945,0.0,15.8125,0.0006699152290821075,19,0,0,0
random_layer_matched,corrupt,to_clean,v5_qwen35_4b_017,16,15.5625,0.0005975848180241883,19,0,0.0,0.0,-16.732988357543945,0.0,15.5625,0.0005975848180241883,19,0,0,0
random_layer_matched,corrupt,to_clean,v5_qwen35_4b_023,22,15.5625,0.0005975848180241883,19,0,0.0,0.0,-16.732988357543945,0.0,15.5625,0.0005975848180241883,19,0,0,0
random_layer_matched,corrupt,to_clean,v5_qwen35_4b_027,26,16.5,0.0015204609371721745,13,0,0.0,0.0,-17.35210418701172,0.0,16.5,0.0015204609371721745,13,0,0,0
random_layer_matched,corrupt,to_clean,v5_qwen35_4b_028,27,16.5,0.0015204609371721745,13,0,0.0,0.0,-17.35210418701172,0.0,16.5,0.0015204609371721745,13,0,0,0
random_layer_matched,corrupt,to_clean,v5_qwen35_4b_035,34,16.5,0.0015204609371721745,13,0,0.0,0.0,-17.35210418701172,0.0,16.5,0.0015204609371721745,13,0,0,0
random_layer_matched,corrupt,to_clean,v5_qwen35_4b_046,45,16.375,0.0014829718274995685,13,0,0.0,0.0,-17.10579490661621,0.0,16.375,0.0014829718274995685,13,0,0,0
random_layer_matched,corrupt,to_clean,v5_qwen35_4b_059,58,17.5,0.007692760322242975,5,0,0.0,0.0,-15.465605735778809,0.0,17.5,0.007692760322242975,5,0,0,0
random_layer_matched,corrupt,to_clean,v5_qwen35_4b_064,63,17.5,0.007692760322242975,5,0,0.0,0.0,-15.465605735778809,0.0,17.5,0.007692760322242975,5,0,0,0
random_layer_matched,corrupt,to_clean,v5_qwen35_4b_113,112,16.375,0.0014829718274995685,13,0,0.0,0.0,-17.10579490661621,0.0,16.375,0.0014829718274995685,13,0,0,0
random_layer_matched,corrupt,to_clean,v5_qwen35_4b_118,117,16.375,0.0014829718274995685,13,0,0.0,0.0,-17.10579490661621,0.0,16.375,0.0014829718274995685,13,0,0,0
random_layer_matched,corrupt,to_clean,v5_qwen35_4b_149,148,16.375,0.0014829718274995685,13,0,0.0,0.0,-17.10579490661621,0.0,16.375,0.0014829718274995685,13,0,0,0
random_layer_matched,corrupt,to_clean,v5_qwen35_4b_152,151,15.1875,0.00041164830327033997,21,0,0.0,0.0,-16.644325256347656,0.0,15.1875,0.00041164830327033997,21,0,0,0
random_layer_matched,corrupt,to_clean,v5_qwen35_4b_156,155,15.1875,0.00041164830327033997,21,0,0.0,0.0,-16.644325256347656,0.0,15.1875,0.00041164830327033997,21,0,0,0
random_layer_matched,corrupt,to_clean,v5_qwen35_4b_167,166,15.1875,0.00041164830327033997,21,0,0.0,0.0,-16.644325256347656,0.0,15.1875,0.00041164830327033997,21,0,0,0
random_layer_matched,corrupt,to_clean,v5_qwen35_4b_172,171,15.5,0.0005599741125479341,19,0,0.0,0.0,-16.750507354736328,0.0,15.5,0.0005599741125479341,19,0,0,0
random_layer_matched,corrupt,to_clean,v5_qwen35_4b_234,233,16.125,0.0011738680768758059,14,0,0.0,0.0,-17.18423843383789,0.0,16.125,0.0011738680768758059,14,0,0,0
random_layer_matched,corrupt,to_clean,v5_qwen35_4b_243,242,16.375,0.0014829718274995685,13,0,0.0,0.0,-17.10579490661621,0.0,16.375,0.0014829718274995685,13,0,0,0
random_layer_matched,corrupt,to_clean,v5_qwen35_4b_251,250,16.375,0.0014829718274995685,13,0,0.0,0.0,-17.10579490661621,0.0,16.375,0.0014829718274995685,13,0,0,0
random_layer_matched,corrupt,to_clean,v5_qwen35_4b_254,253,17.5,0.007692760322242975,5,0,0.0,0.0,-15.465605735778809,0.0,17.5,0.007692760322242975,5,0,0,0
random_layer_matched,corrupt,to_clean,v5_qwen35_4b_255,254,17.5,0.007692760322242975,5,0,0.0,0.0,-15.465605735778809,0.0,17.5,0.007692760322242975,5,0,0,0
random_layer_matched,corrupt,to_clean,v5_qwen35_4b_264,263,17.375,0.006734809838235378,8,0,0.0,0.0,-15.339722633361816,0.0,17.375,0.006734809838235378,8,0,0,0
random_layer_matched,corrupt,to_clean,v5_qwen35_4b_273,272,17.375,0.007479283958673477,6,0,0.0,0.0,-15.442423820495605,0.0,17.375,0.007479283958673477,6,0,0,0
random_layer_matched,corrupt,to_clean,v5_qwen35_4b_290,289,17.5,0.008517909795045853,4,0,0.0,0.0,-15.498957633972168,0.0,17.5,0.008517909795045853,4,0,0,0
random_layer_matched,corrupt,to_clean,v5_qwen35_4b_267,266,17.5,0.0031504917424172163,7,0,0.0,0.0,-17.04813003540039,0.0,17.5,0.0031504917424172163,7,0,0,0
random_layer_matched,corrupt,to_clean,v5_qwen35_4b_148,147,15.5625,0.0003644706157501787,16,0,0.0,0.0,-18.064531326293945,0.0,15.5625,0.0003644706157501787,16,0,0,0
random_layer_matched,corrupt,to_clean,v5_qwen35_4b_180,179,14.5,0.00011481838009785861,35,0,0.0,0.0,-18.802005767822266,0.0,14.5,0.00011481838009785861,35,0,0,0
random_layer_matched,corrupt,to_clean,v5_qwen35_4b_072,71,19.125,0.045829154551029205,5,0,0.0,0.0,-7.65198278427124,0.0,19.125,0.045829154551029205,5,0,0,0
random_layer_matched,corrupt,to_clean,v5_qwen35_4b_073,72,19.625,0.02403872087597847,5,0,0.0,0.0,-9.471048355102539,0.0,19.625,0.02403872087597847,5,0,0,0
random_layer_matched,corrupt,to_clean,v5_qwen35_4b_270,269,19.625,0.09470392763614655,5,0,0.0,0.0,-6.767003536224365,0.0,19.625,0.09470392763614655,5,0,0,0
random_layer_matched,corrupt,to_clean,v5_qwen35_4b_038,37,17.875,0.00275857700034976,10,0,0.0,0.0,-9.951678276062012,0.0,17.875,0.00275857700034976,10,0,0,0
random_layer_matched,corrupt,to_clean,v5_qwen35_4b_204,203,20.625,0.04627777636051178,4,0,0.0,0.0,-6.459027290344238,0.0,20.625,0.04627777636051178,4,0,0,0
random_layer_matched,corrupt,to_clean,v5_qwen35_4b_007,6,16.25,0.0005475919460877776,24,0,0.0,0.0,-17.880626678466797,0.0,16.25,0.0005475919460877776,24,0,0,0
random_layer_matched,corrupt,to_clean,v5_qwen35_4b_014,13,16.25,0.0005475919460877776,24,0,0.0,0.0,-17.880626678466797,0.0,16.25,0.0005475919460877776,24,0,0,0
random_layer_matched,corrupt,to_clean,v5_qwen35_4b_018,17,16.25,0.0005475919460877776,24,0,0.0,0.0,-17.880626678466797,0.0,16.25,0.0005475919460877776,24,0,0,0
random_layer_matched,corrupt,to_clean,v5_qwen35_4b_020,19,16.25,0.0005475919460877776,24,0,0.0,0.0,-17.880626678466797,0.0,16.25,0.0005475919460877776,24,0,0,0
random_layer_matched,corrupt,to_clean,v5_qwen35_4b_021,20,16.25,0.0005475919460877776,24,0,0.0,0.0,-17.880626678466797,0.0,16.25,0.0005475919460877776,24,0,0,0
random_layer_matched,corrupt,to_clean,v5_qwen35_4b_024,23,16.25,0.0005475919460877776,24,0,0.0,0.0,-17.880626678466797,0.0,16.25,0.0005475919460877776,24,0,0,0
random_layer_matched,corrupt,to_clean,v5_qwen35_4b_025,24,16.5,0.0007085565594024956,19,0,0.0,0.0,-17.89034652709961,0.0,16.5,0.0007085565594024956,19,0,0,0
random_layer_matched,corrupt,to_clean,v5_qwen35_4b_098,97,16.5,0.0007085565594024956,19,0,0.0,0.0,-17.89034652709961,0.0,16.5,0.0007085565594024956,19,0,0,0
random_layer_matched,corrupt,to_clean,v5_qwen35_4b_114,113,16.75,0.0009985906071960926,11,0,0.0,0.0,-17.65980339050293,0.0,16.75,0.0009985906071960926,11,0,0,0
random_layer_matched,corrupt,to_clean,v5_qwen35_4b_128,127,16.75,0.0009985906071960926,11,0,0.0,0.0,-17.65980339050293,0.0,16.75,0.0009985906071960926,11,0,0,0
random_layer_matched,corrupt,to_clean,v5_qwen35_4b_131,130,16.75,0.0009985906071960926,11,0,0.0,0.0,-17.65980339050293,0.0,16.75,0.0009985906071960926,11,0,0,0
random_layer_matched,corrupt,to_clean,v5_qwen35_4b_135,134,16.75,0.0009985906071960926,11,0,0.0,0.0,-17.65980339050293,0.0,16.75,0.0009985906071960926,11,0,0,0
random_layer_matched,corrupt,to_clean,v5_qwen35_4b_136,135,16.75,0.0009985906071960926,11,0,0.0,0.0,-17.65980339050293,0.0,16.75,0.0009985906071960926,11,0,0,0
random_layer_matched,corrupt,to_clean,v5_qwen35_4b_144,143,16.75,0.0009985906071960926,11,0,0.0,0.0,-17.65980339050293,0.0,16.75,0.0009985906071960926,11,0,0,0
random_layer_matched,corrupt,to_clean,v5_qwen35_4b_145,144,16.75,0.0009985906071960926,11,0,0.0,0.0,-17.65980339050293,0.0,16.75,0.0009985906071960926,11,0,0,0
random_layer_matched,corrupt,to_clean,v5_qwen35_4b_160,159,16.5,0.0007085565594024956,19,0,0.0,0.0,-17.89034652709961,0.0,16.5,0.0007085565594024956,19,0,0,0
random_layer_matched,corrupt,to_clean,v5_qwen35_4b_164,163,16.5,0.0007085565594024956,19,0,0.0,0.0,-17.89034652709961,0.0,16.5,0.0007085565594024956,19,0,0,0
random_layer_matched,corrupt,to_clean,v5_qwen35_4b_169,168,16.5,0.0007085565594024956,19,0,0.0,0.0,-17.89034652709961,0.0,16.5,0.0007085565594024956,19,0,0,0
random_layer_matched,corrupt,to_clean,v5_qwen35_4b_174,173,16.5,0.0007085565594024956,19,0,0.0,0.0,-17.89034652709961,0.0,16.5,0.0007085565594024956,19,0,0,0
random_layer_matched,corrupt,to_clean,v5_qwen35_4b_187,186,16.5,0.0007085565594024956,19,0,0.0,0.0,-17.89034652709961,0.0,16.5,0.0007085565594024956,19,0,0,0
random_layer_matched,corrupt,to_clean,v5_qwen35_4b_188,187,16.5,0.0007085565594024956,19,0,0.0,0.0,-17.89034652709961,0.0,16.5,0.0007085565594024956,19,0,0,0
random_layer_matched,corrupt,to_clean,v5_qwen35_4b_213,212,18.0,0.006687911693006754,7,0,0.0,0.0,-16.08746910095215,0.0,18.0,0.006687911693006754,7,0,0,0
random_layer_matched,corrupt,to_clean,v5_qwen35_4b_214,213,18.0,0.006687911693006754,7,0,0.0,0.0,-16.08746910095215,0.0,18.0,0.006687911693006754,7,0,0,0
random_layer_matched,corrupt,to_clean,v5_qwen35_4b_216,215,18.0,0.006687911693006754,7,0,0.0,0.0,-16.08746910095215,0.0,18.0,0.006687911693006754,7,0,0,0
random_layer_matched,corrupt,to_clean,v5_qwen35_4b_222,221,18.0,0.006687911693006754,7,0,0.0,0.0,-16.08746910095215,0.0,18.0,0.006687911693006754,7,0,0,0
random_layer_matched,corrupt,to_clean,v5_qwen35_4b_224,223,18.0,0.006687911693006754,7,0,0.0,0.0,-16.08746910095215,0.0,18.0,0.006687911693006754,7,0,0,0
random_layer_matched,corrupt,to_clean,v5_qwen35_4b_239,238,16.75,0.0009985906071960926,11,0,0.0,0.0,-17.65980339050293,0.0,16.75,0.0009985906071960926,11,0,0,0
random_layer_matched,corrupt,to_clean,v5_qwen35_4b_241,240,16.75,0.0009985906071960926,11,0,0.0,0.0,-17.65980339050293,0.0,16.75,0.0009985906071960926,11,0,0,0
random_layer_matched,corrupt,to_clean,v5_qwen35_4b_256,255,18.0,0.006687911693006754,7,0,0.0,0.0,-16.08746910095215,0.0,18.0,0.006687911693006754,7,0,0,0
random_layer_matched,corrupt,to_clean,v5_qwen35_4b_269,268,18.0,0.006687911693006754,7,0,0.0,0.0,-16.08746910095215,0.0,18.0,0.006687911693006754,7,0,0,0
random_layer_matched,corrupt,to_clean,v5_qwen35_4b_276,275,18.0,0.006896168924868107,7,0,0.0,0.0,-16.154268264770508,0.0,18.0,0.006896168924868107,7,0,0,0
random_layer_matched,corrupt,to_clean,v5_qwen35_4b_277,276,18.0,0.006896168924868107,7,0,0.0,0.0,-16.154268264770508,0.0,18.0,0.006896168924868107,7,0,0,0
random_layer_matched,corrupt,to_clean,v5_qwen35_4b_280,279,18.0,0.006896168924868107,7,0,0.0,0.0,-16.154268264770508,0.0,18.0,0.006896168924868107,7,0,0,0
random_layer_matched,corrupt,to_clean,v5_qwen35_4b_284,283,18.0,0.006896168924868107,7,0,0.0,0.0,-16.154268264770508,0.0,18.0,0.006896168924868107,7,0,0,0
random_layer_matched,corrupt,to_clean,v5_qwen35_4b_288,287,18.0,0.006896168924868107,7,0,0.0,0.0,-16.154268264770508,0.0,18.0,0.006896168924868107,7,0,0,0
random_layer_matched,corrupt,to_clean,v5_qwen35_4b_292,291,18.0,0.006896168924868107,7,0,0.0,0.0,-16.154268264770508,0.0,18.0,0.006896168924868107,7,0,0,0
random_layer_matched,corrupt,to_clean,v5_qwen35_4b_294,293,18.0,0.006896168924868107,7,0,0.0,0.0,-16.154268264770508,0.0,18.0,0.006896168924868107,7,0,0,0
random_layer_matched,corrupt,to_clean,v5_qwen35_4b_002,1,16.125,0.0005488589522428811,26,0,0.0,0.0,-18.10282325744629,0.0,16.125,0.0005488589522428811,26,0,0,0
random_layer_matched,corrupt,to_clean,v5_qwen35_4b_012,11,16.25,0.0006166362436488271,23,0,0.0,0.0,-18.084800720214844,0.0,16.25,0.0006166362436488271,23,0,0,0
random_layer_matched,corrupt,to_clean,v5_qwen35_4b_015,14,16.25,0.0006166362436488271,23,0,0.0,0.0,-18.084800720214844,0.0,16.25,0.0006166362436488271,23,0,0,0
random_layer_matched,corrupt,to_clean,v5_qwen35_4b_037,36,16.75,0.0010443365899845958,12,0,0.0,0.0,-17.757553100585938,0.0,16.75,0.0010443365899845958,12,0,0,0
random_layer_matched,corrupt,to_clean,v5_qwen35_4b_042,41,16.75,0.0010443365899845958,12,0,0.0,0.0,-17.757553100585938,0.0,16.75,0.0010443365899845958,12,0,0,0
random_layer_matched,corrupt,to_clean,v5_qwen35_4b_044,43,16.75,0.0010443365899845958,12,0,0.0,0.0,-17.757553100585938,0.0,16.75,0.0010443365899845958,12,0,0,0
random_layer_matched,corrupt,to_clean,v5_qwen35_4b_115,114,16.75,0.0010443365899845958,12,0,0.0,0.0,-17.757553100585938,0.0,16.75,0.0010443365899845958,12,0,0,0
random_layer_matched,corrupt,to_clean,v5_qwen35_4b_126,125,16.75,0.0010443365899845958,12,0,0.0,0.0,-17.757553100585938,0.0,16.75,0.0010443365899845958,12,0,0,0
random_layer_matched,corrupt,to_clean,v5_qwen35_4b_127,126,16.75,0.0010443365899845958,12,0,0.0,0.0,-17.757553100585938,0.0,16.75,0.0010443365899845958,12,0,0,0
random_layer_matched,corrupt,to_clean,v5_qwen35_4b_134,133,16.75,0.0010443365899845958,12,0,0.0,0.0,-17.757553100585938,0.0,16.75,0.0010443365899845958,12,0,0,0
random_layer_matched,corrupt,to_clean,v5_qwen35_4b_140,139,16.75,0.0010443365899845958,12,0,0.0,0.0,-17.757553100585938,0.0,16.75,0.0010443365899845958,12,0,0,0
random_layer_matched,corrupt,to_clean,v5_qwen35_4b_142,141,16.75,0.0010443365899845958,12,0,0.0,0.0,-17.757553100585938,0.0,16.75,0.0010443365899845958,12,0,0,0
random_layer_matched,corrupt,to_clean,v5_qwen35_4b_146,145,16.75,0.0010443365899845958,12,0,0.0,0.0,-17.757553100585938,0.0,16.75,0.0010443365899845958,12,0,0,0
random_layer_matched,corrupt,to_clean,v5_qwen35_4b_150,149,16.75,0.0010443365899845958,12,0,0.0,0.0,-17.757553100585938,0.0,16.75,0.0010443365899845958,12,0,0,0
random_layer_matched,corrupt,to_clean,v5_qwen35_4b_168,167,16.25,0.0006166362436488271,23,0,0.0,0.0,-18.084800720214844,0.0,16.25,0.0006166362436488271,23,0,0,0
random_layer_matched,corrupt,to_clean,v5_qwen35_4b_179,178,16.25,0.0006166362436488271,23,0,0.0,0.0,-18.084800720214844,0.0,16.25,0.0006166362436488271,23,0,0,0
random_layer_matched,corrupt,to_clean,v5_qwen35_4b_183,182,16.25,0.0006166362436488271,23,0,0.0,0.0,-18.084800720214844,0.0,16.25,0.0006166362436488271,23,0,0,0
random_layer_matched,corrupt,to_clean,v5_qwen35_4b_185,184,16.25,0.0006166362436488271,23,0,0.0,0.0,-18.084800720214844,0.0,16.25,0.0006166362436488271,23,0,0,0
random_layer_matched,corrupt,to_clean,v5_qwen35_4b_186,185,16.25,0.0006166362436488271,23,0,0.0,0.0,-18.084800720214844,0.0,16.25,0.0006166362436488271,23,0,0,0
random_layer_matched,corrupt,to_clean,v5_qwen35_4b_242,241,16.75,0.0010443365899845958,12,0,0.0,0.0,-17.757553100585938,0.0,16.75,0.0010443365899845958,12,0,0,0
random_layer_matched,corrupt,to_clean,v5_qwen35_4b_249,248,16.75,0.0010443365899845958,12,0,0.0,0.0,-17.757553100585938,0.0,16.75,0.0010443365899845958,12,0,0,0
random_layer_matched,corrupt,to_clean,v5_qwen35_4b_282,281,17.875,0.005645131692290306,8,0,0.0,0.0,-16.436128616333008,0.0,17.875,0.005645131692290306,8,0,0,0
random_layer_matched,corrupt,to_clean,v5_qwen35_4b_286,285,17.875,0.005645131692290306,8,0,0.0,0.0,-16.436128616333008,0.0,17.875,0.005645131692290306,8,0,0,0
random_layer_matched,corrupt,to_clean,v5_qwen35_4b_295,294,17.875,0.005645131692290306,8,0,0.0,0.0,-16.436128616333008,0.0,17.875,0.005645131692290306,8,0,0,0
random_layer_matched,corrupt,to_clean,v5_qwen35_4b_299,298,17.875,0.005645131692290306,8,0,0.0,0.0,-16.436128616333008,0.0,17.875,0.005645131692290306,8,0,0,0
random_layer_matched,corrupt,to_clean,v5_qwen35_4b_008,7,14.5,0.0003313183842692524,43,0,0.0,0.0,-17.894115447998047,0.0,14.5,0.0003313183842692524,43,0,0,0
random_layer_matched,corrupt,to_clean,v5_qwen35_4b_122,121,15.0,0.0004016219172626734,26,0,0.0,0.0,-18.93631935119629,0.0,15.0,0.0004016219172626734,26,0,0,0
random_layer_matched,corrupt,to_clean,v5_qwen35_4b_158,157,14.5625,0.00033609982347115874,42,0,0.0,0.0,-18.18425941467285,0.0,14.5625,0.00033609982347115874,42,0,0,0
random_layer_matched,corrupt,to_clean,v5_qwen35_4b_265,264,16.875,0.004074973054230213,8,0,0.0,0.0,-17.13174819946289,0.0,16.875,0.004074973054230213,8,0,0,0
random_layer_matched,corrupt,to_clean,v5_qwen35_4b_003,2,15.5625,0.000641667633317411,31,0,0.0,0.0,-18.407747268676758,0.0,15.5625,0.000641667633317411,31,0,0,0
random_layer_matched,corrupt,to_clean,v5_qwen35_4b_011,10,15.5625,0.0006073143449611962,29,0,0.0,0.0,-18.470539093017578,0.0,15.5625,0.0006073143449611962,29,0,0,0
random_layer_matched,corrupt,to_clean,v5_qwen35_4b_033,32,16.25,0.0014820188516750932,18,0,0.0,0.0,-18.441133499145508,0.0,16.25,0.0014820188516750932,18,0,0,0
random_layer_matched,corrupt,to_clean,v5_qwen35_4b_048,47,16.25,0.0014820188516750932,18,0,0.0,0.0,-18.441133499145508,0.0,16.25,0.0014820188516750932,18,0,0,0
random_layer_matched,corrupt,to_clean,v5_qwen35_4b_070,69,17.5,0.00884167943149805,5,0,0.0,0.0,-16.789098739624023,0.0,17.5,0.00884167943149805,5,0,0,0
random_layer_matched,corrupt,to_clean,v5_qwen35_4b_124,123,16.375,0.0018249666318297386,15,0,0.0,0.0,-18.354955673217773,0.0,16.375,0.0018249666318297386,15,0,0,0
random_layer_matched,corrupt,to_clean,v5_qwen35_4b_125,124,16.375,0.001570428255945444,18,0,0.0,0.0,-18.31229591369629,0.0,16.375,0.001570428255945444,18,0,0,0
random_layer_matched,corrupt,to_clean,v5_qwen35_4b_139,138,16.375,0.001570428255945444,18,0,0.0,0.0,-18.31229591369629,0.0,16.375,0.001570428255945444,18,0,0,0
random_layer_matched,corrupt,to_clean,v5_qwen35_4b_203,202,17.625,0.009332310408353806,6,0,0.0,0.0,-16.649810791015625,0.0,17.625,0.009332310408353806,6,0,0,0
random_layer_matched,corrupt,to_clean,v5_qwen35_4b_206,205,17.5,0.00884167943149805,5,0,0.0,0.0,-16.789098739624023,0.0,17.5,0.00884167943149805,5,0,0,0
random_layer_matched,corrupt,to_clean,v5_qwen35_4b_212,211,17.625,0.009332310408353806,6,0,0.0,0.0,-16.649810791015625,0.0,17.625,0.009332310408353806,6,0,0,0
random_layer_matched,corrupt,to_clean,v5_qwen35_4b_228,227,16.375,0.0018249666318297386,15,0,0.0,0.0,-18.354955673217773,0.0,16.375,0.0018249666318297386,15,0,0,0
random_layer_matched,corrupt,to_clean,v5_qwen35_4b_230,229,16.375,0.0018249666318297386,15,0,0.0,0.0,-18.354955673217773,0.0,16.375,0.0018249666318297386,15,0,0,0
random_layer_matched,corrupt,to_clean,v5_qwen35_4b_231,230,16.375,0.0018249666318297386,15,0,0.0,0.0,-18.354955673217773,0.0,16.375,0.0018249666318297386,15,0,0,0
random_layer_matched,corrupt,to_clean,v5_qwen35_4b_236,235,16.375,0.0018249666318297386,15,0,0.0,0.0,-18.354955673217773,0.0,16.375,0.0018249666318297386,15,0,0,0
random_layer_matched,corrupt,to_clean,v5_qwen35_4b_237,236,16.375,0.0018249666318297386,15,0,0.0,0.0,-18.354955673217773,0.0,16.375,0.0018249666318297386,15,0,0,0
random_layer_matched,corrupt,to_clean,v5_qwen35_4b_238,237,16.375,0.001570428255945444,18,0,0.0,0.0,-18.31229591369629,0.0,16.375,0.001570428255945444,18,0,0,0
random_layer_matched,corrupt,to_clean,v5_qwen35_4b_247,246,16.375,0.0018249666318297386,15,0,0.0,0.0,-18.354955673217773,0.0,16.375,0.0018249666318297386,15,0,0,0
random_layer_matched,corrupt,to_clean,v5_qwen35_4b_257,256,17.5,0.00884167943149805,5,0,0.0,0.0,-16.789098739624023,0.0,17.5,0.00884167943149805,5,0,0,0
random_layer_matched,corrupt,to_clean,v5_qwen35_4b_291,290,17.5,0.00884167943149805,5,0,0.0,0.0,-16.789098739624023,0.0,17.5,0.00884167943149805,5,0,0,0
random_layer_matched,corrupt,to_clean,v5_qwen35_4b_005,4,15.5,0.0006943017360754311,29,0,0.0,0.0,-18.40878677368164,0.0,15.5,0.0006943017360754311,29,0,0,0
random_layer_matched,corrupt,to_clean,v5_qwen35_4b_013,12,15.5625,0.0006759362877346575,27,0,0.0,0.0,-18.486417770385742,0.0,15.5625,0.0006759362877346575,27,0,0,0
random_layer_matched,corrupt,to_clean,v5_qwen35_4b_026,25,16.375,0.0018199029145762324,17,0,0.0,0.0,-18.374942779541016,0.0,16.375,0.0018199029145762324,17,0,0,0
random_layer_matched,corrupt,to_clean,v5_qwen35_4b_041,40,16.375,0.001830375986173749,19,0,0.0,0.0,-18.466537475585938,0.0,16.375,0.001830375986173749,19,0,0,0
random_layer_matched,corrupt,to_clean,v5_qwen35_4b_045,44,16.375,0.001830375986173749,19,0,0.0,0.0,-18.466537475585938,0.0,16.375,0.001830375986173749,19,0,0,0
random_layer_matched,corrupt,to_clean,v5_qwen35_4b_049,48,16.375,0.0018199029145762324,17,0,0.0,0.0,-18.374942779541016,0.0,16.375,0.0018199029145762324,17,0,0,0
random_layer_matched,corrupt,to_clean,v5_qwen35_4b_117,116,16.375,0.0018199029145762324,17,0,0.0,0.0,-18.374942779541016,0.0,16.375,0.0018199029145762324,17,0,0,0
random_layer_matched,corrupt,to_clean,v5_qwen35_4b_137,136,16.375,0.0018199029145762324,17,0,0.0,0.0,-18.374942779541016,0.0,16.375,0.0018199029145762324,17,0,0,0
random_layer_matched,corrupt,to_clean,v5_qwen35_4b_141,140,16.375,0.001830375986173749,19,0,0.0,0.0,-18.466537475585938,0.0,16.375,0.001830375986173749,19,0,0,0
random_layer_matched,corrupt,to_clean,v5_qwen35_4b_157,156,15.5625,0.0006759362877346575,27,0,0.0,0.0,-18.486417770385742,0.0,15.5625,0.0006759362877346575,27,0,0,0
random_layer_matched,corrupt,to_clean,v5_qwen35_4b_227,226,16.375,0.0018199029145762324,17,0,0.0,0.0,-18.374942779541016,0.0,16.375,0.0018199029145762324,17,0,0,0
random_layer_matched,corrupt,to_clean,v5_qwen35_4b_233,232,16.375,0.001830375986173749,19,0,0.0,0.0,-18.466537475585938,0.0,16.375,0.001830375986173749,19,0,0,0
random_layer_matched,corrupt,to_clean,v5_qwen35_4b_235,234,16.375,0.0018199029145762324,17,0,0.0,0.0,-18.374942779541016,0.0,16.375,0.0018199029145762324,17,0,0,0
random_layer_matched,corrupt,to_clean,v5_qwen35_4b_248,247,16.375,0.0018199029145762324,17,0,0.0,0.0,-18.374942779541016,0.0,16.375,0.0018199029145762324,17,0,0,0
random_layer_matched,corrupt,to_clean,v5_qwen35_4b_250,249,16.375,0.0018199029145762324,17,0,0.0,0.0,-18.374942779541016,0.0,16.375,0.0018199029145762324,17,0,0,0
random_layer_matched,corrupt,to_clean,v5_qwen35_4b_261,260,17.625,0.010868935845792294,6,0,0.0,0.0,-16.56675910949707,0.0,17.625,0.010868935845792294,6,0,0,0
random_layer_matched,corrupt,to_clean,v5_qwen35_4b_274,273,17.5,0.008061088621616364,5,0,0.0,0.0,-16.848115921020508,0.0,17.5,0.008061088621616364,5,0,0,0
random_layer_matched,corrupt,to_clean,v5_qwen35_4b_298,297,17.5,0.008719369769096375,6,0,0.0,0.0,-16.868783950805664,0.0,17.5,0.008719369769096375,6,0,0,0
random_layer_matched,corrupt,to_clean,v5_qwen35_4b_202,201,20.375,0.09454387426376343,2,0,0.0,0.0,-6.762568473815918,0.0,20.375,0.09454387426376343,2,0,0,0
random_layer_matched,corrupt,to_clean,v5_qwen35_4b_221,220,19.5,0.019410861656069756,5,0,0.0,0.0,-4.28895902633667,0.0,19.5,0.019410861656069756,5,0,0,0
random_layer_matched,corrupt,to_clean,v5_qwen35_4b_051,50,19.125,0.027655621990561485,5,0,0.0,0.0,-7.319972991943359,0.0,19.125,0.027655621990561485,5,0,0,0
random_layer_matched,corrupt,to_clean,v5_qwen35_4b_278,277,19.375,0.03502671420574188,5,0,0.0,0.0,-7.090640544891357,0.0,19.375,0.03502671420574188,5,0,0,0
random_layer_matched,corrupt,to_clean,v5_qwen35_4b_062,61,19.5,0.03670622780919075,5,0,0.0,0.0,-7.246484756469727,0.0,19.5,0.03670622780919075,5,0,0,0
random_layer_matched,corrupt,to_clean,v5_qwen35_4b_068,67,19.5,0.03670622780919075,5,0,0.0,0.0,-7.246484756469727,0.0,19.5,0.03670622780919075,5,0,0,0
random_layer_matched,corrupt,to_clean,v5_qwen35_4b_209,208,19.5,0.0366109199821949,5,0,0.0,0.0,-7.281005859375,0.0,19.5,0.0366109199821949,5,0,0,0
random_layer_matched,corrupt,to_clean,v5_qwen35_4b_220,219,19.5,0.0366109199821949,5,0,0.0,0.0,-7.281005859375,0.0,19.5,0.0366109199821949,5,0,0,0
random_layer_matched,corrupt,to_clean,v5_qwen35_4b_225,224,19.5,0.0366109199821949,5,0,0.0,0.0,-7.281005859375,0.0,19.5,0.0366109199821949,5,0,0,0
random_layer_matched,corrupt,to_clean,v5_qwen35_4b_300,299,19.625,0.03894484415650368,5,0,0.0,0.0,-7.192119121551514,0.0,19.625,0.03894484415650368,5,0,0,0
random_layer_matched,corrupt,to_clean,v5_qwen35_4b_293,292,19.375,0.027442187070846558,4,0,0.0,0.0,-8.23132038116455,0.0,19.375,0.027442187070846558,4,0,0,0
random_layer_matched,corrupt,to_clean,v5_qwen35_4b_066,65,19.375,0.03382420912384987,5,0,0.0,0.0,-7.780594348907471,0.0,19.375,0.03382420912384987,5,0,0,0
random_layer_matched,corrupt,to_clean,v5_qwen35_4b_197,196,19.375,0.02998178079724312,7,0,0.0,0.0,-6.405796527862549,0.0,19.375,0.02998178079724312,7,0,0,0
random_layer_matched,corrupt,to_clean,v5_qwen35_4b_074,73,19.625,0.037366509437561035,5,0,0.0,0.0,-7.383699893951416,0.0,19.625,0.037366509437561035,5,0,0,0
random_layer_matched,corrupt,to_clean,v5_qwen35_4b_189,188,19.125,0.014731589704751968,7,0,0.0,0.0,-6.421180248260498,0.0,19.125,0.014731589704751968,7,0,0,0
random_layer_matched,corrupt,to_clean,v5_qwen35_4b_223,222,19.625,0.04235493391752243,5,0,0.0,0.0,-7.30742883682251,0.0,19.625,0.04235493391752243,5,0,0,0
random_layer_matched,corrupt,to_clean,v5_qwen35_4b_266,265,19.5,0.039955783635377884,5,0,0.0,0.0,-7.243834495544434,0.0,19.5,0.039955783635377884,5,0,0,0
random_layer_matched,corrupt,to_clean,v5_qwen35_4b_287,286,19.625,0.04235493391752243,5,0,0.0,0.0,-7.30742883682251,0.0,19.625,0.04235493391752243,5,0,0,0
random_layer_matched,corrupt,to_clean,v5_qwen35_4b_058,57,19.625,0.03420625254511833,5,0,0.0,0.0,-8.46015453338623,0.0,19.625,0.03420625254511833,5,0,0,0
random_layer_matched,corrupt,to_clean,v5_qwen35_4b_060,59,19.5,0.03673437982797623,5,0,0.0,0.0,-7.1692214012146,0.0,19.5,0.03673437982797623,5,0,0,0
random_layer_matched,corrupt,to_clean,v5_qwen35_4b_201,200,19.625,0.04089660942554474,5,0,0.0,0.0,-7.418107986450195,0.0,19.625,0.04089660942554474,5,0,0,0
random_layer_matched,corrupt,to_clean,v5_qwen35_4b_217,216,19.5,0.03579164296388626,5,0,0.0,0.0,-7.270823001861572,0.0,19.5,0.03579164296388626,5,0,0,0
random_layer_matched,corrupt,to_clean,v5_qwen35_4b_218,217,19.625,0.03781021758913994,5,0,0.0,0.0,-7.475377082824707,0.0,19.625,0.03781021758913994,5,0,0,0
random_layer_matched,corrupt,to_clean,v5_qwen35_4b_275,274,19.625,0.03781021758913994,5,0,0.0,0.0,-7.475377082824707,0.0,19.625,0.03781021758913994,5,0,0,0
random_layer_matched,corrupt,to_clean,v5_qwen35_4b_297,296,19.75,0.0462866947054863,5,0,0.0,0.0,-7.42717170715332,0.0,19.75,0.0462866947054863,5,0,0,0
random_layer_matched,corrupt,to_clean,v5_qwen35_4b_050,49,19.625,0.0423416942358017,5,0,0.0,0.0,-7.438788890838623,0.0,19.625,0.0423416942358017,5,0,0,0
random_layer_matched,corrupt,to_clean,v5_qwen35_4b_063,62,19.625,0.0423416942358017,5,0,0.0,0.0,-7.438788890838623,0.0,19.625,0.0423416942358017,5,0,0,0
random_layer_matched,corrupt,to_clean,v5_qwen35_4b_067,66,19.625,0.0423416942358017,5,0,0.0,0.0,-7.438788890838623,0.0,19.625,0.0423416942358017,5,0,0,0
random_layer_matched,corrupt,to_clean,v5_qwen35_4b_075,74,19.625,0.0423416942358017,5,0,0.0,0.0,-7.438788890838623,0.0,19.625,0.0423416942358017,5,0,0,0
random_layer_matched,corrupt,to_clean,v5_qwen35_4b_198,197,19.875,0.04777015000581741,5,0,0.0,0.0,-5.798523426055908,0.0,19.875,0.04777015000581741,5,0,0,0
random_layer_matched,corrupt,to_clean,v5_qwen35_4b_219,218,19.625,0.04238104820251465,5,0,0.0,0.0,-7.229538440704346,0.0,19.625,0.04238104820251465,5,0,0,0
random_layer_matched,corrupt,to_clean,v5_qwen35_4b_253,252,19.625,0.04238104820251465,5,0,0.0,0.0,-7.229538440704346,0.0,19.625,0.04238104820251465,5,0,0,0
random_layer_matched,corrupt,to_clean,v5_qwen35_4b_200,199,19.75,0.04721134528517723,5,0,0.0,0.0,-6.135420799255371,0.0,19.75,0.04721134528517723,5,0,0,0
random_layer_matched,corrupt,to_clean,v5_qwen35_4b_031,30,19.25,0.022800663486123085,7,0,0.0,0.0,-6.961143970489502,0.0,19.25,0.022800663486123085,7,0,0,0
random_layer_matched,corrupt,to_clean,v5_qwen35_4b_163,162,19.75,0.0402974896132946,6,0,0.0,0.0,-3.9976344108581543,0.0,19.75,0.0402974896132946,6,0,0,0
random_layer_matched,corrupt,to_clean,v5_qwen35_4b_184,183,20.0,0.05075301602482796,5,0,0.0,0.0,-2.1540727615356445,0.0,20.0,0.05075301602482796,5,0,0,0
random_layer_matched,corrupt,to_clean,v5_qwen35_4b_191,190,19.25,0.022800663486123085,7,0,0.0,0.0,-6.961143970489502,0.0,19.25,0.022800663486123085,7,0,0,0
random_layer_matched,corrupt,to_clean,v5_qwen35_4b_192,191,19.25,0.022800663486123085,7,0,0.0,0.0,-6.961143970489502,0.0,19.25,0.022800663486123085,7,0,0,0
random_layer_matched,corrupt,to_clean,v5_qwen35_4b_022,21,19.625,0.03642089292407036,6,0,0.0,0.0,-3.9924991130828857,0.0,19.625,0.03642089292407036,6,0,0,0
random_layer_matched,corrupt,to_clean,v5_qwen35_4b_034,33,19.375,0.021624036133289337,7,0,0.0,0.0,-6.33350133895874,0.0,19.375,0.021624036133289337,7,0,0,0
random_layer_matched,corrupt,to_clean,v5_qwen35_4b_061,60,19.75,0.03391042724251747,4,0,0.0,0.0,-8.852746963500977,0.0,19.75,0.03391042724251747,4,0,0,0
random_layer_matched,corrupt,to_clean,v5_qwen35_4b_069,68,19.875,0.03362564742565155,4,0,0.0,0.0,-8.938735008239746,0.0,19.875,0.03362564742565155,4,0,0,0
random_layer_matched,corrupt,to_clean,v5_qwen35_4b_162,161,19.625,0.03642089292407036,6,0,0.0,0.0,-3.9924991130828857,0.0,19.625,0.03642089292407036,6,0,0,0
random_layer_matched,corrupt,to_clean,v5_qwen35_4b_165,164,19.625,0.03063947707414627,7,0,0.0,0.0,-3.8729493618011475,0.0,19.625,0.03063947707414627,7,0,0,0
random_layer_matched,corrupt,to_clean,v5_qwen35_4b_176,175,19.625,0.03642089292407036,6,0,0.0,0.0,-3.9924991130828857,0.0,19.625,0.03642089292407036,6,0,0,0
random_layer_matched,corrupt,to_clean,v5_qwen35_4b_177,176,19.625,0.03642089292407036,6,0,0.0,0.0,-3.9924991130828857,0.0,19.625,0.03642089292407036,6,0,0,0
random_layer_matched,corrupt,to_clean,v5_qwen35_4b_211,210,19.75,0.0338459275662899,4,0,0.0,0.0,-8.872928619384766,0.0,19.75,0.0338459275662899,4,0,0,0
random_layer_matched,corrupt,to_clean,v5_qwen35_4b_246,245,19.375,0.02615765482187271,7,0,0.0,0.0,-6.864340305328369,0.0,19.375,0.02615765482187271,7,0,0,0
random_layer_matched,corrupt,to_clean,v5_qwen35_4b_268,267,19.75,0.0338459275662899,4,0,0.0,0.0,-8.872928619384766,0.0,19.75,0.0338459275662899,4,0,0,0
random_layer_matched,corrupt,to_clean,v5_qwen35_4b_032,31,19.5,0.02691612020134926,7,0,0.0,0.0,-5.676690101623535,0.0,19.5,0.02691612020134926,7,0,0,0
random_layer_matched,corrupt,to_clean,v5_qwen35_4b_194,193,19.375,0.024036439135670662,7,0,0.0,0.0,-6.31006383895874,0.0,19.375,0.024036439135670662,7,0,0,0
random_layer_matched,corrupt,to_clean,v5_qwen35_4b_195,194,19.375,0.022452250123023987,7,0,0.0,0.0,-5.898355007171631,0.0,19.375,0.022452250123023987,7,0,0,0
random_layer_matched,corrupt,to_clean,v5_qwen35_4b_019,18,19.25,0.020004011690616608,7,0,0.0,0.0,-3.8464107513427734,0.0,19.25,0.020004011690616608,7,0,0,0
random_layer_matched,corrupt,to_clean,v5_qwen35_4b_056,55,19.25,0.017825396731495857,6,0,0.0,0.0,-8.832362174987793,0.0,19.25,0.017825396731495857,6,0,0,0
random_layer_matched,corrupt,to_clean,v5_qwen35_4b_057,56,19.375,0.019722955301404,6,0,0.0,0.0,-8.784597396850586,0.0,19.375,0.019722955301404,6,0,0,0
random_layer_matched,corrupt,to_clean,v5_qwen35_4b_190,189,19.375,0.024844417348504066,7,0,0.0,0.0,-5.333654403686523,0.0,19.375,0.024844417348504066,7,0,0,0
random_layer_matched,corrupt,to_clean,v5_qwen35_4b_199,198,19.375,0.022612523287534714,7,0,0.0,0.0,-5.687098026275635,0.0,19.375,0.022612523287534714,7,0,0,0
random_layer_matched,corrupt,to_clean,v5_qwen35_4b_240,239,19.375,0.024844417348504066,7,0,0.0,0.0,-5.333654403686523,0.0,19.375,0.024844417348504066,7,0,0,0
random_layer_matched,corrupt,to_clean,v5_qwen35_4b_279,278,19.25,0.017798731103539467,6,0,0.0,0.0,-8.778388023376465,0.0,19.25,0.017798731103539467,6,0,0,0
random_layer_matched,corrupt,to_clean,v5_qwen35_4b_173,172,19.25,0.01947586052119732,7,0,0.0,0.0,-3.894653081893921,0.0,19.25,0.01947586052119732,7,0,0,0
random_layer_matched,corrupt,to_clean,v5_qwen35_4b_193,192,19.375,0.02880825847387314,6,0,0.0,0.0,-4.2828168869018555,0.0,19.375,0.02880825847387314,6,0,0,0
random_layer_matched,corrupt,to_clean,v5_qwen35_4b_196,195,19.75,0.0364970825612545,5,0,0.0,0.0,-5.552473545074463,0.0,19.75,0.0364970825612545,5,0,0,0
random_layer_matched,corrupt,to_clean,v5_qwen35_4b_207,206,19.75,0.026399575173854828,5,0,0.0,0.0,-8.901191711425781,0.0,19.75,0.026399575173854828,5,0,0,0
random_layer_matched,corrupt,to_clean,v5_qwen35_4b_210,209,19.5,0.029334548860788345,5,0,0.0,0.0,-7.978080749511719,0.0,19.5,0.029334548860788345,5,0,0,0
random_layer_matched,corrupt,to_clean,v5_qwen35_4b_071,70,19.375,0.02571937069296837,5,0,0.0,0.0,-8.197752952575684,0.0,19.375,0.02571937069296837,5,0,0,0
random_layer_matched,corrupt,to_clean,v5_qwen35_4b_170,169,18.875,0.021326297894120216,7,0,0.0,0.0,-2.1699442863464355,0.0,18.875,0.021326297894120216,7,0,0,0
random_layer_matched,corrupt,to_clean,v5_qwen35_4b_178,177,19.875,0.05508045107126236,5,0,0.0,0.0,-3.281538963317871,0.0,19.875,0.05508045107126236,5,0,0,0
random_layer_matched,corrupt,to_clean,v5_qwen35_4b_175,174,19.0,0.018648192286491394,7,0,0.0,0.0,-2.4926843643188477,0.0,19.0,0.018648192286491394,7,0,0,0
random_layer_matched,corrupt,to_clean,v5_qwen35_4b_171,170,19.875,0.05552765354514122,5,0,0.0,0.0,-2.868596076965332,0.0,19.875,0.05552765354514122,5,0,0,0
random_layer_matched,corrupt,to_clean,v5_qwen35_4b_009,8,19.0,0.017526088282465935,7,0,0.0,0.0,-2.7939982414245605,0.0,19.0,0.017526088282465935,7,0,0,0
random_layer_matched,corrupt,to_clean,v5_qwen35_4b_052,51,20.25,0.04379823058843613,3,0,0.0,0.0,-8.004514694213867,0.0,20.25,0.04379823058843613,3,0,0,0
random_layer_matched,corrupt,to_clean,v5_qwen35_4b_076,75,15.875,0.0004939163918606937,29,0,0.0,0.0,-12.806502342224121,0.0,15.875,0.0004939163918606937,29,0,0,0
random_layer_matched,corrupt,to_clean,v5_qwen35_4b_077,76,15.875,0.0004939163918606937,29,0,0.0,0.0,-12.806502342224121,0.0,15.875,0.0004939163918606937,29,0,0,0
random_layer_matched,corrupt,to_clean,v5_qwen35_4b_078,77,15.875,0.0004939163918606937,29,0,0.0,0.0,-12.806502342224121,0.0,15.875,0.0004939163918606937,29,0,0,0
random_layer_matched,corrupt,to_clean,v5_qwen35_4b_079,78,15.875,0.0004939163918606937,29,0,0.0,0.0,-12.806502342224121,0.0,15.875,0.0004939163918606937,29,0,0,0
random_layer_matched,corrupt,to_clean,v5_qwen35_4b_080,79,15.875,0.0004939163918606937,29,0,0.0,0.0,-12.806502342224121,0.0,15.875,0.0004939163918606937,29,0,0,0
random_layer_matched,corrupt,to_clean,v5_qwen35_4b_081,80,15.875,0.0004939163918606937,29,0,0.0,0.0,-12.806502342224121,0.0,15.875,0.0004939163918606937,29,0,0,0
random_layer_matched,corrupt,to_clean,v5_qwen35_4b_082,81,15.875,0.0004939163918606937,29,0,0.0,0.0,-12.806502342224121,0.0,15.875,0.0004939163918606937,29,0,0,0
random_layer_matched,corrupt,to_clean,v5_qwen35_4b_083,82,15.9375,0.0004879979242105037,29,0,0.0,0.0,-12.791871070861816,0.0,15.9375,0.0004879979242105037,29,0,0,0
random_layer_matched,corrupt,to_clean,v5_qwen35_4b_084,83,15.9375,0.0004879979242105037,29,0,0.0,0.0,-12.791871070861816,0.0,15.9375,0.0004879979242105037,29,0,0,0
random_layer_matched,corrupt,to_clean,v5_qwen35_4b_087,86,15.9375,0.0004879979242105037,29,0,0.0,0.0,-12.791871070861816,0.0,15.9375,0.0004879979242105037,29,0,0,0
random_layer_matched,corrupt,to_clean,v5_qwen35_4b_088,87,15.9375,0.0004879979242105037,29,0,0.0,0.0,-12.791871070861816,0.0,15.9375,0.0004879979242105037,29,0,0,0
random_layer_matched,corrupt,to_clean,v5_qwen35_4b_089,88,15.9375,0.0004879979242105037,29,0,0.0,0.0,-12.791871070861816,0.0,15.9375,0.0004879979242105037,29,0,0,0
random_layer_matched,corrupt,to_clean,v5_qwen35_4b_090,89,15.9375,0.0004879979242105037,29,0,0.0,0.0,-12.791871070861816,0.0,15.9375,0.0004879979242105037,29,0,0,0
random_layer_matched,corrupt,to_clean,v5_qwen35_4b_091,90,15.9375,0.0004879979242105037,29,0,0.0,0.0,-12.791871070861816,0.0,15.9375,0.0004879979242105037,29,0,0,0
random_layer_matched,corrupt,to_clean,v5_qwen35_4b_092,91,15.9375,0.0004879979242105037,29,0,0.0,0.0,-12.791871070861816,0.0,15.9375,0.0004879979242105037,29,0,0,0
random_layer_matched,corrupt,to_clean,v5_qwen35_4b_093,92,15.9375,0.0004879979242105037,29,0,0.0,0.0,-12.791871070861816,0.0,15.9375,0.0004879979242105037,29,0,0,0
random_layer_matched,corrupt,to_clean,v5_qwen35_4b_094,93,15.9375,0.0004879979242105037,29,0,0.0,0.0,-12.791871070861816,0.0,15.9375,0.0004879979242105037,29,0,0,0
random_layer_matched,corrupt,to_clean,v5_qwen35_4b_095,94,15.9375,0.0004879979242105037,29,0,0.0,0.0,-12.791871070861816,0.0,15.9375,0.0004879979242105037,29,0,0,0
random_layer_matched,corrupt,to_clean,v5_qwen35_4b_096,95,15.9375,0.0004879979242105037,29,0,0.0,0.0,-12.791871070861816,0.0,15.9375,0.0004879979242105037,29,0,0,0
random_layer_matched,corrupt,to_clean,v5_qwen35_4b_097,96,15.9375,0.0004879979242105037,29,0,0.0,0.0,-12.791871070861816,0.0,15.9375,0.0004879979242105037,29,0,0,0
random_layer_matched,corrupt,to_clean,v5_qwen35_4b_099,98,15.9375,0.0004879979242105037,29,0,0.0,0.0,-12.791871070861816,0.0,15.9375,0.0004879979242105037,29,0,0,0
random_layer_matched,corrupt,to_clean,v5_qwen35_4b_100,99,15.9375,0.0004879979242105037,29,0,0.0,0.0,-12.791871070861816,0.0,15.9375,0.0004879979242105037,29,0,0,0
random_layer_matched,corrupt,to_clean,v5_qwen35_4b_101,100,15.9375,0.0004879979242105037,29,0,0.0,0.0,-12.791871070861816,0.0,15.9375,0.0004879979242105037,29,0,0,0
random_layer_matched,corrupt,to_clean,v5_qwen35_4b_102,101,15.9375,0.0004879979242105037,29,0,0.0,0.0,-12.791871070861816,0.0,15.9375,0.0004879979242105037,29,0,0,0
random_layer_matched,corrupt,to_clean,v5_qwen35_4b_103,102,15.9375,0.0004879979242105037,29,0,0.0,0.0,-12.791871070861816,0.0,15.9375,0.0004879979242105037,29,0,0,0
random_layer_matched,corrupt,to_clean,v5_qwen35_4b_104,103,15.9375,0.0004879979242105037,29,0,0.0,0.0,-12.791871070861816,0.0,15.9375,0.0004879979242105037,29,0,0,0
random_layer_matched,corrupt,to_clean,v5_qwen35_4b_105,104,15.9375,0.0004879979242105037,29,0,0.0,0.0,-12.791871070861816,0.0,15.9375,0.0004879979242105037,29,0,0,0
random_layer_matched,corrupt,to_clean,v5_qwen35_4b_106,105,15.9375,0.0004879979242105037,29,0,0.0,0.0,-12.791871070861816,0.0,15.9375,0.0004879979242105037,29,0,0,0
random_layer_matched,corrupt,to_clean,v5_qwen35_4b_107,106,15.9375,0.0004879979242105037,29,0,0.0,0.0,-12.791871070861816,0.0,15.9375,0.0004879979242105037,29,0,0,0
random_layer_matched,corrupt,to_clean,v5_qwen35_4b_108,107,15.9375,0.0004879979242105037,29,0,0.0,0.0,-12.791871070861816,0.0,15.9375,0.0004879979242105037,29,0,0,0
random_layer_matched,corrupt,to_clean,v5_qwen35_4b_109,108,15.9375,0.0004879979242105037,29,0,0.0,0.0,-12.791871070861816,0.0,15.9375,0.0004879979242105037,29,0,0,0
random_layer_matched,corrupt,to_clean,v5_qwen35_4b_110,109,15.9375,0.0004879979242105037,29,0,0.0,0.0,-12.791871070861816,0.0,15.9375,0.0004879979242105037,29,0,0,0
random_layer_matched,corrupt,to_clean,v5_qwen35_4b_111,110,15.9375,0.0004879979242105037,29,0,0.0,0.0,-12.791871070861816,0.0,15.9375,0.0004879979242105037,29,0,0,0
random_layer_matched,corrupt,to_clean,v5_qwen35_4b_112,111,15.9375,0.0004879979242105037,29,0,0.0,0.0,-12.791871070861816,0.0,15.9375,0.0004879979242105037,29,0,0,0
random_layer_matched,corrupt,to_clean,v5_qwen35_4b_116,115,16.625,0.0009718415676616132,16,0,0.0,0.0,-15.462002754211426,0.0,16.625,0.0009718415676616132,16,0,0,0
random_layer_matched,corrupt,to_clean,v5_qwen35_4b_129,128,16.625,0.0009718415676616132,16,0,0.0,0.0,-15.462002754211426,0.0,16.625,0.0009718415676616132,16,0,0,0
random_layer_matched,corrupt,to_clean,v5_qwen35_4b_132,131,16.625,0.0009718415676616132,16,0,0.0,0.0,-15.462002754211426,0.0,16.625,0.0009718415676616132,16,0,0,0
random_layer_matched,corrupt,to_clean,v5_qwen35_4b_138,137,16.625,0.0009718415676616132,16,0,0.0,0.0,-15.462002754211426,0.0,16.625,0.0009718415676616132,16,0,0,0
random_layer_matched,corrupt,to_clean,v5_qwen35_4b_143,142,16.625,0.0009718415676616132,16,0,0.0,0.0,-15.462002754211426,0.0,16.625,0.0009718415676616132,16,0,0,0
random_layer_matched,corrupt,to_clean,v5_qwen35_4b_029,28,17.5,0.009069452062249184,8,0,0.0,0.0,-6.634163856506348,0.0,17.5,0.009069452062249184,8,0,0,0
random_layer_matched,corrupt,to_clean,v5_qwen35_4b_086,85,15.75,0.0004324647889006883,30,0,0.0,0.0,-12.608646392822266,0.0,15.75,0.0004324647889006883,30,0,0,0
random_layer_matched,corrupt,to_clean,v5_qwen35_4b_258,257,20.125,0.06093231588602066,4,0,0.0,0.0,-7.4331817626953125,0.0,20.125,0.06093231588602066,4,0,0,0
random_layer_matched,corrupt,to_clean,v5_qwen35_4b_252,251,20.25,0.08712370693683624,3,0,0.0,0.0,-2.5105247497558594,0.0,20.25,0.08712370693683624,3,0,0,0
random_layer_matched,corrupt,to_clean,v5_qwen35_4b_006,5,17.5,0.0067270477302372456,11,0,0.0,0.0,-3.4222729206085205,0.0,17.5,0.0067270477302372456,11,0,0,0
random_layer_matched,corrupt,to_clean,v5_qwen35_4b_004,3,16.25,0.000891447183676064,23,0,0.0,0.0,-1.713646411895752,0.0,16.25,0.000891447183676064,23,0,0,0
random_layer_matched,corrupt,to_clean,v5_qwen35_4b_154,153,15.3125,0.0005352222360670567,36,0,0.0,0.0,-0.805482029914856,0.0,15.3125,0.0005352222360670567,36,0,0,0
random_layer_matched,corrupt,to_clean,v5_qwen35_4b_119,118,18.625,0.005731381010264158,7,0,0.0,0.0,-7.357873916625977,0.0,18.625,0.005731381010264158,7,0,0,0
random_layer_matched,corrupt,to_clean,v5_qwen35_4b_010,9,16.125,0.0010226520244032145,26,0,0.0,0.0,-6.052194595336914,0.0,16.125,0.0010226520244032145,26,0,0,0
random_layer_matched,corrupt,to_clean,v5_qwen35_4b_151,150,15.6875,0.0009273567702621222,26,0,0.0,0.0,-4.881410598754883,0.0,15.6875,0.0009273567702621222,26,0,0,0
random_layer_matched,corrupt,to_clean,v5_qwen35_4b_289,288,19.25,0.01723237708210945,5,0,0.0,0.0,-8.778910636901855,0.0,19.25,0.01723237708210945,5,0,0,0
random_layer_matched,corrupt,to_clean,v5_qwen35_4b_244,243,18.75,0.06093519926071167,6,0,0.0,0.0,-0.2225041389465332,0.0,18.75,0.06093519926071167,6,0,0,0
