group,side,transfer,sample_id,pair_index,intervened_tool_logit,intervened_margin,intervened_tool_probability,intervened_rank,intervened_is_tool_top1,tool_logit_delta,margin_delta,log_odds_delta,gate_delta,baseline_tool_logit,baseline_margin,baseline_rank,baseline_is_tool_top1,paired_target_tool_logit,paired_target_margin,paired_tool_logit_midpoint,tool_logit_gap_progress,raw_tool_logit_midpoint_flip,raw_tool_logit_reached_paired_target,margin_boundary_flip,top1_flip_same_direction
S_top20,clean,corrupt_to_clean,v5_qwen35_4b_285,284,23.125,3.5,0.8628754019737244,1,1,0.0,-0.125,-0.04425048828125,-0.23268604278564453,23.125,3.625,1,1,19.25,-2.625,21.1875,-0.0,0,0,0,0
S_top20,clean,corrupt_to_clean,v5_qwen35_4b_016,15,21.25,0.625,0.5037689805030823,1,1,-0.125,-0.125,-0.11615180969238281,-0.10382270812988281,21.375,0.75,1,1,15.0625,-7.1875,18.21875,0.019801980198019802,0,0,0,0
S_top20,clean,corrupt_to_clean,v5_qwen35_4b_036,35,21.25,0.625,0.5072990655899048,1,1,-0.125,-0.125,-0.10202980041503906,0.001430511474609375,21.375,0.75,1,1,15.6875,-6.3125,18.53125,0.02197802197802198,0,0,0,0
S_top20,clean,corrupt_to_clean,v5_qwen35_4b_085,84,22.0,1.125,0.6162680983543396,1,1,0.125,0.125,0.11751174926757812,-0.31765246391296387,21.875,1.0,1,1,15.0,-7.875,18.4375,-0.01818181818181818,0,0,0,0
S_top20,clean,corrupt_to_clean,v5_qwen35_4b_133,132,22.0,1.25,0.6771695613861084,1,1,0.0,0.125,0.08609771728515625,-0.05681800842285156,22.0,1.125,1,1,15.6875,-6.3125,18.84375,-0.0,0,0,0,0
S_top20,clean,corrupt_to_clean,v5_qwen35_4b_147,146,22.0,1.25,0.6771695613861084,1,1,0.0,0.125,0.08609771728515625,-0.05681800842285156,22.0,1.125,1,1,15.6875,-6.3125,18.84375,-0.0,0,0,0,0
S_top20,clean,corrupt_to_clean,v5_qwen35_4b_260,259,22.0,1.0,0.6058788299560547,1,1,0.0,0.0,-0.005290985107421875,-0.17406034469604492,22.0,1.0,1,1,17.125,-4.5,19.5625,-0.0,0,0,0,0
S_top20,clean,corrupt_to_clean,v5_qwen35_4b_263,262,21.75,0.75,0.5257183909416199,1,1,0.125,0.125,0.10795974731445312,-0.3299407958984375,21.625,0.625,1,1,16.625,-5.5,19.125,-0.025,0,0,0,0
S_top20,clean,corrupt_to_clean,v5_qwen35_4b_296,295,22.0,0.875,0.5837250351905823,1,1,0.0,-0.125,-0.07885169982910156,-0.1938481330871582,22.0,1.0,1,1,17.25,-4.375,19.625,-0.0,0,0,0,0
S_top20,clean,corrupt_to_clean,v5_qwen35_4b_040,39,22.625,2.125,0.8376535177230835,1,1,0.0,0.0,0.0059719085693359375,-0.16128158569335938,22.625,2.125,1,1,16.0,-5.5,19.3125,-0.0,0,0,0,0
S_top20,clean,corrupt_to_clean,v5_qwen35_4b_054,53,22.625,2.125,0.8364458680152893,1,1,0.0,0.0,-0.002880096435546875,-0.23314762115478516,22.625,2.125,1,1,17.375,-3.25,20.0,-0.0,0,0,0,0
S_top20,clean,corrupt_to_clean,v5_qwen35_4b_229,228,22.5,1.75,0.7791330814361572,1,1,0.0,0.0,0.0057830810546875,-0.17735671997070312,22.5,1.75,1,1,16.0,-5.5,19.25,-0.0,0,0,0,0
S_top20,clean,corrupt_to_clean,v5_qwen35_4b_047,46,22.25,0.375,0.37112653255462646,1,1,0.125,0.125,0.08476066589355469,-0.19544482231140137,22.125,0.25,1,1,17.0,-5.875,19.5625,-0.024390243902439025,0,0,0,0
S_top20,clean,corrupt_to_clean,v5_qwen35_4b_271,270,21.875,0.375,0.4030044972896576,1,1,0.0,0.0,-0.022081375122070312,-0.19490402936935425,21.875,0.375,1,1,19.375,-3.0,20.625,-0.0,0,0,0,0
S_top20,clean,corrupt_to_clean,v5_qwen35_4b_039,38,22.625,0.75,0.40878933668136597,1,1,0.0,0.125,0.05474281311035156,-0.19448935985565186,22.625,0.625,1,1,16.5,-6.875,19.5625,-0.0,0,0,0,0
S_top20,clean,corrupt_to_clean,v5_qwen35_4b_215,214,22.75,0.75,0.4723416268825531,1,1,0.125,0.25,0.183746337890625,-0.2487502098083496,22.625,0.5,1,1,19.25,-2.875,20.9375,-0.037037037037037035,0,0,0,0
S_top20,clean,corrupt_to_clean,v5_qwen35_4b_245,244,21.125,0.375,0.3292253911495209,1,1,0.125,0.125,0.12804222106933594,-0.2571110129356384,21.0,0.25,1,1,15.125,-7.875,18.0625,-0.02127659574468085,0,0,0,0
S_top20,clean,corrupt_to_clean,v5_qwen35_4b_161,160,23.25,2.125,0.8460180163383484,1,1,0.125,0.125,0.14109230041503906,-0.46756649017333984,23.125,2.0,1,1,15.6875,-8.0625,19.40625,-0.01680672268907563,0,0,0,0
S_top20,clean,corrupt_to_clean,v5_qwen35_4b_121,120,23.625,3.25,0.9130716323852539,1,1,0.125,0.125,0.14386749267578125,-0.44907331466674805,23.5,3.125,1,1,15.875,-7.0,19.6875,-0.01639344262295082,0,0,0,0
S_top20,clean,corrupt_to_clean,v5_qwen35_4b_181,180,23.375,2.0,0.8313406705856323,1,1,0.125,0.25,0.20141220092773438,-0.49765920639038086,23.25,1.75,1,1,15.875,-7.625,19.5625,-0.01694915254237288,0,0,0,0
S_top20,clean,corrupt_to_clean,v5_qwen35_4b_259,258,23.0,1.5,0.7430623769760132,1,1,0.25,0.25,0.24822235107421875,-0.4843616485595703,22.75,1.25,1,1,17.375,-5.625,20.0625,-0.046511627906976744,0,0,0,0
S_top20,clean,corrupt_to_clean,v5_qwen35_4b_283,282,22.125,0.5,0.4463150203227997,1,1,0.0,0.0,-0.008642196655273438,-0.2509298324584961,22.125,0.5,1,1,17.875,-4.25,20.0,-0.0,0,0,0,0
S_top20,clean,corrupt_to_clean,v5_qwen35_4b_272,271,23.875,1.875,0.7234336137771606,1,1,-0.125,-0.125,-0.11644363403320312,-0.2853025197982788,24.0,2.0,1,1,20.25,-3.5,22.125,0.03333333333333333,0,0,0,0
S_top20,clean,corrupt_to_clean,v5_qwen35_4b_043,42,23.5,1.375,0.7288867831230164,1,1,0.125,0.25,0.22747421264648438,-0.27849483489990234,23.375,1.125,1,1,16.75,-5.625,20.0625,-0.018867924528301886,0,0,0,0
S_top20,clean,corrupt_to_clean,v5_qwen35_4b_166,165,23.0,1.25,0.5932884216308594,1,1,0.0,0.0,0.017358779907226562,-0.16065526008605957,23.0,1.25,1,1,19.375,-3.125,21.1875,-0.0,0,0,0,0
S_top20,clean,corrupt_to_clean,v5_qwen35_4b_055,54,23.0,1.25,0.5732479095458984,1,1,0.0,0.0,0.0016078948974609375,-0.2656882107257843,23.0,1.25,1,1,19.125,-4.625,21.0625,-0.0,0,0,0,0
S_top20,clean,corrupt_to_clean,v5_qwen35_4b_130,129,22.125,1.375,0.5252754092216492,1,1,0.0,0.0,-0.003742218017578125,-0.1655139923095703,22.125,1.375,1,1,16.625,-6.625,19.375,-0.0,0,0,0,0
S_top20,clean,corrupt_to_clean,v5_qwen35_4b_182,181,22.25,0.625,0.3984629213809967,1,1,0.0,-0.125,-0.11762619018554688,-0.17914104461669922,22.25,0.75,1,1,15.8125,-7.8125,19.03125,-0.0,0,0,0,0
S_top20,clean,corrupt_to_clean,v5_qwen35_4b_065,64,21.25,0.25,0.2996634542942047,1,1,0.0,-0.125,-0.11523628234863281,-0.004103183746337891,21.25,0.375,1,1,18.125,-3.25,19.6875,-0.0,0,0,0,0
S_top20,clean,corrupt_to_clean,v5_qwen35_4b_001,0,23.5,2.25,0.7724766135215759,1,1,0.125,0.125,0.09183502197265625,-0.3829827308654785,23.375,2.125,1,1,17.5,-4.875,20.4375,-0.02127659574468085,0,0,0,0
S_top20,clean,corrupt_to_clean,v5_qwen35_4b_053,52,22.375,1.875,0.7879003286361694,1,1,0.0,0.0,-0.03388214111328125,0.0019159317016601562,22.375,1.875,1,1,17.5,-3.625,19.9375,-0.0,0,0,0,0
S_top20,clean,corrupt_to_clean,v5_qwen35_4b_155,154,22.625,2.25,0.8456376791000366,1,1,0.125,0.125,0.13294601440429688,-0.11726188659667969,22.5,2.125,1,1,15.125,-6.125,18.8125,-0.01694915254237288,0,0,0,0
S_top20,clean,corrupt_to_clean,v5_qwen35_4b_120,119,22.625,2.25,0.8526676893234253,1,1,0.0,0.0,0.010229110717773438,0.04082775115966797,22.625,2.25,1,1,16.125,-5.375,19.375,-0.0,0,0,0,0
S_top20,clean,corrupt_to_clean,v5_qwen35_4b_232,231,22.625,2.125,0.8332638740539551,1,1,0.0,0.0,0.012407302856445312,-0.06005239486694336,22.625,2.125,1,1,16.125,-5.375,19.375,-0.0,0,0,0,0
S_top20,clean,corrupt_to_clean,v5_qwen35_4b_226,225,23.75,2.0,0.779134213924408,1,1,0.0,0.0,0.06170845031738281,-0.2833874225616455,23.75,2.0,1,1,17.875,-5.75,20.8125,-0.0,0,0,0,0
S_top20,clean,corrupt_to_clean,v5_qwen35_4b_123,122,22.75,1.75,0.8037112355232239,1,1,0.125,0.125,0.1359710693359375,-0.4063386917114258,22.625,1.625,1,1,15.75,-6.75,19.1875,-0.01818181818181818,0,0,0,0
S_top20,clean,corrupt_to_clean,v5_qwen35_4b_030,29,21.875,0.75,0.6139781475067139,1,1,0.0,0.0,0.012264251708984375,-0.30167579650878906,21.875,0.75,1,1,15.8125,-6.9375,18.84375,-0.0,0,0,0,0
S_top20,clean,corrupt_to_clean,v5_qwen35_4b_205,204,22.125,1.25,0.7066113948822021,1,1,0.125,0.125,0.1385974884033203,-0.2919015884399414,22.0,1.125,1,1,18.0,-4.125,20.0,-0.03125,0,0,0,0
S_top20,clean,corrupt_to_clean,v5_qwen35_4b_208,207,22.5,0.25,0.434454083442688,1,1,0.0,0.0,0.0022144317626953125,-0.3688802719116211,22.5,0.25,1,1,19.625,-3.25,21.0625,-0.0,0,0,0,0
S_top20,clean,corrupt_to_clean,v5_qwen35_4b_159,158,24.125,3.125,0.9262412190437317,1,1,0.125,0.25,0.205078125,-0.5882883071899414,24.0,2.875,1,1,15.6875,-7.9375,19.84375,-0.015037593984962405,0,0,0,0
S_top20,clean,corrupt_to_clean,v5_qwen35_4b_262,261,23.625,2.75,0.8852629065513611,1,1,0.125,0.125,0.1374664306640625,-0.49465322494506836,23.5,2.625,1,1,18.625,-4.0,21.0625,-0.02564102564102564,0,0,0,0
S_top20,clean,corrupt_to_clean,v5_qwen35_4b_281,280,23.625,2.75,0.8852629065513611,1,1,0.125,0.125,0.1374664306640625,-0.49465322494506836,23.5,2.625,1,1,18.625,-4.0,21.0625,-0.02564102564102564,0,0,0,0
S_top20,clean,corrupt_to_clean,v5_qwen35_4b_153,152,23.25,2.875,0.8993065357208252,1,1,0.25,0.25,0.23882675170898438,-0.5140414237976074,23.0,2.625,1,1,15.8125,-7.1875,19.40625,-0.034782608695652174,0,0,0,0
S_top20,clean,corrupt_to_clean,v5_qwen35_4b_017,16,22.625,2.125,0.8167051672935486,1,1,0.25,0.25,0.23449134826660156,-0.4444131851196289,22.375,1.875,1,1,15.5625,-7.3125,18.96875,-0.03669724770642202,0,0,0,0
S_top20,clean,corrupt_to_clean,v5_qwen35_4b_023,22,22.625,2.125,0.8167051672935486,1,1,0.25,0.25,0.23449134826660156,-0.4444131851196289,22.375,1.875,1,1,15.5625,-7.3125,18.96875,-0.03669724770642202,0,0,0,0
S_top20,clean,corrupt_to_clean,v5_qwen35_4b_027,26,22.625,2.125,0.8159583210945129,1,1,0.25,0.25,0.2295093536376953,-0.3770012855529785,22.375,1.875,1,1,16.5,-6.25,19.4375,-0.0425531914893617,0,0,0,0
S_top20,clean,corrupt_to_clean,v5_qwen35_4b_028,27,22.625,2.125,0.8159583210945129,1,1,0.25,0.25,0.2295093536376953,-0.3770012855529785,22.375,1.875,1,1,16.5,-6.25,19.4375,-0.0425531914893617,0,0,0,0
S_top20,clean,corrupt_to_clean,v5_qwen35_4b_035,34,22.625,2.125,0.8159583210945129,1,1,0.25,0.25,0.2295093536376953,-0.3770012855529785,22.375,1.875,1,1,16.5,-6.25,19.4375,-0.0425531914893617,0,0,0,0
S_top20,clean,corrupt_to_clean,v5_qwen35_4b_046,45,22.5,2.0,0.7965569496154785,1,1,0.25,0.25,0.21483612060546875,-0.395596981048584,22.25,1.75,1,1,16.375,-6.25,19.3125,-0.0425531914893617,0,0,0,0
S_top20,clean,corrupt_to_clean,v5_qwen35_4b_059,58,22.5,2.0,0.7967022657394409,1,1,0.25,0.25,0.21573257446289062,-0.44600820541381836,22.25,1.75,1,1,17.5,-4.625,19.875,-0.05263157894736842,0,0,0,0
S_top20,clean,corrupt_to_clean,v5_qwen35_4b_064,63,22.5,2.0,0.7967022657394409,1,1,0.25,0.25,0.21573257446289062,-0.44600820541381836,22.25,1.75,1,1,17.5,-4.625,19.875,-0.05263157894736842,0,0,0,0
S_top20,clean,corrupt_to_clean,v5_qwen35_4b_113,112,23.0,2.5,0.8659716844558716,1,1,0.125,0.125,0.10833358764648438,-0.4776477813720703,22.875,2.375,1,1,16.375,-6.25,19.625,-0.019230769230769232,0,0,0,0
S_top20,clean,corrupt_to_clean,v5_qwen35_4b_118,117,23.0,2.5,0.8659716844558716,1,1,0.125,0.125,0.10833358764648438,-0.4776477813720703,22.875,2.375,1,1,16.375,-6.25,19.625,-0.019230769230769232,0,0,0,0
S_top20,clean,corrupt_to_clean,v5_qwen35_4b_149,148,23.0,2.5,0.8659716844558716,1,1,0.125,0.125,0.10833358764648438,-0.4776477813720703,22.875,2.375,1,1,16.375,-6.25,19.625,-0.019230769230769232,0,0,0,0
S_top20,clean,corrupt_to_clean,v5_qwen35_4b_152,151,23.0,2.625,0.8782755136489868,1,1,0.125,0.125,0.12381362915039062,-0.5025138854980469,22.875,2.5,1,1,15.1875,-7.6875,19.03125,-0.016260162601626018,0,0,0,0
S_top20,clean,corrupt_to_clean,v5_qwen35_4b_156,155,23.0,2.625,0.8782755136489868,1,1,0.125,0.125,0.12381362915039062,-0.5025138854980469,22.875,2.5,1,1,15.1875,-7.6875,19.03125,-0.016260162601626018,0,0,0,0
S_top20,clean,corrupt_to_clean,v5_qwen35_4b_167,166,23.0,2.625,0.8782755136489868,1,1,0.125,0.125,0.12381362915039062,-0.5025138854980469,22.875,2.5,1,1,15.1875,-7.6875,19.03125,-0.016260162601626018,0,0,0,0
S_top20,clean,corrupt_to_clean,v5_qwen35_4b_172,171,23.125,2.625,0.8817175626754761,1,1,0.25,0.25,0.2362232208251953,-0.5085878372192383,22.875,2.375,1,1,15.5,-7.375,19.1875,-0.03389830508474576,0,0,0,0
S_top20,clean,corrupt_to_clean,v5_qwen35_4b_234,233,22.375,1.75,0.7367278337478638,1,1,0.25,0.125,0.1632671356201172,-0.4024186134338379,22.125,1.625,1,1,16.125,-6.5,19.125,-0.041666666666666664,0,0,0,0
S_top20,clean,corrupt_to_clean,v5_qwen35_4b_243,242,22.375,1.75,0.7327680587768555,1,1,0.125,0.125,0.10684967041015625,-0.3717360496520996,22.25,1.625,1,1,16.375,-6.25,19.3125,-0.02127659574468085,0,0,0,0
S_top20,clean,corrupt_to_clean,v5_qwen35_4b_251,250,22.375,1.75,0.7327680587768555,1,1,0.125,0.125,0.10684967041015625,-0.3717360496520996,22.25,1.625,1,1,16.375,-6.25,19.3125,-0.02127659574468085,0,0,0,0
S_top20,clean,corrupt_to_clean,v5_qwen35_4b_254,253,22.375,1.75,0.7330197691917419,1,1,0.125,0.125,0.10813522338867188,-0.40720558166503906,22.25,1.625,1,1,17.5,-4.625,19.875,-0.02631578947368421,0,0,0,0
S_top20,clean,corrupt_to_clean,v5_qwen35_4b_255,254,22.375,1.75,0.7330197691917419,1,1,0.125,0.125,0.10813522338867188,-0.40720558166503906,22.25,1.625,1,1,17.5,-4.625,19.875,-0.02631578947368421,0,0,0,0
S_top20,clean,corrupt_to_clean,v5_qwen35_4b_264,263,22.375,1.75,0.7368758916854858,1,1,0.25,0.125,0.164031982421875,-0.42971229553222656,22.125,1.625,1,1,17.375,-4.75,19.75,-0.05263157894736842,0,0,0,0
S_top20,clean,corrupt_to_clean,v5_qwen35_4b_273,272,22.375,1.75,0.7348378896713257,1,1,0.125,0.0,0.030004501342773438,-0.4396500587463379,22.25,1.75,1,1,17.375,-4.625,19.8125,-0.02564102564102564,0,0,0,0
S_top20,clean,corrupt_to_clean,v5_qwen35_4b_290,289,22.375,1.75,0.7283945083618164,1,1,0.25,0.125,0.1464252471923828,-0.4052157402038574,22.125,1.625,1,1,17.5,-4.5,19.8125,-0.05405405405405406,0,0,0,0
S_top20,clean,corrupt_to_clean,v5_qwen35_4b_267,266,22.5,1.75,0.7527623772621155,1,1,0.125,0.125,0.15053176879882812,-0.3796992301940918,22.375,1.625,1,1,17.5,-5.25,19.9375,-0.02564102564102564,0,0,0,0
S_top20,clean,corrupt_to_clean,v5_qwen35_4b_148,147,23.875,3.0,0.9227466583251953,1,1,0.125,0.125,0.14005279541015625,-0.4022226333618164,23.75,2.875,1,1,15.5625,-7.3125,19.65625,-0.015267175572519083,0,0,0,0
S_top20,clean,corrupt_to_clean,v5_qwen35_4b_180,179,23.375,2.75,0.8937603831291199,1,1,0.125,0.125,0.12189102172851562,-0.5398950576782227,23.25,2.625,1,1,14.5,-8.875,18.875,-0.014285714285714285,0,0,0,0
S_top20,clean,corrupt_to_clean,v5_qwen35_4b_072,71,22.5,1.875,0.732385516166687,1,1,0.0,0.0,-0.010156631469726562,-0.15331268310546875,22.5,1.875,1,1,19.125,-2.25,20.8125,-0.0,0,0,0,0
S_top20,clean,corrupt_to_clean,v5_qwen35_4b_073,72,23.25,0.375,0.5373548865318298,1,1,0.0,0.125,0.11886405944824219,-0.46318912506103516,23.25,0.25,1,1,19.625,-3.25,21.4375,-0.0,0,0,0,0
S_top20,clean,corrupt_to_clean,v5_qwen35_4b_270,269,22.5,1.75,0.6442634463310242,1,1,0.0,0.0,0.0020599365234375,-0.11808252334594727,22.5,1.75,1,1,19.625,-1.0,21.0625,-0.0,0,0,0,0
S_top20,clean,corrupt_to_clean,v5_qwen35_4b_038,37,23.5,2.5,0.7805634140968323,1,1,0.125,0.125,0.10766410827636719,-0.2368173599243164,23.375,2.375,1,1,17.875,-5.375,20.625,-0.022727272727272728,0,0,0,0
S_top20,clean,corrupt_to_clean,v5_qwen35_4b_204,203,24.125,0.75,0.6479542851448059,1,1,-0.125,-0.125,-0.09625434875488281,-0.4590778350830078,24.25,0.875,1,1,20.625,-2.625,22.4375,0.034482758620689655,0,0,0,0
S_top20,clean,corrupt_to_clean,v5_qwen35_4b_007,6,23.375,2.0,0.8479036688804626,1,1,0.0,0.0,0.0010204315185546875,-0.4940681457519531,23.375,2.0,1,1,16.25,-7.25,19.8125,-0.0,0,0,0,0
S_top20,clean,corrupt_to_clean,v5_qwen35_4b_014,13,23.375,2.0,0.8479036688804626,1,1,0.0,0.0,0.0010204315185546875,-0.4940681457519531,23.375,2.0,1,1,16.25,-7.25,19.8125,-0.0,0,0,0,0
S_top20,clean,corrupt_to_clean,v5_qwen35_4b_018,17,23.375,2.0,0.8479036688804626,1,1,0.0,0.0,0.0010204315185546875,-0.4940681457519531,23.375,2.0,1,1,16.25,-7.25,19.8125,-0.0,0,0,0,0
S_top20,clean,corrupt_to_clean,v5_qwen35_4b_020,19,23.375,2.0,0.8479036688804626,1,1,0.0,0.0,0.0010204315185546875,-0.4940681457519531,23.375,2.0,1,1,16.25,-7.25,19.8125,-0.0,0,0,0,0
S_top20,clean,corrupt_to_clean,v5_qwen35_4b_021,20,23.375,2.0,0.8479036688804626,1,1,0.0,0.0,0.0010204315185546875,-0.4940681457519531,23.375,2.0,1,1,16.25,-7.25,19.8125,-0.0,0,0,0,0
S_top20,clean,corrupt_to_clean,v5_qwen35_4b_024,23,23.375,2.0,0.8479036688804626,1,1,0.0,0.0,0.0010204315185546875,-0.4940681457519531,23.375,2.0,1,1,16.25,-7.25,19.8125,-0.0,0,0,0,0
S_top20,clean,corrupt_to_clean,v5_qwen35_4b_025,24,23.5,2.25,0.8749029636383057,1,1,0.125,0.125,0.12923049926757812,-0.4904060363769531,23.375,2.125,1,1,16.5,-7.0,19.9375,-0.01818181818181818,0,0,0,0
S_top20,clean,corrupt_to_clean,v5_qwen35_4b_098,97,23.75,2.625,0.9062420725822449,1,1,0.25,0.375,0.3637542724609375,-0.5768861770629883,23.5,2.25,1,1,16.5,-7.0,20.0,-0.03571428571428571,0,0,0,0
S_top20,clean,corrupt_to_clean,v5_qwen35_4b_114,113,23.625,2.375,0.8843724727630615,1,1,0.125,0.125,0.12968063354492188,-0.5060615539550781,23.5,2.25,1,1,16.75,-6.375,20.125,-0.018518518518518517,0,0,0,0
S_top20,clean,corrupt_to_clean,v5_qwen35_4b_128,127,23.625,2.375,0.8843724727630615,1,1,0.125,0.125,0.12968063354492188,-0.5060615539550781,23.5,2.25,1,1,16.75,-6.375,20.125,-0.018518518518518517,0,0,0,0
S_top20,clean,corrupt_to_clean,v5_qwen35_4b_131,130,23.625,2.375,0.8843724727630615,1,1,0.125,0.125,0.12968063354492188,-0.5060615539550781,23.5,2.25,1,1,16.75,-6.375,20.125,-0.018518518518518517,0,0,0,0
S_top20,clean,corrupt_to_clean,v5_qwen35_4b_135,134,23.625,2.375,0.8843724727630615,1,1,0.125,0.125,0.12968063354492188,-0.5060615539550781,23.5,2.25,1,1,16.75,-6.375,20.125,-0.018518518518518517,0,0,0,0
S_top20,clean,corrupt_to_clean,v5_qwen35_4b_136,135,23.625,2.375,0.8843724727630615,1,1,0.125,0.125,0.12968063354492188,-0.5060615539550781,23.5,2.25,1,1,16.75,-6.375,20.125,-0.018518518518518517,0,0,0,0
S_top20,clean,corrupt_to_clean,v5_qwen35_4b_144,143,23.625,2.375,0.8843724727630615,1,1,0.125,0.125,0.12968063354492188,-0.5060615539550781,23.5,2.25,1,1,16.75,-6.375,20.125,-0.018518518518518517,0,0,0,0
S_top20,clean,corrupt_to_clean,v5_qwen35_4b_145,144,23.625,2.375,0.8843724727630615,1,1,0.125,0.125,0.12968063354492188,-0.5060615539550781,23.5,2.25,1,1,16.75,-6.375,20.125,-0.018518518518518517,0,0,0,0
S_top20,clean,corrupt_to_clean,v5_qwen35_4b_160,159,23.375,2.375,0.8751611709594727,1,1,0.125,0.125,0.13430213928222656,-0.5462846755981445,23.25,2.25,1,1,16.5,-7.0,19.875,-0.018518518518518517,0,0,0,0
S_top20,clean,corrupt_to_clean,v5_qwen35_4b_164,163,23.375,2.375,0.8751611709594727,1,1,0.125,0.125,0.13430213928222656,-0.5462846755981445,23.25,2.25,1,1,16.5,-7.0,19.875,-0.018518518518518517,0,0,0,0
S_top20,clean,corrupt_to_clean,v5_qwen35_4b_169,168,23.375,2.375,0.8751611709594727,1,1,0.125,0.125,0.13430213928222656,-0.5462846755981445,23.25,2.25,1,1,16.5,-7.0,19.875,-0.018518518518518517,0,0,0,0
S_top20,clean,corrupt_to_clean,v5_qwen35_4b_174,173,23.375,2.375,0.8751611709594727,1,1,0.125,0.125,0.13430213928222656,-0.5462846755981445,23.25,2.25,1,1,16.5,-7.0,19.875,-0.018518518518518517,0,0,0,0
S_top20,clean,corrupt_to_clean,v5_qwen35_4b_187,186,23.375,2.375,0.8751611709594727,1,1,0.125,0.125,0.13430213928222656,-0.5462846755981445,23.25,2.25,1,1,16.5,-7.0,19.875,-0.018518518518518517,0,0,0,0
S_top20,clean,corrupt_to_clean,v5_qwen35_4b_188,187,23.375,2.375,0.8751611709594727,1,1,0.125,0.125,0.13430213928222656,-0.5462846755981445,23.25,2.25,1,1,16.5,-7.0,19.875,-0.018518518518518517,0,0,0,0
S_top20,clean,corrupt_to_clean,v5_qwen35_4b_213,212,23.375,2.25,0.8656058311462402,1,1,0.125,0.0,0.0495758056640625,-0.5901908874511719,23.25,2.25,1,1,18.0,-4.5,20.625,-0.023809523809523808,0,0,0,0
S_top20,clean,corrupt_to_clean,v5_qwen35_4b_214,213,23.375,2.25,0.8656058311462402,1,1,0.125,0.0,0.0495758056640625,-0.5901908874511719,23.25,2.25,1,1,18.0,-4.5,20.625,-0.023809523809523808,0,0,0,0
S_top20,clean,corrupt_to_clean,v5_qwen35_4b_216,215,23.375,2.25,0.8656058311462402,1,1,0.125,0.0,0.0495758056640625,-0.5901908874511719,23.25,2.25,1,1,18.0,-4.5,20.625,-0.023809523809523808,0,0,0,0
S_top20,clean,corrupt_to_clean,v5_qwen35_4b_222,221,23.375,2.25,0.8656058311462402,1,1,0.125,0.0,0.0495758056640625,-0.5901908874511719,23.25,2.25,1,1,18.0,-4.5,20.625,-0.023809523809523808,0,0,0,0
S_top20,clean,corrupt_to_clean,v5_qwen35_4b_224,223,23.375,2.25,0.8656058311462402,1,1,0.125,0.0,0.0495758056640625,-0.5901908874511719,23.25,2.25,1,1,18.0,-4.5,20.625,-0.023809523809523808,0,0,0,0
S_top20,clean,corrupt_to_clean,v5_qwen35_4b_239,238,23.375,2.25,0.8643447756767273,1,1,0.125,0.125,0.13000869750976562,-0.4953594207763672,23.25,2.125,1,1,16.75,-6.375,20.0,-0.019230769230769232,0,0,0,0
S_top20,clean,corrupt_to_clean,v5_qwen35_4b_241,240,23.375,2.25,0.8643447756767273,1,1,0.125,0.125,0.13000869750976562,-0.4953594207763672,23.25,2.125,1,1,16.75,-6.375,20.0,-0.019230769230769232,0,0,0,0
S_top20,clean,corrupt_to_clean,v5_qwen35_4b_256,255,23.375,2.25,0.8637956380844116,1,1,0.125,0.125,0.1253337860107422,-0.5851259231567383,23.25,2.125,1,1,18.0,-4.5,20.625,-0.023809523809523808,0,0,0,0
S_top20,clean,corrupt_to_clean,v5_qwen35_4b_269,268,23.375,2.25,0.8637956380844116,1,1,0.125,0.125,0.1253337860107422,-0.5851259231567383,23.25,2.125,1,1,18.0,-4.5,20.625,-0.023809523809523808,0,0,0,0
S_top20,clean,corrupt_to_clean,v5_qwen35_4b_276,275,23.375,2.25,0.8634759187698364,1,1,0.125,0.125,0.14178466796875,-0.5908632278442383,23.25,2.125,1,1,18.0,-4.5,20.625,-0.023809523809523808,0,0,0,0
S_top20,clean,corrupt_to_clean,v5_qwen35_4b_277,276,23.375,2.25,0.8634759187698364,1,1,0.125,0.125,0.14178466796875,-0.5908632278442383,23.25,2.125,1,1,18.0,-4.5,20.625,-0.023809523809523808,0,0,0,0
S_top20,clean,corrupt_to_clean,v5_qwen35_4b_280,279,23.375,2.25,0.8634759187698364,1,1,0.125,0.125,0.14178466796875,-0.5908632278442383,23.25,2.125,1,1,18.0,-4.5,20.625,-0.023809523809523808,0,0,0,0
S_top20,clean,corrupt_to_clean,v5_qwen35_4b_284,283,23.375,2.25,0.8634759187698364,1,1,0.125,0.125,0.14178466796875,-0.5908632278442383,23.25,2.125,1,1,18.0,-4.5,20.625,-0.023809523809523808,0,0,0,0
S_top20,clean,corrupt_to_clean,v5_qwen35_4b_288,287,23.375,2.25,0.8634759187698364,1,1,0.125,0.125,0.14178466796875,-0.5908632278442383,23.25,2.125,1,1,18.0,-4.5,20.625,-0.023809523809523808,0,0,0,0
S_top20,clean,corrupt_to_clean,v5_qwen35_4b_292,291,23.375,2.25,0.8634759187698364,1,1,0.125,0.125,0.14178466796875,-0.5908632278442383,23.25,2.125,1,1,18.0,-4.5,20.625,-0.023809523809523808,0,0,0,0
S_top20,clean,corrupt_to_clean,v5_qwen35_4b_294,293,23.375,2.25,0.8634759187698364,1,1,0.125,0.125,0.14178466796875,-0.5908632278442383,23.25,2.125,1,1,18.0,-4.5,20.625,-0.023809523809523808,0,0,0,0
S_top20,clean,corrupt_to_clean,v5_qwen35_4b_002,1,23.375,2.0,0.8481557965278625,1,1,0.125,0.125,0.1297321319580078,-0.5187759399414062,23.25,1.875,1,1,16.125,-7.25,19.6875,-0.017543859649122806,0,0,0,0
S_top20,clean,corrupt_to_clean,v5_qwen35_4b_012,11,23.375,2.125,0.8607081770896912,1,1,0.125,0.125,0.1275768280029297,-0.5302753448486328,23.25,2.0,1,1,16.25,-7.125,19.75,-0.017857142857142856,0,0,0,0
S_top20,clean,corrupt_to_clean,v5_qwen35_4b_015,14,23.375,2.125,0.8607081770896912,1,1,0.125,0.125,0.1275768280029297,-0.5302753448486328,23.25,2.0,1,1,16.25,-7.125,19.75,-0.017857142857142856,0,0,0,0
S_top20,clean,corrupt_to_clean,v5_qwen35_4b_037,36,23.375,2.125,0.8607593178749084,1,1,0.125,0.125,0.12800216674804688,-0.4634237289428711,23.25,2.0,1,1,16.75,-6.375,20.0,-0.019230769230769232,0,0,0,0
S_top20,clean,corrupt_to_clean,v5_qwen35_4b_042,41,23.375,2.125,0.8607593178749084,1,1,0.125,0.125,0.12800216674804688,-0.4634237289428711,23.25,2.0,1,1,16.75,-6.375,20.0,-0.019230769230769232,0,0,0,0
S_top20,clean,corrupt_to_clean,v5_qwen35_4b_044,43,23.375,2.125,0.8607593178749084,1,1,0.125,0.125,0.12800216674804688,-0.4634237289428711,23.25,2.0,1,1,16.75,-6.375,20.0,-0.019230769230769232,0,0,0,0
S_top20,clean,corrupt_to_clean,v5_qwen35_4b_115,114,23.75,2.5,0.8980461955070496,1,1,0.125,0.125,0.15404510498046875,-0.5181484222412109,23.625,2.375,1,1,16.75,-6.375,20.1875,-0.01818181818181818,0,0,0,0
S_top20,clean,corrupt_to_clean,v5_qwen35_4b_126,125,23.75,2.5,0.8980461955070496,1,1,0.125,0.125,0.15404510498046875,-0.5181484222412109,23.625,2.375,1,1,16.75,-6.375,20.1875,-0.01818181818181818,0,0,0,0
S_top20,clean,corrupt_to_clean,v5_qwen35_4b_127,126,23.75,2.5,0.8980461955070496,1,1,0.125,0.125,0.15404510498046875,-0.5181484222412109,23.625,2.375,1,1,16.75,-6.375,20.1875,-0.01818181818181818,0,0,0,0
S_top20,clean,corrupt_to_clean,v5_qwen35_4b_134,133,23.75,2.5,0.8980461955070496,1,1,0.125,0.125,0.15404510498046875,-0.5181484222412109,23.625,2.375,1,1,16.75,-6.375,20.1875,-0.01818181818181818,0,0,0,0
S_top20,clean,corrupt_to_clean,v5_qwen35_4b_140,139,23.75,2.5,0.8980461955070496,1,1,0.125,0.125,0.15404510498046875,-0.5181484222412109,23.625,2.375,1,1,16.75,-6.375,20.1875,-0.01818181818181818,0,0,0,0
S_top20,clean,corrupt_to_clean,v5_qwen35_4b_142,141,23.75,2.5,0.8980461955070496,1,1,0.125,0.125,0.15404510498046875,-0.5181484222412109,23.625,2.375,1,1,16.75,-6.375,20.1875,-0.01818181818181818,0,0,0,0
S_top20,clean,corrupt_to_clean,v5_qwen35_4b_146,145,23.75,2.5,0.8980461955070496,1,1,0.125,0.125,0.15404510498046875,-0.5181484222412109,23.625,2.375,1,1,16.75,-6.375,20.1875,-0.01818181818181818,0,0,0,0
S_top20,clean,corrupt_to_clean,v5_qwen35_4b_150,149,23.75,2.5,0.8980461955070496,1,1,0.125,0.125,0.15404510498046875,-0.5181484222412109,23.625,2.375,1,1,16.75,-6.375,20.1875,-0.01818181818181818,0,0,0,0
S_top20,clean,corrupt_to_clean,v5_qwen35_4b_168,167,23.375,2.375,0.8767821788787842,1,1,0.125,0.25,0.22383499145507812,-0.5600414276123047,23.25,2.125,1,1,16.25,-7.125,19.75,-0.017857142857142856,0,0,0,0
S_top20,clean,corrupt_to_clean,v5_qwen35_4b_179,178,23.375,2.375,0.8767821788787842,1,1,0.125,0.25,0.22383499145507812,-0.5600414276123047,23.25,2.125,1,1,16.25,-7.125,19.75,-0.017857142857142856,0,0,0,0
S_top20,clean,corrupt_to_clean,v5_qwen35_4b_183,182,23.375,2.375,0.8767821788787842,1,1,0.125,0.25,0.22383499145507812,-0.5600414276123047,23.25,2.125,1,1,16.25,-7.125,19.75,-0.017857142857142856,0,0,0,0
S_top20,clean,corrupt_to_clean,v5_qwen35_4b_185,184,23.375,2.375,0.8767821788787842,1,1,0.125,0.25,0.22383499145507812,-0.5600414276123047,23.25,2.125,1,1,16.25,-7.125,19.75,-0.017857142857142856,0,0,0,0
S_top20,clean,corrupt_to_clean,v5_qwen35_4b_186,185,23.375,2.375,0.8767821788787842,1,1,0.125,0.25,0.22383499145507812,-0.5600414276123047,23.25,2.125,1,1,16.25,-7.125,19.75,-0.017857142857142856,0,0,0,0
S_top20,clean,corrupt_to_clean,v5_qwen35_4b_242,241,23.25,2.125,0.8467182517051697,1,1,0.125,0.125,0.1295452117919922,-0.5072517395019531,23.125,2.0,1,1,16.75,-6.375,19.9375,-0.0196078431372549,0,0,0,0
S_top20,clean,corrupt_to_clean,v5_qwen35_4b_249,248,23.25,2.125,0.8467182517051697,1,1,0.125,0.125,0.1295452117919922,-0.5072517395019531,23.125,2.0,1,1,16.75,-6.375,19.9375,-0.0196078431372549,0,0,0,0
S_top20,clean,corrupt_to_clean,v5_qwen35_4b_282,281,23.25,2.125,0.8468859791755676,1,1,0.125,0.125,0.13083839416503906,-0.6041841506958008,23.125,2.0,1,1,17.875,-4.75,20.5,-0.023809523809523808,0,0,0,0
S_top20,clean,corrupt_to_clean,v5_qwen35_4b_286,285,23.25,2.125,0.8468859791755676,1,1,0.125,0.125,0.13083839416503906,-0.6041841506958008,23.125,2.0,1,1,17.875,-4.75,20.5,-0.023809523809523808,0,0,0,0
S_top20,clean,corrupt_to_clean,v5_qwen35_4b_295,294,23.25,2.125,0.8468859791755676,1,1,0.125,0.125,0.13083839416503906,-0.6041841506958008,23.125,2.0,1,1,17.875,-4.75,20.5,-0.023809523809523808,0,0,0,0
S_top20,clean,corrupt_to_clean,v5_qwen35_4b_299,298,23.25,2.125,0.8468859791755676,1,1,0.125,0.125,0.13083839416503906,-0.6041841506958008,23.125,2.0,1,1,17.875,-4.75,20.5,-0.023809523809523808,0,0,0,0
S_top20,clean,corrupt_to_clean,v5_qwen35_4b_008,7,21.75,1.5,0.724170446395874,1,1,0.125,0.125,0.12572479248046875,-0.525517463684082,21.625,1.375,1,1,14.5,-7.625,18.0625,-0.017543859649122806,0,0,0,0
S_top20,clean,corrupt_to_clean,v5_qwen35_4b_122,121,22.875,2.375,0.872398853302002,1,1,0.25,0.25,0.2666893005371094,-0.5639457702636719,22.625,2.125,1,1,15.0,-7.25,18.8125,-0.03278688524590164,0,0,0,0
S_top20,clean,corrupt_to_clean,v5_qwen35_4b_158,157,22.625,2.125,0.8349316120147705,1,1,0.125,0.125,0.11109733581542969,-0.5611023902893066,22.5,2.0,1,1,14.5625,-7.6875,18.53125,-0.015748031496062992,0,0,0,0
S_top20,clean,corrupt_to_clean,v5_qwen35_4b_265,264,22.125,1.375,0.7160289287567139,1,1,0.125,0.125,0.12744712829589844,-0.4382185935974121,22.0,1.25,1,1,16.875,-5.125,19.4375,-0.024390243902439025,0,0,0,0
S_top20,clean,corrupt_to_clean,v5_qwen35_4b_003,2,22.625,2.125,0.8377922773361206,1,1,0.125,0.125,0.13208389282226562,-0.528254508972168,22.5,2.0,1,1,15.5625,-7.0625,19.03125,-0.018018018018018018,0,0,0,0
S_top20,clean,corrupt_to_clean,v5_qwen35_4b_011,10,22.375,2.0,0.8112014532089233,1,1,0.125,0.0,0.024759292602539062,-0.5049705505371094,22.25,2.0,1,1,15.5625,-7.1875,18.90625,-0.018691588785046728,0,0,0,0
S_top20,clean,corrupt_to_clean,v5_qwen35_4b_033,32,22.375,2.0,0.812130868434906,1,1,0.125,0.0,0.030839920043945312,-0.4727354049682617,22.25,2.0,1,1,16.25,-6.125,19.25,-0.020833333333333332,0,0,0,0
S_top20,clean,corrupt_to_clean,v5_qwen35_4b_048,47,22.375,2.0,0.812130868434906,1,1,0.125,0.0,0.030839920043945312,-0.4727354049682617,22.25,2.0,1,1,16.25,-6.125,19.25,-0.020833333333333332,0,0,0,0
S_top20,clean,corrupt_to_clean,v5_qwen35_4b_070,69,22.375,2.0,0.811194896697998,1,1,0.125,0.125,0.1294403076171875,-0.5430707931518555,22.25,1.875,1,1,17.5,-4.375,19.875,-0.02631578947368421,0,0,0,0
S_top20,clean,corrupt_to_clean,v5_qwen35_4b_124,123,22.75,2.25,0.8516456484794617,1,1,0.125,0.125,0.1341266632080078,-0.5129032135009766,22.625,2.125,1,1,16.375,-5.875,19.5,-0.02,0,0,0,0
S_top20,clean,corrupt_to_clean,v5_qwen35_4b_125,124,22.875,2.375,0.8690707683563232,1,1,0.25,0.25,0.26061439514160156,-0.5164461135864258,22.625,2.125,1,1,16.375,-6.0,19.5,-0.04,0,0,0,0
S_top20,clean,corrupt_to_clean,v5_qwen35_4b_139,138,22.875,2.375,0.8690707683563232,1,1,0.25,0.25,0.26061439514160156,-0.5164461135864258,22.625,2.125,1,1,16.375,-6.0,19.5,-0.04,0,0,0,0
S_top20,clean,corrupt_to_clean,v5_qwen35_4b_203,202,22.75,2.25,0.846645176410675,1,1,0.125,0.125,0.13027191162109375,-0.5544662475585938,22.625,2.125,1,1,17.625,-4.25,20.125,-0.025,0,0,0,0
S_top20,clean,corrupt_to_clean,v5_qwen35_4b_206,205,22.5,2.0,0.8086297512054443,1,1,0.125,0.0,0.031696319580078125,-0.5432324409484863,22.375,2.0,1,1,17.5,-4.375,19.9375,-0.02564102564102564,0,0,0,0
S_top20,clean,corrupt_to_clean,v5_qwen35_4b_212,211,22.75,2.25,0.846645176410675,1,1,0.125,0.125,0.13027191162109375,-0.5544662475585938,22.625,2.125,1,1,17.625,-4.25,20.125,-0.025,0,0,0,0
S_top20,clean,corrupt_to_clean,v5_qwen35_4b_228,227,21.875,1.375,0.6876997947692871,1,1,0.125,0.125,0.12742996215820312,-0.3839550018310547,21.75,1.25,1,1,16.375,-5.875,19.0625,-0.023255813953488372,0,0,0,0
S_top20,clean,corrupt_to_clean,v5_qwen35_4b_230,229,21.875,1.375,0.6876997947692871,1,1,0.125,0.125,0.12742996215820312,-0.3839550018310547,21.75,1.25,1,1,16.375,-5.875,19.0625,-0.023255813953488372,0,0,0,0
S_top20,clean,corrupt_to_clean,v5_qwen35_4b_231,230,21.875,1.375,0.6876997947692871,1,1,0.125,0.125,0.12742996215820312,-0.3839550018310547,21.75,1.25,1,1,16.375,-5.875,19.0625,-0.023255813953488372,0,0,0,0
S_top20,clean,corrupt_to_clean,v5_qwen35_4b_236,235,21.875,1.375,0.6876997947692871,1,1,0.125,0.125,0.12742996215820312,-0.3839550018310547,21.75,1.25,1,1,16.375,-5.875,19.0625,-0.023255813953488372,0,0,0,0
S_top20,clean,corrupt_to_clean,v5_qwen35_4b_237,236,21.875,1.375,0.6876997947692871,1,1,0.125,0.125,0.12742996215820312,-0.3839550018310547,21.75,1.25,1,1,16.375,-5.875,19.0625,-0.023255813953488372,0,0,0,0
S_top20,clean,corrupt_to_clean,v5_qwen35_4b_238,237,22.0,1.375,0.6948860883712769,1,1,0.125,0.0,0.040370941162109375,-0.4111952781677246,21.875,1.375,1,1,16.375,-6.0,19.125,-0.022727272727272728,0,0,0,0
S_top20,clean,corrupt_to_clean,v5_qwen35_4b_247,246,21.875,1.375,0.6876997947692871,1,1,0.125,0.125,0.12742996215820312,-0.3839550018310547,21.75,1.25,1,1,16.375,-5.875,19.0625,-0.023255813953488372,0,0,0,0
S_top20,clean,corrupt_to_clean,v5_qwen35_4b_257,256,21.875,1.375,0.6877753734588623,1,1,0.125,0.125,0.12778282165527344,-0.44451093673706055,21.75,1.25,1,1,17.5,-4.375,19.625,-0.029411764705882353,0,0,0,0
S_top20,clean,corrupt_to_clean,v5_qwen35_4b_291,290,21.875,1.375,0.6877753734588623,1,1,0.125,0.125,0.12778282165527344,-0.44451093673706055,21.75,1.25,1,1,17.5,-4.375,19.625,-0.029411764705882353,0,0,0,0
S_top20,clean,corrupt_to_clean,v5_qwen35_4b_005,4,22.5,2.125,0.835146963596344,1,1,0.25,0.25,0.25592803955078125,-0.5260162353515625,22.25,1.875,1,1,15.5,-7.0,18.875,-0.037037037037037035,0,0,0,0
S_top20,clean,corrupt_to_clean,v5_qwen35_4b_013,12,22.375,2.125,0.8249402046203613,1,1,0.25,0.25,0.2558307647705078,-0.5418014526367188,22.125,1.875,1,1,15.5625,-7.0625,18.84375,-0.0380952380952381,0,0,0,0
S_top20,clean,corrupt_to_clean,v5_qwen35_4b_026,25,22.25,1.875,0.7945027351379395,1,1,0.125,0.0,0.057933807373046875,-0.5017738342285156,22.125,1.875,1,1,16.375,-5.875,19.25,-0.021739130434782608,0,0,0,0
S_top20,clean,corrupt_to_clean,v5_qwen35_4b_041,40,22.375,2.0,0.8170115947723389,1,1,0.125,0.125,0.1296100616455078,-0.4907493591308594,22.25,1.875,1,1,16.375,-5.875,19.3125,-0.02127659574468085,0,0,0,0
S_top20,clean,corrupt_to_clean,v5_qwen35_4b_045,44,22.375,2.0,0.8170115947723389,1,1,0.125,0.125,0.1296100616455078,-0.4907493591308594,22.25,1.875,1,1,16.375,-5.875,19.3125,-0.02127659574468085,0,0,0,0
S_top20,clean,corrupt_to_clean,v5_qwen35_4b_049,48,22.25,1.875,0.7945027351379395,1,1,0.125,0.0,0.057933807373046875,-0.5017738342285156,22.125,1.875,1,1,16.375,-5.875,19.25,-0.021739130434782608,0,0,0,0
S_top20,clean,corrupt_to_clean,v5_qwen35_4b_117,116,22.75,2.25,0.8512002229690552,1,1,0.125,0.0,0.03293418884277344,-0.5573148727416992,22.625,2.25,1,1,16.375,-5.875,19.5,-0.02,0,0,0,0
S_top20,clean,corrupt_to_clean,v5_qwen35_4b_137,136,22.75,2.25,0.8512002229690552,1,1,0.125,0.0,0.03293418884277344,-0.5573148727416992,22.625,2.25,1,1,16.375,-5.875,19.5,-0.02,0,0,0,0
S_top20,clean,corrupt_to_clean,v5_qwen35_4b_141,140,22.75,2.375,0.8661336898803711,1,1,0.125,0.125,0.1386585235595703,-0.5483407974243164,22.625,2.25,1,1,16.375,-5.875,19.5,-0.02,0,0,0,0
S_top20,clean,corrupt_to_clean,v5_qwen35_4b_157,156,22.75,2.375,0.855938196182251,1,1,0.125,0.125,0.10506629943847656,-0.5337386131286621,22.625,2.25,1,1,15.5625,-7.0625,19.09375,-0.017699115044247787,0,0,0,0
S_top20,clean,corrupt_to_clean,v5_qwen35_4b_227,226,21.875,1.375,0.6879402995109558,1,1,0.0,0.0,0.008556365966796875,-0.39974451065063477,21.875,1.375,1,1,16.375,-5.875,19.125,-0.0,0,0,0,0
S_top20,clean,corrupt_to_clean,v5_qwen35_4b_233,232,21.75,1.25,0.6630918383598328,1,1,0.0,-0.125,-0.08433341979980469,-0.39034080505371094,21.75,1.375,1,1,16.375,-5.875,19.0625,-0.0,0,0,0,0
S_top20,clean,corrupt_to_clean,v5_qwen35_4b_235,234,21.875,1.375,0.6879402995109558,1,1,0.0,0.0,0.008556365966796875,-0.39974451065063477,21.875,1.375,1,1,16.375,-5.875,19.125,-0.0,0,0,0,0
S_top20,clean,corrupt_to_clean,v5_qwen35_4b_248,247,21.875,1.375,0.6879402995109558,1,1,0.0,0.0,0.008556365966796875,-0.39974451065063477,21.875,1.375,1,1,16.375,-5.875,19.125,-0.0,0,0,0,0
S_top20,clean,corrupt_to_clean,v5_qwen35_4b_250,249,21.875,1.375,0.6879402995109558,1,1,0.0,0.0,0.008556365966796875,-0.39974451065063477,21.875,1.375,1,1,16.375,-5.875,19.125,-0.0,0,0,0,0
S_top20,clean,corrupt_to_clean,v5_qwen35_4b_261,260,21.75,1.25,0.6635295748710632,1,1,0.0,-0.125,-0.08237266540527344,-0.4338507652282715,21.75,1.375,1,1,17.625,-4.125,19.6875,-0.0,0,0,0,0
S_top20,clean,corrupt_to_clean,v5_qwen35_4b_274,273,22.0,1.5,0.7074920535087585,1,1,0.125,0.125,0.10202598571777344,-0.45482397079467773,21.875,1.375,1,1,17.5,-4.5,19.6875,-0.02857142857142857,0,0,0,0
S_top20,clean,corrupt_to_clean,v5_qwen35_4b_298,297,21.875,1.375,0.6828861832618713,1,1,0.0,0.0,-0.017499923706054688,-0.4353179931640625,21.875,1.375,1,1,17.5,-4.375,19.6875,-0.0,0,0,0,0
S_top20,clean,corrupt_to_clean,v5_qwen35_4b_202,201,23.375,0.625,0.6086735725402832,1,1,0.0,0.125,0.12285804748535156,-0.4397134780883789,23.375,0.5,1,1,20.375,-1.875,21.875,-0.0,0,0,0,0
S_top20,clean,corrupt_to_clean,v5_qwen35_4b_221,220,24.625,0.375,0.5816982984542847,1,1,0.0,0.125,0.12382888793945312,-0.44716882705688477,24.625,0.25,1,1,19.5,-2.875,22.0625,-0.0,0,0,0,0
S_top20,clean,corrupt_to_clean,v5_qwen35_4b_051,50,23.625,0.25,0.5246546864509583,1,1,0.0,0.0,0.0006580352783203125,-0.3932199478149414,23.625,0.25,1,1,19.125,-2.75,21.375,-0.0,0,0,0,0
S_top20,clean,corrupt_to_clean,v5_qwen35_4b_278,277,23.5,0.625,0.5970787405967712,1,1,0.125,0.125,0.1284770965576172,-0.3863410949707031,23.375,0.5,1,1,19.375,-2.5,21.375,-0.03125,0,0,0,0
S_top20,clean,corrupt_to_clean,v5_qwen35_4b_062,61,23.75,0.375,0.5532266497612,1,1,0.0,0.0,0.012273788452148438,-0.41089439392089844,23.75,0.375,1,1,19.5,-2.625,21.625,-0.0,0,0,0,0
S_top20,clean,corrupt_to_clean,v5_qwen35_4b_068,67,23.75,0.375,0.5532266497612,1,1,0.0,0.0,0.012273788452148438,-0.41089439392089844,23.75,0.375,1,1,19.5,-2.625,21.625,-0.0,0,0,0,0
S_top20,clean,corrupt_to_clean,v5_qwen35_4b_209,208,23.625,0.25,0.5228535532951355,1,1,0.0,0.125,0.110809326171875,-0.4189610481262207,23.625,0.125,1,1,19.5,-2.625,21.5625,-0.0,0,0,0,0
S_top20,clean,corrupt_to_clean,v5_qwen35_4b_220,219,23.625,0.25,0.5228535532951355,1,1,0.0,0.125,0.110809326171875,-0.4189610481262207,23.625,0.125,1,1,19.5,-2.625,21.5625,-0.0,0,0,0,0
S_top20,clean,corrupt_to_clean,v5_qwen35_4b_225,224,23.625,0.25,0.5228535532951355,1,1,0.0,0.125,0.110809326171875,-0.4189610481262207,23.625,0.125,1,1,19.5,-2.625,21.5625,-0.0,0,0,0,0
S_top20,clean,corrupt_to_clean,v5_qwen35_4b_300,299,23.375,0.5,0.5714282989501953,1,1,0.0,0.0,0.0074443817138671875,-0.3888974189758301,23.375,0.5,1,1,19.625,-2.5,21.5,-0.0,0,0,0,0
S_top20,clean,corrupt_to_clean,v5_qwen35_4b_293,292,24.75,3.625,0.9464028477668762,1,1,0.0,0.125,0.055873870849609375,-0.2666950225830078,24.75,3.5,1,1,19.375,-3.0,22.0625,-0.0,0,0,0,0
S_top20,clean,corrupt_to_clean,v5_qwen35_4b_066,65,23.75,0.5,0.5767930150032043,1,1,0.0,0.0,0.015039443969726562,-0.3868598937988281,23.75,0.5,1,1,19.375,-2.625,21.5625,-0.0,0,0,0,0
S_top20,clean,corrupt_to_clean,v5_qwen35_4b_197,196,23.375,0.125,0.48014122247695923,1,1,0.0,0.0,0.002246856689453125,-0.30600833892822266,23.375,0.125,1,1,19.375,-2.375,21.375,-0.0,0,0,0,0
S_top20,clean,corrupt_to_clean,v5_qwen35_4b_074,73,24.125,0.75,0.6423093676567078,1,1,0.0,0.125,0.12067985534667969,-0.4302554130554199,24.125,0.625,1,1,19.625,-2.625,21.875,-0.0,0,0,0,0
S_top20,clean,corrupt_to_clean,v5_qwen35_4b_189,188,23.375,0.375,0.5393664836883545,1,1,0.0,0.125,0.1169891357421875,-0.2901115417480469,23.375,0.25,1,1,19.125,-3.375,21.25,-0.0,0,0,0,0
S_top20,clean,corrupt_to_clean,v5_qwen35_4b_223,222,23.75,0.375,0.5520305037498474,1,1,0.0,0.125,0.12266921997070312,-0.4166679382324219,23.75,0.25,1,1,19.625,-2.375,21.6875,-0.0,0,0,0,0
S_top20,clean,corrupt_to_clean,v5_qwen35_4b_266,265,23.625,0.75,0.6295993328094482,1,1,0.0,0.0,0.0015125274658203125,-0.3827033042907715,23.625,0.75,1,1,19.5,-2.375,21.5625,-0.0,0,0,0,0
S_top20,clean,corrupt_to_clean,v5_qwen35_4b_287,286,23.25,0.375,0.5357642769813538,1,1,0.125,0.125,0.13979530334472656,-0.37612247467041016,23.125,0.25,1,1,19.625,-2.375,21.375,-0.03571428571428571,0,0,0,0
S_top20,clean,corrupt_to_clean,v5_qwen35_4b_058,57,23.5,0.25,0.5258885622024536,1,1,0.0,0.0,0.011417388916015625,-0.3736906051635742,23.5,0.25,1,1,19.625,-2.875,21.5625,-0.0,0,0,0,0
S_top20,clean,corrupt_to_clean,v5_qwen35_4b_060,59,24.0,0.5,0.5881285071372986,1,1,0.0,0.0,0.015552520751953125,-0.43535709381103516,24.0,0.5,1,1,19.5,-2.5,21.75,-0.0,0,0,0,0
S_top20,clean,corrupt_to_clean,v5_qwen35_4b_201,200,23.625,0.25,0.5174202919006348,1,1,0.0,0.0,0.020013809204101562,-0.43285131454467773,23.625,0.25,1,1,19.625,-2.5,21.625,-0.0,0,0,0,0
S_top20,clean,corrupt_to_clean,v5_qwen35_4b_217,216,23.75,0.375,0.5541322231292725,1,1,0.0,0.0,0.0061168670654296875,-0.42655229568481445,23.75,0.375,1,1,19.5,-2.625,21.625,-0.0,0,0,0,0
S_top20,clean,corrupt_to_clean,v5_qwen35_4b_218,217,23.625,0.375,0.546724796295166,1,1,0.0,0.125,0.12048912048339844,-0.4108262062072754,23.625,0.25,1,1,19.625,-2.625,21.625,-0.0,0,0,0,0
S_top20,clean,corrupt_to_clean,v5_qwen35_4b_275,274,23.25,0.5,0.5547177195549011,1,1,0.0,0.125,0.10228347778320312,-0.36531972885131836,23.25,0.375,1,1,19.625,-2.625,21.4375,-0.0,0,0,0,0
S_top20,clean,corrupt_to_clean,v5_qwen35_4b_297,296,23.375,0.625,0.5906182527542114,1,1,0.125,0.25,0.22502708435058594,-0.3904390335083008,23.25,0.375,1,1,19.75,-2.375,21.5,-0.03571428571428571,0,0,0,0
S_top20,clean,corrupt_to_clean,v5_qwen35_4b_050,49,23.875,0.625,0.613979697227478,1,1,0.0,0.0,0.0102081298828125,-0.4088726043701172,23.875,0.625,1,1,19.625,-2.5,21.75,-0.0,0,0,0,0
S_top20,clean,corrupt_to_clean,v5_qwen35_4b_063,62,23.875,0.625,0.613979697227478,1,1,0.0,0.0,0.0102081298828125,-0.4088726043701172,23.875,0.625,1,1,19.625,-2.5,21.75,-0.0,0,0,0,0
S_top20,clean,corrupt_to_clean,v5_qwen35_4b_067,66,23.875,0.625,0.613979697227478,1,1,0.0,0.0,0.0102081298828125,-0.4088726043701172,23.875,0.625,1,1,19.625,-2.5,21.75,-0.0,0,0,0,0
S_top20,clean,corrupt_to_clean,v5_qwen35_4b_075,74,23.875,0.625,0.613979697227478,1,1,0.0,0.0,0.0102081298828125,-0.4088726043701172,23.875,0.625,1,1,19.625,-2.5,21.75,-0.0,0,0,0,0
S_top20,clean,corrupt_to_clean,v5_qwen35_4b_198,197,23.75,0.5,0.5828930735588074,1,1,0.0,0.125,0.10700225830078125,-0.3234257698059082,23.75,0.375,1,1,19.875,-2.0,21.8125,-0.0,0,0,0,0
S_top20,clean,corrupt_to_clean,v5_qwen35_4b_219,218,23.75,0.5,0.5857647657394409,1,1,0.0,0.125,0.13303565979003906,-0.4538421630859375,23.75,0.375,1,1,19.625,-2.5,21.6875,-0.0,0,0,0,0
S_top20,clean,corrupt_to_clean,v5_qwen35_4b_253,252,23.25,0.5,0.5680891871452332,1,1,0.0,0.0,0.0189971923828125,-0.4007759094238281,23.25,0.5,1,1,19.625,-2.5,21.4375,-0.0,0,0,0,0
S_top20,clean,corrupt_to_clean,v5_qwen35_4b_200,199,24.125,1.375,0.7663629651069641,1,1,0.0,0.0,0.019468307495117188,-0.5253167152404785,24.125,1.375,1,1,19.75,-2.25,21.9375,-0.0,0,0,0,0
S_top20,clean,corrupt_to_clean,v5_qwen35_4b_031,30,23.75,1.0,0.6704340577125549,1,1,0.0,0.125,0.10187339782714844,-0.33356523513793945,23.75,0.875,1,1,19.25,-3.0,21.5,-0.0,0,0,0,0
S_top20,clean,corrupt_to_clean,v5_qwen35_4b_163,162,23.625,0.75,0.6185187697410583,1,1,0.125,0.125,0.130035400390625,-0.3357071876525879,23.5,0.625,1,1,19.75,-1.875,21.625,-0.03333333333333333,0,0,0,0
S_top20,clean,corrupt_to_clean,v5_qwen35_4b_184,183,23.375,0.375,0.545539915561676,1,1,0.0,0.125,0.104583740234375,-0.2746748924255371,23.375,0.25,1,1,20.0,-1.75,21.6875,-0.0,0,0,0,0
S_top20,clean,corrupt_to_clean,v5_qwen35_4b_191,190,23.625,0.75,0.6184714436531067,1,1,0.125,0.125,0.1298351287841797,-0.37232446670532227,23.5,0.625,1,1,19.25,-3.0,21.375,-0.029411764705882353,0,0,0,0
S_top20,clean,corrupt_to_clean,v5_qwen35_4b_192,191,23.625,0.75,0.6184714436531067,1,1,0.125,0.125,0.1298351287841797,-0.37232446670532227,23.5,0.625,1,1,19.25,-3.0,21.375,-0.029411764705882353,0,0,0,0
S_top20,clean,corrupt_to_clean,v5_qwen35_4b_022,21,23.75,1.0,0.6748493313789368,1,1,0.0,0.125,0.11633110046386719,-0.3332242965698242,23.75,0.875,1,1,19.625,-2.0,21.6875,-0.0,0,0,0,0
S_top20,clean,corrupt_to_clean,v5_qwen35_4b_034,33,23.25,0.375,0.5321438908576965,1,1,0.0,0.0,0.018030166625976562,-0.2955598831176758,23.25,0.375,1,1,19.375,-3.0,21.3125,-0.0,0,0,0,0
S_top20,clean,corrupt_to_clean,v5_qwen35_4b_061,60,23.75,1.0,0.6751699447631836,1,1,0.0,0.125,0.11779212951660156,-0.4110269546508789,23.75,0.875,1,1,19.75,-3.0,21.75,-0.0,0,0,0,0
S_top20,clean,corrupt_to_clean,v5_qwen35_4b_069,68,23.25,0.375,0.5323889851570129,1,1,0.0,0.0,0.019014358520507812,-0.34012937545776367,23.25,0.375,1,1,19.875,-3.0,21.5625,-0.0,0,0,0,0
S_top20,clean,corrupt_to_clean,v5_qwen35_4b_162,161,23.75,0.875,0.6523614525794983,1,1,0.125,0.125,0.14579010009765625,-0.3652338981628418,23.625,0.75,1,1,19.625,-2.0,21.625,-0.03125,0,0,0,0
S_top20,clean,corrupt_to_clean,v5_qwen35_4b_165,164,23.375,0.5,0.5706654787063599,1,1,0.0,0.125,0.10668754577636719,-0.30301618576049805,23.375,0.375,1,1,19.625,-2.25,21.5,-0.0,0,0,0,0
S_top20,clean,corrupt_to_clean,v5_qwen35_4b_176,175,23.75,0.875,0.6523614525794983,1,1,0.125,0.125,0.14579010009765625,-0.3652338981628418,23.625,0.75,1,1,19.625,-2.0,21.625,-0.03125,0,0,0,0
S_top20,clean,corrupt_to_clean,v5_qwen35_4b_177,176,23.75,0.875,0.6523614525794983,1,1,0.125,0.125,0.14579010009765625,-0.3652338981628418,23.625,0.75,1,1,19.625,-2.0,21.625,-0.03125,0,0,0,0
S_top20,clean,corrupt_to_clean,v5_qwen35_4b_211,210,23.75,0.875,0.6528121829032898,1,1,0.125,0.125,0.1465740203857422,-0.45705318450927734,23.625,0.75,1,1,19.75,-3.0,21.6875,-0.03225806451612903,0,0,0,0
S_top20,clean,corrupt_to_clean,v5_qwen35_4b_246,245,22.5,0.125,0.4075454771518707,1,1,0.0,0.0,0.0062770843505859375,-0.2841801643371582,22.5,0.125,1,1,19.375,-2.875,20.9375,-0.0,0,0,0,0
S_top20,clean,corrupt_to_clean,v5_qwen35_4b_268,267,22.625,0.25,0.4376845955848694,1,1,0.125,0.125,0.1298351287841797,-0.3317890167236328,22.5,0.125,1,1,19.75,-3.0,21.125,-0.045454545454545456,0,0,0,0
S_top20,clean,corrupt_to_clean,v5_qwen35_4b_032,31,23.875,0.625,0.6212783455848694,1,1,0.125,0.125,0.1274261474609375,-0.2857508659362793,23.75,0.5,1,1,19.5,-2.75,21.625,-0.029411764705882353,0,0,0,0
S_top20,clean,corrupt_to_clean,v5_qwen35_4b_194,193,23.5,0.5,0.5718677639961243,1,1,0.0,0.125,0.11654281616210938,-0.3386502265930176,23.5,0.375,1,1,19.375,-2.875,21.4375,-0.0,0,0,0,0
S_top20,clean,corrupt_to_clean,v5_qwen35_4b_195,194,23.75,0.375,0.5495798587799072,1,1,0.125,0.125,0.12580490112304688,-0.3539109230041504,23.625,0.25,1,1,19.375,-2.625,21.5,-0.029411764705882353,0,0,0,0
S_top20,clean,corrupt_to_clean,v5_qwen35_4b_019,18,23.375,0.5,0.5532768368721008,1,1,0.125,0.125,0.13074493408203125,-0.2723994255065918,23.25,0.375,1,1,19.25,-2.75,21.25,-0.03125,0,0,0,0
S_top20,clean,corrupt_to_clean,v5_qwen35_4b_056,55,24.25,1.0,0.7057323455810547,1,1,0.0,0.125,0.12278175354003906,-0.38401079177856445,24.25,0.875,1,1,19.25,-3.625,21.75,-0.0,0,0,0,0
S_top20,clean,corrupt_to_clean,v5_qwen35_4b_057,56,24.0,0.75,0.6510364413261414,1,1,0.0,0.125,0.11963844299316406,-0.36299896240234375,24.0,0.625,1,1,19.375,-3.5,21.6875,-0.0,0,0,0,0
S_top20,clean,corrupt_to_clean,v5_qwen35_4b_190,189,24.25,0.875,0.6811297535896301,1,1,0.0,0.0,0.0074825286865234375,-0.3671560287475586,24.25,0.875,1,1,19.375,-2.75,21.8125,-0.0,0,0,0,0
S_top20,clean,corrupt_to_clean,v5_qwen35_4b_199,198,24.125,0.625,0.6285111904144287,1,1,0.125,0.125,0.1266193389892578,-0.3477292060852051,24.0,0.5,1,1,19.375,-2.875,21.6875,-0.02702702702702703,0,0,0,0
S_top20,clean,corrupt_to_clean,v5_qwen35_4b_240,239,23.75,0.875,0.6561937928199768,1,1,0.0,0.0,0.008024215698242188,-0.3318171501159668,23.75,0.875,1,1,19.375,-2.75,21.5625,-0.0,0,0,0,0
S_top20,clean,corrupt_to_clean,v5_qwen35_4b_279,278,23.75,0.75,0.6315357685089111,1,1,0.125,0.125,0.12887001037597656,-0.37241649627685547,23.625,0.625,1,1,19.25,-3.625,21.4375,-0.02857142857142857,0,0,0,0
S_top20,clean,corrupt_to_clean,v5_qwen35_4b_173,172,23.5,0.5,0.5671929717063904,1,1,0.0,0.125,0.10525131225585938,-0.3015279769897461,23.5,0.375,1,1,19.25,-2.75,21.375,-0.0,0,0,0,0
S_top20,clean,corrupt_to_clean,v5_qwen35_4b_193,192,24.25,0.875,0.6769768595695496,1,1,0.0,0.0,0.012800216674804688,-0.41112422943115234,24.25,0.875,1,1,19.375,-2.5,21.8125,-0.0,0,0,0,0
S_top20,clean,corrupt_to_clean,v5_qwen35_4b_196,195,23.625,0.25,0.5266035199165344,1,1,0.0,0.0,0.011369705200195312,-0.3831815719604492,23.625,0.25,1,1,19.75,-2.25,21.6875,-0.0,0,0,0,0
S_top20,clean,corrupt_to_clean,v5_qwen35_4b_207,206,23.5,0.5,0.5673321485519409,1,1,0.125,0.125,0.13106346130371094,-0.3756542205810547,23.375,0.375,1,1,19.75,-3.25,21.5625,-0.034482758620689655,0,0,0,0
S_top20,clean,corrupt_to_clean,v5_qwen35_4b_210,209,23.625,0.125,0.5025969743728638,1,1,0.0,0.0,0.0064983367919921875,-0.41938209533691406,23.625,0.125,1,1,19.5,-2.875,21.5625,-0.0,0,0,0,0
S_top20,clean,corrupt_to_clean,v5_qwen35_4b_071,70,23.5,1.25,0.7035489082336426,1,1,0.0,0.0,0.0001354217529296875,-0.2453155517578125,23.5,1.25,1,1,19.375,-3.0,21.4375,-0.0,0,0,0,0
S_top20,clean,corrupt_to_clean,v5_qwen35_4b_170,169,23.5,0.875,0.6457201838493347,1,1,0.125,0.125,0.12835311889648438,-0.3115711212158203,23.375,0.75,1,1,18.875,-2.625,21.125,-0.027777777777777776,0,0,0,0
S_top20,clean,corrupt_to_clean,v5_qwen35_4b_178,177,23.625,0.625,0.6093969345092773,1,1,0.0,0.0,0.014688491821289062,-0.3426237106323242,23.625,0.625,1,1,19.875,-1.5,21.75,-0.0,0,0,0,0
S_top20,clean,corrupt_to_clean,v5_qwen35_4b_175,174,23.0,0.125,0.4749704599380493,1,1,0.125,0.125,0.14110183715820312,-0.2841200828552246,22.875,0.0,1,0,19.0,-2.875,20.9375,-0.03225806451612903,0,0,0,0
S_top20,clean,corrupt_to_clean,v5_qwen35_4b_171,170,24.125,1.125,0.7222763299942017,1,1,0.0,0.125,0.12014389038085938,-0.311126708984375,24.125,1.0,1,1,19.875,-1.375,22.0,-0.0,0,0,0,0
S_top20,clean,corrupt_to_clean,v5_qwen35_4b_009,8,23.75,0.75,0.6399474740028381,1,1,0.125,0.25,0.24481201171875,-0.3940548896789551,23.625,0.5,1,1,19.0,-3.0,21.3125,-0.02702702702702703,0,0,0,0
S_top20,clean,corrupt_to_clean,v5_qwen35_4b_052,51,23.75,1.0,0.6778087019920349,1,1,0.0,0.125,0.13551902770996094,-0.43749475479125977,23.75,0.875,1,1,20.25,-2.75,22.0,-0.0,0,0,0,0
S_top20,clean,corrupt_to_clean,v5_qwen35_4b_076,75,21.25,0.375,0.4511125683784485,1,1,0.0,0.0,-0.030836105346679688,-0.4088468551635742,21.25,0.375,1,1,15.875,-7.25,18.5625,-0.0,0,0,0,0
S_top20,clean,corrupt_to_clean,v5_qwen35_4b_077,76,21.25,0.375,0.4511125683784485,1,1,0.0,0.0,-0.030836105346679688,-0.4088468551635742,21.25,0.375,1,1,15.875,-7.25,18.5625,-0.0,0,0,0,0
S_top20,clean,corrupt_to_clean,v5_qwen35_4b_078,77,21.25,0.375,0.4511125683784485,1,1,0.0,0.0,-0.030836105346679688,-0.4088468551635742,21.25,0.375,1,1,15.875,-7.25,18.5625,-0.0,0,0,0,0
S_top20,clean,corrupt_to_clean,v5_qwen35_4b_079,78,21.25,0.375,0.4511125683784485,1,1,0.0,0.0,-0.030836105346679688,-0.4088468551635742,21.25,0.375,1,1,15.875,-7.25,18.5625,-0.0,0,0,0,0
S_top20,clean,corrupt_to_clean,v5_qwen35_4b_080,79,21.25,0.375,0.4511125683784485,1,1,0.0,0.0,-0.030836105346679688,-0.4088468551635742,21.25,0.375,1,1,15.875,-7.25,18.5625,-0.0,0,0,0,0
S_top20,clean,corrupt_to_clean,v5_qwen35_4b_081,80,21.25,0.375,0.4511125683784485,1,1,0.0,0.0,-0.030836105346679688,-0.4088468551635742,21.25,0.375,1,1,15.875,-7.25,18.5625,-0.0,0,0,0,0
S_top20,clean,corrupt_to_clean,v5_qwen35_4b_082,81,21.25,0.375,0.4511125683784485,1,1,0.0,0.0,-0.030836105346679688,-0.4088468551635742,21.25,0.375,1,1,15.875,-7.25,18.5625,-0.0,0,0,0,0
S_top20,clean,corrupt_to_clean,v5_qwen35_4b_083,82,21.25,0.375,0.4603041112422943,1,1,0.0,0.0,-0.0214080810546875,-0.390200138092041,21.25,0.375,1,1,15.9375,-7.3125,18.59375,-0.0,0,0,0,0
S_top20,clean,corrupt_to_clean,v5_qwen35_4b_084,83,21.25,0.375,0.4603041112422943,1,1,0.0,0.0,-0.0214080810546875,-0.390200138092041,21.25,0.375,1,1,15.9375,-7.3125,18.59375,-0.0,0,0,0,0
S_top20,clean,corrupt_to_clean,v5_qwen35_4b_087,86,21.25,0.375,0.4603041112422943,1,1,0.0,0.0,-0.0214080810546875,-0.390200138092041,21.25,0.375,1,1,15.9375,-7.3125,18.59375,-0.0,0,0,0,0
S_top20,clean,corrupt_to_clean,v5_qwen35_4b_088,87,21.25,0.375,0.4603041112422943,1,1,0.0,0.0,-0.0214080810546875,-0.390200138092041,21.25,0.375,1,1,15.9375,-7.3125,18.59375,-0.0,0,0,0,0
S_top20,clean,corrupt_to_clean,v5_qwen35_4b_089,88,21.25,0.375,0.4603041112422943,1,1,0.0,0.0,-0.0214080810546875,-0.390200138092041,21.25,0.375,1,1,15.9375,-7.3125,18.59375,-0.0,0,0,0,0
S_top20,clean,corrupt_to_clean,v5_qwen35_4b_090,89,21.25,0.375,0.4603041112422943,1,1,0.0,0.0,-0.0214080810546875,-0.390200138092041,21.25,0.375,1,1,15.9375,-7.3125,18.59375,-0.0,0,0,0,0
S_top20,clean,corrupt_to_clean,v5_qwen35_4b_091,90,21.25,0.375,0.4603041112422943,1,1,0.0,0.0,-0.0214080810546875,-0.390200138092041,21.25,0.375,1,1,15.9375,-7.3125,18.59375,-0.0,0,0,0,0
S_top20,clean,corrupt_to_clean,v5_qwen35_4b_092,91,21.25,0.375,0.4603041112422943,1,1,0.0,0.0,-0.0214080810546875,-0.390200138092041,21.25,0.375,1,1,15.9375,-7.3125,18.59375,-0.0,0,0,0,0
S_top20,clean,corrupt_to_clean,v5_qwen35_4b_093,92,21.25,0.375,0.4603041112422943,1,1,0.0,0.0,-0.0214080810546875,-0.390200138092041,21.25,0.375,1,1,15.9375,-7.3125,18.59375,-0.0,0,0,0,0
S_top20,clean,corrupt_to_clean,v5_qwen35_4b_094,93,21.25,0.375,0.4603041112422943,1,1,0.0,0.0,-0.0214080810546875,-0.390200138092041,21.25,0.375,1,1,15.9375,-7.3125,18.59375,-0.0,0,0,0,0
S_top20,clean,corrupt_to_clean,v5_qwen35_4b_095,94,21.25,0.375,0.4603041112422943,1,1,0.0,0.0,-0.0214080810546875,-0.390200138092041,21.25,0.375,1,1,15.9375,-7.3125,18.59375,-0.0,0,0,0,0
S_top20,clean,corrupt_to_clean,v5_qwen35_4b_096,95,21.25,0.375,0.4603041112422943,1,1,0.0,0.0,-0.0214080810546875,-0.390200138092041,21.25,0.375,1,1,15.9375,-7.3125,18.59375,-0.0,0,0,0,0
S_top20,clean,corrupt_to_clean,v5_qwen35_4b_097,96,21.25,0.375,0.4603041112422943,1,1,0.0,0.0,-0.0214080810546875,-0.390200138092041,21.25,0.375,1,1,15.9375,-7.3125,18.59375,-0.0,0,0,0,0
S_top20,clean,corrupt_to_clean,v5_qwen35_4b_099,98,21.25,0.375,0.4603041112422943,1,1,0.0,0.0,-0.0214080810546875,-0.390200138092041,21.25,0.375,1,1,15.9375,-7.3125,18.59375,-0.0,0,0,0,0
S_top20,clean,corrupt_to_clean,v5_qwen35_4b_100,99,21.25,0.375,0.4603041112422943,1,1,0.0,0.0,-0.0214080810546875,-0.390200138092041,21.25,0.375,1,1,15.9375,-7.3125,18.59375,-0.0,0,0,0,0
S_top20,clean,corrupt_to_clean,v5_qwen35_4b_101,100,21.25,0.375,0.4603041112422943,1,1,0.0,0.0,-0.0214080810546875,-0.390200138092041,21.25,0.375,1,1,15.9375,-7.3125,18.59375,-0.0,0,0,0,0
S_top20,clean,corrupt_to_clean,v5_qwen35_4b_102,101,21.25,0.375,0.4603041112422943,1,1,0.0,0.0,-0.0214080810546875,-0.390200138092041,21.25,0.375,1,1,15.9375,-7.3125,18.59375,-0.0,0,0,0,0
S_top20,clean,corrupt_to_clean,v5_qwen35_4b_103,102,21.25,0.375,0.4603041112422943,1,1,0.0,0.0,-0.0214080810546875,-0.390200138092041,21.25,0.375,1,1,15.9375,-7.3125,18.59375,-0.0,0,0,0,0
S_top20,clean,corrupt_to_clean,v5_qwen35_4b_104,103,21.25,0.375,0.4603041112422943,1,1,0.0,0.0,-0.0214080810546875,-0.390200138092041,21.25,0.375,1,1,15.9375,-7.3125,18.59375,-0.0,0,0,0,0
S_top20,clean,corrupt_to_clean,v5_qwen35_4b_105,104,21.25,0.375,0.4603041112422943,1,1,0.0,0.0,-0.0214080810546875,-0.390200138092041,21.25,0.375,1,1,15.9375,-7.3125,18.59375,-0.0,0,0,0,0
S_top20,clean,corrupt_to_clean,v5_qwen35_4b_106,105,21.25,0.375,0.4603041112422943,1,1,0.0,0.0,-0.0214080810546875,-0.390200138092041,21.25,0.375,1,1,15.9375,-7.3125,18.59375,-0.0,0,0,0,0
S_top20,clean,corrupt_to_clean,v5_qwen35_4b_107,106,21.25,0.375,0.4603041112422943,1,1,0.0,0.0,-0.0214080810546875,-0.390200138092041,21.25,0.375,1,1,15.9375,-7.3125,18.59375,-0.0,0,0,0,0
S_top20,clean,corrupt_to_clean,v5_qwen35_4b_108,107,21.25,0.375,0.4603041112422943,1,1,0.0,0.0,-0.0214080810546875,-0.390200138092041,21.25,0.375,1,1,15.9375,-7.3125,18.59375,-0.0,0,0,0,0
S_top20,clean,corrupt_to_clean,v5_qwen35_4b_109,108,21.25,0.375,0.4603041112422943,1,1,0.0,0.0,-0.0214080810546875,-0.390200138092041,21.25,0.375,1,1,15.9375,-7.3125,18.59375,-0.0,0,0,0,0
S_top20,clean,corrupt_to_clean,v5_qwen35_4b_110,109,21.25,0.375,0.4603041112422943,1,1,0.0,0.0,-0.0214080810546875,-0.390200138092041,21.25,0.375,1,1,15.9375,-7.3125,18.59375,-0.0,0,0,0,0
S_top20,clean,corrupt_to_clean,v5_qwen35_4b_111,110,21.25,0.375,0.4603041112422943,1,1,0.0,0.0,-0.0214080810546875,-0.390200138092041,21.25,0.375,1,1,15.9375,-7.3125,18.59375,-0.0,0,0,0,0
S_top20,clean,corrupt_to_clean,v5_qwen35_4b_112,111,21.25,0.375,0.4603041112422943,1,1,0.0,0.0,-0.0214080810546875,-0.390200138092041,21.25,0.375,1,1,15.9375,-7.3125,18.59375,-0.0,0,0,0,0
S_top20,clean,corrupt_to_clean,v5_qwen35_4b_116,115,21.25,0.375,0.4605492949485779,1,1,0.0,0.0,-0.020421981811523438,-0.4270815849304199,21.25,0.375,1,1,16.625,-6.5,18.9375,-0.0,0,0,0,0
S_top20,clean,corrupt_to_clean,v5_qwen35_4b_129,128,21.25,0.375,0.4605492949485779,1,1,0.0,0.0,-0.020421981811523438,-0.4270815849304199,21.25,0.375,1,1,16.625,-6.5,18.9375,-0.0,0,0,0,0
S_top20,clean,corrupt_to_clean,v5_qwen35_4b_132,131,21.25,0.375,0.4605492949485779,1,1,0.0,0.0,-0.020421981811523438,-0.4270815849304199,21.25,0.375,1,1,16.625,-6.5,18.9375,-0.0,0,0,0,0
S_top20,clean,corrupt_to_clean,v5_qwen35_4b_138,137,21.25,0.375,0.4605492949485779,1,1,0.0,0.0,-0.020421981811523438,-0.4270815849304199,21.25,0.375,1,1,16.625,-6.5,18.9375,-0.0,0,0,0,0
S_top20,clean,corrupt_to_clean,v5_qwen35_4b_143,142,21.25,0.375,0.4605492949485779,1,1,0.0,0.0,-0.020421981811523438,-0.4270815849304199,21.25,0.375,1,1,16.625,-6.5,18.9375,-0.0,0,0,0,0
S_top20,clean,corrupt_to_clean,v5_qwen35_4b_029,28,21.75,0.875,0.5907467007637024,1,1,0.0,0.0,0.0015048980712890625,-0.170731782913208,21.75,0.875,1,1,17.5,-3.625,19.625,-0.0,0,0,0,0
S_top20,clean,corrupt_to_clean,v5_qwen35_4b_086,85,21.5,0.625,0.5236341953277588,1,1,0.0,0.0,0.0034275054931640625,-0.4022960662841797,21.5,0.625,1,1,15.75,-7.375,18.625,-0.0,0,0,0,0
S_top20,clean,corrupt_to_clean,v5_qwen35_4b_258,257,26.125,3.375,0.9663210511207581,1,1,-0.125,0.125,0.12280464172363281,-0.4404573440551758,26.25,3.25,1,1,20.125,-2.25,23.1875,0.02040816326530612,0,0,0,0
S_top20,clean,corrupt_to_clean,v5_qwen35_4b_252,251,24.375,2.125,0.8532776832580566,1,1,0.0,0.0,-0.00026702880859375,-0.23903512954711914,24.375,2.125,1,1,20.25,-1.5,22.3125,-0.0,0,0,0,0
S_top20,clean,corrupt_to_clean,v5_qwen35_4b_006,5,24.875,2.875,0.8991975784301758,1,1,0.125,0.125,0.14548492431640625,-0.27471113204956055,24.75,2.75,1,1,17.5,-4.25,21.125,-0.017241379310344827,0,0,0,0
S_top20,clean,corrupt_to_clean,v5_qwen35_4b_004,3,25.75,2.25,0.9041619896888733,1,1,-0.125,0.0,-0.0005741119384765625,-0.5143089294433594,25.875,2.25,1,1,16.25,-6.375,21.0625,0.012987012987012988,0,0,0,0
S_top20,clean,corrupt_to_clean,v5_qwen35_4b_154,153,26.125,2.875,0.9463574290275574,1,1,-0.125,-0.125,-0.1254749298095703,-0.5725421905517578,26.25,3.0,1,1,15.3125,-6.0625,20.78125,0.011428571428571429,0,0,0,0
S_top20,clean,corrupt_to_clean,v5_qwen35_4b_119,118,26.625,3.875,0.9794442653656006,1,1,-0.25,-0.125,-0.12615966796875,-0.4298973083496094,26.875,4.0,1,1,18.625,-4.5,22.75,0.030303030303030304,0,0,0,0
S_top20,clean,corrupt_to_clean,v5_qwen35_4b_010,9,21.625,0.25,0.3756769895553589,1,1,0.125,0.125,0.08596229553222656,-0.3841698169708252,21.5,0.125,1,1,16.125,-5.75,18.8125,-0.023255813953488372,0,0,0,0
S_top20,clean,corrupt_to_clean,v5_qwen35_4b_151,150,27.625,5.625,0.9963363409042358,1,1,-0.125,0.0,-0.004425048828125,-0.5725603103637695,27.75,5.625,1,1,15.6875,-6.3125,21.71875,0.010362694300518135,0,0,0,0
S_top20,clean,corrupt_to_clean,v5_qwen35_4b_289,288,27.0,4.0,0.9819008708000183,1,1,-0.375,-0.25,-0.2508964538574219,-0.45069026947021484,27.375,4.25,1,1,19.25,-3.5,23.3125,0.046153846153846156,0,0,0,0
S_top20,clean,corrupt_to_clean,v5_qwen35_4b_244,243,25.0,2.75,0.9364560842514038,1,1,-0.125,0.0,-0.001003265380859375,-0.3255186080932617,25.125,2.75,1,1,18.75,-1.625,21.9375,0.0196078431372549,0,0,0,0
S_top20,corrupt,clean_to_corrupt,v5_qwen35_4b_285,284,19.25,-2.625,0.02684890106320381,6,0,0.0,0.0,0.009126663208007812,0.19510316848754883,19.25,-2.625,7,0,23.125,3.625,21.1875,0.0,0,0,0,0
S_top20,corrupt,clean_to_corrupt,v5_qwen35_4b_016,15,15.125,-7.125,0.00038809305988252163,37,0,0.0625,0.0625,0.0660858154296875,0.15035343170166016,15.0625,-7.1875,37,0,21.375,0.75,18.21875,0.009900990099009901,0,0,0,0
S_top20,corrupt,clean_to_corrupt,v5_qwen35_4b_036,35,15.75,-6.375,0.0005733629805035889,24,0,0.0625,-0.0625,0.012952804565429688,0.07509613037109375,15.6875,-6.3125,24,0,21.375,0.75,18.53125,0.01098901098901099,0,0,0,0
S_top20,corrupt,clean_to_corrupt,v5_qwen35_4b_085,84,15.0,-7.75,0.00030067790066823363,30,0,0.0,0.125,0.10196495056152344,0.2513437271118164,15.0,-7.875,32,0,21.875,1.0,18.4375,0.0,0,0,0,0
S_top20,corrupt,clean_to_corrupt,v5_qwen35_4b_133,132,15.75,-6.375,0.0005704339127987623,24,0,0.0625,-0.0625,0.0078277587890625,0.11427783966064453,15.6875,-6.3125,24,0,22.0,1.125,18.84375,0.009900990099009901,0,0,0,0
S_top20,corrupt,clean_to_corrupt,v5_qwen35_4b_147,146,15.75,-6.375,0.0005704339127987623,24,0,0.0625,-0.0625,0.0078277587890625,0.11427783966064453,15.6875,-6.3125,24,0,22.0,1.125,18.84375,0.009900990099009901,0,0,0,0
S_top20,corrupt,clean_to_corrupt,v5_qwen35_4b_260,259,17.25,-4.375,0.005434783641248941,13,0,0.125,0.125,0.14000892639160156,0.11953544616699219,17.125,-4.5,13,0,22.0,1.0,19.5625,0.02564102564102564,0,0,0,0
S_top20,corrupt,clean_to_corrupt,v5_qwen35_4b_263,262,16.625,-5.375,0.0028272978961467743,13,0,0.0,0.125,0.10699462890625,0.1882495880126953,16.625,-5.5,13,0,21.625,0.625,19.125,0.0,0,0,0,0
S_top20,corrupt,clean_to_corrupt,v5_qwen35_4b_296,295,17.375,-4.25,0.006318582221865654,13,0,0.125,0.125,0.1347332000732422,0.122039794921875,17.25,-4.375,13,0,22.0,1.0,19.625,0.02631578947368421,0,0,0,0
S_top20,corrupt,clean_to_corrupt,v5_qwen35_4b_040,39,16.0,-5.5,0.0013435159344226122,19,0,0.0,0.0,-0.06500434875488281,0.1544170379638672,16.0,-5.5,19,0,22.625,2.125,19.3125,0.0,0,0,0,0
S_top20,corrupt,clean_to_corrupt,v5_qwen35_4b_054,53,17.375,-3.125,0.011459071189165115,9,0,0.0,0.125,0.0630340576171875,0.14438819885253906,17.375,-3.25,9,0,22.625,2.125,20.0,0.0,0,0,0,0
S_top20,corrupt,clean_to_corrupt,v5_qwen35_4b_229,228,16.0,-5.375,0.0013956775655969977,19,0,0.0,0.125,-0.026866912841796875,0.16141986846923828,16.0,-5.5,19,0,22.5,1.75,19.25,0.0,0,0,0,0
S_top20,corrupt,clean_to_corrupt,v5_qwen35_4b_047,46,17.0,-5.875,0.0016234569484367967,13,0,0.0,0.0,0.006938934326171875,0.14941835403442383,17.0,-5.875,14,0,22.125,0.25,19.5625,0.0,0,0,0,0
S_top20,corrupt,clean_to_corrupt,v5_qwen35_4b_271,270,19.375,-3.0,0.025068698450922966,7,0,0.0,0.0,0.0399169921875,0.17940521240234375,19.375,-3.0,8,0,21.875,0.375,20.625,0.0,0,0,0,0
S_top20,corrupt,clean_to_corrupt,v5_qwen35_4b_039,38,16.5,-6.875,0.00045130919897928834,15,0,0.0,0.0,0.0057811737060546875,0.1523447036743164,16.5,-6.875,14,0,22.625,0.625,19.5625,0.0,0,0,0,0
S_top20,corrupt,clean_to_corrupt,v5_qwen35_4b_215,214,19.25,-2.75,0.028125464916229248,7,0,0.0,0.125,0.06342887878417969,0.18341064453125,19.25,-2.875,7,0,22.625,0.5,20.9375,0.0,0,0,0,0
S_top20,corrupt,clean_to_corrupt,v5_qwen35_4b_245,244,15.1875,-7.6875,0.0003390540077816695,22,0,0.0625,0.1875,0.16177940368652344,0.16125774383544922,15.125,-7.875,22,0,21.0,0.25,18.0625,0.010638297872340425,0,0,0,0
S_top20,corrupt,clean_to_corrupt,v5_qwen35_4b_161,160,15.6875,-7.9375,0.0003144346410408616,26,0,0.0,0.125,0.10547637939453125,0.3547229766845703,15.6875,-8.0625,26,0,23.125,2.0,19.40625,0.0,0,0,0,0
S_top20,corrupt,clean_to_corrupt,v5_qwen35_4b_121,120,15.875,-6.875,0.0006518653244711459,14,0,0.0,0.125,0.10951042175292969,0.28528404235839844,15.875,-7.0,14,0,23.5,3.125,19.6875,0.0,0,0,0,0
S_top20,corrupt,clean_to_corrupt,v5_qwen35_4b_181,180,15.875,-7.375,0.0005381348892115057,17,0,0.0,0.25,0.21490097045898438,0.3348827362060547,15.875,-7.625,18,0,23.25,1.75,19.5625,0.0,0,0,0,0
S_top20,corrupt,clean_to_corrupt,v5_qwen35_4b_259,258,17.375,-5.375,0.0036964823957532644,9,0,0.0,0.25,0.2116546630859375,0.25661563873291016,17.375,-5.625,9,0,22.75,1.25,20.0625,0.0,0,0,0,0
S_top20,corrupt,clean_to_corrupt,v5_qwen35_4b_283,282,18.0,-4.0,0.008868789300322533,12,0,0.125,0.25,0.21120452880859375,0.16252803802490234,17.875,-4.25,12,0,22.125,0.5,20.0,0.029411764705882353,0,0,0,0
S_top20,corrupt,clean_to_corrupt,v5_qwen35_4b_272,271,20.375,-3.25,0.030130043625831604,4,0,0.125,0.25,0.2408905029296875,0.27591800689697266,20.25,-3.5,4,0,24.0,2.0,22.125,0.03333333333333333,0,0,0,0
S_top20,corrupt,clean_to_corrupt,v5_qwen35_4b_043,42,16.625,-5.75,0.0008868685108609498,24,0,-0.125,-0.125,-0.13903236389160156,0.2606358528137207,16.75,-5.625,23,0,23.375,1.125,20.0625,-0.018867924528301886,0,0,0,0
S_top20,corrupt,clean_to_corrupt,v5_qwen35_4b_166,165,19.375,-3.0,0.023935696110129356,7,0,0.0,0.125,0.06812095642089844,0.1535196304321289,19.375,-3.125,7,0,23.0,1.25,21.1875,0.0,0,0,0,0
S_top20,corrupt,clean_to_corrupt,v5_qwen35_4b_055,54,19.25,-4.375,0.010343892499804497,5,0,0.125,0.25,0.23018264770507812,0.2051830291748047,19.125,-4.625,6,0,23.0,1.25,21.0625,0.03225806451612903,0,0,0,0
S_top20,corrupt,clean_to_corrupt,v5_qwen35_4b_130,129,16.625,-6.625,0.0007582318503409624,20,0,0.0,0.0,0.008365631103515625,0.14689350128173828,16.625,-6.625,20,0,22.125,1.375,19.375,0.0,0,0,0,0
S_top20,corrupt,clean_to_corrupt,v5_qwen35_4b_182,181,15.8125,-7.6875,0.00037917858571745455,29,0,0.0,0.125,0.11859893798828125,0.17665624618530273,15.8125,-7.8125,28,0,22.25,0.75,19.03125,0.0,0,0,0,0
S_top20,corrupt,clean_to_corrupt,v5_qwen35_4b_065,64,18.125,-3.375,0.011360607109963894,10,0,0.0,-0.125,-0.08662605285644531,0.02070760726928711,18.125,-3.25,10,0,21.25,0.375,19.6875,0.0,0,0,0,0
S_top20,corrupt,clean_to_corrupt,v5_qwen35_4b_001,0,17.375,-4.875,0.005476696882396936,11,0,-0.125,0.0,-0.023733139038085938,0.3545525074005127,17.5,-4.875,11,0,23.375,2.125,20.4375,-0.02127659574468085,0,0,0,0
S_top20,corrupt,clean_to_corrupt,v5_qwen35_4b_053,52,17.625,-3.5,0.011991332285106182,8,0,0.125,0.125,0.1212921142578125,0.049373626708984375,17.5,-3.625,8,0,22.375,1.875,19.9375,0.02564102564102564,0,0,0,0
S_top20,corrupt,clean_to_corrupt,v5_qwen35_4b_155,154,15.125,-6.125,0.0006679303478449583,30,0,0.0,0.0,-0.03436088562011719,0.12526798248291016,15.125,-6.125,29,0,22.5,2.125,18.8125,0.0,0,0,0,0
S_top20,corrupt,clean_to_corrupt,v5_qwen35_4b_120,119,16.125,-5.5,0.001416770275682211,18,0,0.0,-0.125,-0.07879257202148438,0.03349018096923828,16.125,-5.375,18,0,22.625,2.25,19.375,0.0,0,0,0,0
S_top20,corrupt,clean_to_corrupt,v5_qwen35_4b_232,231,16.125,-5.375,0.0014729846734553576,18,0,0.0,0.0,-0.039825439453125,0.0736074447631836,16.125,-5.375,18,0,22.625,2.125,19.375,0.0,0,0,0,0
S_top20,corrupt,clean_to_corrupt,v5_qwen35_4b_226,225,17.875,-5.625,0.001689377473667264,8,0,0.0,0.125,0.06856536865234375,0.2182474136352539,17.875,-5.75,7,0,23.75,2.0,20.8125,0.0,0,0,0,0
S_top20,corrupt,clean_to_corrupt,v5_qwen35_4b_123,122,15.75,-6.625,0.0008195566479116678,17,0,0.0,0.125,0.08235740661621094,0.2636852264404297,15.75,-6.75,18,0,22.625,1.625,19.1875,0.0,0,0,0,0
S_top20,corrupt,clean_to_corrupt,v5_qwen35_4b_030,29,15.8125,-6.8125,0.0007446812815032899,17,0,0.0,0.125,0.08629417419433594,0.20655250549316406,15.8125,-6.9375,18,0,21.875,0.75,18.84375,0.0,0,0,0,0
S_top20,corrupt,clean_to_corrupt,v5_qwen35_4b_205,204,18.0,-3.875,0.01222044974565506,6,0,0.0,0.25,0.18466567993164062,0.19736194610595703,18.0,-4.125,7,0,22.0,1.125,20.0,0.0,0,0,0,0
S_top20,corrupt,clean_to_corrupt,v5_qwen35_4b_208,207,19.75,-2.875,0.033202484250068665,4,0,0.125,0.375,0.3107032775878906,0.3256969451904297,19.625,-3.25,5,0,22.5,0.25,21.0625,0.043478260869565216,0,0,0,0
S_top20,corrupt,clean_to_corrupt,v5_qwen35_4b_159,158,15.75,-7.75,0.000349403650034219,25,0,0.0625,0.1875,0.16501617431640625,0.41097259521484375,15.6875,-7.9375,23,0,24.0,2.875,19.84375,0.007518796992481203,0,0,0,0
S_top20,corrupt,clean_to_corrupt,v5_qwen35_4b_262,261,18.625,-3.75,0.013299289159476757,4,0,0.0,0.25,0.1634845733642578,0.29811573028564453,18.625,-4.0,4,0,23.5,2.625,21.0625,0.0,0,0,0,0
S_top20,corrupt,clean_to_corrupt,v5_qwen35_4b_281,280,18.625,-3.75,0.013299289159476757,4,0,0.0,0.25,0.1634845733642578,0.29811573028564453,18.625,-4.0,4,0,23.5,2.625,21.0625,0.0,0,0,0,0
S_top20,corrupt,clean_to_corrupt,v5_qwen35_4b_153,152,15.8125,-6.8125,0.0009354735375382006,18,0,0.0,0.375,0.3341655731201172,0.35405540466308594,15.8125,-7.1875,19,0,23.0,2.625,19.40625,0.0,0,0,0,0
S_top20,corrupt,clean_to_corrupt,v5_qwen35_4b_017,16,15.5625,-7.0625,0.000753290019929409,18,0,0.0,0.25,0.23170852661132812,0.2628459930419922,15.5625,-7.3125,19,0,22.375,1.875,18.96875,0.0,0,0,0,0
S_top20,corrupt,clean_to_corrupt,v5_qwen35_4b_023,22,15.5625,-7.0625,0.000753290019929409,18,0,0.0,0.25,0.23170852661132812,0.2628459930419922,15.5625,-7.3125,19,0,22.375,1.875,18.96875,0.0,0,0,0,0
S_top20,corrupt,clean_to_corrupt,v5_qwen35_4b_027,26,16.5,-6.125,0.0016812729882076383,13,0,0.0,0.125,0.10069656372070312,0.229461669921875,16.5,-6.25,13,0,22.375,1.875,19.4375,0.0,0,0,0,0
S_top20,corrupt,clean_to_corrupt,v5_qwen35_4b_028,27,16.5,-6.125,0.0016812729882076383,13,0,0.0,0.125,0.10069656372070312,0.229461669921875,16.5,-6.25,13,0,22.375,1.875,19.4375,0.0,0,0,0,0
S_top20,corrupt,clean_to_corrupt,v5_qwen35_4b_035,34,16.5,-6.125,0.0016812729882076383,13,0,0.0,0.125,0.10069656372070312,0.229461669921875,16.5,-6.25,13,0,22.375,1.875,19.4375,0.0,0,0,0,0
S_top20,corrupt,clean_to_corrupt,v5_qwen35_4b_046,45,16.375,-6.125,0.001670320751145482,13,0,0.0,0.125,0.11915397644042969,0.23693084716796875,16.375,-6.25,13,0,22.25,1.75,19.3125,0.0,0,0,0,0
S_top20,corrupt,clean_to_corrupt,v5_qwen35_4b_059,58,17.375,-4.5,0.008257787674665451,6,0,-0.125,0.125,0.07144546508789062,0.2261333465576172,17.5,-4.625,5,0,22.25,1.75,19.875,-0.02631578947368421,0,0,0,0
S_top20,corrupt,clean_to_corrupt,v5_qwen35_4b_064,63,17.375,-4.5,0.008257787674665451,6,0,-0.125,0.125,0.07144546508789062,0.2261333465576172,17.5,-4.625,5,0,22.25,1.75,19.875,-0.02631578947368421,0,0,0,0
S_top20,corrupt,clean_to_corrupt,v5_qwen35_4b_113,112,16.375,-6.125,0.0016717102844268084,14,0,0.0,0.125,0.11998748779296875,0.2754039764404297,16.375,-6.25,13,0,22.875,2.375,19.625,0.0,0,0,0,0
S_top20,corrupt,clean_to_corrupt,v5_qwen35_4b_118,117,16.375,-6.125,0.0016717102844268084,14,0,0.0,0.125,0.11998748779296875,0.2754039764404297,16.375,-6.25,13,0,22.875,2.375,19.625,0.0,0,0,0,0
S_top20,corrupt,clean_to_corrupt,v5_qwen35_4b_149,148,16.375,-6.125,0.0016717102844268084,14,0,0.0,0.125,0.11998748779296875,0.2754039764404297,16.375,-6.25,13,0,22.875,2.375,19.625,0.0,0,0,0,0
S_top20,corrupt,clean_to_corrupt,v5_qwen35_4b_152,151,15.1875,-7.3125,0.0005807338166050613,21,0,0.0,0.375,0.34428977966308594,0.2826824188232422,15.1875,-7.6875,21,0,22.875,2.5,19.03125,0.0,0,0,0,0
S_top20,corrupt,clean_to_corrupt,v5_qwen35_4b_156,155,15.1875,-7.3125,0.0005807338166050613,21,0,0.0,0.375,0.34428977966308594,0.2826824188232422,15.1875,-7.6875,21,0,22.875,2.5,19.03125,0.0,0,0,0,0
S_top20,corrupt,clean_to_corrupt,v5_qwen35_4b_167,166,15.1875,-7.3125,0.0005807338166050613,21,0,0.0,0.375,0.34428977966308594,0.2826824188232422,15.1875,-7.6875,21,0,22.875,2.5,19.03125,0.0,0,0,0,0
S_top20,corrupt,clean_to_corrupt,v5_qwen35_4b_172,171,15.4375,-7.1875,0.0006634743767790496,18,0,-0.0625,0.1875,0.16970062255859375,0.2855186462402344,15.5,-7.375,19,0,22.875,2.375,19.1875,-0.00847457627118644,0,0,0,0
S_top20,corrupt,clean_to_corrupt,v5_qwen35_4b_234,233,16.125,-6.375,0.0012921566376462579,14,0,0.0,0.125,0.09612464904785156,0.2707481384277344,16.125,-6.5,14,0,22.125,1.625,19.125,0.0,0,0,0,0
S_top20,corrupt,clean_to_corrupt,v5_qwen35_4b_243,242,16.375,-6.125,0.001669674995355308,14,0,0.0,0.125,0.11876678466796875,0.22898292541503906,16.375,-6.25,13,0,22.25,1.625,19.3125,0.0,0,0,0,0
S_top20,corrupt,clean_to_corrupt,v5_qwen35_4b_251,250,16.375,-6.125,0.001669674995355308,14,0,0.0,0.125,0.11876678466796875,0.22898292541503906,16.375,-6.25,13,0,22.25,1.625,19.3125,0.0,0,0,0,0
S_top20,corrupt,clean_to_corrupt,v5_qwen35_4b_254,253,17.375,-4.5,0.008243822492659092,7,0,-0.125,0.125,0.06973838806152344,0.22506427764892578,17.5,-4.625,5,0,22.25,1.625,19.875,-0.02631578947368421,0,0,0,0
S_top20,corrupt,clean_to_corrupt,v5_qwen35_4b_255,254,17.375,-4.5,0.008243822492659092,7,0,-0.125,0.125,0.06973838806152344,0.22506427764892578,17.5,-4.625,5,0,22.25,1.625,19.875,-0.02631578947368421,0,0,0,0
S_top20,corrupt,clean_to_corrupt,v5_qwen35_4b_264,263,17.25,-4.625,0.007238759659230709,9,0,-0.125,0.125,0.07266616821289062,0.19930267333984375,17.375,-4.75,8,0,22.125,1.625,19.75,-0.02631578947368421,0,0,0,0
S_top20,corrupt,clean_to_corrupt,v5_qwen35_4b_273,272,17.375,-4.375,0.009241211228072643,6,0,0.0,0.25,0.21331024169921875,0.23443222045898438,17.375,-4.625,6,0,22.25,1.75,19.8125,0.0,0,0,0,0
S_top20,corrupt,clean_to_corrupt,v5_qwen35_4b_290,289,17.5,-4.25,0.010503750294446945,4,0,0.0,0.25,0.2115650177001953,0.23650455474853516,17.5,-4.5,4,0,22.125,1.625,19.8125,0.0,0,0,0,0
S_top20,corrupt,clean_to_corrupt,v5_qwen35_4b_267,266,17.625,-5.0,0.003981786780059338,7,0,0.125,0.25,0.23500633239746094,0.2466754913330078,17.5,-5.25,7,0,22.375,1.625,19.9375,0.02564102564102564,0,0,0,0
S_top20,corrupt,clean_to_corrupt,v5_qwen35_4b_148,147,15.625,-7.125,0.00041368938400410116,16,0,0.0625,0.1875,0.12672042846679688,0.2679939270019531,15.5625,-7.3125,16,0,23.75,2.875,19.65625,0.007633587786259542,0,0,0,0
S_top20,corrupt,clean_to_corrupt,v5_qwen35_4b_180,179,14.5,-8.625,0.00014106206072028726,35,0,0.0,0.25,0.2058734893798828,0.3370780944824219,14.5,-8.875,35,0,23.25,2.625,18.875,0.0,0,0,0,0
S_top20,corrupt,clean_to_corrupt,v5_qwen35_4b_072,71,19.125,-2.125,0.04910437762737274,5,0,0.0,0.125,0.0724639892578125,0.13377046585083008,19.125,-2.25,5,0,22.5,1.875,20.8125,0.0,0,0,0,0
S_top20,corrupt,clean_to_corrupt,v5_qwen35_4b_073,72,19.625,-3.0,0.02789592184126377,5,0,0.0,0.25,0.1527729034423828,0.39720821380615234,19.625,-3.25,5,0,23.25,0.25,21.4375,0.0,0,0,0,0
S_top20,corrupt,clean_to_corrupt,v5_qwen35_4b_270,269,19.75,-0.75,0.11122588068246841,4,0,0.125,0.25,0.17922210693359375,0.10448789596557617,19.625,-1.0,5,0,22.5,1.75,21.0625,0.043478260869565216,0,0,0,0
S_top20,corrupt,clean_to_corrupt,v5_qwen35_4b_038,37,17.875,-5.25,0.0030976561829447746,10,0,0.0,0.125,0.11627006530761719,0.23026275634765625,17.875,-5.375,10,0,23.375,2.375,20.625,0.0,0,0,0,0
S_top20,corrupt,clean_to_corrupt,v5_qwen35_4b_204,203,20.625,-2.375,0.055054668337106705,4,0,0.0,0.25,0.1829071044921875,0.33688926696777344,20.625,-2.625,4,0,24.25,0.875,22.4375,0.0,0,0,0,0
S_top20,corrupt,clean_to_corrupt,v5_qwen35_4b_007,6,16.375,-7.0,0.0006779016694054008,20,0,0.125,0.25,0.21360397338867188,0.41432952880859375,16.25,-7.25,24,0,23.375,2.0,19.8125,0.017543859649122806,0,0,0,0
S_top20,corrupt,clean_to_corrupt,v5_qwen35_4b_014,13,16.375,-7.0,0.0006779016694054008,20,0,0.125,0.25,0.21360397338867188,0.41432952880859375,16.25,-7.25,24,0,23.375,2.0,19.8125,0.017543859649122806,0,0,0,0
S_top20,corrupt,clean_to_corrupt,v5_qwen35_4b_018,17,16.375,-7.0,0.0006779016694054008,20,0,0.125,0.25,0.21360397338867188,0.41432952880859375,16.25,-7.25,24,0,23.375,2.0,19.8125,0.017543859649122806,0,0,0,0
S_top20,corrupt,clean_to_corrupt,v5_qwen35_4b_020,19,16.375,-7.0,0.0006779016694054008,20,0,0.125,0.25,0.21360397338867188,0.41432952880859375,16.25,-7.25,24,0,23.375,2.0,19.8125,0.017543859649122806,0,0,0,0
S_top20,corrupt,clean_to_corrupt,v5_qwen35_4b_021,20,16.375,-7.0,0.0006779016694054008,20,0,0.125,0.25,0.21360397338867188,0.41432952880859375,16.25,-7.25,24,0,23.375,2.0,19.8125,0.017543859649122806,0,0,0,0
S_top20,corrupt,clean_to_corrupt,v5_qwen35_4b_024,23,16.375,-7.0,0.0006779016694054008,20,0,0.125,0.25,0.21360397338867188,0.41432952880859375,16.25,-7.25,24,0,23.375,2.0,19.8125,0.017543859649122806,0,0,0,0
S_top20,corrupt,clean_to_corrupt,v5_qwen35_4b_025,24,16.5,-6.875,0.0007765453192405403,20,0,0.0,0.125,0.09169197082519531,0.40941429138183594,16.5,-7.0,19,0,23.375,2.125,19.9375,0.0,0,0,0,0
S_top20,corrupt,clean_to_corrupt,v5_qwen35_4b_098,97,16.5,-6.75,0.0008531028870493174,20,0,0.0,0.25,0.18579483032226562,0.3950347900390625,16.5,-7.0,19,0,23.5,2.25,20.0,0.0,0,0,0,0
S_top20,corrupt,clean_to_corrupt,v5_qwen35_4b_114,113,16.875,-6.125,0.0012134601129218936,10,0,0.125,0.25,0.19510459899902344,0.3864097595214844,16.75,-6.375,11,0,23.5,2.25,20.125,0.018518518518518517,0,0,0,0
S_top20,corrupt,clean_to_corrupt,v5_qwen35_4b_128,127,16.875,-6.125,0.0012134601129218936,10,0,0.125,0.25,0.19510459899902344,0.3864097595214844,16.75,-6.375,11,0,23.5,2.25,20.125,0.018518518518518517,0,0,0,0
S_top20,corrupt,clean_to_corrupt,v5_qwen35_4b_131,130,16.875,-6.125,0.0012134601129218936,10,0,0.125,0.25,0.19510459899902344,0.3864097595214844,16.75,-6.375,11,0,23.5,2.25,20.125,0.018518518518518517,0,0,0,0
S_top20,corrupt,clean_to_corrupt,v5_qwen35_4b_135,134,16.875,-6.125,0.0012134601129218936,10,0,0.125,0.25,0.19510459899902344,0.3864097595214844,16.75,-6.375,11,0,23.5,2.25,20.125,0.018518518518518517,0,0,0,0
S_top20,corrupt,clean_to_corrupt,v5_qwen35_4b_136,135,16.875,-6.125,0.0012134601129218936,10,0,0.125,0.25,0.19510459899902344,0.3864097595214844,16.75,-6.375,11,0,23.5,2.25,20.125,0.018518518518518517,0,0,0,0
S_top20,corrupt,clean_to_corrupt,v5_qwen35_4b_144,143,16.875,-6.125,0.0012134601129218936,10,0,0.125,0.25,0.19510459899902344,0.3864097595214844,16.75,-6.375,11,0,23.5,2.25,20.125,0.018518518518518517,0,0,0,0
S_top20,corrupt,clean_to_corrupt,v5_qwen35_4b_145,144,16.875,-6.125,0.0012134601129218936,10,0,0.125,0.25,0.19510459899902344,0.3864097595214844,16.75,-6.375,11,0,23.5,2.25,20.125,0.018518518518518517,0,0,0,0
S_top20,corrupt,clean_to_corrupt,v5_qwen35_4b_160,159,16.5,-6.75,0.0008488343446515501,20,0,0.0,0.25,0.1807727813720703,0.3979148864746094,16.5,-7.0,19,0,23.25,2.25,19.875,0.0,0,0,0,0
S_top20,corrupt,clean_to_corrupt,v5_qwen35_4b_164,163,16.5,-6.75,0.0008488343446515501,20,0,0.0,0.25,0.1807727813720703,0.3979148864746094,16.5,-7.0,19,0,23.25,2.25,19.875,0.0,0,0,0,0
S_top20,corrupt,clean_to_corrupt,v5_qwen35_4b_169,168,16.5,-6.75,0.0008488343446515501,20,0,0.0,0.25,0.1807727813720703,0.3979148864746094,16.5,-7.0,19,0,23.25,2.25,19.875,0.0,0,0,0,0
S_top20,corrupt,clean_to_corrupt,v5_qwen35_4b_174,173,16.5,-6.75,0.0008488343446515501,20,0,0.0,0.25,0.1807727813720703,0.3979148864746094,16.5,-7.0,19,0,23.25,2.25,19.875,0.0,0,0,0,0
S_top20,corrupt,clean_to_corrupt,v5_qwen35_4b_187,186,16.5,-6.75,0.0008488343446515501,20,0,0.0,0.25,0.1807727813720703,0.3979148864746094,16.5,-7.0,19,0,23.25,2.25,19.875,0.0,0,0,0,0
S_top20,corrupt,clean_to_corrupt,v5_qwen35_4b_188,187,16.5,-6.75,0.0008488343446515501,20,0,0.0,0.25,0.1807727813720703,0.3979148864746094,16.5,-7.0,19,0,23.25,2.25,19.875,0.0,0,0,0,0
S_top20,corrupt,clean_to_corrupt,v5_qwen35_4b_213,212,18.0,-4.375,0.007404834032058716,8,0,0.0,0.125,0.10255241394042969,0.3645782470703125,18.0,-4.5,7,0,23.25,2.25,20.625,0.0,0,0,0,0
S_top20,corrupt,clean_to_corrupt,v5_qwen35_4b_214,213,18.0,-4.375,0.007404834032058716,8,0,0.0,0.125,0.10255241394042969,0.3645782470703125,18.0,-4.5,7,0,23.25,2.25,20.625,0.0,0,0,0,0
S_top20,corrupt,clean_to_corrupt,v5_qwen35_4b_216,215,18.0,-4.375,0.007404834032058716,8,0,0.0,0.125,0.10255241394042969,0.3645782470703125,18.0,-4.5,7,0,23.25,2.25,20.625,0.0,0,0,0,0
S_top20,corrupt,clean_to_corrupt,v5_qwen35_4b_222,221,18.0,-4.375,0.007404834032058716,8,0,0.0,0.125,0.10255241394042969,0.3645782470703125,18.0,-4.5,7,0,23.25,2.25,20.625,0.0,0,0,0,0
S_top20,corrupt,clean_to_corrupt,v5_qwen35_4b_224,223,18.0,-4.375,0.007404834032058716,8,0,0.0,0.125,0.10255241394042969,0.3645782470703125,18.0,-4.5,7,0,23.25,2.25,20.625,0.0,0,0,0,0
S_top20,corrupt,clean_to_corrupt,v5_qwen35_4b_239,238,16.875,-6.125,0.0012089114170521498,10,0,0.125,0.25,0.1913433074951172,0.3238105773925781,16.75,-6.375,11,0,23.25,2.125,20.0,0.019230769230769232,0,0,0,0
S_top20,corrupt,clean_to_corrupt,v5_qwen35_4b_241,240,16.875,-6.125,0.0012089114170521498,10,0,0.125,0.25,0.1913433074951172,0.3238105773925781,16.75,-6.375,11,0,23.25,2.125,20.0,0.019230769230769232,0,0,0,0
S_top20,corrupt,clean_to_corrupt,v5_qwen35_4b_256,255,18.0,-4.375,0.007383259013295174,8,0,0.0,0.125,0.09961318969726562,0.36921215057373047,18.0,-4.5,7,0,23.25,2.125,20.625,0.0,0,0,0,0
S_top20,corrupt,clean_to_corrupt,v5_qwen35_4b_269,268,18.0,-4.375,0.007383259013295174,8,0,0.0,0.125,0.09961318969726562,0.36921215057373047,18.0,-4.5,7,0,23.25,2.125,20.625,0.0,0,0,0,0
S_top20,corrupt,clean_to_corrupt,v5_qwen35_4b_276,275,18.0,-4.375,0.007712372578680515,8,0,0.0,0.125,0.11268043518066406,0.38292789459228516,18.0,-4.5,7,0,23.25,2.125,20.625,0.0,0,0,0,0
S_top20,corrupt,clean_to_corrupt,v5_qwen35_4b_277,276,18.0,-4.375,0.007712372578680515,8,0,0.0,0.125,0.11268043518066406,0.38292789459228516,18.0,-4.5,7,0,23.25,2.125,20.625,0.0,0,0,0,0
S_top20,corrupt,clean_to_corrupt,v5_qwen35_4b_280,279,18.0,-4.375,0.007712372578680515,8,0,0.0,0.125,0.11268043518066406,0.38292789459228516,18.0,-4.5,7,0,23.25,2.125,20.625,0.0,0,0,0,0
S_top20,corrupt,clean_to_corrupt,v5_qwen35_4b_284,283,18.0,-4.375,0.007712372578680515,8,0,0.0,0.125,0.11268043518066406,0.38292789459228516,18.0,-4.5,7,0,23.25,2.125,20.625,0.0,0,0,0,0
S_top20,corrupt,clean_to_corrupt,v5_qwen35_4b_288,287,18.0,-4.375,0.007712372578680515,8,0,0.0,0.125,0.11268043518066406,0.38292789459228516,18.0,-4.5,7,0,23.25,2.125,20.625,0.0,0,0,0,0
S_top20,corrupt,clean_to_corrupt,v5_qwen35_4b_292,291,18.0,-4.375,0.007712372578680515,8,0,0.0,0.125,0.11268043518066406,0.38292789459228516,18.0,-4.5,7,0,23.25,2.125,20.625,0.0,0,0,0,0
S_top20,corrupt,clean_to_corrupt,v5_qwen35_4b_294,293,18.0,-4.375,0.007712372578680515,8,0,0.0,0.125,0.11268043518066406,0.38292789459228516,18.0,-4.5,7,0,23.25,2.125,20.625,0.0,0,0,0,0
S_top20,corrupt,clean_to_corrupt,v5_qwen35_4b_002,1,16.25,-7.0,0.0006751740584149957,23,0,0.125,0.25,0.20725440979003906,0.4367198944091797,16.125,-7.25,26,0,23.25,1.875,19.6875,0.017543859649122806,0,0,0,0
S_top20,corrupt,clean_to_corrupt,v5_qwen35_4b_012,11,16.25,-7.0,0.0006801809649914503,22,0,0.0,0.125,0.09814453125,0.3964118957519531,16.25,-7.125,23,0,23.25,2.0,19.75,0.0,0,0,0,0
S_top20,corrupt,clean_to_corrupt,v5_qwen35_4b_015,14,16.25,-7.0,0.0006801809649914503,22,0,0.0,0.125,0.09814453125,0.3964118957519531,16.25,-7.125,23,0,23.25,2.0,19.75,0.0,0,0,0,0
S_top20,corrupt,clean_to_corrupt,v5_qwen35_4b_037,36,16.875,-6.125,0.0012725437991321087,11,0,0.125,0.25,0.19786453247070312,0.32116127014160156,16.75,-6.375,12,0,23.25,2.0,20.0,0.019230769230769232,0,0,0,0
S_top20,corrupt,clean_to_corrupt,v5_qwen35_4b_042,41,16.875,-6.125,0.0012725437991321087,11,0,0.125,0.25,0.19786453247070312,0.32116127014160156,16.75,-6.375,12,0,23.25,2.0,20.0,0.019230769230769232,0,0,0,0
S_top20,corrupt,clean_to_corrupt,v5_qwen35_4b_044,43,16.875,-6.125,0.0012725437991321087,11,0,0.125,0.25,0.19786453247070312,0.32116127014160156,16.75,-6.375,12,0,23.25,2.0,20.0,0.019230769230769232,0,0,0,0
S_top20,corrupt,clean_to_corrupt,v5_qwen35_4b_115,114,16.875,-6.125,0.001273846486583352,11,0,0.125,0.25,0.19888877868652344,0.38452911376953125,16.75,-6.375,12,0,23.625,2.375,20.1875,0.01818181818181818,0,0,0,0
S_top20,corrupt,clean_to_corrupt,v5_qwen35_4b_126,125,16.875,-6.125,0.001273846486583352,11,0,0.125,0.25,0.19888877868652344,0.38452911376953125,16.75,-6.375,12,0,23.625,2.375,20.1875,0.01818181818181818,0,0,0,0
S_top20,corrupt,clean_to_corrupt,v5_qwen35_4b_127,126,16.875,-6.125,0.001273846486583352,11,0,0.125,0.25,0.19888877868652344,0.38452911376953125,16.75,-6.375,12,0,23.625,2.375,20.1875,0.01818181818181818,0,0,0,0
S_top20,corrupt,clean_to_corrupt,v5_qwen35_4b_134,133,16.875,-6.125,0.001273846486583352,11,0,0.125,0.25,0.19888877868652344,0.38452911376953125,16.75,-6.375,12,0,23.625,2.375,20.1875,0.01818181818181818,0,0,0,0
S_top20,corrupt,clean_to_corrupt,v5_qwen35_4b_140,139,16.875,-6.125,0.001273846486583352,11,0,0.125,0.25,0.19888877868652344,0.38452911376953125,16.75,-6.375,12,0,23.625,2.375,20.1875,0.01818181818181818,0,0,0,0
S_top20,corrupt,clean_to_corrupt,v5_qwen35_4b_142,141,16.875,-6.125,0.001273846486583352,11,0,0.125,0.25,0.19888877868652344,0.38452911376953125,16.75,-6.375,12,0,23.625,2.375,20.1875,0.01818181818181818,0,0,0,0
S_top20,corrupt,clean_to_corrupt,v5_qwen35_4b_146,145,16.875,-6.125,0.001273846486583352,11,0,0.125,0.25,0.19888877868652344,0.38452911376953125,16.75,-6.375,12,0,23.625,2.375,20.1875,0.01818181818181818,0,0,0,0
S_top20,corrupt,clean_to_corrupt,v5_qwen35_4b_150,149,16.875,-6.125,0.001273846486583352,11,0,0.125,0.25,0.19888877868652344,0.38452911376953125,16.75,-6.375,12,0,23.625,2.375,20.1875,0.01818181818181818,0,0,0,0
S_top20,corrupt,clean_to_corrupt,v5_qwen35_4b_168,167,16.25,-7.0,0.0006800101255066693,22,0,0.0,0.125,0.09789276123046875,0.45767974853515625,16.25,-7.125,23,0,23.25,2.125,19.75,0.0,0,0,0,0
S_top20,corrupt,clean_to_corrupt,v5_qwen35_4b_179,178,16.25,-7.0,0.0006800101255066693,22,0,0.0,0.125,0.09789276123046875,0.45767974853515625,16.25,-7.125,23,0,23.25,2.125,19.75,0.0,0,0,0,0
S_top20,corrupt,clean_to_corrupt,v5_qwen35_4b_183,182,16.25,-7.0,0.0006800101255066693,22,0,0.0,0.125,0.09789276123046875,0.45767974853515625,16.25,-7.125,23,0,23.25,2.125,19.75,0.0,0,0,0,0
S_top20,corrupt,clean_to_corrupt,v5_qwen35_4b_185,184,16.25,-7.0,0.0006800101255066693,22,0,0.0,0.125,0.09789276123046875,0.45767974853515625,16.25,-7.125,23,0,23.25,2.125,19.75,0.0,0,0,0,0
S_top20,corrupt,clean_to_corrupt,v5_qwen35_4b_186,185,16.25,-7.0,0.0006800101255066693,22,0,0.0,0.125,0.09789276123046875,0.45767974853515625,16.25,-7.125,23,0,23.25,2.125,19.75,0.0,0,0,0,0
S_top20,corrupt,clean_to_corrupt,v5_qwen35_4b_242,241,16.875,-6.125,0.0012697827769443393,11,0,0.125,0.25,0.19569015502929688,0.38428688049316406,16.75,-6.375,12,0,23.125,2.0,19.9375,0.0196078431372549,0,0,0,0
S_top20,corrupt,clean_to_corrupt,v5_qwen35_4b_249,248,16.875,-6.125,0.0012697827769443393,11,0,0.125,0.25,0.19569015502929688,0.38428688049316406,16.75,-6.375,12,0,23.125,2.0,19.9375,0.0196078431372549,0,0,0,0
S_top20,corrupt,clean_to_corrupt,v5_qwen35_4b_282,281,17.875,-4.5,0.006574437953531742,8,0,0.0,0.25,0.15332794189453125,0.3806324005126953,17.875,-4.75,8,0,23.125,2.0,20.5,0.0,0,0,0,0
S_top20,corrupt,clean_to_corrupt,v5_qwen35_4b_286,285,17.875,-4.5,0.006574437953531742,8,0,0.0,0.25,0.15332794189453125,0.3806324005126953,17.875,-4.75,8,0,23.125,2.0,20.5,0.0,0,0,0,0
S_top20,corrupt,clean_to_corrupt,v5_qwen35_4b_295,294,17.875,-4.5,0.006574437953531742,8,0,0.0,0.25,0.15332794189453125,0.3806324005126953,17.875,-4.75,8,0,23.125,2.0,20.5,0.0,0,0,0,0
S_top20,corrupt,clean_to_corrupt,v5_qwen35_4b_299,298,17.875,-4.5,0.006574437953531742,8,0,0.0,0.25,0.15332794189453125,0.3806324005126953,17.875,-4.75,8,0,23.125,2.0,20.5,0.0,0,0,0,0
S_top20,corrupt,clean_to_corrupt,v5_qwen35_4b_008,7,14.5625,-7.4375,0.0003943145275115967,41,0,0.0625,0.1875,0.17412948608398438,0.35251426696777344,14.5,-7.625,43,0,21.625,1.375,18.0625,0.008771929824561403,0,0,0,0
S_top20,corrupt,clean_to_corrupt,v5_qwen35_4b_122,121,15.0625,-7.0625,0.00047865213127806783,25,0,0.0625,0.1875,0.1755390167236328,0.3202800750732422,15.0,-7.25,26,0,22.625,2.125,18.8125,0.00819672131147541,0,0,0,0
S_top20,corrupt,clean_to_corrupt,v5_qwen35_4b_158,157,14.625,-7.375,0.0004373980627860874,40,0,0.0625,0.3125,0.2635307312011719,0.331298828125,14.5625,-7.6875,42,0,22.5,2.0,18.53125,0.007874015748031496,0,0,0,0
S_top20,corrupt,clean_to_corrupt,v5_qwen35_4b_265,264,17.0,-4.875,0.005175730679184198,6,0,0.125,0.25,0.24022293090820312,0.21947669982910156,16.875,-5.125,8,0,22.0,1.25,19.4375,0.024390243902439025,0,0,0,0
S_top20,corrupt,clean_to_corrupt,v5_qwen35_4b_003,2,15.5625,-6.9375,0.0007098045316524804,32,0,0.0,0.125,0.10098648071289062,0.38385009765625,15.5625,-7.0625,31,0,22.5,2.0,19.03125,0.0,0,0,0,0
S_top20,corrupt,clean_to_corrupt,v5_qwen35_4b_011,10,15.625,-6.875,0.0007908724364824593,26,0,0.0625,0.3125,0.26427268981933594,0.35389137268066406,15.5625,-7.1875,29,0,22.25,2.0,18.90625,0.009345794392523364,0,0,0,0
S_top20,corrupt,clean_to_corrupt,v5_qwen35_4b_033,32,16.25,-5.875,0.001774546573869884,18,0,0.0,0.25,0.18042755126953125,0.35634803771972656,16.25,-6.125,18,0,22.25,2.0,19.25,0.0,0,0,0,0
S_top20,corrupt,clean_to_corrupt,v5_qwen35_4b_048,47,16.25,-5.875,0.001774546573869884,18,0,0.0,0.25,0.18042755126953125,0.35634803771972656,16.25,-6.125,18,0,22.25,2.0,19.25,0.0,0,0,0,0
S_top20,corrupt,clean_to_corrupt,v5_qwen35_4b_070,69,17.625,-4.0,0.012072611600160599,5,0,0.125,0.375,0.3147239685058594,0.3609504699707031,17.5,-4.375,5,0,22.25,1.875,19.875,0.02631578947368421,0,0,0,0
S_top20,corrupt,clean_to_corrupt,v5_qwen35_4b_124,123,16.375,-5.75,0.0020142344292253256,15,0,0.0,0.125,0.09886741638183594,0.34800148010253906,16.375,-5.875,15,0,22.625,2.125,19.5,0.0,0,0,0,0
S_top20,corrupt,clean_to_corrupt,v5_qwen35_4b_125,124,16.375,-5.875,0.0017002987442538142,17,0,0.0,0.125,0.07958412170410156,0.3641700744628906,16.375,-6.0,18,0,22.625,2.125,19.5,0.0,0,0,0,0
S_top20,corrupt,clean_to_corrupt,v5_qwen35_4b_139,138,16.375,-5.875,0.0017002987442538142,17,0,0.0,0.125,0.07958412170410156,0.3641700744628906,16.375,-6.0,18,0,22.625,2.125,19.5,0.0,0,0,0,0
S_top20,corrupt,clean_to_corrupt,v5_qwen35_4b_203,202,17.625,-4.0,0.011280384846031666,7,0,0.0,0.25,0.19155120849609375,0.2988605499267578,17.625,-4.25,6,0,22.625,2.125,20.125,0.0,0,0,0,0
S_top20,corrupt,clean_to_corrupt,v5_qwen35_4b_206,205,17.5,-4.125,0.01068038772791624,5,0,0.0,0.25,0.19078445434570312,0.34087371826171875,17.5,-4.375,5,0,22.375,2.0,19.9375,0.0,0,0,0,0
S_top20,corrupt,clean_to_corrupt,v5_qwen35_4b_212,211,17.625,-4.0,0.011280384846031666,7,0,0.0,0.25,0.19155120849609375,0.2988605499267578,17.625,-4.25,6,0,22.625,2.125,20.125,0.0,0,0,0,0
S_top20,corrupt,clean_to_corrupt,v5_qwen35_4b_228,227,16.375,-5.75,0.002008408773690462,16,0,0.0,0.125,0.09596443176269531,0.26631927490234375,16.375,-5.875,15,0,21.75,1.25,19.0625,0.0,0,0,0,0
S_top20,corrupt,clean_to_corrupt,v5_qwen35_4b_230,229,16.375,-5.75,0.002008408773690462,16,0,0.0,0.125,0.09596443176269531,0.26631927490234375,16.375,-5.875,15,0,21.75,1.25,19.0625,0.0,0,0,0,0
S_top20,corrupt,clean_to_corrupt,v5_qwen35_4b_231,230,16.375,-5.75,0.002008408773690462,16,0,0.0,0.125,0.09596443176269531,0.26631927490234375,16.375,-5.875,15,0,21.75,1.25,19.0625,0.0,0,0,0,0
S_top20,corrupt,clean_to_corrupt,v5_qwen35_4b_236,235,16.375,-5.75,0.002008408773690462,16,0,0.0,0.125,0.09596443176269531,0.26631927490234375,16.375,-5.875,15,0,21.75,1.25,19.0625,0.0,0,0,0,0
S_top20,corrupt,clean_to_corrupt,v5_qwen35_4b_237,236,16.375,-5.75,0.002008408773690462,16,0,0.0,0.125,0.09596443176269531,0.26631927490234375,16.375,-5.875,15,0,21.75,1.25,19.0625,0.0,0,0,0,0
S_top20,corrupt,clean_to_corrupt,v5_qwen35_4b_238,237,16.375,-5.875,0.0016992234159260988,18,0,0.0,0.125,0.07895088195800781,0.28986167907714844,16.375,-6.0,18,0,21.875,1.375,19.125,0.0,0,0,0,0
S_top20,corrupt,clean_to_corrupt,v5_qwen35_4b_247,246,16.375,-5.75,0.002008408773690462,16,0,0.0,0.125,0.09596443176269531,0.26631927490234375,16.375,-5.875,15,0,21.75,1.25,19.0625,0.0,0,0,0,0
S_top20,corrupt,clean_to_corrupt,v5_qwen35_4b_257,256,17.625,-4.0,0.011988947167992592,5,0,0.125,0.375,0.30768394470214844,0.28215980529785156,17.5,-4.375,5,0,21.75,1.25,19.625,0.029411764705882353,0,0,0,0
S_top20,corrupt,clean_to_corrupt,v5_qwen35_4b_291,290,17.625,-4.0,0.011988947167992592,5,0,0.125,0.375,0.30768394470214844,0.28215980529785156,17.5,-4.375,5,0,21.75,1.25,19.625,0.029411764705882353,0,0,0,0
S_top20,corrupt,clean_to_corrupt,v5_qwen35_4b_005,4,15.5625,-6.6875,0.0008920305990613997,30,0,0.0625,0.3125,0.25078773498535156,0.3650836944580078,15.5,-7.0,29,0,22.25,1.875,18.875,0.009259259259259259,0,0,0,0
S_top20,corrupt,clean_to_corrupt,v5_qwen35_4b_013,12,15.5625,-6.8125,0.0008270773105323315,28,0,0.0,0.25,0.2019481658935547,0.3652687072753906,15.5625,-7.0625,27,0,22.125,1.875,18.84375,0.0,0,0,0,0
S_top20,corrupt,clean_to_corrupt,v5_qwen35_4b_026,25,16.375,-5.75,0.0020383328665047884,16,0,0.0,0.125,0.11356544494628906,0.2998332977294922,16.375,-5.875,17,0,22.125,1.875,19.25,0.0,0,0,0,0
S_top20,corrupt,clean_to_corrupt,v5_qwen35_4b_041,40,16.25,-5.75,0.0019204687559977174,19,0,-0.125,0.125,0.048137664794921875,0.338226318359375,16.375,-5.875,19,0,22.25,1.875,19.3125,-0.02127659574468085,0,0,0,0
S_top20,corrupt,clean_to_corrupt,v5_qwen35_4b_045,44,16.25,-5.75,0.0019204687559977174,19,0,-0.125,0.125,0.048137664794921875,0.338226318359375,16.375,-5.875,19,0,22.25,1.875,19.3125,-0.02127659574468085,0,0,0,0
S_top20,corrupt,clean_to_corrupt,v5_qwen35_4b_049,48,16.375,-5.75,0.0020383328665047884,16,0,0.0,0.125,0.11356544494628906,0.2998332977294922,16.375,-5.875,17,0,22.125,1.875,19.25,0.0,0,0,0,0
S_top20,corrupt,clean_to_corrupt,v5_qwen35_4b_117,116,16.375,-5.75,0.0020402793306857347,16,0,0.0,0.125,0.11452293395996094,0.31061744689941406,16.375,-5.875,17,0,22.625,2.25,19.5,0.0,0,0,0,0
S_top20,corrupt,clean_to_corrupt,v5_qwen35_4b_137,136,16.375,-5.75,0.0020402793306857347,16,0,0.0,0.125,0.11452293395996094,0.31061744689941406,16.375,-5.875,17,0,22.625,2.25,19.5,0.0,0,0,0,0
S_top20,corrupt,clean_to_corrupt,v5_qwen35_4b_141,140,16.25,-5.75,0.001919688656926155,19,0,-0.125,0.125,0.04773139953613281,0.3253154754638672,16.375,-5.875,19,0,22.625,2.25,19.5,-0.02,0,0,0,0
S_top20,corrupt,clean_to_corrupt,v5_qwen35_4b_157,156,15.5625,-6.6875,0.0009172749705612659,28,0,0.0,0.375,0.3055438995361328,0.3617839813232422,15.5625,-7.0625,27,0,22.625,2.25,19.09375,0.0,0,0,0,0
S_top20,corrupt,clean_to_corrupt,v5_qwen35_4b_227,226,16.5,-5.625,0.0022381877060979605,15,0,0.125,0.25,0.20730209350585938,0.23296165466308594,16.375,-5.875,17,0,21.875,1.375,19.125,0.022727272727272728,0,0,0,0
S_top20,corrupt,clean_to_corrupt,v5_qwen35_4b_233,232,16.375,-5.75,0.0020095885265618563,18,0,0.0,0.125,0.09358787536621094,0.2591209411621094,16.375,-5.875,19,0,21.75,1.375,19.0625,0.0,0,0,0,0
S_top20,corrupt,clean_to_corrupt,v5_qwen35_4b_235,234,16.5,-5.625,0.0022381877060979605,15,0,0.125,0.25,0.20730209350585938,0.23296165466308594,16.375,-5.875,17,0,21.875,1.375,19.125,0.022727272727272728,0,0,0,0
S_top20,corrupt,clean_to_corrupt,v5_qwen35_4b_248,247,16.5,-5.625,0.0022381877060979605,15,0,0.125,0.25,0.20730209350585938,0.23296165466308594,16.375,-5.875,17,0,21.875,1.375,19.125,0.022727272727272728,0,0,0,0
S_top20,corrupt,clean_to_corrupt,v5_qwen35_4b_250,249,16.5,-5.625,0.0022381877060979605,15,0,0.125,0.25,0.20730209350585938,0.23296165466308594,16.375,-5.875,17,0,21.875,1.375,19.125,0.022727272727272728,0,0,0,0
S_top20,corrupt,clean_to_corrupt,v5_qwen35_4b_261,260,17.625,-3.875,0.012970280833542347,6,0,0.0,0.25,0.17887496948242188,0.2739124298095703,17.625,-4.125,6,0,21.75,1.375,19.6875,0.0,0,0,0,0
S_top20,corrupt,clean_to_corrupt,v5_qwen35_4b_274,273,17.625,-4.125,0.01103705633431673,5,0,0.125,0.375,0.31720924377441406,0.25495338439941406,17.5,-4.5,5,0,21.875,1.375,19.6875,0.02857142857142857,0,0,0,0
S_top20,corrupt,clean_to_corrupt,v5_qwen35_4b_298,297,17.625,-4.0,0.011827143840491772,6,0,0.125,0.375,0.3079853057861328,0.2691516876220703,17.5,-4.375,6,0,21.875,1.375,19.6875,0.02857142857142857,0,0,0,0
S_top20,corrupt,clean_to_corrupt,v5_qwen35_4b_202,201,20.375,-1.625,0.11205174773931503,2,0,0.0,0.25,0.18941879272460938,0.3303098678588867,20.375,-1.875,2,0,23.375,0.5,21.875,0.0,0,0,0,0
S_top20,corrupt,clean_to_corrupt,v5_qwen35_4b_221,220,19.375,-2.875,0.01935291662812233,5,0,-0.125,0.0,-0.003047943115234375,0.35520482063293457,19.5,-2.875,5,0,24.625,0.25,22.0625,-0.024390243902439025,0,0,0,0
S_top20,corrupt,clean_to_corrupt,v5_qwen35_4b_051,50,19.125,-2.5,0.03236344829201698,5,0,0.0,0.25,0.1620502471923828,0.27951526641845703,19.125,-2.75,5,0,23.625,0.25,21.375,0.0,0,0,0,0
S_top20,corrupt,clean_to_corrupt,v5_qwen35_4b_278,277,19.375,-2.375,0.03885139152407646,5,0,0.0,0.125,0.10760307312011719,0.28381776809692383,19.375,-2.5,5,0,23.375,0.5,21.375,0.0,0,0,0,0
S_top20,corrupt,clean_to_corrupt,v5_qwen35_4b_062,61,19.375,-2.5,0.03878315910696983,5,0,-0.125,0.125,0.05719757080078125,0.3134279251098633,19.5,-2.625,5,0,23.75,0.375,21.625,-0.029411764705882353,0,0,0,0
S_top20,corrupt,clean_to_corrupt,v5_qwen35_4b_068,67,19.375,-2.5,0.03878315910696983,5,0,-0.125,0.125,0.05719757080078125,0.3134279251098633,19.5,-2.625,5,0,23.75,0.375,21.625,-0.029411764705882353,0,0,0,0
S_top20,corrupt,clean_to_corrupt,v5_qwen35_4b_209,208,19.375,-2.5,0.038268543779850006,5,0,-0.125,0.125,0.04600334167480469,0.30530261993408203,19.5,-2.625,5,0,23.625,0.125,21.5625,-0.030303030303030304,0,0,0,0
S_top20,corrupt,clean_to_corrupt,v5_qwen35_4b_220,219,19.375,-2.5,0.038268543779850006,5,0,-0.125,0.125,0.04600334167480469,0.30530261993408203,19.5,-2.625,5,0,23.625,0.125,21.5625,-0.030303030303030304,0,0,0,0
S_top20,corrupt,clean_to_corrupt,v5_qwen35_4b_225,224,19.375,-2.5,0.038268543779850006,5,0,-0.125,0.125,0.04600334167480469,0.30530261993408203,19.5,-2.625,5,0,23.625,0.125,21.5625,-0.030303030303030304,0,0,0,0
S_top20,corrupt,clean_to_corrupt,v5_qwen35_4b_300,299,19.625,-2.25,0.0456848181784153,5,0,0.0,0.25,0.1666545867919922,0.27192020416259766,19.625,-2.5,5,0,23.375,0.5,21.5,0.0,0,0,0,0
S_top20,corrupt,clean_to_corrupt,v5_qwen35_4b_293,292,19.375,-3.0,0.02751888707280159,4,0,0.0,0.0,0.002872467041015625,0.23639917373657227,19.375,-3.0,4,0,24.75,3.5,22.0625,0.0,0,0,0,0
S_top20,corrupt,clean_to_corrupt,v5_qwen35_4b_066,65,19.25,-2.5,0.03569316118955612,5,0,-0.125,0.125,0.05571746826171875,0.3018002510070801,19.375,-2.625,5,0,23.75,0.5,21.5625,-0.02857142857142857,0,0,0,0
S_top20,corrupt,clean_to_corrupt,v5_qwen35_4b_197,196,19.375,-2.375,0.030296776443719864,7,0,0.0,0.0,0.010776519775390625,0.2620368003845215,19.375,-2.375,7,0,23.375,0.125,21.375,0.0,0,0,0,0
S_top20,corrupt,clean_to_corrupt,v5_qwen35_4b_074,73,19.5,-2.5,0.039292410016059875,5,0,-0.125,0.125,0.052257537841796875,0.3074531555175781,19.625,-2.625,5,0,24.125,0.625,21.875,-0.027777777777777776,0,0,0,0
S_top20,corrupt,clean_to_corrupt,v5_qwen35_4b_189,188,19.0,-3.375,0.013963439501821995,7,0,-0.125,0.0,-0.054332733154296875,0.25857019424438477,19.125,-3.375,7,0,23.375,0.25,21.25,-0.029411764705882353,0,0,0,0
S_top20,corrupt,clean_to_corrupt,v5_qwen35_4b_223,222,19.625,-2.25,0.04706692323088646,5,0,0.0,0.125,0.11042022705078125,0.3228611946105957,19.625,-2.375,5,0,23.75,0.25,21.6875,0.0,0,0,0,0
S_top20,corrupt,clean_to_corrupt,v5_qwen35_4b_266,265,19.375,-2.25,0.0406586192548275,5,0,-0.125,0.125,0.018167495727539062,0.2958564758300781,19.5,-2.375,5,0,23.625,0.75,21.5625,-0.030303030303030304,0,0,0,0
S_top20,corrupt,clean_to_corrupt,v5_qwen35_4b_287,286,19.625,-2.25,0.047038815915584564,5,0,0.0,0.125,0.10979270935058594,0.2740516662597656,19.625,-2.375,5,0,23.125,0.25,21.375,0.0,0,0,0,0
S_top20,corrupt,clean_to_corrupt,v5_qwen35_4b_058,57,19.625,-2.625,0.04142439737915993,4,0,0.0,0.25,0.1989612579345703,0.2559642791748047,19.625,-2.875,5,0,23.5,0.25,21.5625,0.0,0,0,0,0
S_top20,corrupt,clean_to_corrupt,v5_qwen35_4b_060,59,19.5,-2.25,0.04394024983048439,5,0,0.0,0.25,0.18662071228027344,0.33431434631347656,19.5,-2.5,5,0,24.0,0.5,21.75,0.0,0,0,0,0
S_top20,corrupt,clean_to_corrupt,v5_qwen35_4b_201,200,19.5,-2.375,0.04337429627776146,5,0,-0.125,0.125,0.061405181884765625,0.33237648010253906,19.625,-2.5,5,0,23.625,0.25,21.625,-0.03125,0,0,0,0
S_top20,corrupt,clean_to_corrupt,v5_qwen35_4b_217,216,19.5,-2.375,0.04223192110657692,5,0,0.0,0.25,0.1721630096435547,0.3102688789367676,19.5,-2.625,5,0,23.75,0.375,21.625,0.0,0,0,0,0
S_top20,corrupt,clean_to_corrupt,v5_qwen35_4b_218,217,19.5,-2.5,0.03978273272514343,5,0,-0.125,0.125,0.05290412902832031,0.300717830657959,19.625,-2.625,5,0,23.625,0.25,21.625,-0.03125,0,0,0,0
S_top20,corrupt,clean_to_corrupt,v5_qwen35_4b_275,274,19.625,-2.375,0.04478829726576805,5,0,0.0,0.25,0.17664337158203125,0.25092554092407227,19.625,-2.625,5,0,23.25,0.375,21.4375,0.0,0,0,0,0
S_top20,corrupt,clean_to_corrupt,v5_qwen35_4b_297,296,19.75,-2.25,0.05160224810242653,5,0,0.0,0.125,0.11429977416992188,0.30952882766723633,19.75,-2.375,5,0,23.25,0.375,21.5,0.0,0,0,0,0
S_top20,corrupt,clean_to_corrupt,v5_qwen35_4b_050,49,19.5,-2.375,0.04442590847611427,5,0,-0.125,0.125,0.05023002624511719,0.32405996322631836,19.625,-2.5,5,0,23.875,0.625,21.75,-0.029411764705882353,0,0,0,0
S_top20,corrupt,clean_to_corrupt,v5_qwen35_4b_063,62,19.5,-2.375,0.04442590847611427,5,0,-0.125,0.125,0.05023002624511719,0.32405996322631836,19.625,-2.5,5,0,23.875,0.625,21.75,-0.029411764705882353,0,0,0,0
S_top20,corrupt,clean_to_corrupt,v5_qwen35_4b_067,66,19.5,-2.375,0.04442590847611427,5,0,-0.125,0.125,0.05023002624511719,0.32405996322631836,19.625,-2.5,5,0,23.875,0.625,21.75,-0.029411764705882353,0,0,0,0
S_top20,corrupt,clean_to_corrupt,v5_qwen35_4b_075,74,19.5,-2.375,0.04442590847611427,5,0,-0.125,0.125,0.05023002624511719,0.32405996322631836,19.625,-2.5,5,0,23.875,0.625,21.75,-0.029411764705882353,0,0,0,0
S_top20,corrupt,clean_to_corrupt,v5_qwen35_4b_198,197,19.75,-2.0,0.04549584910273552,5,0,-0.125,0.0,-0.05116462707519531,0.2726287841796875,19.875,-2.0,5,0,23.75,0.375,21.8125,-0.03225806451612903,0,0,0,0
S_top20,corrupt,clean_to_corrupt,v5_qwen35_4b_219,218,19.5,-2.25,0.04714125767350197,5,0,-0.125,0.25,0.11143112182617188,0.33872318267822266,19.625,-2.5,5,0,23.75,0.375,21.6875,-0.030303030303030304,0,0,0,0
S_top20,corrupt,clean_to_corrupt,v5_qwen35_4b_253,252,19.5,-2.375,0.044497184455394745,5,0,-0.125,0.125,0.05093574523925781,0.29317331314086914,19.625,-2.5,5,0,23.25,0.5,21.4375,-0.034482758620689655,0,0,0,0
S_top20,corrupt,clean_to_corrupt,v5_qwen35_4b_200,199,19.75,-2.0,0.055259376764297485,5,0,0.0,0.25,0.16588592529296875,0.401975154876709,19.75,-2.25,5,0,24.125,1.375,21.9375,0.0,0,0,0,0
S_top20,corrupt,clean_to_corrupt,v5_qwen35_4b_031,30,19.25,-2.875,0.02459825575351715,7,0,0.0,0.125,0.077728271484375,0.28766632080078125,19.25,-3.0,7,0,23.75,0.875,21.5,0.0,0,0,0,0
S_top20,corrupt,clean_to_corrupt,v5_qwen35_4b_163,162,19.625,-1.875,0.03838931769132614,6,0,-0.125,0.0,-0.050495147705078125,0.2925586700439453,19.75,-1.875,6,0,23.5,0.625,21.625,-0.03333333333333333,0,0,0,0
S_top20,corrupt,clean_to_corrupt,v5_qwen35_4b_184,183,19.875,-1.875,0.046499576419591904,5,0,-0.125,-0.125,-0.09199714660644531,0.2501227855682373,20.0,-1.75,5,0,23.375,0.25,21.6875,-0.037037037037037035,0,0,0,0
S_top20,corrupt,clean_to_corrupt,v5_qwen35_4b_191,190,19.25,-2.875,0.024627309292554855,7,0,0.0,0.125,0.07893943786621094,0.3135061264038086,19.25,-3.0,7,0,23.5,0.625,21.375,0.0,0,0,0,0
S_top20,corrupt,clean_to_corrupt,v5_qwen35_4b_192,191,19.25,-2.875,0.024627309292554855,7,0,0.0,0.125,0.07893943786621094,0.3135061264038086,19.25,-3.0,7,0,23.5,0.625,21.375,0.0,0,0,0,0
S_top20,corrupt,clean_to_corrupt,v5_qwen35_4b_022,21,19.5,-2.0,0.033892445266246796,6,0,-0.125,0.0,-0.07456779479980469,0.28934383392333984,19.625,-2.0,6,0,23.75,0.875,21.6875,-0.030303030303030304,0,0,0,0
S_top20,corrupt,clean_to_corrupt,v5_qwen35_4b_034,33,19.25,-3.0,0.02053694613277912,7,0,-0.125,0.0,-0.0526885986328125,0.272397518157959,19.375,-3.0,7,0,23.25,0.375,21.3125,-0.03225806451612903,0,0,0,0
S_top20,corrupt,clean_to_corrupt,v5_qwen35_4b_061,60,19.75,-2.75,0.04052317142486572,4,0,0.0,0.25,0.18501853942871094,0.2966032028198242,19.75,-3.0,4,0,23.75,0.875,21.75,0.0,0,0,0,0
S_top20,corrupt,clean_to_corrupt,v5_qwen35_4b_069,68,19.875,-2.75,0.039747219532728195,4,0,0.0,0.25,0.1736011505126953,0.26140594482421875,19.875,-3.0,4,0,23.25,0.375,21.5625,0.0,0,0,0,0
S_top20,corrupt,clean_to_corrupt,v5_qwen35_4b_162,161,19.5,-2.0,0.03389723598957062,6,0,-0.125,0.0,-0.07442092895507812,0.31545019149780273,19.625,-2.0,6,0,23.625,0.75,21.625,-0.03125,0,0,0,0
S_top20,corrupt,clean_to_corrupt,v5_qwen35_4b_165,164,19.5,-2.25,0.02867886982858181,7,0,-0.125,0.0,-0.06814765930175781,0.27126359939575195,19.625,-2.25,7,0,23.375,0.375,21.5,-0.03333333333333333,0,0,0,0
S_top20,corrupt,clean_to_corrupt,v5_qwen35_4b_176,175,19.5,-2.0,0.03389723598957062,6,0,-0.125,0.0,-0.07442092895507812,0.31545019149780273,19.625,-2.0,6,0,23.625,0.75,21.625,-0.03125,0,0,0,0
S_top20,corrupt,clean_to_corrupt,v5_qwen35_4b_177,176,19.5,-2.0,0.03389723598957062,6,0,-0.125,0.0,-0.07442092895507812,0.31545019149780273,19.625,-2.0,6,0,23.625,0.75,21.625,-0.03125,0,0,0,0
S_top20,corrupt,clean_to_corrupt,v5_qwen35_4b_211,210,19.625,-2.875,0.03625946119427681,4,0,-0.125,0.125,0.071380615234375,0.30998897552490234,19.75,-3.0,4,0,23.625,0.75,21.6875,-0.03225806451612903,0,0,0,0
S_top20,corrupt,clean_to_corrupt,v5_qwen35_4b_246,245,19.25,-2.875,0.024928584694862366,7,0,-0.125,0.0,-0.04938697814941406,0.2462472915649414,19.375,-2.875,7,0,22.5,0.125,20.9375,-0.04,0,0,0,0
S_top20,corrupt,clean_to_corrupt,v5_qwen35_4b_268,267,19.75,-2.875,0.037188563495874405,4,0,0.0,0.125,0.09764862060546875,0.25151538848876953,19.75,-3.0,4,0,22.5,0.125,21.125,0.0,0,0,0,0
S_top20,corrupt,clean_to_corrupt,v5_qwen35_4b_032,31,19.375,-2.75,0.025008292868733406,7,0,-0.125,0.0,-0.07547569274902344,0.24884366989135742,19.5,-2.75,7,0,23.75,0.5,21.625,-0.029411764705882353,0,0,0,0
S_top20,corrupt,clean_to_corrupt,v5_qwen35_4b_194,193,19.25,-2.875,0.02277521975338459,7,0,-0.125,0.0,-0.055187225341796875,0.29653263092041016,19.375,-2.875,7,0,23.5,0.375,21.4375,-0.030303030303030304,0,0,0,0
S_top20,corrupt,clean_to_corrupt,v5_qwen35_4b_195,194,19.375,-2.5,0.024281324818730354,7,0,0.0,0.125,0.08019065856933594,0.3145880699157715,19.375,-2.625,7,0,23.625,0.25,21.5,0.0,0,0,0,0
S_top20,corrupt,clean_to_corrupt,v5_qwen35_4b_019,18,19.125,-2.75,0.018556006252765656,7,0,-0.125,0.0,-0.0766143798828125,0.23935532569885254,19.25,-2.75,7,0,23.25,0.375,21.25,-0.03125,0,0,0,0
S_top20,corrupt,clean_to_corrupt,v5_qwen35_4b_056,55,19.25,-3.375,0.021236110478639603,6,0,0.0,0.25,0.178558349609375,0.2715721130371094,19.25,-3.625,6,0,24.25,0.875,21.75,0.0,0,0,0,0
S_top20,corrupt,clean_to_corrupt,v5_qwen35_4b_057,56,19.375,-3.25,0.02360839582979679,6,0,0.0,0.25,0.1837902069091797,0.27553558349609375,19.375,-3.5,6,0,24.0,0.625,21.6875,0.0,0,0,0,0
S_top20,corrupt,clean_to_corrupt,v5_qwen35_4b_190,189,19.125,-2.75,0.021910879760980606,7,0,-0.25,0.0,-0.12865447998046875,0.2965207099914551,19.375,-2.75,7,0,24.25,0.875,21.8125,-0.05128205128205128,0,0,0,0
S_top20,corrupt,clean_to_corrupt,v5_qwen35_4b_199,198,19.25,-2.875,0.021397698670625687,7,0,-0.125,0.0,-0.056461334228515625,0.30520105361938477,19.375,-2.875,7,0,24.0,0.5,21.6875,-0.02702702702702703,0,0,0,0
S_top20,corrupt,clean_to_corrupt,v5_qwen35_4b_240,239,19.25,-2.75,0.023631500080227852,7,0,-0.125,0.0,-0.05129814147949219,0.27538633346557617,19.375,-2.75,7,0,23.75,0.875,21.5625,-0.02857142857142857,0,0,0,0
S_top20,corrupt,clean_to_corrupt,v5_qwen35_4b_279,278,19.25,-3.375,0.02132045477628708,6,0,0.0,0.25,0.18413162231445312,0.25778675079345703,19.25,-3.625,6,0,23.625,0.625,21.4375,0.0,0,0,0,0
S_top20,corrupt,clean_to_corrupt,v5_qwen35_4b_173,172,19.125,-2.875,0.017400557175278664,7,0,-0.125,-0.125,-0.11478233337402344,0.25876641273498535,19.25,-2.75,7,0,23.5,0.375,21.375,-0.029411764705882353,0,0,0,0
S_top20,corrupt,clean_to_corrupt,v5_qwen35_4b_193,192,19.25,-2.625,0.02583533525466919,6,0,-0.125,-0.125,-0.11197280883789062,0.3286318778991699,19.375,-2.5,6,0,24.25,0.875,21.8125,-0.02564102564102564,0,0,0,0
S_top20,corrupt,clean_to_corrupt,v5_qwen35_4b_196,195,19.625,-2.25,0.0342550203204155,6,0,-0.125,0.0,-0.06572341918945312,0.3371610641479492,19.75,-2.25,5,0,23.625,0.25,21.6875,-0.03225806451612903,0,0,0,0
S_top20,corrupt,clean_to_corrupt,v5_qwen35_4b_207,206,19.625,-3.125,0.027801355347037315,5,0,-0.125,0.125,0.053173065185546875,0.2877321243286133,19.75,-3.25,5,0,23.375,0.375,21.5625,-0.034482758620689655,0,0,0,0
S_top20,corrupt,clean_to_corrupt,v5_qwen35_4b_210,209,19.5,-2.625,0.03415438532829285,5,0,0.0,0.25,0.15710067749023438,0.32140302658081055,19.5,-2.875,5,0,23.625,0.125,21.5625,0.0,0,0,0,0
S_top20,corrupt,clean_to_corrupt,v5_qwen35_4b_071,70,19.5,-3.0,0.027367014437913895,5,0,0.125,0.0,0.06378746032714844,0.20861577987670898,19.375,-3.0,5,0,23.5,1.25,21.4375,0.030303030303030304,0,0,0,0
S_top20,corrupt,clean_to_corrupt,v5_qwen35_4b_170,169,18.75,-2.75,0.020390408113598824,7,0,-0.125,-0.125,-0.045833587646484375,0.2835705280303955,18.875,-2.625,7,0,23.375,0.75,21.125,-0.027777777777777776,0,0,0,0
S_top20,corrupt,clean_to_corrupt,v5_qwen35_4b_178,177,19.75,-1.625,0.05196956545114517,5,0,-0.125,-0.125,-0.06142425537109375,0.2968740463256836,19.875,-1.5,5,0,23.625,0.625,21.75,-0.03333333333333333,0,0,0,0
S_top20,corrupt,clean_to_corrupt,v5_qwen35_4b_175,174,18.875,-3.0,0.017359785735607147,7,0,-0.125,-0.125,-0.07290267944335938,0.27341651916503906,19.0,-2.875,7,0,22.875,0.0,20.9375,-0.03225806451612903,0,0,0,0
S_top20,corrupt,clean_to_corrupt,v5_qwen35_4b_171,170,19.625,-1.625,0.04504966735839844,5,0,-0.25,-0.25,-0.22014427185058594,0.26833248138427734,19.875,-1.375,5,0,24.125,1.0,22.0,-0.058823529411764705,0,0,0,0
S_top20,corrupt,clean_to_corrupt,v5_qwen35_4b_009,8,18.875,-3.0,0.01722203940153122,7,0,-0.125,0.0,-0.01781463623046875,0.34123706817626953,19.0,-3.0,7,0,23.625,0.5,21.3125,-0.02702702702702703,0,0,0,0
S_top20,corrupt,clean_to_corrupt,v5_qwen35_4b_052,51,20.125,-2.75,0.042350370436906815,3,0,-0.125,0.0,-0.03512763977050781,0.34158945083618164,20.25,-2.75,3,0,23.75,0.875,22.0,-0.03571428571428571,0,0,0,0
S_top20,corrupt,clean_to_corrupt,v5_qwen35_4b_076,75,16.0,-7.0,0.0006221324438229203,29,0,0.125,0.25,0.2309131622314453,0.29503726959228516,15.875,-7.25,29,0,21.25,0.375,18.5625,0.023255813953488372,0,0,0,0
S_top20,corrupt,clean_to_corrupt,v5_qwen35_4b_077,76,16.0,-7.0,0.0006221324438229203,29,0,0.125,0.25,0.2309131622314453,0.29503726959228516,15.875,-7.25,29,0,21.25,0.375,18.5625,0.023255813953488372,0,0,0,0
S_top20,corrupt,clean_to_corrupt,v5_qwen35_4b_078,77,16.0,-7.0,0.0006221324438229203,29,0,0.125,0.25,0.2309131622314453,0.29503726959228516,15.875,-7.25,29,0,21.25,0.375,18.5625,0.023255813953488372,0,0,0,0
S_top20,corrupt,clean_to_corrupt,v5_qwen35_4b_079,78,16.0,-7.0,0.0006221324438229203,29,0,0.125,0.25,0.2309131622314453,0.29503726959228516,15.875,-7.25,29,0,21.25,0.375,18.5625,0.023255813953488372,0,0,0,0
S_top20,corrupt,clean_to_corrupt,v5_qwen35_4b_080,79,16.0,-7.0,0.0006221324438229203,29,0,0.125,0.25,0.2309131622314453,0.29503726959228516,15.875,-7.25,29,0,21.25,0.375,18.5625,0.023255813953488372,0,0,0,0
S_top20,corrupt,clean_to_corrupt,v5_qwen35_4b_081,80,16.0,-7.0,0.0006221324438229203,29,0,0.125,0.25,0.2309131622314453,0.29503726959228516,15.875,-7.25,29,0,21.25,0.375,18.5625,0.023255813953488372,0,0,0,0
S_top20,corrupt,clean_to_corrupt,v5_qwen35_4b_082,81,16.0,-7.0,0.0006221324438229203,29,0,0.125,0.25,0.2309131622314453,0.29503726959228516,15.875,-7.25,29,0,21.25,0.375,18.5625,0.023255813953488372,0,0,0,0
S_top20,corrupt,clean_to_corrupt,v5_qwen35_4b_083,82,16.0,-7.0,0.0006217170739546418,29,0,0.0625,0.3125,0.24230384826660156,0.26483821868896484,15.9375,-7.3125,29,0,21.25,0.375,18.59375,0.011764705882352941,0,0,0,0
S_top20,corrupt,clean_to_corrupt,v5_qwen35_4b_084,83,16.0,-7.0,0.0006217170739546418,29,0,0.0625,0.3125,0.24230384826660156,0.26483821868896484,15.9375,-7.3125,29,0,21.25,0.375,18.59375,0.011764705882352941,0,0,0,0
S_top20,corrupt,clean_to_corrupt,v5_qwen35_4b_087,86,16.0,-7.0,0.0006217170739546418,29,0,0.0625,0.3125,0.24230384826660156,0.26483821868896484,15.9375,-7.3125,29,0,21.25,0.375,18.59375,0.011764705882352941,0,0,0,0
S_top20,corrupt,clean_to_corrupt,v5_qwen35_4b_088,87,16.0,-7.0,0.0006217170739546418,29,0,0.0625,0.3125,0.24230384826660156,0.26483821868896484,15.9375,-7.3125,29,0,21.25,0.375,18.59375,0.011764705882352941,0,0,0,0
S_top20,corrupt,clean_to_corrupt,v5_qwen35_4b_089,88,16.0,-7.0,0.0006217170739546418,29,0,0.0625,0.3125,0.24230384826660156,0.26483821868896484,15.9375,-7.3125,29,0,21.25,0.375,18.59375,0.011764705882352941,0,0,0,0
S_top20,corrupt,clean_to_corrupt,v5_qwen35_4b_090,89,16.0,-7.0,0.0006217170739546418,29,0,0.0625,0.3125,0.24230384826660156,0.26483821868896484,15.9375,-7.3125,29,0,21.25,0.375,18.59375,0.011764705882352941,0,0,0,0
S_top20,corrupt,clean_to_corrupt,v5_qwen35_4b_091,90,16.0,-7.0,0.0006217170739546418,29,0,0.0625,0.3125,0.24230384826660156,0.26483821868896484,15.9375,-7.3125,29,0,21.25,0.375,18.59375,0.011764705882352941,0,0,0,0
S_top20,corrupt,clean_to_corrupt,v5_qwen35_4b_092,91,16.0,-7.0,0.0006217170739546418,29,0,0.0625,0.3125,0.24230384826660156,0.26483821868896484,15.9375,-7.3125,29,0,21.25,0.375,18.59375,0.011764705882352941,0,0,0,0
S_top20,corrupt,clean_to_corrupt,v5_qwen35_4b_093,92,16.0,-7.0,0.0006217170739546418,29,0,0.0625,0.3125,0.24230384826660156,0.26483821868896484,15.9375,-7.3125,29,0,21.25,0.375,18.59375,0.011764705882352941,0,0,0,0
S_top20,corrupt,clean_to_corrupt,v5_qwen35_4b_094,93,16.0,-7.0,0.0006217170739546418,29,0,0.0625,0.3125,0.24230384826660156,0.26483821868896484,15.9375,-7.3125,29,0,21.25,0.375,18.59375,0.011764705882352941,0,0,0,0
S_top20,corrupt,clean_to_corrupt,v5_qwen35_4b_095,94,16.0,-7.0,0.0006217170739546418,29,0,0.0625,0.3125,0.24230384826660156,0.26483821868896484,15.9375,-7.3125,29,0,21.25,0.375,18.59375,0.011764705882352941,0,0,0,0
S_top20,corrupt,clean_to_corrupt,v5_qwen35_4b_096,95,16.0,-7.0,0.0006217170739546418,29,0,0.0625,0.3125,0.24230384826660156,0.26483821868896484,15.9375,-7.3125,29,0,21.25,0.375,18.59375,0.011764705882352941,0,0,0,0
S_top20,corrupt,clean_to_corrupt,v5_qwen35_4b_097,96,16.0,-7.0,0.0006217170739546418,29,0,0.0625,0.3125,0.24230384826660156,0.26483821868896484,15.9375,-7.3125,29,0,21.25,0.375,18.59375,0.011764705882352941,0,0,0,0
S_top20,corrupt,clean_to_corrupt,v5_qwen35_4b_099,98,16.0,-7.0,0.0006217170739546418,29,0,0.0625,0.3125,0.24230384826660156,0.26483821868896484,15.9375,-7.3125,29,0,21.25,0.375,18.59375,0.011764705882352941,0,0,0,0
S_top20,corrupt,clean_to_corrupt,v5_qwen35_4b_100,99,16.0,-7.0,0.0006217170739546418,29,0,0.0625,0.3125,0.24230384826660156,0.26483821868896484,15.9375,-7.3125,29,0,21.25,0.375,18.59375,0.011764705882352941,0,0,0,0
S_top20,corrupt,clean_to_corrupt,v5_qwen35_4b_101,100,16.0,-7.0,0.0006217170739546418,29,0,0.0625,0.3125,0.24230384826660156,0.26483821868896484,15.9375,-7.3125,29,0,21.25,0.375,18.59375,0.011764705882352941,0,0,0,0
S_top20,corrupt,clean_to_corrupt,v5_qwen35_4b_102,101,16.0,-7.0,0.0006217170739546418,29,0,0.0625,0.3125,0.24230384826660156,0.26483821868896484,15.9375,-7.3125,29,0,21.25,0.375,18.59375,0.011764705882352941,0,0,0,0
S_top20,corrupt,clean_to_corrupt,v5_qwen35_4b_103,102,16.0,-7.0,0.0006217170739546418,29,0,0.0625,0.3125,0.24230384826660156,0.26483821868896484,15.9375,-7.3125,29,0,21.25,0.375,18.59375,0.011764705882352941,0,0,0,0
S_top20,corrupt,clean_to_corrupt,v5_qwen35_4b_104,103,16.0,-7.0,0.0006217170739546418,29,0,0.0625,0.3125,0.24230384826660156,0.26483821868896484,15.9375,-7.3125,29,0,21.25,0.375,18.59375,0.011764705882352941,0,0,0,0
S_top20,corrupt,clean_to_corrupt,v5_qwen35_4b_105,104,16.0,-7.0,0.0006217170739546418,29,0,0.0625,0.3125,0.24230384826660156,0.26483821868896484,15.9375,-7.3125,29,0,21.25,0.375,18.59375,0.011764705882352941,0,0,0,0
S_top20,corrupt,clean_to_corrupt,v5_qwen35_4b_106,105,16.0,-7.0,0.0006217170739546418,29,0,0.0625,0.3125,0.24230384826660156,0.26483821868896484,15.9375,-7.3125,29,0,21.25,0.375,18.59375,0.011764705882352941,0,0,0,0
S_top20,corrupt,clean_to_corrupt,v5_qwen35_4b_107,106,16.0,-7.0,0.0006217170739546418,29,0,0.0625,0.3125,0.24230384826660156,0.26483821868896484,15.9375,-7.3125,29,0,21.25,0.375,18.59375,0.011764705882352941,0,0,0,0
S_top20,corrupt,clean_to_corrupt,v5_qwen35_4b_108,107,16.0,-7.0,0.0006217170739546418,29,0,0.0625,0.3125,0.24230384826660156,0.26483821868896484,15.9375,-7.3125,29,0,21.25,0.375,18.59375,0.011764705882352941,0,0,0,0
S_top20,corrupt,clean_to_corrupt,v5_qwen35_4b_109,108,16.0,-7.0,0.0006217170739546418,29,0,0.0625,0.3125,0.24230384826660156,0.26483821868896484,15.9375,-7.3125,29,0,21.25,0.375,18.59375,0.011764705882352941,0,0,0,0
S_top20,corrupt,clean_to_corrupt,v5_qwen35_4b_110,109,16.0,-7.0,0.0006217170739546418,29,0,0.0625,0.3125,0.24230384826660156,0.26483821868896484,15.9375,-7.3125,29,0,21.25,0.375,18.59375,0.011764705882352941,0,0,0,0
S_top20,corrupt,clean_to_corrupt,v5_qwen35_4b_111,110,16.0,-7.0,0.0006217170739546418,29,0,0.0625,0.3125,0.24230384826660156,0.26483821868896484,15.9375,-7.3125,29,0,21.25,0.375,18.59375,0.011764705882352941,0,0,0,0
S_top20,corrupt,clean_to_corrupt,v5_qwen35_4b_112,111,16.0,-7.0,0.0006217170739546418,29,0,0.0625,0.3125,0.24230384826660156,0.26483821868896484,15.9375,-7.3125,29,0,21.25,0.375,18.59375,0.011764705882352941,0,0,0,0
S_top20,corrupt,clean_to_corrupt,v5_qwen35_4b_116,115,16.625,-6.25,0.0011501365806907415,15,0,0.0,0.25,0.16861724853515625,0.3146839141845703,16.625,-6.5,16,0,21.25,0.375,18.9375,0.0,0,0,0,0
S_top20,corrupt,clean_to_corrupt,v5_qwen35_4b_129,128,16.625,-6.25,0.0011501365806907415,15,0,0.0,0.25,0.16861724853515625,0.3146839141845703,16.625,-6.5,16,0,21.25,0.375,18.9375,0.0,0,0,0,0
S_top20,corrupt,clean_to_corrupt,v5_qwen35_4b_132,131,16.625,-6.25,0.0011501365806907415,15,0,0.0,0.25,0.16861724853515625,0.3146839141845703,16.625,-6.5,16,0,21.25,0.375,18.9375,0.0,0,0,0,0
S_top20,corrupt,clean_to_corrupt,v5_qwen35_4b_138,137,16.625,-6.25,0.0011501365806907415,15,0,0.0,0.25,0.16861724853515625,0.3146839141845703,16.625,-6.5,16,0,21.25,0.375,18.9375,0.0,0,0,0,0
S_top20,corrupt,clean_to_corrupt,v5_qwen35_4b_143,142,16.625,-6.25,0.0011501365806907415,15,0,0.0,0.25,0.16861724853515625,0.3146839141845703,16.625,-6.5,16,0,21.25,0.375,18.9375,0.0,0,0,0,0
S_top20,corrupt,clean_to_corrupt,v5_qwen35_4b_029,28,17.5,-3.5,0.009419076144695282,8,0,0.0,0.125,0.038177490234375,0.11416149139404297,17.5,-3.625,8,0,21.75,0.875,19.625,0.0,0,0,0,0
S_top20,corrupt,clean_to_corrupt,v5_qwen35_4b_086,85,15.8125,-7.0625,0.0005607522325590253,30,0,0.0625,0.3125,0.2599029541015625,0.3055305480957031,15.75,-7.375,30,0,21.5,0.625,18.625,0.010869565217391304,0,0,0,0
S_top20,corrupt,clean_to_corrupt,v5_qwen35_4b_258,257,20.125,-2.25,0.0606171078979969,4,0,0.0,0.0,-0.005519866943359375,0.3683195114135742,20.125,-2.25,4,0,26.25,3.25,23.1875,0.0,0,0,0,0
S_top20,corrupt,clean_to_corrupt,v5_qwen35_4b_252,251,20.125,-1.5,0.084123395383358,3,0,-0.125,0.0,-0.03832817077636719,0.20895767211914062,20.25,-1.5,3,0,24.375,2.125,22.3125,-0.030303030303030304,0,0,0,0
S_top20,corrupt,clean_to_corrupt,v5_qwen35_4b_006,5,17.25,-4.5,0.005327032413333654,12,0,-0.25,-0.25,-0.23474884033203125,0.26438021659851074,17.5,-4.25,11,0,24.75,2.75,21.125,-0.034482758620689655,0,0,0,0
S_top20,corrupt,clean_to_corrupt,v5_qwen35_4b_004,3,15.8125,-6.8125,0.0005475052748806775,29,0,-0.4375,-0.4375,-0.48781585693359375,0.4429202079772949,16.25,-6.375,23,0,25.875,2.25,21.0625,-0.045454545454545456,0,0,0,0
S_top20,corrupt,clean_to_corrupt,v5_qwen35_4b_154,153,14.75,-6.5,0.0003230092697776854,40,0,-0.5625,-0.4375,-0.5052108764648438,0.48777687549591064,15.3125,-6.0625,36,0,26.25,3.0,20.78125,-0.05142857142857143,0,0,0,0
S_top20,corrupt,clean_to_corrupt,v5_qwen35_4b_119,118,18.5,-4.75,0.004559278953820467,8,0,-0.125,-0.25,-0.2299671173095703,0.37420225143432617,18.625,-4.5,7,0,26.875,4.0,22.75,-0.015151515151515152,0,0,0,0
S_top20,corrupt,clean_to_corrupt,v5_qwen35_4b_010,9,15.875,-5.875,0.0008659387240186334,27,0,-0.25,-0.125,-0.16649818420410156,0.36635637283325195,16.125,-5.75,26,0,21.5,0.125,18.8125,-0.046511627906976744,0,0,0,0
S_top20,corrupt,clean_to_corrupt,v5_qwen35_4b_151,150,15.0625,-6.8125,0.0005320782656781375,36,0,-0.625,-0.5,-0.5559425354003906,0.5269889831542969,15.6875,-6.3125,26,0,27.75,5.625,21.71875,-0.05181347150259067,0,0,0,0
S_top20,corrupt,clean_to_corrupt,v5_qwen35_4b_289,288,19.25,-3.375,0.018533878028392792,5,0,0.0,0.125,0.07413673400878906,0.39534664154052734,19.25,-3.5,5,0,27.375,4.25,23.3125,0.0,0,0,0,0
S_top20,corrupt,clean_to_corrupt,v5_qwen35_4b_244,243,18.5,-1.875,0.047737836837768555,7,0,-0.25,-0.25,-0.2580451965332031,0.29988382011651993,18.75,-1.625,6,0,25.125,2.75,21.9375,-0.0392156862745098,0,0,0,0
E_top20,clean,corrupt_to_clean,v5_qwen35_4b_285,284,23.0,3.5,0.8563379049301147,1,1,-0.125,-0.125,-0.09843063354492188,-0.038533687591552734,23.125,3.625,1,1,19.25,-2.625,21.1875,0.03225806451612903,0,0,0,0
E_top20,clean,corrupt_to_clean,v5_qwen35_4b_016,15,21.125,0.625,0.49437615275382996,1,1,-0.25,-0.125,-0.15372276306152344,-0.26937150955200195,21.375,0.75,1,1,15.0625,-7.1875,18.21875,0.039603960396039604,0,0,0,0
E_top20,clean,corrupt_to_clean,v5_qwen35_4b_036,35,21.125,0.625,0.4919651448726654,1,1,-0.25,-0.125,-0.16336822509765625,-0.30085086822509766,21.375,0.75,1,1,15.6875,-6.3125,18.53125,0.04395604395604396,0,0,0,0
E_top20,clean,corrupt_to_clean,v5_qwen35_4b_085,84,21.75,1.0,0.5855119824409485,1,1,-0.125,0.0,-0.010782241821289062,-0.30790042877197266,21.875,1.0,1,1,15.0,-7.875,18.4375,0.01818181818181818,0,0,0,0
E_top20,clean,corrupt_to_clean,v5_qwen35_4b_133,132,21.875,1.25,0.6673008799552917,1,1,-0.125,0.125,0.041309356689453125,-0.39351797103881836,22.0,1.125,1,1,15.6875,-6.3125,18.84375,0.019801980198019802,0,0,0,0
E_top20,clean,corrupt_to_clean,v5_qwen35_4b_147,146,21.875,1.25,0.6673008799552917,1,1,-0.125,0.125,0.041309356689453125,-0.39351797103881836,22.0,1.125,1,1,15.6875,-6.3125,18.84375,0.019801980198019802,0,0,0,0
E_top20,clean,corrupt_to_clean,v5_qwen35_4b_260,259,21.875,1.0,0.5947273373603821,1,1,-0.125,0.0,-0.05177497863769531,-0.3109593391418457,22.0,1.0,1,1,17.125,-4.5,19.5625,0.02564102564102564,0,0,0,0
E_top20,clean,corrupt_to_clean,v5_qwen35_4b_263,262,21.5,0.625,0.4877667725086212,1,1,-0.125,0.0,-0.0439453125,-0.28617334365844727,21.625,0.625,1,1,16.625,-5.5,19.125,0.025,0,0,0,0
E_top20,clean,corrupt_to_clean,v5_qwen35_4b_296,295,21.875,0.875,0.5765031576156616,1,1,-0.125,-0.125,-0.10850715637207031,-0.3473196029663086,22.0,1.0,1,1,17.25,-4.375,19.625,0.02631578947368421,0,0,0,0
E_top20,clean,corrupt_to_clean,v5_qwen35_4b_040,39,22.5,2.125,0.8301888704299927,1,1,-0.125,0.0,-0.047931671142578125,-0.4276723861694336,22.625,2.125,1,1,16.0,-5.5,19.3125,0.018867924528301886,0,0,0,0
E_top20,clean,corrupt_to_clean,v5_qwen35_4b_054,53,22.5,2.125,0.8308551907539368,1,1,-0.125,0.0,-0.0431976318359375,-0.37184906005859375,22.625,2.125,1,1,17.375,-3.25,20.0,0.023809523809523808,0,0,0,0
E_top20,clean,corrupt_to_clean,v5_qwen35_4b_229,228,22.375,1.75,0.7698699235916138,1,1,-0.125,0.0,-0.047260284423828125,-0.4891476631164551,22.5,1.75,1,1,16.0,-5.5,19.25,0.019230769230769232,0,0,0,0
E_top20,clean,corrupt_to_clean,v5_qwen35_4b_047,46,22.125,0.375,0.3636174499988556,1,1,0.0,0.125,0.05245018005371094,-0.246535062789917,22.125,0.25,1,1,17.0,-5.875,19.5625,-0.0,0,0,0,0
E_top20,clean,corrupt_to_clean,v5_qwen35_4b_271,270,21.875,0.5,0.4328080117702484,1,1,0.0,0.125,0.10048103332519531,-0.0846673846244812,21.875,0.375,1,1,19.375,-3.0,20.625,-0.0,0,0,0,0
E_top20,clean,corrupt_to_clean,v5_qwen35_4b_039,38,22.5,0.625,0.3923742473125458,1,1,-0.125,0.0,-0.013629913330078125,-0.2801348567008972,22.625,0.625,1,1,16.5,-6.875,19.5625,0.02040816326530612,0,0,0,0
E_top20,clean,corrupt_to_clean,v5_qwen35_4b_215,214,22.5,0.5,0.4111727774143219,1,1,-0.125,0.0,-0.06462860107421875,-0.2728304862976074,22.625,0.5,1,1,19.25,-2.875,20.9375,0.037037037037037035,0,0,0,0
E_top20,clean,corrupt_to_clean,v5_qwen35_4b_245,244,20.875,0.25,0.3088323771953583,1,1,-0.125,0.0,0.034149169921875,-0.39366644620895386,21.0,0.25,1,1,15.125,-7.875,18.0625,0.02127659574468085,0,0,0,0
E_top20,clean,corrupt_to_clean,v5_qwen35_4b_161,160,22.875,1.875,0.8057699799537659,1,1,-0.25,-0.125,-0.1398487091064453,-0.5610475540161133,23.125,2.0,1,1,15.6875,-8.0625,19.40625,0.03361344537815126,0,0,0,0
E_top20,clean,corrupt_to_clean,v5_qwen35_4b_121,120,23.25,3.125,0.8906334042549133,1,1,-0.25,0.0,-0.1106414794921875,-0.4932708740234375,23.5,3.125,1,1,15.875,-7.0,19.6875,0.03278688524590164,0,0,0,0
E_top20,clean,corrupt_to_clean,v5_qwen35_4b_181,180,23.0,1.75,0.7883327603340149,1,1,-0.25,0.0,-0.07884407043457031,-0.45343017578125,23.25,1.75,1,1,15.875,-7.625,19.5625,0.03389830508474576,0,0,0,0
E_top20,clean,corrupt_to_clean,v5_qwen35_4b_259,258,22.625,1.25,0.6886759996414185,1,1,-0.125,0.0,-0.019788742065429688,-0.4992833137512207,22.75,1.25,1,1,17.375,-5.625,20.0625,0.023255813953488372,0,0,0,0
E_top20,clean,corrupt_to_clean,v5_qwen35_4b_283,282,22.0,0.625,0.45310312509536743,1,1,-0.125,0.125,0.018787384033203125,-0.2562868595123291,22.125,0.5,1,1,17.875,-4.25,20.0,0.029411764705882353,0,0,0,0
E_top20,clean,corrupt_to_clean,v5_qwen35_4b_272,271,23.875,1.875,0.7168889045715332,1,1,-0.125,-0.125,-0.14891624450683594,0.08898186683654785,24.0,2.0,1,1,20.25,-3.5,22.125,0.03333333333333333,0,0,0,0
E_top20,clean,corrupt_to_clean,v5_qwen35_4b_043,42,23.25,1.25,0.6915041208267212,1,1,-0.125,0.125,0.045650482177734375,-0.3579845428466797,23.375,1.125,1,1,16.75,-5.625,20.0625,0.018867924528301886,0,0,0,0
E_top20,clean,corrupt_to_clean,v5_qwen35_4b_166,165,22.875,1.25,0.5812972187995911,1,1,-0.125,0.0,-0.0321197509765625,-0.1439892053604126,23.0,1.25,1,1,19.375,-3.125,21.1875,0.034482758620689655,0,0,0,0
E_top20,clean,corrupt_to_clean,v5_qwen35_4b_055,54,22.875,1.375,0.5740296840667725,1,1,-0.125,0.125,0.004802703857421875,-0.31334397196769714,23.0,1.25,1,1,19.125,-4.625,21.0625,0.03225806451612903,0,0,0,0
E_top20,clean,corrupt_to_clean,v5_qwen35_4b_130,129,22.0,1.375,0.5297418832778931,1,1,-0.125,0.0,0.014177322387695312,-0.3639497756958008,22.125,1.375,1,1,16.625,-6.625,19.375,0.022727272727272728,0,0,0,0
E_top20,clean,corrupt_to_clean,v5_qwen35_4b_182,181,22.125,0.75,0.40244659781455994,1,1,-0.125,0.0,-0.10104179382324219,-0.30040931701660156,22.25,0.75,1,1,15.8125,-7.8125,19.03125,0.019417475728155338,0,0,0,0
E_top20,clean,corrupt_to_clean,v5_qwen35_4b_065,64,21.125,0.375,0.30518749356269836,1,1,-0.125,0.0,-0.08905601501464844,-0.21000909805297852,21.25,0.375,1,1,18.125,-3.25,19.6875,0.04,0,0,0,0
E_top20,clean,corrupt_to_clean,v5_qwen35_4b_001,0,23.375,2.25,0.7828224301338196,1,1,0.0,0.125,0.15167236328125,-0.2612800598144531,23.375,2.125,1,1,17.5,-4.875,20.4375,-0.0,0,0,0,0
E_top20,clean,corrupt_to_clean,v5_qwen35_4b_053,52,22.25,1.875,0.7788776159286499,1,1,-0.125,0.0,-0.08706092834472656,-0.22620201110839844,22.375,1.875,1,1,17.5,-3.625,19.9375,0.02564102564102564,0,0,0,0
E_top20,clean,corrupt_to_clean,v5_qwen35_4b_155,154,22.375,2.125,0.8217571377754211,1,1,-0.125,0.0,-0.03955650329589844,-0.33363771438598633,22.5,2.125,1,1,15.125,-6.125,18.8125,0.01694915254237288,0,0,0,0
E_top20,clean,corrupt_to_clean,v5_qwen35_4b_120,119,22.5,2.25,0.8459380865097046,1,1,-0.125,0.0,-0.04235267639160156,-0.31582164764404297,22.625,2.25,1,1,16.125,-5.375,19.375,0.019230769230769232,0,0,0,0
E_top20,clean,corrupt_to_clean,v5_qwen35_4b_232,231,22.5,2.125,0.8242660760879517,1,1,-0.125,0.0,-0.051006317138671875,-0.3437190055847168,22.625,2.125,1,1,16.125,-5.375,19.375,0.019230769230769232,0,0,0,0
E_top20,clean,corrupt_to_clean,v5_qwen35_4b_226,225,23.625,1.875,0.761258065700531,1,1,-0.125,-0.125,-0.03933143615722656,-0.3588836193084717,23.75,2.0,1,1,17.875,-5.75,20.8125,0.02127659574468085,0,0,0,0
E_top20,clean,corrupt_to_clean,v5_qwen35_4b_123,122,22.375,1.5,0.7543429732322693,1,1,-0.25,-0.125,-0.151763916015625,-0.619239330291748,22.625,1.625,1,1,15.75,-6.75,19.1875,0.03636363636363636,0,0,0,0
E_top20,clean,corrupt_to_clean,v5_qwen35_4b_030,29,21.5,0.625,0.5666566491127014,1,1,-0.375,-0.125,-0.1835803985595703,-0.5536093711853027,21.875,0.75,1,1,15.8125,-6.9375,18.84375,0.061855670103092786,0,0,0,0
E_top20,clean,corrupt_to_clean,v5_qwen35_4b_205,204,21.75,1.0,0.6437445878982544,1,1,-0.25,-0.125,-0.1487293243408203,-0.5274543762207031,22.0,1.125,1,1,18.0,-4.125,20.0,0.0625,0,0,0,0
E_top20,clean,corrupt_to_clean,v5_qwen35_4b_208,207,22.375,0.25,0.4234558045864105,1,1,-0.125,0.0,-0.042694091796875,-0.27359628677368164,22.5,0.25,1,1,19.625,-3.25,21.0625,0.043478260869565216,0,0,0,0
E_top20,clean,corrupt_to_clean,v5_qwen35_4b_159,158,23.75,2.875,0.901594877243042,1,1,-0.25,0.0,-0.11018753051757812,-0.5637607574462891,24.0,2.875,1,1,15.6875,-7.9375,19.84375,0.03007518796992481,0,0,0,0
E_top20,clean,corrupt_to_clean,v5_qwen35_4b_262,261,23.25,2.625,0.8519778251647949,1,1,-0.25,0.0,-0.15557479858398438,-0.64263916015625,23.5,2.625,1,1,18.625,-4.0,21.0625,0.05128205128205128,0,0,0,0
E_top20,clean,corrupt_to_clean,v5_qwen35_4b_281,280,23.25,2.625,0.8519778251647949,1,1,-0.25,0.0,-0.15557479858398438,-0.64263916015625,23.5,2.625,1,1,18.625,-4.0,21.0625,0.05128205128205128,0,0,0,0
E_top20,clean,corrupt_to_clean,v5_qwen35_4b_153,152,22.875,2.625,0.8685429096221924,1,1,-0.125,0.0,-0.06256675720214844,-0.5149111747741699,23.0,2.625,1,1,15.8125,-7.1875,19.40625,0.017391304347826087,0,0,0,0
E_top20,clean,corrupt_to_clean,v5_qwen35_4b_017,16,22.125,1.875,0.7611563205718994,1,1,-0.25,0.0,-0.10066413879394531,-0.4894547462463379,22.375,1.875,1,1,15.5625,-7.3125,18.96875,0.03669724770642202,0,0,0,0
E_top20,clean,corrupt_to_clean,v5_qwen35_4b_023,22,22.125,1.875,0.7611563205718994,1,1,-0.25,0.0,-0.10066413879394531,-0.4894547462463379,22.375,1.875,1,1,15.5625,-7.3125,18.96875,0.03669724770642202,0,0,0,0
E_top20,clean,corrupt_to_clean,v5_qwen35_4b_027,26,22.125,1.875,0.7616100311279297,1,1,-0.25,0.0,-0.09816741943359375,-0.4954705238342285,22.375,1.875,1,1,16.5,-6.25,19.4375,0.0425531914893617,0,0,0,0
E_top20,clean,corrupt_to_clean,v5_qwen35_4b_028,27,22.125,1.875,0.7616100311279297,1,1,-0.25,0.0,-0.09816741943359375,-0.4954705238342285,22.375,1.875,1,1,16.5,-6.25,19.4375,0.0425531914893617,0,0,0,0
E_top20,clean,corrupt_to_clean,v5_qwen35_4b_035,34,22.125,1.875,0.7616100311279297,1,1,-0.25,0.0,-0.09816741943359375,-0.4954705238342285,22.375,1.875,1,1,16.5,-6.25,19.4375,0.0425531914893617,0,0,0,0
E_top20,clean,corrupt_to_clean,v5_qwen35_4b_046,45,22.0,1.75,0.7414407134056091,1,1,-0.25,0.0,-0.0966033935546875,-0.5334444046020508,22.25,1.75,1,1,16.375,-6.25,19.3125,0.0425531914893617,0,0,0,0
E_top20,clean,corrupt_to_clean,v5_qwen35_4b_059,58,22.0,1.75,0.7414215207099915,1,1,-0.25,0.0,-0.09670448303222656,-0.5428147315979004,22.25,1.75,1,1,17.5,-4.625,19.875,0.05263157894736842,0,0,0,0
E_top20,clean,corrupt_to_clean,v5_qwen35_4b_064,63,22.0,1.75,0.7414215207099915,1,1,-0.25,0.0,-0.09670448303222656,-0.5428147315979004,22.25,1.75,1,1,17.5,-4.625,19.875,0.05263157894736842,0,0,0,0
E_top20,clean,corrupt_to_clean,v5_qwen35_4b_113,112,22.625,2.375,0.8399474620819092,1,1,-0.25,0.0,-0.09962272644042969,-0.5520491600036621,22.875,2.375,1,1,16.375,-6.25,19.625,0.038461538461538464,0,0,0,0
E_top20,clean,corrupt_to_clean,v5_qwen35_4b_118,117,22.625,2.375,0.8399474620819092,1,1,-0.25,0.0,-0.09962272644042969,-0.5520491600036621,22.875,2.375,1,1,16.375,-6.25,19.625,0.038461538461538464,0,0,0,0
E_top20,clean,corrupt_to_clean,v5_qwen35_4b_149,148,22.625,2.375,0.8399474620819092,1,1,-0.25,0.0,-0.09962272644042969,-0.5520491600036621,22.875,2.375,1,1,16.375,-6.25,19.625,0.038461538461538464,0,0,0,0
E_top20,clean,corrupt_to_clean,v5_qwen35_4b_152,151,22.625,2.375,0.846061646938324,1,1,-0.25,-0.125,-0.14833641052246094,-0.43830108642578125,22.875,2.5,1,1,15.1875,-7.6875,19.03125,0.032520325203252036,0,0,0,0
E_top20,clean,corrupt_to_clean,v5_qwen35_4b_156,155,22.625,2.375,0.846061646938324,1,1,-0.25,-0.125,-0.14833641052246094,-0.43830108642578125,22.875,2.5,1,1,15.1875,-7.6875,19.03125,0.032520325203252036,0,0,0,0
E_top20,clean,corrupt_to_clean,v5_qwen35_4b_167,166,22.625,2.375,0.846061646938324,1,1,-0.25,-0.125,-0.14833641052246094,-0.43830108642578125,22.875,2.5,1,1,15.1875,-7.6875,19.03125,0.032520325203252036,0,0,0,0
E_top20,clean,corrupt_to_clean,v5_qwen35_4b_172,171,22.75,2.5,0.858574628829956,1,1,-0.125,0.125,0.030923843383789062,-0.4616570472717285,22.875,2.375,1,1,15.5,-7.375,19.1875,0.01694915254237288,0,0,0,0
E_top20,clean,corrupt_to_clean,v5_qwen35_4b_234,233,22.0,1.625,0.6929439306259155,1,1,-0.125,0.0,-0.051845550537109375,-0.556818962097168,22.125,1.625,1,1,16.125,-6.5,19.125,0.020833333333333332,0,0,0,0
E_top20,clean,corrupt_to_clean,v5_qwen35_4b_243,242,22.0,1.625,0.6921658515930176,1,1,-0.25,0.0,-0.09160041809082031,-0.5092458724975586,22.25,1.625,1,1,16.375,-6.25,19.3125,0.0425531914893617,0,0,0,0
E_top20,clean,corrupt_to_clean,v5_qwen35_4b_251,250,22.0,1.625,0.6921658515930176,1,1,-0.25,0.0,-0.09160041809082031,-0.5092458724975586,22.25,1.625,1,1,16.375,-6.25,19.3125,0.0425531914893617,0,0,0,0
E_top20,clean,corrupt_to_clean,v5_qwen35_4b_254,253,22.0,1.625,0.6862487196922302,1,1,-0.25,0.0,-0.11922454833984375,-0.5098142623901367,22.25,1.625,1,1,17.5,-4.625,19.875,0.05263157894736842,0,0,0,0
E_top20,clean,corrupt_to_clean,v5_qwen35_4b_255,254,22.0,1.625,0.6862487196922302,1,1,-0.25,0.0,-0.11922454833984375,-0.5098142623901367,22.25,1.625,1,1,17.5,-4.625,19.875,0.05263157894736842,0,0,0,0
E_top20,clean,corrupt_to_clean,v5_qwen35_4b_264,263,22.0,1.625,0.6909680366516113,1,1,-0.125,0.0,-0.061115264892578125,-0.540196418762207,22.125,1.625,1,1,17.375,-4.75,19.75,0.02631578947368421,0,0,0,0
E_top20,clean,corrupt_to_clean,v5_qwen35_4b_273,272,22.0,1.625,0.6945140957832336,1,1,-0.25,-0.125,-0.167999267578125,-0.5364842414855957,22.25,1.75,1,1,17.375,-4.625,19.8125,0.05128205128205128,0,0,0,0
E_top20,clean,corrupt_to_clean,v5_qwen35_4b_290,289,22.0,1.625,0.6939913034439087,1,1,-0.125,0.0,-0.0212249755859375,-0.535454273223877,22.125,1.625,1,1,17.5,-4.5,19.8125,0.02702702702702703,0,0,0,0
E_top20,clean,corrupt_to_clean,v5_qwen35_4b_267,266,22.125,1.625,0.7021499276161194,1,1,-0.25,0.0,-0.10531234741210938,-0.6245107650756836,22.375,1.625,1,1,17.5,-5.25,19.9375,0.05128205128205128,0,0,0,0
E_top20,clean,corrupt_to_clean,v5_qwen35_4b_148,147,23.5,2.875,0.9056999087333679,1,1,-0.25,0.0,-0.07800102233886719,-0.5888924598693848,23.75,2.875,1,1,15.5625,-7.3125,19.65625,0.030534351145038167,0,0,0,0
E_top20,clean,corrupt_to_clean,v5_qwen35_4b_180,179,23.0,2.625,0.8689922094345093,1,1,-0.25,0.0,-0.11577796936035156,-0.5075526237487793,23.25,2.625,1,1,14.5,-8.875,18.875,0.02857142857142857,0,0,0,0
E_top20,clean,corrupt_to_clean,v5_qwen35_4b_072,71,22.375,1.75,0.7164403796195984,1,1,-0.125,-0.125,-0.09004402160644531,-0.027878522872924805,22.5,1.875,1,1,19.125,-2.25,20.8125,0.037037037037037035,0,0,0,0
E_top20,clean,corrupt_to_clean,v5_qwen35_4b_073,72,23.125,0.25,0.5025790333747864,1,1,-0.125,0.0,-0.02051544189453125,-0.29672813415527344,23.25,0.25,1,1,19.625,-3.25,21.4375,0.034482758620689655,0,0,0,0
E_top20,clean,corrupt_to_clean,v5_qwen35_4b_270,269,22.375,1.75,0.6453149318695068,1,1,-0.125,0.0,0.0066509246826171875,-0.20784282684326172,22.5,1.75,1,1,19.625,-1.0,21.0625,0.043478260869565216,0,0,0,0
E_top20,clean,corrupt_to_clean,v5_qwen35_4b_038,37,23.25,2.375,0.7447132468223572,1,1,-0.125,0.0,-0.09067535400390625,-0.24645042419433594,23.375,2.375,1,1,17.875,-5.375,20.625,0.022727272727272728,0,0,0,0
E_top20,clean,corrupt_to_clean,v5_qwen35_4b_204,203,24.125,0.75,0.6414896249771118,1,1,-0.125,-0.125,-0.12447738647460938,-0.15183639526367188,24.25,0.875,1,1,20.625,-2.625,22.4375,0.034482758620689655,0,0,0,0
E_top20,clean,corrupt_to_clean,v5_qwen35_4b_007,6,23.125,1.875,0.8238935470581055,1,1,-0.25,-0.125,-0.1742839813232422,-0.5033025741577148,23.375,2.0,1,1,16.25,-7.25,19.8125,0.03508771929824561,0,0,0,0
E_top20,clean,corrupt_to_clean,v5_qwen35_4b_014,13,23.125,1.875,0.8238935470581055,1,1,-0.25,-0.125,-0.1742839813232422,-0.5033025741577148,23.375,2.0,1,1,16.25,-7.25,19.8125,0.03508771929824561,0,0,0,0
E_top20,clean,corrupt_to_clean,v5_qwen35_4b_018,17,23.125,1.875,0.8238935470581055,1,1,-0.25,-0.125,-0.1742839813232422,-0.5033025741577148,23.375,2.0,1,1,16.25,-7.25,19.8125,0.03508771929824561,0,0,0,0
E_top20,clean,corrupt_to_clean,v5_qwen35_4b_020,19,23.125,1.875,0.8238935470581055,1,1,-0.25,-0.125,-0.1742839813232422,-0.5033025741577148,23.375,2.0,1,1,16.25,-7.25,19.8125,0.03508771929824561,0,0,0,0
E_top20,clean,corrupt_to_clean,v5_qwen35_4b_021,20,23.125,1.875,0.8238935470581055,1,1,-0.25,-0.125,-0.1742839813232422,-0.5033025741577148,23.375,2.0,1,1,16.25,-7.25,19.8125,0.03508771929824561,0,0,0,0
E_top20,clean,corrupt_to_clean,v5_qwen35_4b_024,23,23.125,1.875,0.8238935470581055,1,1,-0.25,-0.125,-0.1742839813232422,-0.5033025741577148,23.375,2.0,1,1,16.25,-7.25,19.8125,0.03508771929824561,0,0,0,0
E_top20,clean,corrupt_to_clean,v5_qwen35_4b_025,24,23.125,1.875,0.8247347474098206,1,1,-0.25,-0.25,-0.26703453063964844,-0.4840717315673828,23.375,2.125,1,1,16.5,-7.0,19.9375,0.03636363636363636,0,0,0,0
E_top20,clean,corrupt_to_clean,v5_qwen35_4b_098,97,23.375,2.25,0.8660554885864258,1,1,-0.125,0.0,-0.038295745849609375,-0.5056428909301758,23.5,2.25,1,1,16.5,-7.0,20.0,0.017857142857142856,0,0,0,0
E_top20,clean,corrupt_to_clean,v5_qwen35_4b_114,113,23.375,2.25,0.8661594390869141,1,1,-0.125,0.0,-0.0373992919921875,-0.5205574035644531,23.5,2.25,1,1,16.75,-6.375,20.125,0.018518518518518517,0,0,0,0
E_top20,clean,corrupt_to_clean,v5_qwen35_4b_128,127,23.375,2.25,0.8661594390869141,1,1,-0.125,0.0,-0.0373992919921875,-0.5205574035644531,23.5,2.25,1,1,16.75,-6.375,20.125,0.018518518518518517,0,0,0,0
E_top20,clean,corrupt_to_clean,v5_qwen35_4b_131,130,23.375,2.25,0.8661594390869141,1,1,-0.125,0.0,-0.0373992919921875,-0.5205574035644531,23.5,2.25,1,1,16.75,-6.375,20.125,0.018518518518518517,0,0,0,0
E_top20,clean,corrupt_to_clean,v5_qwen35_4b_135,134,23.375,2.25,0.8661594390869141,1,1,-0.125,0.0,-0.0373992919921875,-0.5205574035644531,23.5,2.25,1,1,16.75,-6.375,20.125,0.018518518518518517,0,0,0,0
E_top20,clean,corrupt_to_clean,v5_qwen35_4b_136,135,23.375,2.25,0.8661594390869141,1,1,-0.125,0.0,-0.0373992919921875,-0.5205574035644531,23.5,2.25,1,1,16.75,-6.375,20.125,0.018518518518518517,0,0,0,0
E_top20,clean,corrupt_to_clean,v5_qwen35_4b_144,143,23.375,2.25,0.8661594390869141,1,1,-0.125,0.0,-0.0373992919921875,-0.5205574035644531,23.5,2.25,1,1,16.75,-6.375,20.125,0.018518518518518517,0,0,0,0
E_top20,clean,corrupt_to_clean,v5_qwen35_4b_145,144,23.375,2.25,0.8661594390869141,1,1,-0.125,0.0,-0.0373992919921875,-0.5205574035644531,23.5,2.25,1,1,16.75,-6.375,20.125,0.018518518518518517,0,0,0,0
E_top20,clean,corrupt_to_clean,v5_qwen35_4b_160,159,23.125,2.125,0.8442766666412354,1,1,-0.125,-0.125,-0.1226959228515625,-0.5462350845336914,23.25,2.25,1,1,16.5,-7.0,19.875,0.018518518518518517,0,0,0,0
E_top20,clean,corrupt_to_clean,v5_qwen35_4b_164,163,23.125,2.125,0.8442766666412354,1,1,-0.125,-0.125,-0.1226959228515625,-0.5462350845336914,23.25,2.25,1,1,16.5,-7.0,19.875,0.018518518518518517,0,0,0,0
E_top20,clean,corrupt_to_clean,v5_qwen35_4b_169,168,23.125,2.125,0.8442766666412354,1,1,-0.125,-0.125,-0.1226959228515625,-0.5462350845336914,23.25,2.25,1,1,16.5,-7.0,19.875,0.018518518518518517,0,0,0,0
E_top20,clean,corrupt_to_clean,v5_qwen35_4b_174,173,23.125,2.125,0.8442766666412354,1,1,-0.125,-0.125,-0.1226959228515625,-0.5462350845336914,23.25,2.25,1,1,16.5,-7.0,19.875,0.018518518518518517,0,0,0,0
E_top20,clean,corrupt_to_clean,v5_qwen35_4b_187,186,23.125,2.125,0.8442766666412354,1,1,-0.125,-0.125,-0.1226959228515625,-0.5462350845336914,23.25,2.25,1,1,16.5,-7.0,19.875,0.018518518518518517,0,0,0,0
E_top20,clean,corrupt_to_clean,v5_qwen35_4b_188,187,23.125,2.125,0.8442766666412354,1,1,-0.125,-0.125,-0.1226959228515625,-0.5462350845336914,23.25,2.25,1,1,16.5,-7.0,19.875,0.018518518518518517,0,0,0,0
E_top20,clean,corrupt_to_clean,v5_qwen35_4b_213,212,23.0,2.125,0.8380670547485352,1,1,-0.25,-0.125,-0.16917800903320312,-0.5909357070922852,23.25,2.25,1,1,18.0,-4.5,20.625,0.047619047619047616,0,0,0,0
E_top20,clean,corrupt_to_clean,v5_qwen35_4b_214,213,23.0,2.125,0.8380670547485352,1,1,-0.25,-0.125,-0.16917800903320312,-0.5909357070922852,23.25,2.25,1,1,18.0,-4.5,20.625,0.047619047619047616,0,0,0,0
E_top20,clean,corrupt_to_clean,v5_qwen35_4b_216,215,23.0,2.125,0.8380670547485352,1,1,-0.25,-0.125,-0.16917800903320312,-0.5909357070922852,23.25,2.25,1,1,18.0,-4.5,20.625,0.047619047619047616,0,0,0,0
E_top20,clean,corrupt_to_clean,v5_qwen35_4b_222,221,23.0,2.125,0.8380670547485352,1,1,-0.25,-0.125,-0.16917800903320312,-0.5909357070922852,23.25,2.25,1,1,18.0,-4.5,20.625,0.047619047619047616,0,0,0,0
E_top20,clean,corrupt_to_clean,v5_qwen35_4b_224,223,23.0,2.125,0.8380670547485352,1,1,-0.25,-0.125,-0.16917800903320312,-0.5909357070922852,23.25,2.25,1,1,18.0,-4.5,20.625,0.047619047619047616,0,0,0,0
E_top20,clean,corrupt_to_clean,v5_qwen35_4b_239,238,23.0,2.0,0.8228785395622253,1,1,-0.25,-0.125,-0.18588638305664062,-0.5597066879272461,23.25,2.125,1,1,16.75,-6.375,20.0,0.038461538461538464,0,0,0,0
E_top20,clean,corrupt_to_clean,v5_qwen35_4b_241,240,23.0,2.0,0.8228785395622253,1,1,-0.25,-0.125,-0.18588638305664062,-0.5597066879272461,23.25,2.125,1,1,16.75,-6.375,20.0,0.038461538461538464,0,0,0,0
E_top20,clean,corrupt_to_clean,v5_qwen35_4b_256,255,23.0,2.0,0.8230085968971252,1,1,-0.25,-0.125,-0.18499183654785156,-0.5865192413330078,23.25,2.125,1,1,18.0,-4.5,20.625,0.047619047619047616,0,0,0,0
E_top20,clean,corrupt_to_clean,v5_qwen35_4b_269,268,23.0,2.0,0.8230085968971252,1,1,-0.25,-0.125,-0.18499183654785156,-0.5865192413330078,23.25,2.125,1,1,18.0,-4.5,20.625,0.047619047619047616,0,0,0,0
E_top20,clean,corrupt_to_clean,v5_qwen35_4b_276,275,23.125,2.125,0.8420761823654175,1,1,-0.125,0.0,-0.028932571411132812,-0.5628414154052734,23.25,2.125,1,1,18.0,-4.5,20.625,0.023809523809523808,0,0,0,0
E_top20,clean,corrupt_to_clean,v5_qwen35_4b_277,276,23.125,2.125,0.8420761823654175,1,1,-0.125,0.0,-0.028932571411132812,-0.5628414154052734,23.25,2.125,1,1,18.0,-4.5,20.625,0.023809523809523808,0,0,0,0
E_top20,clean,corrupt_to_clean,v5_qwen35_4b_280,279,23.125,2.125,0.8420761823654175,1,1,-0.125,0.0,-0.028932571411132812,-0.5628414154052734,23.25,2.125,1,1,18.0,-4.5,20.625,0.023809523809523808,0,0,0,0
E_top20,clean,corrupt_to_clean,v5_qwen35_4b_284,283,23.125,2.125,0.8420761823654175,1,1,-0.125,0.0,-0.028932571411132812,-0.5628414154052734,23.25,2.125,1,1,18.0,-4.5,20.625,0.023809523809523808,0,0,0,0
E_top20,clean,corrupt_to_clean,v5_qwen35_4b_288,287,23.125,2.125,0.8420761823654175,1,1,-0.125,0.0,-0.028932571411132812,-0.5628414154052734,23.25,2.125,1,1,18.0,-4.5,20.625,0.023809523809523808,0,0,0,0
E_top20,clean,corrupt_to_clean,v5_qwen35_4b_292,291,23.125,2.125,0.8420761823654175,1,1,-0.125,0.0,-0.028932571411132812,-0.5628414154052734,23.25,2.125,1,1,18.0,-4.5,20.625,0.023809523809523808,0,0,0,0
E_top20,clean,corrupt_to_clean,v5_qwen35_4b_294,293,23.125,2.125,0.8420761823654175,1,1,-0.125,0.0,-0.028932571411132812,-0.5628414154052734,23.25,2.125,1,1,18.0,-4.5,20.625,0.023809523809523808,0,0,0,0
E_top20,clean,corrupt_to_clean,v5_qwen35_4b_002,1,23.125,1.875,0.8270490765571594,1,1,-0.125,0.0,-0.025617599487304688,-0.49471569061279297,23.25,1.875,1,1,16.125,-7.25,19.6875,0.017543859649122806,0,0,0,0
E_top20,clean,corrupt_to_clean,v5_qwen35_4b_012,11,23.125,1.875,0.8277071714401245,1,1,-0.125,-0.125,-0.12414360046386719,-0.5175600051879883,23.25,2.0,1,1,16.25,-7.125,19.75,0.017857142857142856,0,0,0,0
E_top20,clean,corrupt_to_clean,v5_qwen35_4b_015,14,23.125,1.875,0.8277071714401245,1,1,-0.125,-0.125,-0.12414360046386719,-0.5175600051879883,23.25,2.0,1,1,16.25,-7.125,19.75,0.017857142857142856,0,0,0,0
E_top20,clean,corrupt_to_clean,v5_qwen35_4b_037,36,23.125,2.0,0.840168833732605,1,1,-0.125,0.0,-0.03412818908691406,-0.569890022277832,23.25,2.0,1,1,16.75,-6.375,20.0,0.019230769230769232,0,0,0,0
E_top20,clean,corrupt_to_clean,v5_qwen35_4b_042,41,23.125,2.0,0.840168833732605,1,1,-0.125,0.0,-0.03412818908691406,-0.569890022277832,23.25,2.0,1,1,16.75,-6.375,20.0,0.019230769230769232,0,0,0,0
E_top20,clean,corrupt_to_clean,v5_qwen35_4b_044,43,23.125,2.0,0.840168833732605,1,1,-0.125,0.0,-0.03412818908691406,-0.569890022277832,23.25,2.0,1,1,16.75,-6.375,20.0,0.019230769230769232,0,0,0,0
E_top20,clean,corrupt_to_clean,v5_qwen35_4b_115,114,23.375,2.25,0.8650701642036438,1,1,-0.25,-0.125,-0.1635894775390625,-0.5398435592651367,23.625,2.375,1,1,16.75,-6.375,20.1875,0.03636363636363636,0,0,0,0
E_top20,clean,corrupt_to_clean,v5_qwen35_4b_126,125,23.375,2.25,0.8650701642036438,1,1,-0.25,-0.125,-0.1635894775390625,-0.5398435592651367,23.625,2.375,1,1,16.75,-6.375,20.1875,0.03636363636363636,0,0,0,0
E_top20,clean,corrupt_to_clean,v5_qwen35_4b_127,126,23.375,2.25,0.8650701642036438,1,1,-0.25,-0.125,-0.1635894775390625,-0.5398435592651367,23.625,2.375,1,1,16.75,-6.375,20.1875,0.03636363636363636,0,0,0,0
E_top20,clean,corrupt_to_clean,v5_qwen35_4b_134,133,23.375,2.25,0.8650701642036438,1,1,-0.25,-0.125,-0.1635894775390625,-0.5398435592651367,23.625,2.375,1,1,16.75,-6.375,20.1875,0.03636363636363636,0,0,0,0
E_top20,clean,corrupt_to_clean,v5_qwen35_4b_140,139,23.375,2.25,0.8650701642036438,1,1,-0.25,-0.125,-0.1635894775390625,-0.5398435592651367,23.625,2.375,1,1,16.75,-6.375,20.1875,0.03636363636363636,0,0,0,0
E_top20,clean,corrupt_to_clean,v5_qwen35_4b_142,141,23.375,2.25,0.8650701642036438,1,1,-0.25,-0.125,-0.1635894775390625,-0.5398435592651367,23.625,2.375,1,1,16.75,-6.375,20.1875,0.03636363636363636,0,0,0,0
E_top20,clean,corrupt_to_clean,v5_qwen35_4b_146,145,23.375,2.25,0.8650701642036438,1,1,-0.25,-0.125,-0.1635894775390625,-0.5398435592651367,23.625,2.375,1,1,16.75,-6.375,20.1875,0.03636363636363636,0,0,0,0
E_top20,clean,corrupt_to_clean,v5_qwen35_4b_150,149,23.375,2.25,0.8650701642036438,1,1,-0.25,-0.125,-0.1635894775390625,-0.5398435592651367,23.625,2.375,1,1,16.75,-6.375,20.1875,0.03636363636363636,0,0,0,0
E_top20,clean,corrupt_to_clean,v5_qwen35_4b_168,167,23.0,2.0,0.8252208828926086,1,1,-0.25,-0.125,-0.18634414672851562,-0.5179147720336914,23.25,2.125,1,1,16.25,-7.125,19.75,0.03571428571428571,0,0,0,0
E_top20,clean,corrupt_to_clean,v5_qwen35_4b_179,178,23.0,2.0,0.8252208828926086,1,1,-0.25,-0.125,-0.18634414672851562,-0.5179147720336914,23.25,2.125,1,1,16.25,-7.125,19.75,0.03571428571428571,0,0,0,0
E_top20,clean,corrupt_to_clean,v5_qwen35_4b_183,182,23.0,2.0,0.8252208828926086,1,1,-0.25,-0.125,-0.18634414672851562,-0.5179147720336914,23.25,2.125,1,1,16.25,-7.125,19.75,0.03571428571428571,0,0,0,0
E_top20,clean,corrupt_to_clean,v5_qwen35_4b_185,184,23.0,2.0,0.8252208828926086,1,1,-0.25,-0.125,-0.18634414672851562,-0.5179147720336914,23.25,2.125,1,1,16.25,-7.125,19.75,0.03571428571428571,0,0,0,0
E_top20,clean,corrupt_to_clean,v5_qwen35_4b_186,185,23.0,2.0,0.8252208828926086,1,1,-0.25,-0.125,-0.18634414672851562,-0.5179147720336914,23.25,2.125,1,1,16.25,-7.125,19.75,0.03571428571428571,0,0,0,0
E_top20,clean,corrupt_to_clean,v5_qwen35_4b_242,241,22.875,1.875,0.8043416142463684,1,1,-0.25,-0.125,-0.1658916473388672,-0.5857048034667969,23.125,2.0,1,1,16.75,-6.375,19.9375,0.0392156862745098,0,0,0,0
E_top20,clean,corrupt_to_clean,v5_qwen35_4b_249,248,22.875,1.875,0.8043416142463684,1,1,-0.25,-0.125,-0.1658916473388672,-0.5857048034667969,23.125,2.0,1,1,16.75,-6.375,19.9375,0.0392156862745098,0,0,0,0
E_top20,clean,corrupt_to_clean,v5_qwen35_4b_282,281,22.875,2.0,0.8161981701850891,1,1,-0.25,0.0,-0.08875083923339844,-0.5653648376464844,23.125,2.0,1,1,17.875,-4.75,20.5,0.047619047619047616,0,0,0,0
E_top20,clean,corrupt_to_clean,v5_qwen35_4b_286,285,22.875,2.0,0.8161981701850891,1,1,-0.25,0.0,-0.08875083923339844,-0.5653648376464844,23.125,2.0,1,1,17.875,-4.75,20.5,0.047619047619047616,0,0,0,0
E_top20,clean,corrupt_to_clean,v5_qwen35_4b_295,294,22.875,2.0,0.8161981701850891,1,1,-0.25,0.0,-0.08875083923339844,-0.5653648376464844,23.125,2.0,1,1,17.875,-4.75,20.5,0.047619047619047616,0,0,0,0
E_top20,clean,corrupt_to_clean,v5_qwen35_4b_299,298,22.875,2.0,0.8161981701850891,1,1,-0.25,0.0,-0.08875083923339844,-0.5653648376464844,23.125,2.0,1,1,17.875,-4.75,20.5,0.047619047619047616,0,0,0,0
E_top20,clean,corrupt_to_clean,v5_qwen35_4b_008,7,21.375,1.25,0.6647260189056396,1,1,-0.25,-0.125,-0.15508079528808594,-0.5244107246398926,21.625,1.375,1,1,14.5,-7.625,18.0625,0.03508771929824561,0,0,0,0
E_top20,clean,corrupt_to_clean,v5_qwen35_4b_122,121,22.375,2.0,0.8176003098487854,1,1,-0.25,-0.125,-0.155487060546875,-0.5948514938354492,22.625,2.125,1,1,15.0,-7.25,18.8125,0.03278688524590164,0,0,0,0
E_top20,clean,corrupt_to_clean,v5_qwen35_4b_158,157,22.25,1.875,0.7926700711250305,1,1,-0.25,-0.125,-0.16878700256347656,-0.48625612258911133,22.5,2.0,1,1,14.5625,-7.6875,18.53125,0.031496062992125984,0,0,0,0
E_top20,clean,corrupt_to_clean,v5_qwen35_4b_265,264,21.75,1.25,0.6744064688682556,1,1,-0.25,0.0,-0.06922531127929688,-0.5536999702453613,22.0,1.25,1,1,16.875,-5.125,19.4375,0.04878048780487805,0,0,0,0
E_top20,clean,corrupt_to_clean,v5_qwen35_4b_003,2,22.25,1.875,0.7889271378517151,1,1,-0.25,-0.125,-0.1913280487060547,-0.5805473327636719,22.5,2.0,1,1,15.5625,-7.0625,19.03125,0.036036036036036036,0,0,0,0
E_top20,clean,corrupt_to_clean,v5_qwen35_4b_011,10,22.0,1.875,0.7732511162757874,1,1,-0.25,-0.125,-0.20632171630859375,-0.6036672592163086,22.25,2.0,1,1,15.5625,-7.1875,18.90625,0.037383177570093455,0,0,0,0
E_top20,clean,corrupt_to_clean,v5_qwen35_4b_033,32,22.0,1.875,0.7738102674484253,1,1,-0.25,-0.125,-0.20313072204589844,-0.6009759902954102,22.25,2.0,1,1,16.25,-6.125,19.25,0.041666666666666664,0,0,0,0
E_top20,clean,corrupt_to_clean,v5_qwen35_4b_048,47,22.0,1.875,0.7738102674484253,1,1,-0.25,-0.125,-0.20313072204589844,-0.6009759902954102,22.25,2.0,1,1,16.25,-6.125,19.25,0.041666666666666664,0,0,0,0
E_top20,clean,corrupt_to_clean,v5_qwen35_4b_070,69,22.0,1.875,0.7729142904281616,1,1,-0.25,0.0,-0.10351943969726562,-0.638514518737793,22.25,1.875,1,1,17.5,-4.375,19.875,0.05263157894736842,0,0,0,0
E_top20,clean,corrupt_to_clean,v5_qwen35_4b_124,123,22.375,2.125,0.8191278576850891,1,1,-0.25,0.0,-0.102996826171875,-0.6107568740844727,22.625,2.125,1,1,16.375,-5.875,19.5,0.04,0,0,0,0
E_top20,clean,corrupt_to_clean,v5_qwen35_4b_125,124,22.5,2.125,0.8304354548454285,1,1,-0.125,0.0,-0.043445587158203125,-0.6397151947021484,22.625,2.125,1,1,16.375,-6.0,19.5,0.02,0,0,0,0
E_top20,clean,corrupt_to_clean,v5_qwen35_4b_139,138,22.5,2.125,0.8304354548454285,1,1,-0.125,0.0,-0.043445587158203125,-0.6397151947021484,22.625,2.125,1,1,16.375,-6.0,19.5,0.02,0,0,0,0
E_top20,clean,corrupt_to_clean,v5_qwen35_4b_203,202,22.375,2.0,0.8020609021186829,1,1,-0.25,-0.125,-0.1790313720703125,-0.596588134765625,22.625,2.125,1,1,17.625,-4.25,20.125,0.05,0,0,0,0
E_top20,clean,corrupt_to_clean,v5_qwen35_4b_206,205,22.125,1.875,0.7738955020904541,1,1,-0.25,-0.125,-0.17900466918945312,-0.6190357208251953,22.375,2.0,1,1,17.5,-4.375,19.9375,0.05128205128205128,0,0,0,0
E_top20,clean,corrupt_to_clean,v5_qwen35_4b_212,211,22.375,2.0,0.8020609021186829,1,1,-0.25,-0.125,-0.1790313720703125,-0.596588134765625,22.625,2.125,1,1,17.625,-4.25,20.125,0.05,0,0,0,0
E_top20,clean,corrupt_to_clean,v5_qwen35_4b_228,227,21.625,1.375,0.6626201868057251,1,1,-0.125,0.125,0.01303863525390625,-0.5699343681335449,21.75,1.25,1,1,16.375,-5.875,19.0625,0.023255813953488372,0,0,0,0
E_top20,clean,corrupt_to_clean,v5_qwen35_4b_230,229,21.625,1.375,0.6626201868057251,1,1,-0.125,0.125,0.01303863525390625,-0.5699343681335449,21.75,1.25,1,1,16.375,-5.875,19.0625,0.023255813953488372,0,0,0,0
E_top20,clean,corrupt_to_clean,v5_qwen35_4b_231,230,21.625,1.375,0.6626201868057251,1,1,-0.125,0.125,0.01303863525390625,-0.5699343681335449,21.75,1.25,1,1,16.375,-5.875,19.0625,0.023255813953488372,0,0,0,0
E_top20,clean,corrupt_to_clean,v5_qwen35_4b_236,235,21.625,1.375,0.6626201868057251,1,1,-0.125,0.125,0.01303863525390625,-0.5699343681335449,21.75,1.25,1,1,16.375,-5.875,19.0625,0.023255813953488372,0,0,0,0
E_top20,clean,corrupt_to_clean,v5_qwen35_4b_237,236,21.625,1.375,0.6626201868057251,1,1,-0.125,0.125,0.01303863525390625,-0.5699343681335449,21.75,1.25,1,1,16.375,-5.875,19.0625,0.023255813953488372,0,0,0,0
E_top20,clean,corrupt_to_clean,v5_qwen35_4b_238,237,21.75,1.375,0.675155520439148,1,1,-0.125,0.0,-0.05109596252441406,-0.585474967956543,21.875,1.375,1,1,16.375,-6.0,19.125,0.022727272727272728,0,0,0,0
E_top20,clean,corrupt_to_clean,v5_qwen35_4b_247,246,21.625,1.375,0.6626201868057251,1,1,-0.125,0.125,0.01303863525390625,-0.5699343681335449,21.75,1.25,1,1,16.375,-5.875,19.0625,0.023255813953488372,0,0,0,0
E_top20,clean,corrupt_to_clean,v5_qwen35_4b_257,256,21.5,1.25,0.6342677474021912,1,1,-0.25,0.0,-0.11138725280761719,-0.5822844505310059,21.75,1.25,1,1,17.5,-4.375,19.625,0.058823529411764705,0,0,0,0
E_top20,clean,corrupt_to_clean,v5_qwen35_4b_291,290,21.5,1.25,0.6342677474021912,1,1,-0.25,0.0,-0.11138725280761719,-0.5822844505310059,21.75,1.25,1,1,17.5,-4.375,19.625,0.058823529411764705,0,0,0,0
E_top20,clean,corrupt_to_clean,v5_qwen35_4b_005,4,22.125,1.875,0.7889370918273926,1,1,-0.125,0.0,-0.04808807373046875,-0.5814695358276367,22.25,1.875,1,1,15.5,-7.0,18.875,0.018518518518518517,0,0,0,0
E_top20,clean,corrupt_to_clean,v5_qwen35_4b_013,12,22.0,1.875,0.7765941023826599,1,1,-0.125,0.0,-0.048427581787109375,-0.6516580581665039,22.125,1.875,1,1,15.5625,-7.0625,18.84375,0.01904761904761905,0,0,0,0
E_top20,clean,corrupt_to_clean,v5_qwen35_4b_026,25,22.0,1.875,0.7767491936683655,1,1,-0.125,0.0,-0.04753303527832031,-0.6537723541259766,22.125,1.875,1,1,16.375,-5.875,19.25,0.021739130434782608,0,0,0,0
E_top20,clean,corrupt_to_clean,v5_qwen35_4b_041,40,22.125,2.0,0.8011173605918884,1,1,-0.125,0.125,0.026670455932617188,-0.5802927017211914,22.25,1.875,1,1,16.375,-5.875,19.3125,0.02127659574468085,0,0,0,0
E_top20,clean,corrupt_to_clean,v5_qwen35_4b_045,44,22.125,2.0,0.8011173605918884,1,1,-0.125,0.125,0.026670455932617188,-0.5802927017211914,22.25,1.875,1,1,16.375,-5.875,19.3125,0.02127659574468085,0,0,0,0
E_top20,clean,corrupt_to_clean,v5_qwen35_4b_049,48,22.0,1.875,0.7767491936683655,1,1,-0.125,0.0,-0.04753303527832031,-0.6537723541259766,22.125,1.875,1,1,16.375,-5.875,19.25,0.021739130434782608,0,0,0,0
E_top20,clean,corrupt_to_clean,v5_qwen35_4b_117,116,22.375,2.125,0.8187611699104309,1,1,-0.25,-0.125,-0.2031421661376953,-0.6281881332397461,22.625,2.25,1,1,16.375,-5.875,19.5,0.04,0,0,0,0
E_top20,clean,corrupt_to_clean,v5_qwen35_4b_137,136,22.375,2.125,0.8187611699104309,1,1,-0.25,-0.125,-0.2031421661376953,-0.6281881332397461,22.625,2.25,1,1,16.375,-5.875,19.5,0.04,0,0,0,0
E_top20,clean,corrupt_to_clean,v5_qwen35_4b_141,140,22.375,2.125,0.8261944651603699,1,1,-0.25,-0.125,-0.16965866088867188,-0.5975818634033203,22.625,2.25,1,1,16.375,-5.875,19.5,0.04,0,0,0,0
E_top20,clean,corrupt_to_clean,v5_qwen35_4b_157,156,22.375,2.125,0.8146056532859802,1,1,-0.25,-0.125,-0.1966705322265625,-0.6071038246154785,22.625,2.25,1,1,15.5625,-7.0625,19.09375,0.035398230088495575,0,0,0,0
E_top20,clean,corrupt_to_clean,v5_qwen35_4b_227,226,21.625,1.25,0.6470958590507507,1,1,-0.25,-0.125,-0.1756458282470703,-0.5933961868286133,21.875,1.375,1,1,16.375,-5.875,19.125,0.045454545454545456,0,0,0,0
E_top20,clean,corrupt_to_clean,v5_qwen35_4b_233,232,21.5,1.25,0.6378248333930969,1,1,-0.25,-0.125,-0.19550323486328125,-0.5859060287475586,21.75,1.375,1,1,16.375,-5.875,19.0625,0.046511627906976744,0,0,0,0
E_top20,clean,corrupt_to_clean,v5_qwen35_4b_235,234,21.625,1.25,0.6470958590507507,1,1,-0.25,-0.125,-0.1756458282470703,-0.5933961868286133,21.875,1.375,1,1,16.375,-5.875,19.125,0.045454545454545456,0,0,0,0
E_top20,clean,corrupt_to_clean,v5_qwen35_4b_248,247,21.625,1.25,0.6470958590507507,1,1,-0.25,-0.125,-0.1756458282470703,-0.5933961868286133,21.875,1.375,1,1,16.375,-5.875,19.125,0.045454545454545456,0,0,0,0
E_top20,clean,corrupt_to_clean,v5_qwen35_4b_250,249,21.625,1.25,0.6470958590507507,1,1,-0.25,-0.125,-0.1756458282470703,-0.5933961868286133,21.875,1.375,1,1,16.375,-5.875,19.125,0.045454545454545456,0,0,0,0
E_top20,clean,corrupt_to_clean,v5_qwen35_4b_261,260,21.5,1.25,0.6409928202629089,1,1,-0.25,-0.125,-0.18175697326660156,-0.6020426750183105,21.75,1.375,1,1,17.625,-4.125,19.6875,0.06060606060606061,0,0,0,0
E_top20,clean,corrupt_to_clean,v5_qwen35_4b_274,273,21.625,1.25,0.6466078758239746,1,1,-0.25,-0.125,-0.1770496368408203,-0.5769939422607422,21.875,1.375,1,1,17.5,-4.5,19.6875,0.05714285714285714,0,0,0,0
E_top20,clean,corrupt_to_clean,v5_qwen35_4b_298,297,21.625,1.375,0.661765456199646,1,1,-0.25,0.0,-0.11338996887207031,-0.5780606269836426,21.875,1.375,1,1,17.5,-4.375,19.6875,0.05714285714285714,0,0,0,0
E_top20,clean,corrupt_to_clean,v5_qwen35_4b_202,201,23.125,0.375,0.5443863868713379,1,1,-0.25,-0.125,-0.14086151123046875,-0.19541311264038086,23.375,0.5,1,1,20.375,-1.875,21.875,0.08333333333333333,0,0,0,0
E_top20,clean,corrupt_to_clean,v5_qwen35_4b_221,220,24.625,0.375,0.5807380080223083,1,1,0.0,0.125,0.11988449096679688,0.016570568084716797,24.625,0.25,1,1,19.5,-2.875,22.0625,-0.0,0,0,0,0
E_top20,clean,corrupt_to_clean,v5_qwen35_4b_051,50,23.5,0.25,0.5198364853858948,1,1,-0.125,0.0,-0.01865386962890625,-0.23268699645996094,23.625,0.25,1,1,19.125,-2.75,21.375,0.027777777777777776,0,0,0,0
E_top20,clean,corrupt_to_clean,v5_qwen35_4b_278,277,23.25,0.5,0.5633598566055298,1,1,-0.125,0.0,-0.010023117065429688,-0.22303152084350586,23.375,0.5,1,1,19.375,-2.5,21.375,0.03125,0,0,0,0
E_top20,clean,corrupt_to_clean,v5_qwen35_4b_062,61,23.625,0.375,0.5481494665145874,1,1,-0.125,0.0,-0.00824737548828125,-0.21326446533203125,23.75,0.375,1,1,19.5,-2.625,21.625,0.029411764705882353,0,0,0,0
E_top20,clean,corrupt_to_clean,v5_qwen35_4b_068,67,23.625,0.375,0.5481494665145874,1,1,-0.125,0.0,-0.00824737548828125,-0.21326446533203125,23.75,0.375,1,1,19.5,-2.625,21.625,0.029411764705882353,0,0,0,0
E_top20,clean,corrupt_to_clean,v5_qwen35_4b_209,208,23.5,0.125,0.4907289445400238,1,1,-0.125,0.0,-0.017755508422851562,-0.21510744094848633,23.625,0.125,1,1,19.5,-2.625,21.5625,0.030303030303030304,0,0,0,0
E_top20,clean,corrupt_to_clean,v5_qwen35_4b_220,219,23.5,0.125,0.4907289445400238,1,1,-0.125,0.0,-0.017755508422851562,-0.21510744094848633,23.625,0.125,1,1,19.5,-2.625,21.5625,0.030303030303030304,0,0,0,0
E_top20,clean,corrupt_to_clean,v5_qwen35_4b_225,224,23.5,0.125,0.4907289445400238,1,1,-0.125,0.0,-0.017755508422851562,-0.21510744094848633,23.625,0.125,1,1,19.5,-2.625,21.5625,0.030303030303030304,0,0,0,0
E_top20,clean,corrupt_to_clean,v5_qwen35_4b_300,299,23.125,0.375,0.534527599811554,1,1,-0.25,-0.125,-0.1419048309326172,-0.22362709045410156,23.375,0.5,1,1,19.625,-2.5,21.5,0.06666666666666667,0,0,0,0
E_top20,clean,corrupt_to_clean,v5_qwen35_4b_293,292,24.625,3.5,0.9426828026771545,1,1,-0.125,0.0,-0.01517486572265625,-0.04418802261352539,24.75,3.5,1,1,19.375,-3.0,22.0625,0.023255813953488372,0,0,0,0
E_top20,clean,corrupt_to_clean,v5_qwen35_4b_066,65,23.5,0.375,0.5400577187538147,1,1,-0.25,-0.125,-0.13400650024414062,-0.23365020751953125,23.75,0.5,1,1,19.375,-2.625,21.5625,0.05714285714285714,0,0,0,0
E_top20,clean,corrupt_to_clean,v5_qwen35_4b_197,196,23.25,0.125,0.47412654757499695,1,1,-0.125,0.0,-0.021863937377929688,-0.23931503295898438,23.375,0.125,1,1,19.375,-2.375,21.375,0.03125,0,0,0,0
E_top20,clean,corrupt_to_clean,v5_qwen35_4b_074,73,24.0,0.625,0.6129540205001831,1,1,-0.125,0.0,-0.004974365234375,-0.20539474487304688,24.125,0.625,1,1,19.625,-2.625,21.875,0.027777777777777776,0,0,0,0
E_top20,clean,corrupt_to_clean,v5_qwen35_4b_189,188,23.25,0.375,0.5313808917999268,1,1,-0.125,0.125,0.08488273620605469,-0.2352161407470703,23.375,0.25,1,1,19.125,-3.375,21.25,0.029411764705882353,0,0,0,0
E_top20,clean,corrupt_to_clean,v5_qwen35_4b_223,222,23.5,0.25,0.5156943202018738,1,1,-0.25,0.0,-0.023410797119140625,-0.22833728790283203,23.75,0.25,1,1,19.625,-2.375,21.6875,0.06060606060606061,0,0,0,0
E_top20,clean,corrupt_to_clean,v5_qwen35_4b_266,265,23.5,0.75,0.627877950668335,1,1,-0.125,0.0,-0.0058612823486328125,-0.2217731475830078,23.625,0.75,1,1,19.5,-2.375,21.5625,0.030303030303030304,0,0,0,0
E_top20,clean,corrupt_to_clean,v5_qwen35_4b_287,286,23.0,0.25,0.49796849489212036,1,1,-0.125,0.0,-0.011632919311523438,-0.20565557479858398,23.125,0.25,1,1,19.625,-2.375,21.375,0.03571428571428571,0,0,0,0
E_top20,clean,corrupt_to_clean,v5_qwen35_4b_058,57,23.25,0.125,0.4904545545578003,1,1,-0.25,-0.125,-0.1304187774658203,-0.26499223709106445,23.5,0.25,1,1,19.625,-2.875,21.5625,0.06451612903225806,0,0,0,0
E_top20,clean,corrupt_to_clean,v5_qwen35_4b_060,59,23.875,0.5,0.5831697583198547,1,1,-0.125,0.0,-0.0048828125,-0.21551084518432617,24.0,0.5,1,1,19.5,-2.5,21.75,0.027777777777777776,0,0,0,0
E_top20,clean,corrupt_to_clean,v5_qwen35_4b_201,200,23.5,0.25,0.5101191401481628,1,1,-0.125,0.0,-0.009214401245117188,-0.23792600631713867,23.625,0.25,1,1,19.625,-2.5,21.625,0.03125,0,0,0,0
E_top20,clean,corrupt_to_clean,v5_qwen35_4b_217,216,23.625,0.375,0.5482660531997681,1,1,-0.125,0.0,-0.017597198486328125,-0.19718313217163086,23.75,0.375,1,1,19.5,-2.625,21.625,0.029411764705882353,0,0,0,0
E_top20,clean,corrupt_to_clean,v5_qwen35_4b_218,217,23.5,0.375,0.5364183783531189,1,1,-0.125,0.125,0.07897567749023438,-0.23498296737670898,23.625,0.25,1,1,19.625,-2.625,21.625,0.03125,0,0,0,0
E_top20,clean,corrupt_to_clean,v5_qwen35_4b_275,274,23.125,0.5,0.5512621998786926,1,1,-0.125,0.125,0.0883026123046875,-0.2460923194885254,23.25,0.375,1,1,19.625,-2.625,21.4375,0.034482758620689655,0,0,0,0
E_top20,clean,corrupt_to_clean,v5_qwen35_4b_297,296,23.125,0.5,0.5568695664405823,1,1,-0.125,0.125,0.08697319030761719,-0.21801471710205078,23.25,0.375,1,1,19.75,-2.375,21.5,0.03571428571428571,0,0,0,0
E_top20,clean,corrupt_to_clean,v5_qwen35_4b_050,49,23.75,0.625,0.6092707514762878,1,1,-0.125,0.0,-0.009614944458007812,-0.21004629135131836,23.875,0.625,1,1,19.625,-2.5,21.75,0.029411764705882353,0,0,0,0
E_top20,clean,corrupt_to_clean,v5_qwen35_4b_063,62,23.75,0.625,0.6092707514762878,1,1,-0.125,0.0,-0.009614944458007812,-0.21004629135131836,23.875,0.625,1,1,19.625,-2.5,21.75,0.029411764705882353,0,0,0,0
E_top20,clean,corrupt_to_clean,v5_qwen35_4b_067,66,23.75,0.625,0.6092707514762878,1,1,-0.125,0.0,-0.009614944458007812,-0.21004629135131836,23.875,0.625,1,1,19.625,-2.5,21.75,0.029411764705882353,0,0,0,0
E_top20,clean,corrupt_to_clean,v5_qwen35_4b_075,74,23.75,0.625,0.6092707514762878,1,1,-0.125,0.0,-0.009614944458007812,-0.21004629135131836,23.875,0.625,1,1,19.625,-2.5,21.75,0.029411764705882353,0,0,0,0
E_top20,clean,corrupt_to_clean,v5_qwen35_4b_198,197,23.625,0.375,0.5524054169654846,1,1,-0.125,0.0,-0.017263412475585938,-0.20177078247070312,23.75,0.375,1,1,19.875,-2.0,21.8125,0.03225806451612903,0,0,0,0
E_top20,clean,corrupt_to_clean,v5_qwen35_4b_219,218,23.625,0.5,0.577336311340332,1,1,-0.125,0.125,0.09839630126953125,-0.22463464736938477,23.75,0.375,1,1,19.625,-2.5,21.6875,0.030303030303030304,0,0,0,0
E_top20,clean,corrupt_to_clean,v5_qwen35_4b_253,252,23.0,0.375,0.5307078957557678,1,1,-0.25,-0.125,-0.13207626342773438,-0.23645877838134766,23.25,0.5,1,1,19.625,-2.5,21.4375,0.06896551724137931,0,0,0,0
E_top20,clean,corrupt_to_clean,v5_qwen35_4b_200,199,24.0,1.25,0.7404879331588745,1,1,-0.125,-0.125,-0.11990928649902344,-0.15445470809936523,24.125,1.375,1,1,19.75,-2.25,21.9375,0.02857142857142857,0,0,0,0
E_top20,clean,corrupt_to_clean,v5_qwen35_4b_031,30,23.625,1.0,0.6626110076904297,1,1,-0.125,0.125,0.06667327880859375,-0.2943902015686035,23.75,0.875,1,1,19.25,-3.0,21.5,0.027777777777777776,0,0,0,0
E_top20,clean,corrupt_to_clean,v5_qwen35_4b_163,162,23.375,0.75,0.6032059788703918,1,1,-0.125,0.125,0.06561088562011719,-0.29296445846557617,23.5,0.625,1,1,19.75,-1.875,21.625,0.03333333333333333,0,0,0,0
E_top20,clean,corrupt_to_clean,v5_qwen35_4b_184,183,23.25,0.25,0.5137814283370972,1,1,-0.125,0.0,-0.022939682006835938,-0.2208876609802246,23.375,0.25,1,1,20.0,-1.75,21.6875,0.037037037037037035,0,0,0,0
E_top20,clean,corrupt_to_clean,v5_qwen35_4b_191,190,23.375,0.75,0.6031460165977478,1,1,-0.125,0.125,0.06535911560058594,-0.29377031326293945,23.5,0.625,1,1,19.25,-3.0,21.375,0.029411764705882353,0,0,0,0
E_top20,clean,corrupt_to_clean,v5_qwen35_4b_192,191,23.375,0.75,0.6031460165977478,1,1,-0.125,0.125,0.06535911560058594,-0.29377031326293945,23.5,0.625,1,1,19.25,-3.0,21.375,0.029411764705882353,0,0,0,0
E_top20,clean,corrupt_to_clean,v5_qwen35_4b_022,21,23.625,1.0,0.6674237251281738,1,1,-0.125,0.125,0.08267974853515625,-0.2928738594055176,23.75,0.875,1,1,19.625,-2.0,21.6875,0.030303030303030304,0,0,0,0
E_top20,clean,corrupt_to_clean,v5_qwen35_4b_034,33,23.125,0.375,0.5243375897407532,1,1,-0.125,0.0,-0.013296127319335938,-0.24051618576049805,23.25,0.375,1,1,19.375,-3.0,21.3125,0.03225806451612903,0,0,0,0
E_top20,clean,corrupt_to_clean,v5_qwen35_4b_061,60,23.625,1.0,0.6672356128692627,1,1,-0.125,0.125,0.08183479309082031,-0.3097052574157715,23.75,0.875,1,1,19.75,-3.0,21.75,0.03125,0,0,0,0
E_top20,clean,corrupt_to_clean,v5_qwen35_4b_069,68,23.0,0.375,0.5167544484138489,1,1,-0.25,0.0,-0.043682098388671875,-0.28453540802001953,23.25,0.375,1,1,19.875,-3.0,21.5625,0.07407407407407407,0,0,0,0
E_top20,clean,corrupt_to_clean,v5_qwen35_4b_162,161,23.5,0.875,0.633411705493927,1,1,-0.125,0.125,0.063232421875,-0.31558942794799805,23.625,0.75,1,1,19.625,-2.0,21.625,0.03125,0,0,0,0
E_top20,clean,corrupt_to_clean,v5_qwen35_4b_165,164,23.25,0.5,0.5626523494720459,1,1,-0.125,0.125,0.07405281066894531,-0.2605018615722656,23.375,0.375,1,1,19.625,-2.25,21.5,0.03333333333333333,0,0,0,0
E_top20,clean,corrupt_to_clean,v5_qwen35_4b_176,175,23.5,0.875,0.633411705493927,1,1,-0.125,0.125,0.063232421875,-0.31558942794799805,23.625,0.75,1,1,19.625,-2.0,21.625,0.03125,0,0,0,0
E_top20,clean,corrupt_to_clean,v5_qwen35_4b_177,176,23.5,0.875,0.633411705493927,1,1,-0.125,0.125,0.063232421875,-0.31558942794799805,23.625,0.75,1,1,19.625,-2.0,21.625,0.03125,0,0,0,0
E_top20,clean,corrupt_to_clean,v5_qwen35_4b_211,210,23.5,0.75,0.612152099609375,1,1,-0.125,0.0,-0.028484344482421875,-0.31716251373291016,23.625,0.75,1,1,19.75,-3.0,21.6875,0.03225806451612903,0,0,0,0
E_top20,clean,corrupt_to_clean,v5_qwen35_4b_246,245,22.375,0.125,0.4015122652053833,1,1,-0.125,0.0,-0.018770217895507812,-0.3157925605773926,22.5,0.125,1,1,19.375,-2.875,20.9375,0.04,0,0,0,0
E_top20,clean,corrupt_to_clean,v5_qwen35_4b_268,267,22.375,0.125,0.40203243494033813,1,1,-0.125,0.0,-0.016603469848632812,-0.31841564178466797,22.5,0.125,1,1,19.75,-3.0,21.125,0.045454545454545456,0,0,0,0
E_top20,clean,corrupt_to_clean,v5_qwen35_4b_032,31,23.625,0.5,0.5878127217292786,1,1,-0.125,0.0,-0.012620925903320312,-0.21184349060058594,23.75,0.5,1,1,19.5,-2.75,21.625,0.029411764705882353,0,0,0,0
E_top20,clean,corrupt_to_clean,v5_qwen35_4b_194,193,23.375,0.5,0.5620342493057251,1,1,-0.125,0.125,0.07648658752441406,-0.24757766723632812,23.5,0.375,1,1,19.375,-2.875,21.4375,0.030303030303030304,0,0,0,0
E_top20,clean,corrupt_to_clean,v5_qwen35_4b_195,194,23.625,0.25,0.5185416340827942,1,1,0.0,0.0,0.001033782958984375,-0.2067117691040039,23.625,0.25,1,1,19.375,-2.625,21.5,-0.0,0,0,0,0
E_top20,clean,corrupt_to_clean,v5_qwen35_4b_019,18,23.25,0.5,0.5440340042114258,1,1,0.0,0.125,0.09342002868652344,-0.28299665451049805,23.25,0.375,1,1,19.25,-2.75,21.25,-0.0,0,0,0,0
E_top20,clean,corrupt_to_clean,v5_qwen35_4b_056,55,24.125,0.875,0.6772441267967224,1,1,-0.125,0.0,-0.010828018188476562,-0.25383424758911133,24.25,0.875,1,1,19.25,-3.625,21.75,0.025,0,0,0,0
E_top20,clean,corrupt_to_clean,v5_qwen35_4b_057,56,23.75,0.625,0.6185734868049622,1,1,-0.25,0.0,-0.020463943481445312,-0.2551851272583008,24.0,0.625,1,1,19.375,-3.5,21.6875,0.05405405405405406,0,0,0,0
E_top20,clean,corrupt_to_clean,v5_qwen35_4b_190,189,24.125,0.875,0.6764587759971619,1,1,-0.125,0.0,-0.013942718505859375,-0.23645591735839844,24.25,0.875,1,1,19.375,-2.75,21.8125,0.02564102564102564,0,0,0,0
E_top20,clean,corrupt_to_clean,v5_qwen35_4b_199,198,23.875,0.5,0.5943078398704529,1,1,-0.125,0.0,-0.017412185668945312,-0.19676446914672852,24.0,0.5,1,1,19.375,-2.875,21.6875,0.02702702702702703,0,0,0,0
E_top20,clean,corrupt_to_clean,v5_qwen35_4b_240,239,23.625,0.875,0.6493406891822815,1,1,-0.125,0.0,-0.022212982177734375,-0.2224597930908203,23.75,0.875,1,1,19.375,-2.75,21.5625,0.02857142857142857,0,0,0,0
E_top20,clean,corrupt_to_clean,v5_qwen35_4b_279,278,23.5,0.625,0.5952507257461548,1,1,-0.125,0.0,-0.024232864379882812,-0.2854804992675781,23.625,0.625,1,1,19.25,-3.625,21.4375,0.02857142857142857,0,0,0,0
E_top20,clean,corrupt_to_clean,v5_qwen35_4b_173,172,23.375,0.5,0.5600767135620117,1,1,-0.125,0.125,0.07631683349609375,-0.2779269218444824,23.5,0.375,1,1,19.25,-2.75,21.375,0.029411764705882353,0,0,0,0
E_top20,clean,corrupt_to_clean,v5_qwen35_4b_193,192,24.125,0.75,0.6461856365203857,1,1,-0.125,-0.125,-0.12479782104492188,-0.1395721435546875,24.25,0.875,1,1,19.375,-2.5,21.8125,0.02564102564102564,0,0,0,0
E_top20,clean,corrupt_to_clean,v5_qwen35_4b_196,195,23.625,0.25,0.5232499837875366,1,1,0.0,0.0,-0.002079010009765625,-0.20048999786376953,23.625,0.25,1,1,19.75,-2.25,21.6875,-0.0,0,0,0,0
E_top20,clean,corrupt_to_clean,v5_qwen35_4b_207,206,23.25,0.375,0.5284737944602966,1,1,-0.125,0.0,-0.025892257690429688,-0.26364850997924805,23.375,0.375,1,1,19.75,-3.25,21.5625,0.034482758620689655,0,0,0,0
E_top20,clean,corrupt_to_clean,v5_qwen35_4b_210,209,23.5,0.125,0.4975031018257141,1,1,-0.125,0.0,-0.01387786865234375,-0.24519586563110352,23.625,0.125,1,1,19.5,-2.875,21.5625,0.030303030303030304,0,0,0,0
E_top20,clean,corrupt_to_clean,v5_qwen35_4b_071,70,23.375,1.25,0.6949368715286255,1,1,-0.125,0.0,-0.04082298278808594,-0.2982053756713867,23.5,1.25,1,1,19.375,-3.0,21.4375,0.030303030303030304,0,0,0,0
E_top20,clean,corrupt_to_clean,v5_qwen35_4b_170,169,23.25,0.75,0.6097711324691772,1,1,-0.125,0.0,-0.025575637817382812,-0.19115877151489258,23.375,0.75,1,1,18.875,-2.625,21.125,0.027777777777777776,0,0,0,0
E_top20,clean,corrupt_to_clean,v5_qwen35_4b_178,177,23.5,0.625,0.6032713055610657,1,1,-0.125,0.0,-0.010974884033203125,-0.1900482177734375,23.625,0.625,1,1,19.875,-1.5,21.75,0.03333333333333333,0,0,0,0
E_top20,clean,corrupt_to_clean,v5_qwen35_4b_175,174,22.75,0.0,0.4329774081707001,1,0,-0.125,0.0,-0.028411865234375,-0.18936395645141602,22.875,0.0,1,0,19.0,-2.875,20.9375,0.03225806451612903,0,0,0,0
E_top20,clean,corrupt_to_clean,v5_qwen35_4b_171,170,24.0,1.0,0.6934708952903748,1,1,-0.125,0.0,-0.019243240356445312,-0.2365283966064453,24.125,1.0,1,1,19.875,-1.375,22.0,0.029411764705882353,0,0,0,0
E_top20,clean,corrupt_to_clean,v5_qwen35_4b_009,8,23.625,0.625,0.6072428226470947,1,1,0.0,0.125,0.10541152954101562,-0.15039396286010742,23.625,0.5,1,1,19.0,-3.0,21.3125,-0.0,0,0,0,0
E_top20,clean,corrupt_to_clean,v5_qwen35_4b_052,51,23.625,0.875,0.6408812403678894,1,1,-0.125,0.0,-0.0290069580078125,-0.21766185760498047,23.75,0.875,1,1,20.25,-2.75,22.0,0.03571428571428571,0,0,0,0
E_top20,clean,corrupt_to_clean,v5_qwen35_4b_076,75,21.0,0.375,0.4337216019630432,1,1,-0.25,0.0,-0.10134506225585938,-0.49912261962890625,21.25,0.375,1,1,15.875,-7.25,18.5625,0.046511627906976744,0,0,0,0
E_top20,clean,corrupt_to_clean,v5_qwen35_4b_077,76,21.0,0.375,0.4337216019630432,1,1,-0.25,0.0,-0.10134506225585938,-0.49912261962890625,21.25,0.375,1,1,15.875,-7.25,18.5625,0.046511627906976744,0,0,0,0
E_top20,clean,corrupt_to_clean,v5_qwen35_4b_078,77,21.0,0.375,0.4337216019630432,1,1,-0.25,0.0,-0.10134506225585938,-0.49912261962890625,21.25,0.375,1,1,15.875,-7.25,18.5625,0.046511627906976744,0,0,0,0
E_top20,clean,corrupt_to_clean,v5_qwen35_4b_079,78,21.0,0.375,0.4337216019630432,1,1,-0.25,0.0,-0.10134506225585938,-0.49912261962890625,21.25,0.375,1,1,15.875,-7.25,18.5625,0.046511627906976744,0,0,0,0
E_top20,clean,corrupt_to_clean,v5_qwen35_4b_080,79,21.0,0.375,0.4337216019630432,1,1,-0.25,0.0,-0.10134506225585938,-0.49912261962890625,21.25,0.375,1,1,15.875,-7.25,18.5625,0.046511627906976744,0,0,0,0
E_top20,clean,corrupt_to_clean,v5_qwen35_4b_081,80,21.0,0.375,0.4337216019630432,1,1,-0.25,0.0,-0.10134506225585938,-0.49912261962890625,21.25,0.375,1,1,15.875,-7.25,18.5625,0.046511627906976744,0,0,0,0
E_top20,clean,corrupt_to_clean,v5_qwen35_4b_082,81,21.0,0.375,0.4337216019630432,1,1,-0.25,0.0,-0.10134506225585938,-0.49912261962890625,21.25,0.375,1,1,15.875,-7.25,18.5625,0.046511627906976744,0,0,0,0
E_top20,clean,corrupt_to_clean,v5_qwen35_4b_083,82,21.125,0.5,0.47324562072753906,1,1,-0.125,0.125,0.030588150024414062,-0.48291873931884766,21.25,0.375,1,1,15.9375,-7.3125,18.59375,0.023529411764705882,0,0,0,0
E_top20,clean,corrupt_to_clean,v5_qwen35_4b_084,83,21.125,0.5,0.47324562072753906,1,1,-0.125,0.125,0.030588150024414062,-0.48291873931884766,21.25,0.375,1,1,15.9375,-7.3125,18.59375,0.023529411764705882,0,0,0,0
E_top20,clean,corrupt_to_clean,v5_qwen35_4b_087,86,21.125,0.5,0.47324562072753906,1,1,-0.125,0.125,0.030588150024414062,-0.48291873931884766,21.25,0.375,1,1,15.9375,-7.3125,18.59375,0.023529411764705882,0,0,0,0
E_top20,clean,corrupt_to_clean,v5_qwen35_4b_088,87,21.125,0.5,0.47324562072753906,1,1,-0.125,0.125,0.030588150024414062,-0.48291873931884766,21.25,0.375,1,1,15.9375,-7.3125,18.59375,0.023529411764705882,0,0,0,0
E_top20,clean,corrupt_to_clean,v5_qwen35_4b_089,88,21.125,0.5,0.47324562072753906,1,1,-0.125,0.125,0.030588150024414062,-0.48291873931884766,21.25,0.375,1,1,15.9375,-7.3125,18.59375,0.023529411764705882,0,0,0,0
E_top20,clean,corrupt_to_clean,v5_qwen35_4b_090,89,21.125,0.5,0.47324562072753906,1,1,-0.125,0.125,0.030588150024414062,-0.48291873931884766,21.25,0.375,1,1,15.9375,-7.3125,18.59375,0.023529411764705882,0,0,0,0
E_top20,clean,corrupt_to_clean,v5_qwen35_4b_091,90,21.125,0.5,0.47324562072753906,1,1,-0.125,0.125,0.030588150024414062,-0.48291873931884766,21.25,0.375,1,1,15.9375,-7.3125,18.59375,0.023529411764705882,0,0,0,0
E_top20,clean,corrupt_to_clean,v5_qwen35_4b_092,91,21.125,0.5,0.47324562072753906,1,1,-0.125,0.125,0.030588150024414062,-0.48291873931884766,21.25,0.375,1,1,15.9375,-7.3125,18.59375,0.023529411764705882,0,0,0,0
E_top20,clean,corrupt_to_clean,v5_qwen35_4b_093,92,21.125,0.5,0.47324562072753906,1,1,-0.125,0.125,0.030588150024414062,-0.48291873931884766,21.25,0.375,1,1,15.9375,-7.3125,18.59375,0.023529411764705882,0,0,0,0
E_top20,clean,corrupt_to_clean,v5_qwen35_4b_094,93,21.125,0.5,0.47324562072753906,1,1,-0.125,0.125,0.030588150024414062,-0.48291873931884766,21.25,0.375,1,1,15.9375,-7.3125,18.59375,0.023529411764705882,0,0,0,0
E_top20,clean,corrupt_to_clean,v5_qwen35_4b_095,94,21.125,0.5,0.47324562072753906,1,1,-0.125,0.125,0.030588150024414062,-0.48291873931884766,21.25,0.375,1,1,15.9375,-7.3125,18.59375,0.023529411764705882,0,0,0,0
E_top20,clean,corrupt_to_clean,v5_qwen35_4b_096,95,21.125,0.5,0.47324562072753906,1,1,-0.125,0.125,0.030588150024414062,-0.48291873931884766,21.25,0.375,1,1,15.9375,-7.3125,18.59375,0.023529411764705882,0,0,0,0
E_top20,clean,corrupt_to_clean,v5_qwen35_4b_097,96,21.125,0.5,0.47324562072753906,1,1,-0.125,0.125,0.030588150024414062,-0.48291873931884766,21.25,0.375,1,1,15.9375,-7.3125,18.59375,0.023529411764705882,0,0,0,0
E_top20,clean,corrupt_to_clean,v5_qwen35_4b_099,98,21.125,0.5,0.47324562072753906,1,1,-0.125,0.125,0.030588150024414062,-0.48291873931884766,21.25,0.375,1,1,15.9375,-7.3125,18.59375,0.023529411764705882,0,0,0,0
E_top20,clean,corrupt_to_clean,v5_qwen35_4b_100,99,21.125,0.5,0.47324562072753906,1,1,-0.125,0.125,0.030588150024414062,-0.48291873931884766,21.25,0.375,1,1,15.9375,-7.3125,18.59375,0.023529411764705882,0,0,0,0
E_top20,clean,corrupt_to_clean,v5_qwen35_4b_101,100,21.125,0.5,0.47324562072753906,1,1,-0.125,0.125,0.030588150024414062,-0.48291873931884766,21.25,0.375,1,1,15.9375,-7.3125,18.59375,0.023529411764705882,0,0,0,0
E_top20,clean,corrupt_to_clean,v5_qwen35_4b_102,101,21.125,0.5,0.47324562072753906,1,1,-0.125,0.125,0.030588150024414062,-0.48291873931884766,21.25,0.375,1,1,15.9375,-7.3125,18.59375,0.023529411764705882,0,0,0,0
E_top20,clean,corrupt_to_clean,v5_qwen35_4b_103,102,21.125,0.5,0.47324562072753906,1,1,-0.125,0.125,0.030588150024414062,-0.48291873931884766,21.25,0.375,1,1,15.9375,-7.3125,18.59375,0.023529411764705882,0,0,0,0
E_top20,clean,corrupt_to_clean,v5_qwen35_4b_104,103,21.125,0.5,0.47324562072753906,1,1,-0.125,0.125,0.030588150024414062,-0.48291873931884766,21.25,0.375,1,1,15.9375,-7.3125,18.59375,0.023529411764705882,0,0,0,0
E_top20,clean,corrupt_to_clean,v5_qwen35_4b_105,104,21.125,0.5,0.47324562072753906,1,1,-0.125,0.125,0.030588150024414062,-0.48291873931884766,21.25,0.375,1,1,15.9375,-7.3125,18.59375,0.023529411764705882,0,0,0,0
E_top20,clean,corrupt_to_clean,v5_qwen35_4b_106,105,21.125,0.5,0.47324562072753906,1,1,-0.125,0.125,0.030588150024414062,-0.48291873931884766,21.25,0.375,1,1,15.9375,-7.3125,18.59375,0.023529411764705882,0,0,0,0
E_top20,clean,corrupt_to_clean,v5_qwen35_4b_107,106,21.125,0.5,0.47324562072753906,1,1,-0.125,0.125,0.030588150024414062,-0.48291873931884766,21.25,0.375,1,1,15.9375,-7.3125,18.59375,0.023529411764705882,0,0,0,0
E_top20,clean,corrupt_to_clean,v5_qwen35_4b_108,107,21.125,0.5,0.47324562072753906,1,1,-0.125,0.125,0.030588150024414062,-0.48291873931884766,21.25,0.375,1,1,15.9375,-7.3125,18.59375,0.023529411764705882,0,0,0,0
E_top20,clean,corrupt_to_clean,v5_qwen35_4b_109,108,21.125,0.5,0.47324562072753906,1,1,-0.125,0.125,0.030588150024414062,-0.48291873931884766,21.25,0.375,1,1,15.9375,-7.3125,18.59375,0.023529411764705882,0,0,0,0
E_top20,clean,corrupt_to_clean,v5_qwen35_4b_110,109,21.125,0.5,0.47324562072753906,1,1,-0.125,0.125,0.030588150024414062,-0.48291873931884766,21.25,0.375,1,1,15.9375,-7.3125,18.59375,0.023529411764705882,0,0,0,0
E_top20,clean,corrupt_to_clean,v5_qwen35_4b_111,110,21.125,0.5,0.47324562072753906,1,1,-0.125,0.125,0.030588150024414062,-0.48291873931884766,21.25,0.375,1,1,15.9375,-7.3125,18.59375,0.023529411764705882,0,0,0,0
E_top20,clean,corrupt_to_clean,v5_qwen35_4b_112,111,21.125,0.5,0.47324562072753906,1,1,-0.125,0.125,0.030588150024414062,-0.48291873931884766,21.25,0.375,1,1,15.9375,-7.3125,18.59375,0.023529411764705882,0,0,0,0
E_top20,clean,corrupt_to_clean,v5_qwen35_4b_116,115,21.0,0.375,0.44212615489959717,1,1,-0.25,0.0,-0.09482765197753906,-0.5263528823852539,21.25,0.375,1,1,16.625,-6.5,18.9375,0.05405405405405406,0,0,0,0
E_top20,clean,corrupt_to_clean,v5_qwen35_4b_129,128,21.0,0.375,0.44212615489959717,1,1,-0.25,0.0,-0.09482765197753906,-0.5263528823852539,21.25,0.375,1,1,16.625,-6.5,18.9375,0.05405405405405406,0,0,0,0
E_top20,clean,corrupt_to_clean,v5_qwen35_4b_132,131,21.0,0.375,0.44212615489959717,1,1,-0.25,0.0,-0.09482765197753906,-0.5263528823852539,21.25,0.375,1,1,16.625,-6.5,18.9375,0.05405405405405406,0,0,0,0
E_top20,clean,corrupt_to_clean,v5_qwen35_4b_138,137,21.0,0.375,0.44212615489959717,1,1,-0.25,0.0,-0.09482765197753906,-0.5263528823852539,21.25,0.375,1,1,16.625,-6.5,18.9375,0.05405405405405406,0,0,0,0
E_top20,clean,corrupt_to_clean,v5_qwen35_4b_143,142,21.0,0.375,0.44212615489959717,1,1,-0.25,0.0,-0.09482765197753906,-0.5263528823852539,21.25,0.375,1,1,16.625,-6.5,18.9375,0.05405405405405406,0,0,0,0
E_top20,clean,corrupt_to_clean,v5_qwen35_4b_029,28,21.625,0.875,0.5798365473747253,1,1,-0.125,0.0,-0.04344367980957031,-0.2291092872619629,21.75,0.875,1,1,17.5,-3.625,19.625,0.029411764705882353,0,0,0,0
E_top20,clean,corrupt_to_clean,v5_qwen35_4b_086,85,21.25,0.5,0.48268574476242065,1,1,-0.25,-0.125,-0.16046905517578125,-0.4867715835571289,21.5,0.625,1,1,15.75,-7.375,18.625,0.043478260869565216,0,0,0,0
E_top20,clean,corrupt_to_clean,v5_qwen35_4b_258,257,26.125,3.25,0.9620566964149475,1,1,-0.125,0.0,-0.0008335113525390625,-0.02864360809326172,26.25,3.25,1,1,20.125,-2.25,23.1875,0.02040816326530612,0,0,0,0
E_top20,clean,corrupt_to_clean,v5_qwen35_4b_252,251,24.375,2.25,0.8646722435951233,1,1,0.0,0.125,0.09383773803710938,-0.21681594848632812,24.375,2.125,1,1,20.25,-1.5,22.3125,-0.0,0,0,0,0
E_top20,clean,corrupt_to_clean,v5_qwen35_4b_006,5,24.625,3.0,0.8958738446235657,1,1,-0.125,0.25,0.10933494567871094,-0.35880374908447266,24.75,2.75,1,1,17.5,-4.25,21.125,0.017241379310344827,0,0,0,0
E_top20,clean,corrupt_to_clean,v5_qwen35_4b_004,3,25.75,2.375,0.914416491985321,1,1,-0.125,0.125,0.12386894226074219,-0.06130504608154297,25.875,2.25,1,1,16.25,-6.375,21.0625,0.012987012987012988,0,0,0,0
E_top20,clean,corrupt_to_clean,v5_qwen35_4b_154,153,26.25,3.375,0.9667324423789978,1,1,0.0,0.375,0.37358665466308594,0.0007982254028320312,26.25,3.0,1,1,15.3125,-6.0625,20.78125,-0.0,0,0,0,0
E_top20,clean,corrupt_to_clean,v5_qwen35_4b_119,118,26.75,4.125,0.9839021563529968,1,1,-0.125,0.125,0.122833251953125,-0.13277912139892578,26.875,4.0,1,1,18.625,-4.5,22.75,0.015151515151515152,0,0,0,0
E_top20,clean,corrupt_to_clean,v5_qwen35_4b_010,9,21.5,0.125,0.3582006096839905,1,1,0.0,0.0,0.010715484619140625,-0.06981277465820312,21.5,0.125,1,1,16.125,-5.75,18.8125,-0.0,0,0,0,0
E_top20,clean,corrupt_to_clean,v5_qwen35_4b_151,150,27.75,6.375,0.9982489347457886,1,1,0.0,0.75,0.7356777191162109,-0.24498271942138672,27.75,5.625,1,1,15.6875,-6.3125,21.71875,-0.0,0,0,0,0
E_top20,clean,corrupt_to_clean,v5_qwen35_4b_289,288,27.25,4.375,0.9874879121780396,1,1,-0.125,0.125,0.12394523620605469,-0.0194549560546875,27.375,4.25,1,1,19.25,-3.5,23.3125,0.015384615384615385,0,0,0,0
E_top20,clean,corrupt_to_clean,v5_qwen35_4b_244,243,25.0,2.875,0.9429231286048889,1,1,-0.125,0.125,0.11321449279785156,-0.08433055877685547,25.125,2.75,1,1,18.75,-1.625,21.9375,0.0196078431372549,0,0,0,0
E_top20,corrupt,clean_to_corrupt,v5_qwen35_4b_285,284,19.375,-2.5,0.029736610129475594,6,0,0.125,0.125,0.11425209045410156,0.06406736373901367,19.25,-2.625,7,0,23.125,3.625,21.1875,0.03225806451612903,0,0,0,0
E_top20,corrupt,clean_to_corrupt,v5_qwen35_4b_016,15,15.25,-7.0,0.0004246111202519387,37,0,0.1875,0.1875,0.15604782104492188,0.26672935485839844,15.0625,-7.1875,37,0,21.375,0.75,18.21875,0.0297029702970297,0,0,0,0
E_top20,corrupt,clean_to_corrupt,v5_qwen35_4b_036,35,15.8125,-6.1875,0.0006355131627060473,23,0,0.125,0.125,0.11592483520507812,0.2888946533203125,15.6875,-6.3125,24,0,21.375,0.75,18.53125,0.02197802197802198,0,0,0,0
E_top20,corrupt,clean_to_corrupt,v5_qwen35_4b_085,84,15.1875,-7.6875,0.0003199432685505599,28,0,0.1875,0.1875,0.16408729553222656,0.2989692687988281,15.0,-7.875,32,0,21.875,1.0,18.4375,0.02727272727272727,0,0,0,0
E_top20,corrupt,clean_to_corrupt,v5_qwen35_4b_133,132,15.875,-6.25,0.0006479483563452959,22,0,0.1875,0.0625,0.1353168487548828,0.40469932556152344,15.6875,-6.3125,24,0,22.0,1.125,18.84375,0.0297029702970297,0,0,0,0
E_top20,corrupt,clean_to_corrupt,v5_qwen35_4b_147,146,15.875,-6.25,0.0006479483563452959,22,0,0.1875,0.0625,0.1353168487548828,0.40469932556152344,15.6875,-6.3125,24,0,22.0,1.125,18.84375,0.0297029702970297,0,0,0,0
E_top20,corrupt,clean_to_corrupt,v5_qwen35_4b_260,259,17.375,-4.375,0.005627473816275597,13,0,0.25,0.125,0.17504501342773438,0.30545711517333984,17.125,-4.5,13,0,22.0,1.0,19.5625,0.05128205128205128,0,0,0,0
E_top20,corrupt,clean_to_corrupt,v5_qwen35_4b_263,262,16.75,-5.375,0.0028373952955007553,14,0,0.125,0.125,0.11057090759277344,0.2776660919189453,16.625,-5.5,13,0,21.625,0.625,19.125,0.025,0,0,0,0
E_top20,corrupt,clean_to_corrupt,v5_qwen35_4b_296,295,17.375,-4.25,0.006002095062285662,13,0,0.125,0.125,0.08302688598632812,0.2755422592163086,17.25,-4.375,13,0,22.0,1.0,19.625,0.02631578947368421,0,0,0,0
E_top20,corrupt,clean_to_corrupt,v5_qwen35_4b_040,39,16.125,-5.375,0.001554665737785399,18,0,0.125,0.125,0.08117485046386719,0.3941831588745117,16.0,-5.5,19,0,22.625,2.125,19.3125,0.018867924528301886,0,0,0,0
E_top20,corrupt,clean_to_corrupt,v5_qwen35_4b_054,53,17.5,-3.125,0.012247057631611824,9,0,0.125,0.125,0.13033294677734375,0.33889007568359375,17.375,-3.25,9,0,22.625,2.125,20.0,0.023809523809523808,0,0,0,0
E_top20,corrupt,clean_to_corrupt,v5_qwen35_4b_229,228,16.125,-5.375,0.00157706078607589,18,0,0.125,0.125,0.09550094604492188,0.4512310028076172,16.0,-5.5,19,0,22.5,1.75,19.25,0.019230769230769232,0,0,0,0
E_top20,corrupt,clean_to_corrupt,v5_qwen35_4b_047,46,17.125,-5.875,0.001661584828980267,13,0,0.125,0.0,0.030191421508789062,0.24288606643676758,17.0,-5.875,14,0,22.125,0.25,19.5625,0.024390243902439025,0,0,0,0
E_top20,corrupt,clean_to_corrupt,v5_qwen35_4b_271,270,19.375,-3.0,0.023728130385279655,8,0,0.0,0.0,-0.016420364379882812,0.05677604675292969,19.375,-3.0,8,0,21.875,0.375,20.625,0.0,0,0,0,0
E_top20,corrupt,clean_to_corrupt,v5_qwen35_4b_039,38,16.625,-6.75,0.0005069614853709936,14,0,0.125,0.125,0.12211799621582031,0.2663431167602539,16.5,-6.875,14,0,22.625,0.625,19.5625,0.02040816326530612,0,0,0,0
E_top20,corrupt,clean_to_corrupt,v5_qwen35_4b_215,214,19.375,-2.75,0.02974240481853485,6,0,0.125,0.125,0.12099075317382812,0.23160552978515625,19.25,-2.875,7,0,22.625,0.5,20.9375,0.037037037037037035,0,0,0,0
E_top20,corrupt,clean_to_corrupt,v5_qwen35_4b_245,244,15.3125,-7.6875,0.0003395979874767363,22,0,0.1875,0.1875,0.16338348388671875,0.38671302795410156,15.125,-7.875,22,0,21.0,0.25,18.0625,0.031914893617021274,0,0,0,0
E_top20,corrupt,clean_to_corrupt,v5_qwen35_4b_161,160,15.9375,-7.9375,0.0003222864179406315,24,0,0.25,0.125,0.13014793395996094,0.5254573822021484,15.6875,-8.0625,26,0,23.125,2.0,19.40625,0.03361344537815126,0,0,0,0
E_top20,corrupt,clean_to_corrupt,v5_qwen35_4b_121,120,16.0,-6.875,0.0006338158855214715,13,0,0.125,0.125,0.08141517639160156,0.44032859802246094,15.875,-7.0,14,0,23.5,3.125,19.6875,0.01639344262295082,0,0,0,0
E_top20,corrupt,clean_to_corrupt,v5_qwen35_4b_181,180,16.125,-7.375,0.0005491294432431459,16,0,0.25,0.25,0.235137939453125,0.41333770751953125,15.875,-7.625,18,0,23.25,1.75,19.5625,0.03389830508474576,0,0,0,0
E_top20,corrupt,clean_to_corrupt,v5_qwen35_4b_259,258,17.625,-5.375,0.0037686561699956656,9,0,0.25,0.25,0.23106765747070312,0.4752464294433594,17.375,-5.625,9,0,22.75,1.25,20.0625,0.046511627906976744,0,0,0,0
E_top20,corrupt,clean_to_corrupt,v5_qwen35_4b_283,282,18.0,-4.125,0.008020313456654549,12,0,0.125,0.125,0.10978889465332031,0.24559783935546875,17.875,-4.25,12,0,22.125,0.5,20.0,0.029411764705882353,0,0,0,0
E_top20,corrupt,clean_to_corrupt,v5_qwen35_4b_272,271,20.375,-3.375,0.026923079043626785,4,0,0.125,0.125,0.12504959106445312,-0.0860586166381836,20.25,-3.5,4,0,24.0,2.0,22.125,0.03333333333333333,0,0,0,0
E_top20,corrupt,clean_to_corrupt,v5_qwen35_4b_043,42,16.875,-5.625,0.00107010907959193,20,0,0.125,0.0,0.04896736145019531,0.3521294593811035,16.75,-5.625,23,0,23.375,1.125,20.0625,0.018867924528301886,0,0,0,0
E_top20,corrupt,clean_to_corrupt,v5_qwen35_4b_166,165,19.375,-3.125,0.02212373912334442,7,0,0.0,0.0,-0.012453079223632812,0.13417673110961914,19.375,-3.125,7,0,23.0,1.25,21.1875,0.0,0,0,0,0
E_top20,corrupt,clean_to_corrupt,v5_qwen35_4b_055,54,19.25,-4.5,0.009239699691534042,5,0,0.125,0.125,0.11618232727050781,0.2795066833496094,19.125,-4.625,6,0,23.0,1.25,21.0625,0.03225806451612903,0,0,0,0
E_top20,corrupt,clean_to_corrupt,v5_qwen35_4b_130,129,16.75,-6.5,0.0008302141213789582,19,0,0.125,0.125,0.09913063049316406,0.38022708892822266,16.625,-6.625,20,0,22.125,1.375,19.375,0.022727272727272728,0,0,0,0
E_top20,corrupt,clean_to_corrupt,v5_qwen35_4b_182,181,15.9375,-7.6875,0.0003787969471886754,28,0,0.125,0.125,0.11759185791015625,0.2900056838989258,15.8125,-7.8125,28,0,22.25,0.75,19.03125,0.019417475728155338,0,0,0,0
E_top20,corrupt,clean_to_corrupt,v5_qwen35_4b_065,64,18.25,-3.125,0.013334625400602818,9,0,0.125,0.125,0.07558441162109375,0.21039247512817383,18.125,-3.25,10,0,21.25,0.375,19.6875,0.04,0,0,0,0
E_top20,corrupt,clean_to_corrupt,v5_qwen35_4b_001,0,17.5,-4.875,0.005552124697715044,11,0,0.0,0.0,-0.009977340698242188,0.2369678020477295,17.5,-4.875,11,0,23.375,2.125,20.4375,0.0,0,0,0,0
E_top20,corrupt,clean_to_corrupt,v5_qwen35_4b_053,52,17.625,-3.5,0.011802266351878643,8,0,0.125,0.125,0.10520744323730469,0.2288656234741211,17.5,-3.625,8,0,22.375,1.875,19.9375,0.02564102564102564,0,0,0,0
E_top20,corrupt,clean_to_corrupt,v5_qwen35_4b_155,154,15.3125,-6.0625,0.0007790833478793502,29,0,0.1875,0.0625,0.11968421936035156,0.2841453552246094,15.125,-6.125,29,0,22.5,2.125,18.8125,0.025423728813559324,0,0,0,0
E_top20,corrupt,clean_to_corrupt,v5_qwen35_4b_120,119,16.25,-5.25,0.0017112434143200517,16,0,0.125,0.125,0.11034011840820312,0.3151254653930664,16.125,-5.375,18,0,22.625,2.25,19.375,0.019230769230769232,0,0,0,0
E_top20,corrupt,clean_to_corrupt,v5_qwen35_4b_232,231,16.25,-5.25,0.0017113195499405265,16,0,0.125,0.125,0.11038589477539062,0.32189464569091797,16.125,-5.375,18,0,22.625,2.125,19.375,0.019230769230769232,0,0,0,0
E_top20,corrupt,clean_to_corrupt,v5_qwen35_4b_226,225,18.0,-5.625,0.00177236448507756,7,0,0.125,0.125,0.11660194396972656,0.319793701171875,17.875,-5.75,7,0,23.75,2.0,20.8125,0.02127659574468085,0,0,0,0
E_top20,corrupt,clean_to_corrupt,v5_qwen35_4b_123,122,16.125,-6.5,0.000984559883363545,15,0,0.375,0.25,0.26595306396484375,0.5607585906982422,15.75,-6.75,18,0,22.625,1.625,19.1875,0.05454545454545454,0,0,0,0
E_top20,corrupt,clean_to_corrupt,v5_qwen35_4b_030,29,16.125,-6.75,0.0008478263043798506,15,0,0.3125,0.1875,0.21611785888671875,0.492767333984375,15.8125,-6.9375,18,0,21.875,0.75,18.84375,0.05154639175257732,0,0,0,0
E_top20,corrupt,clean_to_corrupt,v5_qwen35_4b_205,204,18.25,-4.0,0.011935139074921608,6,0,0.25,0.125,0.16075706481933594,0.5086879730224609,18.0,-4.125,7,0,22.0,1.125,20.0,0.0625,0,0,0,0
E_top20,corrupt,clean_to_corrupt,v5_qwen35_4b_208,207,19.875,-3.0,0.031138045713305473,4,0,0.25,0.25,0.24437713623046875,0.2797889709472656,19.625,-3.25,5,0,22.5,0.25,21.0625,0.08695652173913043,0,0,0,0
E_top20,corrupt,clean_to_corrupt,v5_qwen35_4b_159,158,16.0,-7.75,0.0003596614405978471,20,0,0.3125,0.1875,0.19396209716796875,0.489227294921875,15.6875,-7.9375,23,0,24.0,2.875,19.84375,0.03759398496240601,0,0,0,0
E_top20,corrupt,clean_to_corrupt,v5_qwen35_4b_262,261,18.875,-3.75,0.014011592604219913,4,0,0.25,0.25,0.2163829803466797,0.572880744934082,18.625,-4.0,4,0,23.5,2.625,21.0625,0.05128205128205128,0,0,0,0
E_top20,corrupt,clean_to_corrupt,v5_qwen35_4b_281,280,18.875,-3.75,0.014011592604219913,4,0,0.25,0.25,0.2163829803466797,0.572880744934082,18.625,-4.0,4,0,23.5,2.625,21.0625,0.05128205128205128,0,0,0,0
E_top20,corrupt,clean_to_corrupt,v5_qwen35_4b_153,152,16.125,-6.875,0.0009080998715944588,14,0,0.3125,0.3125,0.3044414520263672,0.4606513977050781,15.8125,-7.1875,19,0,23.0,2.625,19.40625,0.043478260869565216,0,0,0,0
E_top20,corrupt,clean_to_corrupt,v5_qwen35_4b_017,16,15.8125,-7.1875,0.0006827825563959777,17,0,0.25,0.125,0.13336563110351562,0.43418121337890625,15.5625,-7.3125,19,0,22.375,1.875,18.96875,0.03669724770642202,0,0,0,0
E_top20,corrupt,clean_to_corrupt,v5_qwen35_4b_023,22,15.8125,-7.1875,0.0006827825563959777,17,0,0.25,0.125,0.13336563110351562,0.43418121337890625,15.5625,-7.3125,19,0,22.375,1.875,18.96875,0.03669724770642202,0,0,0,0
E_top20,corrupt,clean_to_corrupt,v5_qwen35_4b_027,26,16.625,-6.25,0.0015300362138077617,13,0,0.125,0.0,0.0062885284423828125,0.4560356140136719,16.5,-6.25,13,0,22.375,1.875,19.4375,0.02127659574468085,0,0,0,0
E_top20,corrupt,clean_to_corrupt,v5_qwen35_4b_028,27,16.625,-6.25,0.0015300362138077617,13,0,0.125,0.0,0.0062885284423828125,0.4560356140136719,16.5,-6.25,13,0,22.375,1.875,19.4375,0.02127659574468085,0,0,0,0
E_top20,corrupt,clean_to_corrupt,v5_qwen35_4b_035,34,16.625,-6.25,0.0015300362138077617,13,0,0.125,0.0,0.0062885284423828125,0.4560356140136719,16.5,-6.25,13,0,22.375,1.875,19.4375,0.02127659574468085,0,0,0,0
E_top20,corrupt,clean_to_corrupt,v5_qwen35_4b_046,45,16.75,-6.0,0.0019483671057969332,12,0,0.375,0.25,0.2734107971191406,0.46616172790527344,16.375,-6.25,13,0,22.25,1.75,19.3125,0.06382978723404255,0,0,0,0
E_top20,corrupt,clean_to_corrupt,v5_qwen35_4b_059,58,17.75,-4.375,0.009623662568628788,4,0,0.25,0.25,0.2258930206298828,0.4685373306274414,17.5,-4.625,5,0,22.25,1.75,19.875,0.05263157894736842,0,0,0,0
E_top20,corrupt,clean_to_corrupt,v5_qwen35_4b_064,63,17.75,-4.375,0.009623662568628788,4,0,0.25,0.25,0.2258930206298828,0.4685373306274414,17.5,-4.625,5,0,22.25,1.75,19.875,0.05263157894736842,0,0,0,0
E_top20,corrupt,clean_to_corrupt,v5_qwen35_4b_113,112,16.75,-6.0,0.0019177863141521811,12,0,0.375,0.25,0.25755882263183594,0.5105400085449219,16.375,-6.25,13,0,22.875,2.375,19.625,0.057692307692307696,0,0,0,0
E_top20,corrupt,clean_to_corrupt,v5_qwen35_4b_118,117,16.75,-6.0,0.0019177863141521811,12,0,0.375,0.25,0.25755882263183594,0.5105400085449219,16.375,-6.25,13,0,22.875,2.375,19.625,0.057692307692307696,0,0,0,0
E_top20,corrupt,clean_to_corrupt,v5_qwen35_4b_149,148,16.75,-6.0,0.0019177863141521811,12,0,0.375,0.25,0.25755882263183594,0.5105400085449219,16.375,-6.25,13,0,22.875,2.375,19.625,0.057692307692307696,0,0,0,0
E_top20,corrupt,clean_to_corrupt,v5_qwen35_4b_152,151,15.4375,-7.4375,0.0005273919668979943,20,0,0.25,0.25,0.2478923797607422,0.42392730712890625,15.1875,-7.6875,21,0,22.875,2.5,19.03125,0.032520325203252036,0,0,0,0
E_top20,corrupt,clean_to_corrupt,v5_qwen35_4b_156,155,15.4375,-7.4375,0.0005273919668979943,20,0,0.25,0.25,0.2478923797607422,0.42392730712890625,15.1875,-7.6875,21,0,22.875,2.5,19.03125,0.032520325203252036,0,0,0,0
E_top20,corrupt,clean_to_corrupt,v5_qwen35_4b_167,166,15.4375,-7.4375,0.0005273919668979943,20,0,0.25,0.25,0.2478923797607422,0.42392730712890625,15.1875,-7.6875,21,0,22.875,2.5,19.03125,0.032520325203252036,0,0,0,0
E_top20,corrupt,clean_to_corrupt,v5_qwen35_4b_172,171,15.75,-7.25,0.0006404374726116657,17,0,0.25,0.125,0.13434219360351562,0.42388343811035156,15.5,-7.375,19,0,22.875,2.375,19.1875,0.03389830508474576,0,0,0,0
E_top20,corrupt,clean_to_corrupt,v5_qwen35_4b_234,233,16.375,-6.375,0.0013357804855331779,14,0,0.25,0.125,0.12937355041503906,0.4934883117675781,16.125,-6.5,14,0,22.125,1.625,19.125,0.041666666666666664,0,0,0,0
E_top20,corrupt,clean_to_corrupt,v5_qwen35_4b_243,242,16.625,-6.125,0.0017235631821677089,13,0,0.25,0.125,0.1505870819091797,0.5147609710693359,16.375,-6.25,13,0,22.25,1.625,19.3125,0.0425531914893617,0,0,0,0
E_top20,corrupt,clean_to_corrupt,v5_qwen35_4b_251,250,16.625,-6.125,0.0017235631821677089,13,0,0.25,0.125,0.1505870819091797,0.5147609710693359,16.375,-6.25,13,0,22.25,1.625,19.3125,0.0425531914893617,0,0,0,0
E_top20,corrupt,clean_to_corrupt,v5_qwen35_4b_254,253,17.75,-4.5,0.008725515566766262,4,0,0.25,0.125,0.12701416015625,0.49077606201171875,17.5,-4.625,5,0,22.25,1.625,19.875,0.05263157894736842,0,0,0,0
E_top20,corrupt,clean_to_corrupt,v5_qwen35_4b_255,254,17.75,-4.5,0.008725515566766262,4,0,0.25,0.125,0.12701416015625,0.49077606201171875,17.5,-4.625,5,0,22.25,1.625,19.875,0.05263157894736842,0,0,0,0
E_top20,corrupt,clean_to_corrupt,v5_qwen35_4b_264,263,17.625,-4.5,0.008453269489109516,6,0,0.25,0.25,0.22899627685546875,0.4484119415283203,17.375,-4.75,8,0,22.125,1.625,19.75,0.05263157894736842,0,0,0,0
E_top20,corrupt,clean_to_corrupt,v5_qwen35_4b_273,272,17.625,-4.5,0.008643333800137043,5,0,0.25,0.125,0.1458263397216797,0.47774696350097656,17.375,-4.625,6,0,22.25,1.75,19.8125,0.05128205128205128,0,0,0,0
E_top20,corrupt,clean_to_corrupt,v5_qwen35_4b_290,289,17.75,-4.375,0.009692706167697906,4,0,0.25,0.125,0.13039016723632812,0.5009269714355469,17.5,-4.5,4,0,22.125,1.625,19.8125,0.05405405405405406,0,0,0,0
E_top20,corrupt,clean_to_corrupt,v5_qwen35_4b_267,266,17.75,-5.125,0.0036038830876350403,7,0,0.25,0.125,0.13490867614746094,0.5611133575439453,17.5,-5.25,7,0,22.375,1.625,19.9375,0.05128205128205128,0,0,0,0
E_top20,corrupt,clean_to_corrupt,v5_qwen35_4b_148,147,15.8125,-7.0625,0.00044376286678016186,14,0,0.25,0.25,0.19692420959472656,0.5407810211181641,15.5625,-7.3125,16,0,23.75,2.875,19.65625,0.030534351145038167,0,0,0,0
E_top20,corrupt,clean_to_corrupt,v5_qwen35_4b_180,179,14.75,-8.75,0.00013153166219126433,35,0,0.25,0.125,0.13591384887695312,0.4373455047607422,14.5,-8.875,35,0,23.25,2.625,18.875,0.02857142857142857,0,0,0,0
E_top20,corrupt,clean_to_corrupt,v5_qwen35_4b_072,71,19.125,-2.25,0.04514213651418686,5,0,0.0,0.0,-0.015827178955078125,0.005878448486328125,19.125,-2.25,5,0,22.5,1.875,20.8125,0.0,0,0,0,0
E_top20,corrupt,clean_to_corrupt,v5_qwen35_4b_073,72,19.75,-3.125,0.02601374313235283,5,0,0.125,0.125,0.08098411560058594,0.29825305938720703,19.625,-3.25,5,0,23.25,0.25,21.4375,0.034482758620689655,0,0,0,0
E_top20,corrupt,clean_to_corrupt,v5_qwen35_4b_270,269,19.75,-0.875,0.1058720201253891,4,0,0.125,0.125,0.12388801574707031,0.18594694137573242,19.625,-1.0,5,0,22.5,1.75,21.0625,0.043478260869565216,0,0,0,0
E_top20,corrupt,clean_to_corrupt,v5_qwen35_4b_038,37,18.125,-5.125,0.0035404411610215902,9,0,0.25,0.25,0.2503204345703125,0.2538928985595703,17.875,-5.375,10,0,23.375,2.375,20.625,0.045454545454545456,0,0,0,0
E_top20,corrupt,clean_to_corrupt,v5_qwen35_4b_204,203,20.75,-2.5,0.05208294466137886,4,0,0.125,0.125,0.12428092956542969,0.15626907348632812,20.625,-2.625,4,0,24.25,0.875,22.4375,0.034482758620689655,0,0,0,0
E_top20,corrupt,clean_to_corrupt,v5_qwen35_4b_007,6,16.625,-6.875,0.0007867711246944964,19,0,0.375,0.375,0.36264610290527344,0.4902629852294922,16.25,-7.25,24,0,23.375,2.0,19.8125,0.05263157894736842,0,0,0,0
E_top20,corrupt,clean_to_corrupt,v5_qwen35_4b_014,13,16.625,-6.875,0.0007867711246944964,19,0,0.375,0.375,0.36264610290527344,0.4902629852294922,16.25,-7.25,24,0,23.375,2.0,19.8125,0.05263157894736842,0,0,0,0
E_top20,corrupt,clean_to_corrupt,v5_qwen35_4b_018,17,16.625,-6.875,0.0007867711246944964,19,0,0.375,0.375,0.36264610290527344,0.4902629852294922,16.25,-7.25,24,0,23.375,2.0,19.8125,0.05263157894736842,0,0,0,0
E_top20,corrupt,clean_to_corrupt,v5_qwen35_4b_020,19,16.625,-6.875,0.0007867711246944964,19,0,0.375,0.375,0.36264610290527344,0.4902629852294922,16.25,-7.25,24,0,23.375,2.0,19.8125,0.05263157894736842,0,0,0,0
E_top20,corrupt,clean_to_corrupt,v5_qwen35_4b_021,20,16.625,-6.875,0.0007867711246944964,19,0,0.375,0.375,0.36264610290527344,0.4902629852294922,16.25,-7.25,24,0,23.375,2.0,19.8125,0.05263157894736842,0,0,0,0
E_top20,corrupt,clean_to_corrupt,v5_qwen35_4b_024,23,16.625,-6.875,0.0007867711246944964,19,0,0.375,0.375,0.36264610290527344,0.4902629852294922,16.25,-7.25,24,0,23.375,2.0,19.8125,0.05263157894736842,0,0,0,0
E_top20,corrupt,clean_to_corrupt,v5_qwen35_4b_025,24,16.75,-6.75,0.0008984166197478771,18,0,0.25,0.25,0.2375926971435547,0.4453716278076172,16.5,-7.0,19,0,23.375,2.125,19.9375,0.03636363636363636,0,0,0,0
E_top20,corrupt,clean_to_corrupt,v5_qwen35_4b_098,97,16.75,-6.75,0.0008985528256744146,18,0,0.25,0.25,0.2377452850341797,0.4353351593017578,16.5,-7.0,19,0,23.5,2.25,20.0,0.03571428571428571,0,0,0,0
E_top20,corrupt,clean_to_corrupt,v5_qwen35_4b_114,113,17.0,-6.125,0.0012963201152160764,10,0,0.25,0.25,0.26123809814453125,0.4745674133300781,16.75,-6.375,11,0,23.5,2.25,20.125,0.037037037037037035,0,0,0,0
E_top20,corrupt,clean_to_corrupt,v5_qwen35_4b_128,127,17.0,-6.125,0.0012963201152160764,10,0,0.25,0.25,0.26123809814453125,0.4745674133300781,16.75,-6.375,11,0,23.5,2.25,20.125,0.037037037037037035,0,0,0,0
E_top20,corrupt,clean_to_corrupt,v5_qwen35_4b_131,130,17.0,-6.125,0.0012963201152160764,10,0,0.25,0.25,0.26123809814453125,0.4745674133300781,16.75,-6.375,11,0,23.5,2.25,20.125,0.037037037037037035,0,0,0,0
E_top20,corrupt,clean_to_corrupt,v5_qwen35_4b_135,134,17.0,-6.125,0.0012963201152160764,10,0,0.25,0.25,0.26123809814453125,0.4745674133300781,16.75,-6.375,11,0,23.5,2.25,20.125,0.037037037037037035,0,0,0,0
E_top20,corrupt,clean_to_corrupt,v5_qwen35_4b_136,135,17.0,-6.125,0.0012963201152160764,10,0,0.25,0.25,0.26123809814453125,0.4745674133300781,16.75,-6.375,11,0,23.5,2.25,20.125,0.037037037037037035,0,0,0,0
E_top20,corrupt,clean_to_corrupt,v5_qwen35_4b_144,143,17.0,-6.125,0.0012963201152160764,10,0,0.25,0.25,0.26123809814453125,0.4745674133300781,16.75,-6.375,11,0,23.5,2.25,20.125,0.037037037037037035,0,0,0,0
E_top20,corrupt,clean_to_corrupt,v5_qwen35_4b_145,144,17.0,-6.125,0.0012963201152160764,10,0,0.25,0.25,0.26123809814453125,0.4745674133300781,16.75,-6.375,11,0,23.5,2.25,20.125,0.037037037037037035,0,0,0,0
E_top20,corrupt,clean_to_corrupt,v5_qwen35_4b_160,159,16.75,-6.75,0.0009007310727611184,18,0,0.25,0.25,0.24016761779785156,0.42528343200683594,16.5,-7.0,19,0,23.25,2.25,19.875,0.037037037037037035,0,0,0,0
E_top20,corrupt,clean_to_corrupt,v5_qwen35_4b_164,163,16.75,-6.75,0.0009007310727611184,18,0,0.25,0.25,0.24016761779785156,0.42528343200683594,16.5,-7.0,19,0,23.25,2.25,19.875,0.037037037037037035,0,0,0,0
E_top20,corrupt,clean_to_corrupt,v5_qwen35_4b_169,168,16.75,-6.75,0.0009007310727611184,18,0,0.25,0.25,0.24016761779785156,0.42528343200683594,16.5,-7.0,19,0,23.25,2.25,19.875,0.037037037037037035,0,0,0,0
E_top20,corrupt,clean_to_corrupt,v5_qwen35_4b_174,173,16.75,-6.75,0.0009007310727611184,18,0,0.25,0.25,0.24016761779785156,0.42528343200683594,16.5,-7.0,19,0,23.25,2.25,19.875,0.037037037037037035,0,0,0,0
E_top20,corrupt,clean_to_corrupt,v5_qwen35_4b_187,186,16.75,-6.75,0.0009007310727611184,18,0,0.25,0.25,0.24016761779785156,0.42528343200683594,16.5,-7.0,19,0,23.25,2.25,19.875,0.037037037037037035,0,0,0,0
E_top20,corrupt,clean_to_corrupt,v5_qwen35_4b_188,187,16.75,-6.75,0.0009007310727611184,18,0,0.25,0.25,0.24016761779785156,0.42528343200683594,16.5,-7.0,19,0,23.25,2.25,19.875,0.037037037037037035,0,0,0,0
E_top20,corrupt,clean_to_corrupt,v5_qwen35_4b_213,212,18.25,-4.375,0.007913636043667793,6,0,0.25,0.125,0.1695232391357422,0.48453330993652344,18.0,-4.5,7,0,23.25,2.25,20.625,0.047619047619047616,0,0,0,0
E_top20,corrupt,clean_to_corrupt,v5_qwen35_4b_214,213,18.25,-4.375,0.007913636043667793,6,0,0.25,0.125,0.1695232391357422,0.48453330993652344,18.0,-4.5,7,0,23.25,2.25,20.625,0.047619047619047616,0,0,0,0
E_top20,corrupt,clean_to_corrupt,v5_qwen35_4b_216,215,18.25,-4.375,0.007913636043667793,6,0,0.25,0.125,0.1695232391357422,0.48453330993652344,18.0,-4.5,7,0,23.25,2.25,20.625,0.047619047619047616,0,0,0,0
E_top20,corrupt,clean_to_corrupt,v5_qwen35_4b_222,221,18.25,-4.375,0.007913636043667793,6,0,0.25,0.125,0.1695232391357422,0.48453330993652344,18.0,-4.5,7,0,23.25,2.25,20.625,0.047619047619047616,0,0,0,0
E_top20,corrupt,clean_to_corrupt,v5_qwen35_4b_224,223,18.25,-4.375,0.007913636043667793,6,0,0.25,0.125,0.1695232391357422,0.48453330993652344,18.0,-4.5,7,0,23.25,2.25,20.625,0.047619047619047616,0,0,0,0
E_top20,corrupt,clean_to_corrupt,v5_qwen35_4b_239,238,17.0,-6.125,0.0012787997256964445,10,0,0.25,0.25,0.24761390686035156,0.5015029907226562,16.75,-6.375,11,0,23.25,2.125,20.0,0.038461538461538464,0,0,0,0
E_top20,corrupt,clean_to_corrupt,v5_qwen35_4b_241,240,17.0,-6.125,0.0012787997256964445,10,0,0.25,0.25,0.24761390686035156,0.5015029907226562,16.75,-6.375,11,0,23.25,2.125,20.0,0.038461538461538464,0,0,0,0
E_top20,corrupt,clean_to_corrupt,v5_qwen35_4b_256,255,18.25,-4.375,0.007908324711024761,6,0,0.25,0.125,0.16884613037109375,0.544804573059082,18.0,-4.5,7,0,23.25,2.125,20.625,0.047619047619047616,0,0,0,0
E_top20,corrupt,clean_to_corrupt,v5_qwen35_4b_269,268,18.25,-4.375,0.007908324711024761,6,0,0.25,0.125,0.16884613037109375,0.544804573059082,18.0,-4.5,7,0,23.25,2.125,20.625,0.047619047619047616,0,0,0,0
E_top20,corrupt,clean_to_corrupt,v5_qwen35_4b_276,275,18.25,-4.375,0.00806131586432457,6,0,0.25,0.125,0.1572856903076172,0.5348987579345703,18.0,-4.5,7,0,23.25,2.125,20.625,0.047619047619047616,0,0,0,0
E_top20,corrupt,clean_to_corrupt,v5_qwen35_4b_277,276,18.25,-4.375,0.00806131586432457,6,0,0.25,0.125,0.1572856903076172,0.5348987579345703,18.0,-4.5,7,0,23.25,2.125,20.625,0.047619047619047616,0,0,0,0
E_top20,corrupt,clean_to_corrupt,v5_qwen35_4b_280,279,18.25,-4.375,0.00806131586432457,6,0,0.25,0.125,0.1572856903076172,0.5348987579345703,18.0,-4.5,7,0,23.25,2.125,20.625,0.047619047619047616,0,0,0,0
E_top20,corrupt,clean_to_corrupt,v5_qwen35_4b_284,283,18.25,-4.375,0.00806131586432457,6,0,0.25,0.125,0.1572856903076172,0.5348987579345703,18.0,-4.5,7,0,23.25,2.125,20.625,0.047619047619047616,0,0,0,0
E_top20,corrupt,clean_to_corrupt,v5_qwen35_4b_288,287,18.25,-4.375,0.00806131586432457,6,0,0.25,0.125,0.1572856903076172,0.5348987579345703,18.0,-4.5,7,0,23.25,2.125,20.625,0.047619047619047616,0,0,0,0
E_top20,corrupt,clean_to_corrupt,v5_qwen35_4b_292,291,18.25,-4.375,0.00806131586432457,6,0,0.25,0.125,0.1572856903076172,0.5348987579345703,18.0,-4.5,7,0,23.25,2.125,20.625,0.047619047619047616,0,0,0,0
E_top20,corrupt,clean_to_corrupt,v5_qwen35_4b_294,293,18.25,-4.375,0.00806131586432457,6,0,0.25,0.125,0.1572856903076172,0.5348987579345703,18.0,-4.5,7,0,23.25,2.125,20.625,0.047619047619047616,0,0,0,0
E_top20,corrupt,clean_to_corrupt,v5_qwen35_4b_002,1,16.5,-7.0,0.0007167736766859889,22,0,0.375,0.25,0.2670860290527344,0.5439739227294922,16.125,-7.25,26,0,23.25,1.875,19.6875,0.05263157894736842,0,0,0,0
E_top20,corrupt,clean_to_corrupt,v5_qwen35_4b_012,11,16.5,-7.0,0.0007213522330857813,21,0,0.25,0.125,0.1569538116455078,0.4370708465576172,16.25,-7.125,23,0,23.25,2.0,19.75,0.03571428571428571,0,0,0,0
E_top20,corrupt,clean_to_corrupt,v5_qwen35_4b_015,14,16.5,-7.0,0.0007213522330857813,21,0,0.25,0.125,0.1569538116455078,0.4370708465576172,16.25,-7.125,23,0,23.25,2.0,19.75,0.03571428571428571,0,0,0,0
E_top20,corrupt,clean_to_corrupt,v5_qwen35_4b_037,36,17.0,-6.125,0.0013556694611907005,11,0,0.25,0.25,0.26122283935546875,0.5377998352050781,16.75,-6.375,12,0,23.25,2.0,20.0,0.038461538461538464,0,0,0,0
E_top20,corrupt,clean_to_corrupt,v5_qwen35_4b_042,41,17.0,-6.125,0.0013556694611907005,11,0,0.25,0.25,0.26122283935546875,0.5377998352050781,16.75,-6.375,12,0,23.25,2.0,20.0,0.038461538461538464,0,0,0,0
E_top20,corrupt,clean_to_corrupt,v5_qwen35_4b_044,43,17.0,-6.125,0.0013556694611907005,11,0,0.25,0.25,0.26122283935546875,0.5377998352050781,16.75,-6.375,12,0,23.25,2.0,20.0,0.038461538461538464,0,0,0,0
E_top20,corrupt,clean_to_corrupt,v5_qwen35_4b_115,114,17.125,-6.0,0.0015332564944401383,10,0,0.375,0.375,0.38449859619140625,0.53570556640625,16.75,-6.375,12,0,23.625,2.375,20.1875,0.05454545454545454,0,0,0,0
E_top20,corrupt,clean_to_corrupt,v5_qwen35_4b_126,125,17.125,-6.0,0.0015332564944401383,10,0,0.375,0.375,0.38449859619140625,0.53570556640625,16.75,-6.375,12,0,23.625,2.375,20.1875,0.05454545454545454,0,0,0,0
E_top20,corrupt,clean_to_corrupt,v5_qwen35_4b_127,126,17.125,-6.0,0.0015332564944401383,10,0,0.375,0.375,0.38449859619140625,0.53570556640625,16.75,-6.375,12,0,23.625,2.375,20.1875,0.05454545454545454,0,0,0,0
E_top20,corrupt,clean_to_corrupt,v5_qwen35_4b_134,133,17.125,-6.0,0.0015332564944401383,10,0,0.375,0.375,0.38449859619140625,0.53570556640625,16.75,-6.375,12,0,23.625,2.375,20.1875,0.05454545454545454,0,0,0,0
E_top20,corrupt,clean_to_corrupt,v5_qwen35_4b_140,139,17.125,-6.0,0.0015332564944401383,10,0,0.375,0.375,0.38449859619140625,0.53570556640625,16.75,-6.375,12,0,23.625,2.375,20.1875,0.05454545454545454,0,0,0,0
E_top20,corrupt,clean_to_corrupt,v5_qwen35_4b_142,141,17.125,-6.0,0.0015332564944401383,10,0,0.375,0.375,0.38449859619140625,0.53570556640625,16.75,-6.375,12,0,23.625,2.375,20.1875,0.05454545454545454,0,0,0,0
E_top20,corrupt,clean_to_corrupt,v5_qwen35_4b_146,145,17.125,-6.0,0.0015332564944401383,10,0,0.375,0.375,0.38449859619140625,0.53570556640625,16.75,-6.375,12,0,23.625,2.375,20.1875,0.05454545454545454,0,0,0,0
E_top20,corrupt,clean_to_corrupt,v5_qwen35_4b_150,149,17.125,-6.0,0.0015332564944401383,10,0,0.375,0.375,0.38449859619140625,0.53570556640625,16.75,-6.375,12,0,23.625,2.375,20.1875,0.05454545454545454,0,0,0,0
E_top20,corrupt,clean_to_corrupt,v5_qwen35_4b_168,167,16.5,-7.0,0.0007212220225483179,21,0,0.25,0.125,0.15677261352539062,0.4715690612792969,16.25,-7.125,23,0,23.25,2.125,19.75,0.03571428571428571,0,0,0,0
E_top20,corrupt,clean_to_corrupt,v5_qwen35_4b_179,178,16.5,-7.0,0.0007212220225483179,21,0,0.25,0.125,0.15677261352539062,0.4715690612792969,16.25,-7.125,23,0,23.25,2.125,19.75,0.03571428571428571,0,0,0,0
E_top20,corrupt,clean_to_corrupt,v5_qwen35_4b_183,182,16.5,-7.0,0.0007212220225483179,21,0,0.25,0.125,0.15677261352539062,0.4715690612792969,16.25,-7.125,23,0,23.25,2.125,19.75,0.03571428571428571,0,0,0,0
E_top20,corrupt,clean_to_corrupt,v5_qwen35_4b_185,184,16.5,-7.0,0.0007212220225483179,21,0,0.25,0.125,0.15677261352539062,0.4715690612792969,16.25,-7.125,23,0,23.25,2.125,19.75,0.03571428571428571,0,0,0,0
E_top20,corrupt,clean_to_corrupt,v5_qwen35_4b_186,185,16.5,-7.0,0.0007212220225483179,21,0,0.25,0.125,0.15677261352539062,0.4715690612792969,16.25,-7.125,23,0,23.25,2.125,19.75,0.03571428571428571,0,0,0,0
E_top20,corrupt,clean_to_corrupt,v5_qwen35_4b_242,241,17.125,-6.0,0.001515937619842589,11,0,0.375,0.375,0.3731231689453125,0.5330333709716797,16.75,-6.375,12,0,23.125,2.0,19.9375,0.058823529411764705,0,0,0,0
E_top20,corrupt,clean_to_corrupt,v5_qwen35_4b_249,248,17.125,-6.0,0.001515937619842589,11,0,0.375,0.375,0.3731231689453125,0.5330333709716797,16.75,-6.375,12,0,23.125,2.0,19.9375,0.058823529411764705,0,0,0,0
E_top20,corrupt,clean_to_corrupt,v5_qwen35_4b_282,281,18.125,-4.5,0.007036458235234022,7,0,0.25,0.25,0.2217121124267578,0.5656576156616211,17.875,-4.75,8,0,23.125,2.0,20.5,0.047619047619047616,0,0,0,0
E_top20,corrupt,clean_to_corrupt,v5_qwen35_4b_286,285,18.125,-4.5,0.007036458235234022,7,0,0.25,0.25,0.2217121124267578,0.5656576156616211,17.875,-4.75,8,0,23.125,2.0,20.5,0.047619047619047616,0,0,0,0
E_top20,corrupt,clean_to_corrupt,v5_qwen35_4b_295,294,18.125,-4.5,0.007036458235234022,7,0,0.25,0.25,0.2217121124267578,0.5656576156616211,17.875,-4.75,8,0,23.125,2.0,20.5,0.047619047619047616,0,0,0,0
E_top20,corrupt,clean_to_corrupt,v5_qwen35_4b_299,298,18.125,-4.5,0.007036458235234022,7,0,0.25,0.25,0.2217121124267578,0.5656576156616211,17.875,-4.75,8,0,23.125,2.0,20.5,0.047619047619047616,0,0,0,0
E_top20,corrupt,clean_to_corrupt,v5_qwen35_4b_008,7,14.75,-7.5,0.0003847795305773616,39,0,0.25,0.125,0.14964675903320312,0.5193252563476562,14.5,-7.625,43,0,21.625,1.375,18.0625,0.03508771929824561,0,0,0,0
E_top20,corrupt,clean_to_corrupt,v5_qwen35_4b_122,121,15.25,-7.125,0.0004735425172839314,25,0,0.25,0.125,0.16480064392089844,0.5474967956542969,15.0,-7.25,26,0,22.625,2.125,18.8125,0.03278688524590164,0,0,0,0
E_top20,corrupt,clean_to_corrupt,v5_qwen35_4b_158,157,14.8125,-7.4375,0.00042517369729466736,37,0,0.25,0.25,0.23517990112304688,0.5025558471679688,14.5625,-7.6875,42,0,22.5,2.0,18.53125,0.031496062992125984,0,0,0,0
E_top20,corrupt,clean_to_corrupt,v5_qwen35_4b_265,264,17.25,-4.875,0.005288929212838411,6,0,0.375,0.25,0.2619743347167969,0.4786872863769531,16.875,-5.125,8,0,22.0,1.25,19.4375,0.07317073170731707,0,0,0,0
E_top20,corrupt,clean_to_corrupt,v5_qwen35_4b_003,2,15.875,-6.875,0.0007973141619004309,25,0,0.3125,0.1875,0.21733474731445312,0.5515670776367188,15.5625,-7.0625,31,0,22.5,2.0,19.03125,0.04504504504504504,0,0,0,0
E_top20,corrupt,clean_to_corrupt,v5_qwen35_4b_011,10,15.875,-6.875,0.0008236914873123169,24,0,0.3125,0.3125,0.3049659729003906,0.535491943359375,15.5625,-7.1875,29,0,22.25,2.0,18.90625,0.04672897196261682,0,0,0,0
E_top20,corrupt,clean_to_corrupt,v5_qwen35_4b_033,32,16.625,-5.75,0.002146078273653984,15,0,0.375,0.375,0.3708992004394531,0.5825080871582031,16.25,-6.125,18,0,22.25,2.0,19.25,0.0625,0,0,0,0
E_top20,corrupt,clean_to_corrupt,v5_qwen35_4b_048,47,16.625,-5.75,0.002146078273653984,15,0,0.375,0.375,0.3708992004394531,0.5825080871582031,16.25,-6.125,18,0,22.25,2.0,19.25,0.0625,0,0,0,0
E_top20,corrupt,clean_to_corrupt,v5_qwen35_4b_070,69,17.875,-4.0,0.012759982608258724,5,0,0.375,0.375,0.37079811096191406,0.6272468566894531,17.5,-4.375,5,0,22.25,1.875,19.875,0.07894736842105263,0,0,0,0
E_top20,corrupt,clean_to_corrupt,v5_qwen35_4b_124,123,16.625,-5.625,0.0023340671323239803,15,0,0.25,0.25,0.24656105041503906,0.6055316925048828,16.375,-5.875,15,0,22.625,2.125,19.5,0.04,0,0,0,0
E_top20,corrupt,clean_to_corrupt,v5_qwen35_4b_125,124,16.625,-5.875,0.0018212518189102411,15,0,0.25,0.125,0.14842605590820312,0.6079959869384766,16.375,-6.0,18,0,22.625,2.125,19.5,0.04,0,0,0,0
E_top20,corrupt,clean_to_corrupt,v5_qwen35_4b_139,138,16.625,-5.875,0.0018212518189102411,15,0,0.25,0.125,0.14842605590820312,0.6079959869384766,16.375,-6.0,18,0,22.625,2.125,19.5,0.04,0,0,0,0
E_top20,corrupt,clean_to_corrupt,v5_qwen35_4b_203,202,18.0,-4.0,0.012401113286614418,5,0,0.375,0.25,0.28740882873535156,0.5126476287841797,17.625,-4.25,6,0,22.625,2.125,20.125,0.075,0,0,0,0
E_top20,corrupt,clean_to_corrupt,v5_qwen35_4b_206,205,17.875,-4.125,0.011682477779686451,5,0,0.375,0.25,0.28148651123046875,0.6050949096679688,17.5,-4.375,5,0,22.375,2.0,19.9375,0.07692307692307693,0,0,0,0
E_top20,corrupt,clean_to_corrupt,v5_qwen35_4b_212,211,18.0,-4.0,0.012401113286614418,5,0,0.375,0.25,0.28740882873535156,0.5126476287841797,17.625,-4.25,6,0,22.625,2.125,20.125,0.075,0,0,0,0
E_top20,corrupt,clean_to_corrupt,v5_qwen35_4b_228,227,16.625,-5.625,0.0023339316248893738,15,0,0.25,0.25,0.24650192260742188,0.5376873016357422,16.375,-5.875,15,0,21.75,1.25,19.0625,0.046511627906976744,0,0,0,0
E_top20,corrupt,clean_to_corrupt,v5_qwen35_4b_230,229,16.625,-5.625,0.0023339316248893738,15,0,0.25,0.25,0.24650192260742188,0.5376873016357422,16.375,-5.875,15,0,21.75,1.25,19.0625,0.046511627906976744,0,0,0,0
E_top20,corrupt,clean_to_corrupt,v5_qwen35_4b_231,230,16.625,-5.625,0.0023339316248893738,15,0,0.25,0.25,0.24650192260742188,0.5376873016357422,16.375,-5.875,15,0,21.75,1.25,19.0625,0.046511627906976744,0,0,0,0
E_top20,corrupt,clean_to_corrupt,v5_qwen35_4b_236,235,16.625,-5.625,0.0023339316248893738,15,0,0.25,0.25,0.24650192260742188,0.5376873016357422,16.375,-5.875,15,0,21.75,1.25,19.0625,0.046511627906976744,0,0,0,0
E_top20,corrupt,clean_to_corrupt,v5_qwen35_4b_237,236,16.625,-5.625,0.0023339316248893738,15,0,0.25,0.25,0.24650192260742188,0.5376873016357422,16.375,-5.875,15,0,21.75,1.25,19.0625,0.046511627906976744,0,0,0,0
E_top20,corrupt,clean_to_corrupt,v5_qwen35_4b_238,237,16.625,-5.75,0.001974542625248432,15,0,0.25,0.25,0.22939109802246094,0.5410118103027344,16.375,-6.0,18,0,21.875,1.375,19.125,0.045454545454545456,0,0,0,0
E_top20,corrupt,clean_to_corrupt,v5_qwen35_4b_247,246,16.625,-5.625,0.0023339316248893738,15,0,0.25,0.25,0.24650192260742188,0.5376873016357422,16.375,-5.875,15,0,21.75,1.25,19.0625,0.046511627906976744,0,0,0,0
E_top20,corrupt,clean_to_corrupt,v5_qwen35_4b_257,256,17.875,-4.125,0.011680959723889828,5,0,0.375,0.25,0.2813549041748047,0.5892257690429688,17.5,-4.375,5,0,21.75,1.25,19.625,0.08823529411764706,0,0,0,0
E_top20,corrupt,clean_to_corrupt,v5_qwen35_4b_291,290,17.875,-4.125,0.011680959723889828,5,0,0.375,0.25,0.2813549041748047,0.5892257690429688,17.5,-4.375,5,0,21.75,1.25,19.625,0.08823529411764706,0,0,0,0
E_top20,corrupt,clean_to_corrupt,v5_qwen35_4b_005,4,15.8125,-6.8125,0.0008544512675143778,25,0,0.3125,0.1875,0.20771408081054688,0.5784835815429688,15.5,-7.0,29,0,22.25,1.875,18.875,0.046296296296296294,0,0,0,0
E_top20,corrupt,clean_to_corrupt,v5_qwen35_4b_013,12,15.875,-6.75,0.0009157062158919871,23,0,0.3125,0.3125,0.3038349151611328,0.6057033538818359,15.5625,-7.0625,27,0,22.125,1.875,18.84375,0.047619047619047616,0,0,0,0
E_top20,corrupt,clean_to_corrupt,v5_qwen35_4b_026,25,16.75,-5.625,0.002455912996083498,13,0,0.375,0.25,0.3003559112548828,0.5849018096923828,16.375,-5.875,17,0,22.125,1.875,19.25,0.06521739130434782,0,0,0,0
E_top20,corrupt,clean_to_corrupt,v5_qwen35_4b_041,40,16.625,-5.625,0.0023265883792191744,16,0,0.25,0.25,0.24037933349609375,0.5689716339111328,16.375,-5.875,19,0,22.25,1.875,19.3125,0.0425531914893617,0,0,0,0
E_top20,corrupt,clean_to_corrupt,v5_qwen35_4b_045,44,16.625,-5.625,0.0023265883792191744,16,0,0.25,0.25,0.24037933349609375,0.5689716339111328,16.375,-5.875,19,0,22.25,1.875,19.3125,0.0425531914893617,0,0,0,0
E_top20,corrupt,clean_to_corrupt,v5_qwen35_4b_049,48,16.75,-5.625,0.002455912996083498,13,0,0.375,0.25,0.3003559112548828,0.5849018096923828,16.375,-5.875,17,0,22.125,1.875,19.25,0.06521739130434782,0,0,0,0
E_top20,corrupt,clean_to_corrupt,v5_qwen35_4b_117,116,16.75,-5.625,0.0024504107423126698,13,0,0.375,0.25,0.2981071472167969,0.6015052795410156,16.375,-5.875,17,0,22.625,2.25,19.5,0.06,0,0,0,0
E_top20,corrupt,clean_to_corrupt,v5_qwen35_4b_137,136,16.75,-5.625,0.0024504107423126698,13,0,0.375,0.25,0.2981071472167969,0.6015052795410156,16.375,-5.875,17,0,22.625,2.25,19.5,0.06,0,0,0,0
E_top20,corrupt,clean_to_corrupt,v5_qwen35_4b_141,140,16.625,-5.625,0.002331976778805256,16,0,0.25,0.25,0.24269676208496094,0.5757274627685547,16.375,-5.875,19,0,22.625,2.25,19.5,0.04,0,0,0,0
E_top20,corrupt,clean_to_corrupt,v5_qwen35_4b_157,156,15.875,-6.75,0.0009272626484744251,23,0,0.3125,0.3125,0.3163871765136719,0.5581264495849609,15.5625,-7.0625,27,0,22.625,2.25,19.09375,0.04424778761061947,0,0,0,0
E_top20,corrupt,clean_to_corrupt,v5_qwen35_4b_227,226,16.75,-5.625,0.0024567695800215006,13,0,0.375,0.25,0.3007049560546875,0.5336322784423828,16.375,-5.875,17,0,21.875,1.375,19.125,0.06818181818181818,0,0,0,0
E_top20,corrupt,clean_to_corrupt,v5_qwen35_4b_233,232,16.625,-5.625,0.002331632189452648,16,0,0.25,0.25,0.24254989624023438,0.5131340026855469,16.375,-5.875,19,0,21.75,1.375,19.0625,0.046511627906976744,0,0,0,0
E_top20,corrupt,clean_to_corrupt,v5_qwen35_4b_235,234,16.75,-5.625,0.0024567695800215006,13,0,0.375,0.25,0.3007049560546875,0.5336322784423828,16.375,-5.875,17,0,21.875,1.375,19.125,0.06818181818181818,0,0,0,0
E_top20,corrupt,clean_to_corrupt,v5_qwen35_4b_248,247,16.75,-5.625,0.0024567695800215006,13,0,0.375,0.25,0.3007049560546875,0.5336322784423828,16.375,-5.875,17,0,21.875,1.375,19.125,0.06818181818181818,0,0,0,0
E_top20,corrupt,clean_to_corrupt,v5_qwen35_4b_250,249,16.75,-5.625,0.0024567695800215006,13,0,0.375,0.25,0.3007049560546875,0.5336322784423828,16.375,-5.875,17,0,21.875,1.375,19.125,0.06818181818181818,0,0,0,0
E_top20,corrupt,clean_to_corrupt,v5_qwen35_4b_261,260,17.875,-4.0,0.012688767164945602,5,0,0.25,0.125,0.15665435791015625,0.5479278564453125,17.625,-4.125,6,0,21.75,1.375,19.6875,0.06060606060606061,0,0,0,0
E_top20,corrupt,clean_to_corrupt,v5_qwen35_4b_274,273,17.875,-4.125,0.011495144106447697,5,0,0.375,0.375,0.3583412170410156,0.5472202301025391,17.5,-4.5,5,0,21.875,1.375,19.6875,0.08571428571428572,0,0,0,0
E_top20,corrupt,clean_to_corrupt,v5_qwen35_4b_298,297,17.75,-4.125,0.011076169088482857,6,0,0.25,0.25,0.24162864685058594,0.5639533996582031,17.5,-4.375,6,0,21.875,1.375,19.6875,0.05714285714285714,0,0,0,0
E_top20,corrupt,clean_to_corrupt,v5_qwen35_4b_202,201,20.5,-1.875,0.09644734859466553,2,0,0.125,0.0,0.022039413452148438,0.17974424362182617,20.375,-1.875,2,0,23.375,0.5,21.875,0.041666666666666664,0,0,0,0
E_top20,corrupt,clean_to_corrupt,v5_qwen35_4b_221,220,19.5,-2.875,0.01870567910373211,5,0,0.0,0.0,-0.037723541259765625,-0.01689910888671875,19.5,-2.875,5,0,24.625,0.25,22.0625,0.0,0,0,0,0
E_top20,corrupt,clean_to_corrupt,v5_qwen35_4b_051,50,19.375,-2.625,0.03206022083759308,5,0,0.25,0.125,0.1523303985595703,0.21915245056152344,19.125,-2.75,5,0,23.625,0.25,21.375,0.05555555555555555,0,0,0,0
E_top20,corrupt,clean_to_corrupt,v5_qwen35_4b_278,277,19.5,-2.5,0.035844314843416214,5,0,0.125,0.0,0.023923873901367188,0.22228097915649414,19.375,-2.5,5,0,23.375,0.5,21.375,0.03125,0,0,0,0
E_top20,corrupt,clean_to_corrupt,v5_qwen35_4b_062,61,19.625,-2.5,0.03994499519467354,5,0,0.125,0.125,0.08792495727539062,0.24926996231079102,19.5,-2.625,5,0,23.75,0.375,21.625,0.029411764705882353,0,0,0,0
E_top20,corrupt,clean_to_corrupt,v5_qwen35_4b_068,67,19.625,-2.5,0.03994499519467354,5,0,0.125,0.125,0.08792495727539062,0.24926996231079102,19.5,-2.625,5,0,23.75,0.375,21.625,0.029411764705882353,0,0,0,0
E_top20,corrupt,clean_to_corrupt,v5_qwen35_4b_209,208,19.625,-2.5,0.03875308856368065,5,0,0.125,0.125,0.05909156799316406,0.21152210235595703,19.5,-2.625,5,0,23.625,0.125,21.5625,0.030303030303030304,0,0,0,0
E_top20,corrupt,clean_to_corrupt,v5_qwen35_4b_220,219,19.625,-2.5,0.03875308856368065,5,0,0.125,0.125,0.05909156799316406,0.21152210235595703,19.5,-2.625,5,0,23.625,0.125,21.5625,0.030303030303030304,0,0,0,0
E_top20,corrupt,clean_to_corrupt,v5_qwen35_4b_225,224,19.625,-2.5,0.03875308856368065,5,0,0.125,0.125,0.05909156799316406,0.21152210235595703,19.5,-2.625,5,0,23.625,0.125,21.5625,0.030303030303030304,0,0,0,0
E_top20,corrupt,clean_to_corrupt,v5_qwen35_4b_300,299,19.75,-2.375,0.042253680527210236,5,0,0.125,0.125,0.08499336242675781,0.21390390396118164,19.625,-2.5,5,0,23.375,0.5,21.5,0.03333333333333333,0,0,0,0
E_top20,corrupt,clean_to_corrupt,v5_qwen35_4b_293,292,19.5,-3.0,0.027530474588274956,4,0,0.125,0.0,0.0033054351806640625,0.06992053985595703,19.375,-3.0,4,0,24.75,3.5,22.0625,0.023255813953488372,0,0,0,0
E_top20,corrupt,clean_to_corrupt,v5_qwen35_4b_066,65,19.5,-2.625,0.03400623798370361,5,0,0.125,0.0,0.0055561065673828125,0.24788284301757812,19.375,-2.625,5,0,23.75,0.5,21.5625,0.02857142857142857,0,0,0,0
E_top20,corrupt,clean_to_corrupt,v5_qwen35_4b_197,196,19.5,-2.375,0.031570833176374435,6,0,0.125,0.0,0.05328178405761719,0.23719215393066406,19.375,-2.375,7,0,23.375,0.125,21.375,0.03125,0,0,0,0
E_top20,corrupt,clean_to_corrupt,v5_qwen35_4b_074,73,19.75,-2.5,0.040157608687877655,5,0,0.125,0.125,0.07493972778320312,0.22739458084106445,19.625,-2.625,5,0,24.125,0.625,21.875,0.027777777777777776,0,0,0,0
E_top20,corrupt,clean_to_corrupt,v5_qwen35_4b_189,188,19.25,-3.25,0.016113830730319023,7,0,0.125,0.125,0.09108734130859375,0.24250555038452148,19.125,-3.375,7,0,23.375,0.25,21.25,0.029411764705882353,0,0,0,0
E_top20,corrupt,clean_to_corrupt,v5_qwen35_4b_223,222,19.75,-2.375,0.04413353279232979,5,0,0.125,0.0,0.042995452880859375,0.23887300491333008,19.625,-2.375,5,0,23.75,0.25,21.6875,0.030303030303030304,0,0,0,0
E_top20,corrupt,clean_to_corrupt,v5_qwen35_4b_266,265,19.625,-2.375,0.040967561304569244,5,0,0.125,0.0,0.026063919067382812,0.21686506271362305,19.5,-2.375,5,0,23.625,0.75,21.5625,0.030303030303030304,0,0,0,0
E_top20,corrupt,clean_to_corrupt,v5_qwen35_4b_287,286,19.875,-2.25,0.04894879087805748,5,0,0.25,0.125,0.15160179138183594,0.23925495147705078,19.625,-2.375,5,0,23.125,0.25,21.375,0.07142857142857142,0,0,0,0
E_top20,corrupt,clean_to_corrupt,v5_qwen35_4b_058,57,19.875,-2.625,0.04185033217072487,4,0,0.25,0.25,0.2096385955810547,0.27049732208251953,19.625,-2.875,5,0,23.5,0.25,21.5625,0.06451612903225806,0,0,0,0
E_top20,corrupt,clean_to_corrupt,v5_qwen35_4b_060,59,19.625,-2.5,0.038688160479068756,5,0,0.125,0.0,0.053852081298828125,0.21723604202270508,19.5,-2.5,5,0,24.0,0.5,21.75,0.027777777777777776,0,0,0,0
E_top20,corrupt,clean_to_corrupt,v5_qwen35_4b_201,200,19.75,-2.5,0.04096388816833496,5,0,0.125,0.0,0.00171661376953125,0.23718500137329102,19.625,-2.5,5,0,23.625,0.25,21.625,0.03125,0,0,0,0
E_top20,corrupt,clean_to_corrupt,v5_qwen35_4b_217,216,19.625,-2.5,0.0387028343975544,5,0,0.125,0.125,0.0812225341796875,0.1887345314025879,19.5,-2.625,5,0,23.75,0.375,21.625,0.029411764705882353,0,0,0,0
E_top20,corrupt,clean_to_corrupt,v5_qwen35_4b_218,217,19.75,-2.5,0.04094019904732704,5,0,0.125,0.125,0.08279037475585938,0.24736404418945312,19.625,-2.625,5,0,23.625,0.25,21.625,0.03125,0,0,0,0
E_top20,corrupt,clean_to_corrupt,v5_qwen35_4b_275,274,19.75,-2.5,0.04126861318945885,5,0,0.125,0.125,0.09112358093261719,0.23793601989746094,19.625,-2.625,5,0,23.25,0.375,21.4375,0.034482758620689655,0,0,0,0
E_top20,corrupt,clean_to_corrupt,v5_qwen35_4b_297,296,19.875,-2.375,0.048111774027347565,5,0,0.125,0.0,0.04058837890625,0.2296905517578125,19.75,-2.375,5,0,23.25,0.375,21.5,0.03571428571428571,0,0,0,0
E_top20,corrupt,clean_to_corrupt,v5_qwen35_4b_050,49,19.75,-2.375,0.046302203088998795,5,0,0.125,0.125,0.09356307983398438,0.21513080596923828,19.625,-2.5,5,0,23.875,0.625,21.75,0.029411764705882353,0,0,0,0
E_top20,corrupt,clean_to_corrupt,v5_qwen35_4b_063,62,19.75,-2.375,0.046302203088998795,5,0,0.125,0.125,0.09356307983398438,0.21513080596923828,19.625,-2.5,5,0,23.875,0.625,21.75,0.029411764705882353,0,0,0,0
E_top20,corrupt,clean_to_corrupt,v5_qwen35_4b_067,66,19.75,-2.375,0.046302203088998795,5,0,0.125,0.125,0.09356307983398438,0.21513080596923828,19.625,-2.5,5,0,23.875,0.625,21.75,0.029411764705882353,0,0,0,0
E_top20,corrupt,clean_to_corrupt,v5_qwen35_4b_075,74,19.75,-2.375,0.046302203088998795,5,0,0.125,0.125,0.09356307983398438,0.21513080596923828,19.625,-2.5,5,0,23.875,0.625,21.75,0.029411764705882353,0,0,0,0
E_top20,corrupt,clean_to_corrupt,v5_qwen35_4b_198,197,20.0,-1.875,0.052136972546577454,5,0,0.125,0.125,0.09206962585449219,0.21577978134155273,19.875,-2.0,5,0,23.75,0.375,21.8125,0.03225806451612903,0,0,0,0
E_top20,corrupt,clean_to_corrupt,v5_qwen35_4b_219,218,19.75,-2.375,0.04630671814084053,5,0,0.125,0.125,0.09269332885742188,0.22853899002075195,19.625,-2.5,5,0,23.75,0.375,21.6875,0.030303030303030304,0,0,0,0
E_top20,corrupt,clean_to_corrupt,v5_qwen35_4b_253,252,19.75,-2.375,0.04531880095601082,5,0,0.125,0.125,0.07009315490722656,0.21281194686889648,19.625,-2.5,5,0,23.25,0.5,21.4375,0.034482758620689655,0,0,0,0
E_top20,corrupt,clean_to_corrupt,v5_qwen35_4b_200,199,20.0,-2.0,0.05709541589021683,4,0,0.25,0.25,0.20051956176757812,0.16145086288452148,19.75,-2.25,5,0,24.125,1.375,21.9375,0.05714285714285714,0,0,0,0
E_top20,corrupt,clean_to_corrupt,v5_qwen35_4b_031,30,19.5,-2.75,0.02825925685465336,7,0,0.25,0.25,0.22023391723632812,0.2967720031738281,19.25,-3.0,7,0,23.75,0.875,21.5,0.05555555555555555,0,0,0,0
E_top20,corrupt,clean_to_corrupt,v5_qwen35_4b_163,162,19.875,-1.75,0.042426515370607376,6,0,0.125,0.125,0.05370521545410156,0.2614002227783203,19.75,-1.875,6,0,23.5,0.625,21.625,0.03333333333333333,0,0,0,0
E_top20,corrupt,clean_to_corrupt,v5_qwen35_4b_184,183,20.0,-1.875,0.04857722297310829,5,0,0.0,-0.125,-0.04610443115234375,0.22235167026519775,20.0,-1.75,5,0,23.375,0.25,21.6875,0.0,0,0,0,0
E_top20,corrupt,clean_to_corrupt,v5_qwen35_4b_191,190,19.5,-2.75,0.027916844934225082,7,0,0.25,0.25,0.20769119262695312,0.2726316452026367,19.25,-3.0,7,0,23.5,0.625,21.375,0.058823529411764705,0,0,0,0
E_top20,corrupt,clean_to_corrupt,v5_qwen35_4b_192,191,19.5,-2.75,0.027916844934225082,7,0,0.25,0.25,0.20769119262695312,0.2726316452026367,19.25,-3.0,7,0,23.5,0.625,21.375,0.058823529411764705,0,0,0,0
E_top20,corrupt,clean_to_corrupt,v5_qwen35_4b_022,21,19.75,-1.875,0.037837233394384384,6,0,0.125,0.125,0.03962516784667969,0.27686333656311035,19.625,-2.0,6,0,23.75,0.875,21.6875,0.030303030303030304,0,0,0,0
E_top20,corrupt,clean_to_corrupt,v5_qwen35_4b_034,33,19.5,-2.875,0.023940278217196465,7,0,0.125,0.125,0.10412788391113281,0.24642610549926758,19.375,-3.0,7,0,23.25,0.375,21.3125,0.03225806451612903,0,0,0,0
E_top20,corrupt,clean_to_corrupt,v5_qwen35_4b_061,60,20.0,-2.875,0.03817729279398918,4,0,0.25,0.125,0.12294387817382812,0.2983121871948242,19.75,-3.0,4,0,23.75,0.875,21.75,0.0625,0,0,0,0
E_top20,corrupt,clean_to_corrupt,v5_qwen35_4b_069,68,20.0,-3.0,0.03425787389278412,4,0,0.125,0.0,0.019283294677734375,0.3051328659057617,19.875,-3.0,4,0,23.25,0.375,21.5625,0.037037037037037035,0,0,0,0
E_top20,corrupt,clean_to_corrupt,v5_qwen35_4b_162,161,19.75,-1.875,0.03801383078098297,6,0,0.125,0.125,0.044464111328125,0.2773921489715576,19.625,-2.0,6,0,23.625,0.75,21.625,0.03125,0,0,0,0
E_top20,corrupt,clean_to_corrupt,v5_qwen35_4b_165,164,19.75,-2.125,0.0324224978685379,7,0,0.125,0.125,0.058406829833984375,0.26186037063598633,19.625,-2.25,7,0,23.375,0.375,21.5,0.03333333333333333,0,0,0,0
E_top20,corrupt,clean_to_corrupt,v5_qwen35_4b_176,175,19.75,-1.875,0.03801383078098297,6,0,0.125,0.125,0.044464111328125,0.2773921489715576,19.625,-2.0,6,0,23.625,0.75,21.625,0.03125,0,0,0,0
E_top20,corrupt,clean_to_corrupt,v5_qwen35_4b_177,176,19.75,-1.875,0.03801383078098297,6,0,0.125,0.125,0.044464111328125,0.2773921489715576,19.625,-2.0,6,0,23.625,0.75,21.625,0.03125,0,0,0,0
E_top20,corrupt,clean_to_corrupt,v5_qwen35_4b_211,210,19.875,-2.875,0.03714048117399216,4,0,0.125,0.125,0.09630393981933594,0.3102855682373047,19.75,-3.0,4,0,23.625,0.75,21.6875,0.03225806451612903,0,0,0,0
E_top20,corrupt,clean_to_corrupt,v5_qwen35_4b_246,245,19.5,-2.75,0.028527801856398582,7,0,0.125,0.125,0.08917427062988281,0.30178403854370117,19.375,-2.875,7,0,22.5,0.125,20.9375,0.04,0,0,0,0
E_top20,corrupt,clean_to_corrupt,v5_qwen35_4b_268,267,19.875,-3.0,0.03375888615846634,4,0,0.125,0.0,-0.0026645660400390625,0.3152294158935547,19.75,-3.0,4,0,22.5,0.125,21.125,0.045454545454545456,0,0,0,0
E_top20,corrupt,clean_to_corrupt,v5_qwen35_4b_032,31,19.625,-2.625,0.029077274724841118,7,0,0.125,0.125,0.07945442199707031,0.2144007682800293,19.5,-2.75,7,0,23.75,0.5,21.625,0.029411764705882353,0,0,0,0
E_top20,corrupt,clean_to_corrupt,v5_qwen35_4b_194,193,19.5,-2.875,0.02396908402442932,7,0,0.125,0.0,-0.0028705596923828125,0.25279903411865234,19.375,-2.875,7,0,23.5,0.375,21.4375,0.030303030303030304,0,0,0,0
E_top20,corrupt,clean_to_corrupt,v5_qwen35_4b_195,194,19.625,-2.375,0.02753942646086216,7,0,0.25,0.25,0.20944595336914062,0.20605039596557617,19.375,-2.625,7,0,23.625,0.25,21.5,0.058823529411764705,0,0,0,0
E_top20,corrupt,clean_to_corrupt,v5_qwen35_4b_019,18,19.375,-2.625,0.02151208184659481,7,0,0.125,0.125,0.07422447204589844,0.25046324729919434,19.25,-2.75,7,0,23.25,0.375,21.25,0.03125,0,0,0,0
E_top20,corrupt,clean_to_corrupt,v5_qwen35_4b_056,55,19.5,-3.5,0.020030993968248367,6,0,0.25,0.125,0.11890602111816406,0.28971290588378906,19.25,-3.625,6,0,24.25,0.875,21.75,0.05,0,0,0,0
E_top20,corrupt,clean_to_corrupt,v5_qwen35_4b_057,56,19.5,-3.375,0.021713031455874443,6,0,0.125,0.125,0.09816169738769531,0.2724742889404297,19.375,-3.5,6,0,24.0,0.625,21.6875,0.02702702702702703,0,0,0,0
E_top20,corrupt,clean_to_corrupt,v5_qwen35_4b_190,189,19.5,-2.625,0.026059918105602264,7,0,0.125,0.125,0.04901123046875,0.20957612991333008,19.375,-2.75,7,0,24.25,0.875,21.8125,0.02564102564102564,0,0,0,0
E_top20,corrupt,clean_to_corrupt,v5_qwen35_4b_199,198,19.5,-2.75,0.024919871240854263,7,0,0.125,0.125,0.09952545166015625,0.20184040069580078,19.375,-2.875,7,0,24.0,0.5,21.6875,0.02702702702702703,0,0,0,0
E_top20,corrupt,clean_to_corrupt,v5_qwen35_4b_240,239,19.5,-2.625,0.026071257889270782,7,0,0.125,0.125,0.049457550048828125,0.20222043991088867,19.375,-2.75,7,0,23.75,0.875,21.5625,0.02857142857142857,0,0,0,0
E_top20,corrupt,clean_to_corrupt,v5_qwen35_4b_279,278,19.5,-3.375,0.022121472284197807,6,0,0.25,0.25,0.221832275390625,0.2625923156738281,19.25,-3.625,6,0,23.625,0.625,21.4375,0.05714285714285714,0,0,0,0
E_top20,corrupt,clean_to_corrupt,v5_qwen35_4b_173,172,19.375,-2.75,0.01981716975569725,7,0,0.125,0.0,0.017726898193359375,0.2721743583679199,19.25,-2.75,7,0,23.5,0.375,21.375,0.029411764705882353,0,0,0,0
E_top20,corrupt,clean_to_corrupt,v5_qwen35_4b_193,192,19.5,-2.375,0.030648251995444298,5,0,0.125,0.125,0.06381034851074219,0.12968921661376953,19.375,-2.5,6,0,24.25,0.875,21.8125,0.02564102564102564,0,0,0,0
E_top20,corrupt,clean_to_corrupt,v5_qwen35_4b_196,195,19.875,-2.125,0.03863891214132309,5,0,0.125,0.125,0.05925559997558594,0.20620012283325195,19.75,-2.25,5,0,23.625,0.25,21.6875,0.03225806451612903,0,0,0,0
E_top20,corrupt,clean_to_corrupt,v5_qwen35_4b_207,206,19.875,-3.125,0.028821535408496857,5,0,0.125,0.125,0.09026336669921875,0.26937103271484375,19.75,-3.25,5,0,23.375,0.375,21.5625,0.034482758620689655,0,0,0,0
E_top20,corrupt,clean_to_corrupt,v5_qwen35_4b_210,209,19.625,-2.875,0.02991946041584015,5,0,0.125,0.0,0.02034759521484375,0.257080078125,19.5,-2.875,5,0,23.625,0.125,21.5625,0.030303030303030304,0,0,0,0
E_top20,corrupt,clean_to_corrupt,v5_qwen35_4b_071,70,19.5,-3.0,0.026814356446266174,5,0,0.125,0.0,0.04281806945800781,0.28731346130371094,19.375,-3.0,5,0,23.5,1.25,21.4375,0.030303030303030304,0,0,0,0
E_top20,corrupt,clean_to_corrupt,v5_qwen35_4b_170,169,19.0,-2.625,0.02316109836101532,7,0,0.125,0.0,0.08440780639648438,0.20017707347869873,18.875,-2.625,7,0,23.375,0.75,21.125,0.027777777777777776,0,0,0,0
E_top20,corrupt,clean_to_corrupt,v5_qwen35_4b_178,177,19.875,-1.75,0.0501532107591629,5,0,0.0,-0.25,-0.09891510009765625,0.19270896911621094,19.875,-1.5,5,0,23.625,0.625,21.75,0.0,0,0,0,0
E_top20,corrupt,clean_to_corrupt,v5_qwen35_4b_175,174,19.125,-2.875,0.020124215632677078,7,0,0.125,0.0,0.07767868041992188,0.18443012237548828,19.0,-2.875,7,0,22.875,0.0,20.9375,0.03225806451612903,0,0,0,0
E_top20,corrupt,clean_to_corrupt,v5_qwen35_4b_171,170,19.875,-1.625,0.05176819488406181,5,0,0.0,-0.25,-0.07407760620117188,0.21590971946716309,19.875,-1.375,5,0,24.125,1.0,22.0,0.0,0,0,0,0
E_top20,corrupt,clean_to_corrupt,v5_qwen35_4b_009,8,19.125,-2.875,0.01975906454026699,7,0,0.125,0.125,0.12219619750976562,0.1374359130859375,19.0,-3.0,7,0,23.625,0.5,21.3125,0.02702702702702703,0,0,0,0
E_top20,corrupt,clean_to_corrupt,v5_qwen35_4b_052,51,20.375,-2.75,0.04473845288157463,3,0,0.125,0.0,0.022226333618164062,0.20796918869018555,20.25,-2.75,3,0,23.75,0.875,22.0,0.03571428571428571,0,0,0,0
E_top20,corrupt,clean_to_corrupt,v5_qwen35_4b_076,75,16.125,-7.125,0.000573864032048732,26,0,0.25,0.125,0.15010643005371094,0.4509286880493164,15.875,-7.25,29,0,21.25,0.375,18.5625,0.046511627906976744,0,0,0,0
E_top20,corrupt,clean_to_corrupt,v5_qwen35_4b_077,76,16.125,-7.125,0.000573864032048732,26,0,0.25,0.125,0.15010643005371094,0.4509286880493164,15.875,-7.25,29,0,21.25,0.375,18.5625,0.046511627906976744,0,0,0,0
E_top20,corrupt,clean_to_corrupt,v5_qwen35_4b_078,77,16.125,-7.125,0.000573864032048732,26,0,0.25,0.125,0.15010643005371094,0.4509286880493164,15.875,-7.25,29,0,21.25,0.375,18.5625,0.046511627906976744,0,0,0,0
E_top20,corrupt,clean_to_corrupt,v5_qwen35_4b_079,78,16.125,-7.125,0.000573864032048732,26,0,0.25,0.125,0.15010643005371094,0.4509286880493164,15.875,-7.25,29,0,21.25,0.375,18.5625,0.046511627906976744,0,0,0,0
E_top20,corrupt,clean_to_corrupt,v5_qwen35_4b_080,79,16.125,-7.125,0.000573864032048732,26,0,0.25,0.125,0.15010643005371094,0.4509286880493164,15.875,-7.25,29,0,21.25,0.375,18.5625,0.046511627906976744,0,0,0,0
E_top20,corrupt,clean_to_corrupt,v5_qwen35_4b_081,80,16.125,-7.125,0.000573864032048732,26,0,0.25,0.125,0.15010643005371094,0.4509286880493164,15.875,-7.25,29,0,21.25,0.375,18.5625,0.046511627906976744,0,0,0,0
E_top20,corrupt,clean_to_corrupt,v5_qwen35_4b_082,81,16.125,-7.125,0.000573864032048732,26,0,0.25,0.125,0.15010643005371094,0.4509286880493164,15.875,-7.25,29,0,21.25,0.375,18.5625,0.046511627906976744,0,0,0,0
E_top20,corrupt,clean_to_corrupt,v5_qwen35_4b_083,82,16.25,-7.0,0.000650315429084003,23,0,0.3125,0.3125,0.2873096466064453,0.4416532516479492,15.9375,-7.3125,29,0,21.25,0.375,18.59375,0.058823529411764705,0,0,0,0
E_top20,corrupt,clean_to_corrupt,v5_qwen35_4b_084,83,16.25,-7.0,0.000650315429084003,23,0,0.3125,0.3125,0.2873096466064453,0.4416532516479492,15.9375,-7.3125,29,0,21.25,0.375,18.59375,0.058823529411764705,0,0,0,0
E_top20,corrupt,clean_to_corrupt,v5_qwen35_4b_087,86,16.25,-7.0,0.000650315429084003,23,0,0.3125,0.3125,0.2873096466064453,0.4416532516479492,15.9375,-7.3125,29,0,21.25,0.375,18.59375,0.058823529411764705,0,0,0,0
E_top20,corrupt,clean_to_corrupt,v5_qwen35_4b_088,87,16.25,-7.0,0.000650315429084003,23,0,0.3125,0.3125,0.2873096466064453,0.4416532516479492,15.9375,-7.3125,29,0,21.25,0.375,18.59375,0.058823529411764705,0,0,0,0
E_top20,corrupt,clean_to_corrupt,v5_qwen35_4b_089,88,16.25,-7.0,0.000650315429084003,23,0,0.3125,0.3125,0.2873096466064453,0.4416532516479492,15.9375,-7.3125,29,0,21.25,0.375,18.59375,0.058823529411764705,0,0,0,0
E_top20,corrupt,clean_to_corrupt,v5_qwen35_4b_090,89,16.25,-7.0,0.000650315429084003,23,0,0.3125,0.3125,0.2873096466064453,0.4416532516479492,15.9375,-7.3125,29,0,21.25,0.375,18.59375,0.058823529411764705,0,0,0,0
E_top20,corrupt,clean_to_corrupt,v5_qwen35_4b_091,90,16.25,-7.0,0.000650315429084003,23,0,0.3125,0.3125,0.2873096466064453,0.4416532516479492,15.9375,-7.3125,29,0,21.25,0.375,18.59375,0.058823529411764705,0,0,0,0
E_top20,corrupt,clean_to_corrupt,v5_qwen35_4b_092,91,16.25,-7.0,0.000650315429084003,23,0,0.3125,0.3125,0.2873096466064453,0.4416532516479492,15.9375,-7.3125,29,0,21.25,0.375,18.59375,0.058823529411764705,0,0,0,0
E_top20,corrupt,clean_to_corrupt,v5_qwen35_4b_093,92,16.25,-7.0,0.000650315429084003,23,0,0.3125,0.3125,0.2873096466064453,0.4416532516479492,15.9375,-7.3125,29,0,21.25,0.375,18.59375,0.058823529411764705,0,0,0,0
E_top20,corrupt,clean_to_corrupt,v5_qwen35_4b_094,93,16.25,-7.0,0.000650315429084003,23,0,0.3125,0.3125,0.2873096466064453,0.4416532516479492,15.9375,-7.3125,29,0,21.25,0.375,18.59375,0.058823529411764705,0,0,0,0
E_top20,corrupt,clean_to_corrupt,v5_qwen35_4b_095,94,16.25,-7.0,0.000650315429084003,23,0,0.3125,0.3125,0.2873096466064453,0.4416532516479492,15.9375,-7.3125,29,0,21.25,0.375,18.59375,0.058823529411764705,0,0,0,0
E_top20,corrupt,clean_to_corrupt,v5_qwen35_4b_096,95,16.25,-7.0,0.000650315429084003,23,0,0.3125,0.3125,0.2873096466064453,0.4416532516479492,15.9375,-7.3125,29,0,21.25,0.375,18.59375,0.058823529411764705,0,0,0,0
E_top20,corrupt,clean_to_corrupt,v5_qwen35_4b_097,96,16.25,-7.0,0.000650315429084003,23,0,0.3125,0.3125,0.2873096466064453,0.4416532516479492,15.9375,-7.3125,29,0,21.25,0.375,18.59375,0.058823529411764705,0,0,0,0
E_top20,corrupt,clean_to_corrupt,v5_qwen35_4b_099,98,16.25,-7.0,0.000650315429084003,23,0,0.3125,0.3125,0.2873096466064453,0.4416532516479492,15.9375,-7.3125,29,0,21.25,0.375,18.59375,0.058823529411764705,0,0,0,0
E_top20,corrupt,clean_to_corrupt,v5_qwen35_4b_100,99,16.25,-7.0,0.000650315429084003,23,0,0.3125,0.3125,0.2873096466064453,0.4416532516479492,15.9375,-7.3125,29,0,21.25,0.375,18.59375,0.058823529411764705,0,0,0,0
E_top20,corrupt,clean_to_corrupt,v5_qwen35_4b_101,100,16.25,-7.0,0.000650315429084003,23,0,0.3125,0.3125,0.2873096466064453,0.4416532516479492,15.9375,-7.3125,29,0,21.25,0.375,18.59375,0.058823529411764705,0,0,0,0
E_top20,corrupt,clean_to_corrupt,v5_qwen35_4b_102,101,16.25,-7.0,0.000650315429084003,23,0,0.3125,0.3125,0.2873096466064453,0.4416532516479492,15.9375,-7.3125,29,0,21.25,0.375,18.59375,0.058823529411764705,0,0,0,0
E_top20,corrupt,clean_to_corrupt,v5_qwen35_4b_103,102,16.25,-7.0,0.000650315429084003,23,0,0.3125,0.3125,0.2873096466064453,0.4416532516479492,15.9375,-7.3125,29,0,21.25,0.375,18.59375,0.058823529411764705,0,0,0,0
E_top20,corrupt,clean_to_corrupt,v5_qwen35_4b_104,103,16.25,-7.0,0.000650315429084003,23,0,0.3125,0.3125,0.2873096466064453,0.4416532516479492,15.9375,-7.3125,29,0,21.25,0.375,18.59375,0.058823529411764705,0,0,0,0
E_top20,corrupt,clean_to_corrupt,v5_qwen35_4b_105,104,16.25,-7.0,0.000650315429084003,23,0,0.3125,0.3125,0.2873096466064453,0.4416532516479492,15.9375,-7.3125,29,0,21.25,0.375,18.59375,0.058823529411764705,0,0,0,0
E_top20,corrupt,clean_to_corrupt,v5_qwen35_4b_106,105,16.25,-7.0,0.000650315429084003,23,0,0.3125,0.3125,0.2873096466064453,0.4416532516479492,15.9375,-7.3125,29,0,21.25,0.375,18.59375,0.058823529411764705,0,0,0,0
E_top20,corrupt,clean_to_corrupt,v5_qwen35_4b_107,106,16.25,-7.0,0.000650315429084003,23,0,0.3125,0.3125,0.2873096466064453,0.4416532516479492,15.9375,-7.3125,29,0,21.25,0.375,18.59375,0.058823529411764705,0,0,0,0
E_top20,corrupt,clean_to_corrupt,v5_qwen35_4b_108,107,16.25,-7.0,0.000650315429084003,23,0,0.3125,0.3125,0.2873096466064453,0.4416532516479492,15.9375,-7.3125,29,0,21.25,0.375,18.59375,0.058823529411764705,0,0,0,0
E_top20,corrupt,clean_to_corrupt,v5_qwen35_4b_109,108,16.25,-7.0,0.000650315429084003,23,0,0.3125,0.3125,0.2873096466064453,0.4416532516479492,15.9375,-7.3125,29,0,21.25,0.375,18.59375,0.058823529411764705,0,0,0,0
E_top20,corrupt,clean_to_corrupt,v5_qwen35_4b_110,109,16.25,-7.0,0.000650315429084003,23,0,0.3125,0.3125,0.2873096466064453,0.4416532516479492,15.9375,-7.3125,29,0,21.25,0.375,18.59375,0.058823529411764705,0,0,0,0
E_top20,corrupt,clean_to_corrupt,v5_qwen35_4b_111,110,16.25,-7.0,0.000650315429084003,23,0,0.3125,0.3125,0.2873096466064453,0.4416532516479492,15.9375,-7.3125,29,0,21.25,0.375,18.59375,0.058823529411764705,0,0,0,0
E_top20,corrupt,clean_to_corrupt,v5_qwen35_4b_112,111,16.25,-7.0,0.000650315429084003,23,0,0.3125,0.3125,0.2873096466064453,0.4416532516479492,15.9375,-7.3125,29,0,21.25,0.375,18.59375,0.058823529411764705,0,0,0,0
E_top20,corrupt,clean_to_corrupt,v5_qwen35_4b_116,115,16.875,-6.25,0.001238182419911027,13,0,0.25,0.25,0.24247169494628906,0.5135898590087891,16.625,-6.5,16,0,21.25,0.375,18.9375,0.05405405405405406,0,0,0,0
E_top20,corrupt,clean_to_corrupt,v5_qwen35_4b_129,128,16.875,-6.25,0.001238182419911027,13,0,0.25,0.25,0.24247169494628906,0.5135898590087891,16.625,-6.5,16,0,21.25,0.375,18.9375,0.05405405405405406,0,0,0,0
E_top20,corrupt,clean_to_corrupt,v5_qwen35_4b_132,131,16.875,-6.25,0.001238182419911027,13,0,0.25,0.25,0.24247169494628906,0.5135898590087891,16.625,-6.5,16,0,21.25,0.375,18.9375,0.05405405405405406,0,0,0,0
E_top20,corrupt,clean_to_corrupt,v5_qwen35_4b_138,137,16.875,-6.25,0.001238182419911027,13,0,0.25,0.25,0.24247169494628906,0.5135898590087891,16.625,-6.5,16,0,21.25,0.375,18.9375,0.05405405405405406,0,0,0,0
E_top20,corrupt,clean_to_corrupt,v5_qwen35_4b_143,142,16.875,-6.25,0.001238182419911027,13,0,0.25,0.25,0.24247169494628906,0.5135898590087891,16.625,-6.5,16,0,21.25,0.375,18.9375,0.05405405405405406,0,0,0,0
E_top20,corrupt,clean_to_corrupt,v5_qwen35_4b_029,28,17.625,-3.5,0.01012857910245657,8,0,0.125,0.125,0.11151885986328125,0.21267175674438477,17.5,-3.625,8,0,21.75,0.875,19.625,0.029411764705882353,0,0,0,0
E_top20,corrupt,clean_to_corrupt,v5_qwen35_4b_086,85,16.0,-7.25,0.0005038773524574935,28,0,0.25,0.125,0.15290451049804688,0.48057079315185547,15.75,-7.375,30,0,21.5,0.625,18.625,0.043478260869565216,0,0,0,0
E_top20,corrupt,clean_to_corrupt,v5_qwen35_4b_258,257,20.125,-2.375,0.0561910979449749,4,0,0.0,-0.125,-0.08604049682617188,0.06327962875366211,20.125,-2.25,4,0,26.25,3.25,23.1875,0.0,0,0,0,0
E_top20,corrupt,clean_to_corrupt,v5_qwen35_4b_252,251,20.25,-1.625,0.08226954936981201,3,0,0.0,-0.125,-0.06263160705566406,0.21113300323486328,20.25,-1.5,3,0,24.375,2.125,22.3125,0.0,0,0,0,0
E_top20,corrupt,clean_to_corrupt,v5_qwen35_4b_006,5,17.5,-4.375,0.006075628101825714,11,0,0.0,-0.125,-0.10250663757324219,0.37266063690185547,17.5,-4.25,11,0,24.75,2.75,21.125,0.0,0,0,0,0
E_top20,corrupt,clean_to_corrupt,v5_qwen35_4b_004,3,16.125,-6.625,0.0007061908254399896,24,0,-0.125,-0.25,-0.23314476013183594,0.07761609554290771,16.25,-6.375,23,0,25.875,2.25,21.0625,-0.012987012987012988,0,0,0,0
E_top20,corrupt,clean_to_corrupt,v5_qwen35_4b_154,153,15.125,-6.25,0.00040574732702225447,40,0,-0.1875,-0.1875,-0.27707862854003906,-0.00879514217376709,15.3125,-6.0625,36,0,26.25,3.0,20.78125,-0.017142857142857144,0,0,0,0
E_top20,corrupt,clean_to_corrupt,v5_qwen35_4b_119,118,18.625,-4.625,0.005127828102558851,7,0,0.0,-0.125,-0.11187934875488281,0.1362895965576172,18.625,-4.5,7,0,26.875,4.0,22.75,0.0,0,0,0,0
E_top20,corrupt,clean_to_corrupt,v5_qwen35_4b_010,9,16.125,-5.75,0.0010177685180678964,25,0,0.0,0.0,-0.0047931671142578125,0.05279874801635742,16.125,-5.75,26,0,21.5,0.125,18.8125,0.0,0,0,0,0
E_top20,corrupt,clean_to_corrupt,v5_qwen35_4b_151,150,15.6875,-6.4375,0.0008240120951086283,27,0,0.0,-0.125,-0.11825370788574219,0.2363300323486328,15.6875,-6.3125,26,0,27.75,5.625,21.71875,0.0,0,0,0,0
E_top20,corrupt,clean_to_corrupt,v5_qwen35_4b_289,288,19.25,-3.5,0.017156990244984627,5,0,0.0,0.0,-0.0044612884521484375,0.02416706085205078,19.25,-3.5,5,0,27.375,4.25,23.3125,0.0,0,0,0,0
E_top20,corrupt,clean_to_corrupt,v5_qwen35_4b_244,243,18.625,-1.875,0.049978241324424744,7,0,-0.125,-0.25,-0.2098236083984375,0.10383667051792145,18.75,-1.625,6,0,25.125,2.75,21.9375,-0.0196078431372549,0,0,0,0
