group,sample_id,pair_index,intervened_tool_logit,intervened_tool_probability,intervened_top1_margin,intervened_log_odds,intervened_tool_rank,intervened_tool_top1,tool_logit_delta,tool_probability_delta,top1_margin_delta,log_odds_delta,gate_score,gate_score_delta,baseline_tool_logit,baseline_tool_top1,strict_recovery
paper_suppressor_top,v5_qwen35_4b_285,284,18.625,0.015306143090128899,-2.875,-4.164106369018555,9,0,-0.625,-0.011305335909128189,-0.25,-0.5646228790283203,-7.602206230163574,0.3800640106201172,19.25,0,0
paper_suppressor_top,v5_qwen35_4b_016,15,13.625,8.8610322563909e-05,-8.375,-9.33121109008789,79,0,-1.4375,-0.00027467361360322684,-1.1875,-1.4112052917480469,-12.525087356567383,0.4401416778564453,15.0625,0,0
paper_suppressor_top,v5_qwen35_4b_036,35,14.3125,0.00012016062828479335,-7.8125,-9.026590347290039,56,0,-1.375,-0.0004458301773411222,-1.5,-1.550180435180664,-14.360917091369629,0.43404579162597656,15.6875,0,0
paper_suppressor_top,v5_qwen35_4b_085,84,13.625,9.058407886186615e-05,-8.75,-9.30916976928711,63,0,-1.375,-0.00018095428094966337,-0.875,-1.0980091094970703,-13.445425987243652,0.4452381134033203,15.0,0,0
paper_suppressor_top,v5_qwen35_4b_133,132,14.3125,0.00012016062828479335,-7.8125,-9.026590347290039,56,0,-1.375,-0.0004458301773411222,-1.5,-1.550180435180664,-14.360917091369629,0.43404579162597656,15.6875,0,0
paper_suppressor_top,v5_qwen35_4b_147,146,14.3125,0.00012016062828479335,-7.8125,-9.026590347290039,56,0,-1.375,-0.0004458301773411222,-1.5,-1.550180435180664,-14.360917091369629,0.43404579162597656,15.6875,0,0
paper_suppressor_top,v5_qwen35_4b_260,259,16.0,0.0016159751685336232,-5.25,-6.426242828369141,21,0,-1.125,-0.0031121139181777835,-0.75,-1.0766983032226562,-12.695634841918945,0.4118509292602539,17.125,0,0
paper_suppressor_top,v5_qwen35_4b_263,262,15.625,0.0012742687249556184,-5.875,-6.664150238037109,21,0,-1.0,-0.0012668684357777238,-0.375,-0.6915149688720703,-13.587918281555176,0.4366731643676758,16.625,0,0
paper_suppressor_top,v5_qwen35_4b_296,295,16.125,0.0018874944653362036,-5.125,-6.270660400390625,21,0,-1.125,-0.0036390258464962244,-0.75,-1.0779552459716797,-12.534431457519531,0.4138774871826172,17.25,0,0
paper_suppressor_top,v5_qwen35_4b_040,39,14.3125,0.000237699830904603,-7.0625,-8.344306945800781,46,0,-1.6875,-0.0011959266848862171,-1.5625,-1.7981376647949219,-10.923233032226562,0.44991493225097656,16.0,0,0
paper_suppressor_top,v5_qwen35_4b_054,53,15.875,0.002209280850365758,-4.5,-6.1129302978515625,21,0,-1.5,-0.008557344553992152,-1.25,-1.5923824310302734,-9.607367515563965,0.4154329299926758,17.375,0,0
paper_suppressor_top,v5_qwen35_4b_229,228,14.3125,0.000237699830904603,-7.0625,-8.344306945800781,46,0,-1.6875,-0.0011959266848862171,-1.5625,-1.7981376647949219,-10.923233032226562,0.44991493225097656,16.0,0,0
paper_suppressor_top,v5_qwen35_4b_047,46,14.9375,0.00013897095050197095,-8.1875,-8.881128311157227,36,0,-2.0625,-0.001473277181503363,-2.3125,-2.452587127685547,-5.338642597198486,0.44782495498657227,17.0,0,0
paper_suppressor_top,v5_qwen35_4b_271,270,18.375,0.010965795256197453,-3.5,-4.501983642578125,10,0,-1.0,-0.013145708478987217,-0.5,-0.8012828826904297,-10.550737380981445,0.4317436218261719,19.375,0,0
paper_suppressor_top,v5_qwen35_4b_039,38,14.5625,4.585774877341464e-05,-9.0625,-9.989933013916016,42,0,-1.9375,-0.00040285154682351276,-2.1875,-2.281229019165039,-9.248051643371582,0.46384143829345703,16.5,0,0
paper_suppressor_top,v5_qwen35_4b_215,214,18.0,0.008882129564881325,-3.75,-4.714826583862305,10,0,-1.25,-0.01756051555275917,-0.875,-1.1088066101074219,-7.155677318572998,0.46767759323120117,19.25,0,0
paper_suppressor_top,v5_qwen35_4b_245,244,13.9375,0.00011958090180996805,-8.5625,-9.031421661376953,38,0,-1.1875,-0.00016884224896784872,-0.6875,-0.8806076049804688,-15.093992233276367,0.43157386779785156,15.125,0,0
paper_suppressor_top,v5_qwen35_4b_161,160,14.6875,0.0001750683004502207,-8.3125,-8.650182723999023,47,0,-1.0,-0.00010789846419356763,-0.25,-0.4802703857421875,-18.21588134765625,0.4500923156738281,15.6875,0,0
paper_suppressor_top,v5_qwen35_4b_121,120,14.8125,0.0002743720542639494,-7.5625,-8.20077896118164,23,0,-1.0625,-0.0003099149907939136,-0.5625,-0.7562217712402344,-15.976845741271973,0.4480428695678711,15.875,0,0
paper_suppressor_top,v5_qwen35_4b_181,180,14.9375,0.00028577016200870275,-7.8125,-8.16006088256836,28,0,-0.9375,-0.00014834548346698284,-0.1875,-0.41827964782714844,-16.59369659423828,0.45551490783691406,15.875,0,0
paper_suppressor_top,v5_qwen35_4b_259,258,16.625,0.002279971493408084,-5.625,-6.081338882446289,14,0,-0.75,-0.0007134813349694014,0.0,-0.27298927307128906,-15.809905052185059,0.41764354705810547,17.375,0,0
paper_suppressor_top,v5_qwen35_4b_283,282,17.0,0.0033683874644339085,-4.75,-5.6899871826171875,14,0,-0.875,-0.003824001643806696,-0.5,-0.7624282836914062,-11.606500625610352,0.4642925262451172,17.875,0,0
paper_suppressor_top,v5_qwen35_4b_272,271,19.875,0.02078109234571457,-3.5,-3.8527259826660156,7,0,-0.375,-0.0030526891350746155,0.0,-0.1401824951171875,-10.157008171081543,0.46935558319091797,20.25,0,0
paper_suppressor_top,v5_qwen35_4b_043,42,14.625,8.120974234770983e-05,-8.0,-9.418413162231445,54,0,-2.125,-0.0009378130343975499,-2.375,-2.5304908752441406,-6.62448263168335,0.44562816619873047,16.75,0,0
paper_suppressor_top,v5_qwen35_4b_166,165,17.75,0.004630580078810453,-4.375,-5.370466232299805,17,0,-1.625,-0.01776420557871461,-1.25,-1.5941486358642578,-7.605038642883301,0.45299816131591797,19.375,0,0
paper_suppressor_top,v5_qwen35_4b_055,54,18.125,0.006070340983569622,-4.625,-5.098278045654297,8,0,-1.0,-0.002164222300052643,0.0,-0.3071155548095703,-14.350683212280273,0.5119199752807617,19.125,0,0
paper_suppressor_top,v5_qwen35_4b_130,129,14.125,6.281495006987825e-05,-9.0,-9.675271987915039,57,0,-2.5,-0.0006891057346365415,-2.375,-2.483123779296875,-8.447895050048828,0.4458341598510742,16.625,0,0
paper_suppressor_top,v5_qwen35_4b_182,181,14.3125,7.591640314785764e-05,-9.1875,-9.485822677612305,50,0,-1.5,-0.0002608700960990973,-1.375,-1.4900779724121094,-4.2984137535095215,0.4349093437194824,15.8125,0,0
paper_suppressor_top,v5_qwen35_4b_065,64,17.0,0.004688308108597994,-4.0,-5.358020782470703,13,0,-1.125,-0.007687594275921583,-0.75,-0.978424072265625,-6.201427459716797,0.3727717399597168,18.125,0,0
paper_suppressor_top,v5_qwen35_4b_001,0,16.375,0.0012796282535418868,-6.25,-6.659933090209961,20,0,-1.125,-0.004327846341766417,-1.375,-1.4818687438964844,-3.2279133796691895,0.42505669593811035,17.5,0,0
paper_suppressor_top,v5_qwen35_4b_053,52,16.25,0.0029738973826169968,-4.625,-5.814949035644531,17,0,-1.25,-0.007662277668714523,-1.0,-1.282094955444336,-9.126289367675781,0.41623687744140625,17.5,0,0
paper_suppressor_top,v5_qwen35_4b_155,154,13.375,0.00010399614984635264,-7.75,-9.171096801757812,75,0,-1.75,-0.0005872698820894584,-1.625,-1.8947410583496094,-10.327988624572754,0.45122623443603516,15.125,0,0
paper_suppressor_top,v5_qwen35_4b_120,119,14.6875,0.00031693949131295085,-6.8125,-8.056516647338867,38,0,-1.4375,-0.0012157995370216668,-1.4375,-1.5773029327392578,-10.602993965148926,0.443511962890625,16.125,0,0
paper_suppressor_top,v5_qwen35_4b_232,231,14.6875,0.00031693949131295085,-6.8125,-8.056516647338867,38,0,-1.4375,-0.0012157995370216668,-1.4375,-1.5773029327392578,-10.602993965148926,0.443511962890625,16.125,0,0
paper_suppressor_top,v5_qwen35_4b_226,225,16.25,0.00021453671797644347,-7.625,-8.44682502746582,19,0,-1.625,-0.0013630660978378728,-1.875,-1.9965381622314453,-12.20035171508789,0.44936180114746094,17.875,0,0
paper_suppressor_top,v5_qwen35_4b_123,122,14.1875,0.0001795117714209482,-7.9375,-8.625120162963867,53,0,-1.5625,-0.0005753028235631064,-1.1875,-1.4368057250976562,-16.140857696533203,0.4664306640625,15.75,0,0
paper_suppressor_top,v5_qwen35_4b_030,29,14.25,0.0001784861960913986,-8.0,-8.630847930908203,52,0,-1.5625,-0.00050467046094127,-1.0625,-1.3427162170410156,-16.20138931274414,0.46796417236328125,15.8125,0,0
paper_suppressor_top,v5_qwen35_4b_205,204,16.5,0.0028433827683329582,-5.125,-5.859951019287109,12,0,-1.5,-0.0073374491184949875,-1.0,-1.28289794921875,-13.771332740783691,0.45106983184814453,18.0,0,0
paper_suppressor_top,v5_qwen35_4b_208,207,18.875,0.01984340324997902,-3.125,-3.899869918823242,6,0,-0.75,-0.004709374159574509,0.125,-0.2177753448486328,-11.230208396911621,0.44472503662109375,19.625,0,0
paper_suppressor_top,v5_qwen35_4b_159,158,14.625,0.00013821209722664207,-8.5,-8.886604309082031,49,0,-1.0625,-0.0001580561074661091,-0.5625,-0.7626380920410156,-18.339548110961914,0.46186065673828125,15.6875,0,0
paper_suppressor_top,v5_qwen35_4b_262,261,17.875,0.0073172119446098804,-4.125,-4.910209655761719,7,0,-0.75,-0.003998949658125639,-0.125,-0.44004249572753906,-15.27222728729248,0.44080257415771484,18.625,0,0
paper_suppressor_top,v5_qwen35_4b_281,280,17.875,0.0073172119446098804,-4.125,-4.910209655761719,7,0,-0.75,-0.003998949658125639,-0.125,-0.44004249572753906,-15.27222728729248,0.44080257415771484,18.625,0,0
paper_suppressor_top,v5_qwen35_4b_153,152,14.6875,0.0005002777324989438,-7.1875,-7.599885940551758,36,0,-1.125,-0.00016963749658316374,0.0,-0.2921791076660156,-16.910533905029297,0.45575523376464844,15.8125,0,0
paper_suppressor_top,v5_qwen35_4b_017,16,14.4375,0.00042785462574101985,-7.4375,-7.75633430480957,32,0,-1.125,-0.00016973019228316844,-0.125,-0.3343009948730469,-16.26810073852539,0.4648876190185547,15.5625,0,0
paper_suppressor_top,v5_qwen35_4b_023,22,14.4375,0.00042785462574101985,-7.4375,-7.75633430480957,32,0,-1.125,-0.00016973019228316844,-0.125,-0.3343009948730469,-16.26810073852539,0.4648876190185547,15.5625,0,0
paper_suppressor_top,v5_qwen35_4b_027,26,15.375,0.0008702333434484899,-6.5,-7.04591178894043,20,0,-1.125,-0.0006502275937236845,-0.25,-0.5586681365966797,-16.907703399658203,0.4444007873535156,16.5,0,0
paper_suppressor_top,v5_qwen35_4b_028,27,15.375,0.0008702333434484899,-6.5,-7.04591178894043,20,0,-1.125,-0.0006502275937236845,-0.25,-0.5586681365966797,-16.907703399658203,0.4444007873535156,16.5,0,0
paper_suppressor_top,v5_qwen35_4b_035,34,15.375,0.0008702333434484899,-6.5,-7.04591178894043,20,0,-1.125,-0.0006502275937236845,-0.25,-0.5586681365966797,-16.907703399658203,0.4444007873535156,16.5,0,0
paper_suppressor_top,v5_qwen35_4b_046,45,15.3125,0.000913061376195401,-6.4375,-6.997829437255859,20,0,-1.0625,-0.0005699104513041675,-0.1875,-0.4855823516845703,-16.669206619262695,0.4365882873535156,16.375,0,0
paper_suppressor_top,v5_qwen35_4b_059,58,16.5,0.006587657146155834,-4.375,-5.015998840332031,12,0,-1.0,-0.001105103176087141,0.25,-0.15621566772460938,-15.028775215148926,0.4368305206298828,17.5,0,0
paper_suppressor_top,v5_qwen35_4b_064,63,16.5,0.006587657146155834,-4.375,-5.015998840332031,12,0,-1.0,-0.001105103176087141,0.25,-0.15621566772460938,-15.028775215148926,0.4368305206298828,17.5,0,0
paper_suppressor_top,v5_qwen35_4b_113,112,15.3125,0.000913061376195401,-6.4375,-6.997829437255859,20,0,-1.0625,-0.0005699104513041675,-0.1875,-0.4855823516845703,-16.669206619262695,0.4365882873535156,16.375,0,0
paper_suppressor_top,v5_qwen35_4b_118,117,15.3125,0.000913061376195401,-6.4375,-6.997829437255859,20,0,-1.0625,-0.0005699104513041675,-0.1875,-0.4855823516845703,-16.669206619262695,0.4365882873535156,16.375,0,0
paper_suppressor_top,v5_qwen35_4b_149,148,15.3125,0.000913061376195401,-6.4375,-6.997829437255859,20,0,-1.0625,-0.0005699104513041675,-0.1875,-0.4855823516845703,-16.669206619262695,0.4365882873535156,16.375,0,0
paper_suppressor_top,v5_qwen35_4b_152,151,14.0625,0.00032259896397590637,-7.6875,-8.038814544677734,37,0,-1.125,-8.90493392944336e-05,0.0,-0.2438678741455078,-16.179292678833008,0.46503257751464844,15.1875,0,0
paper_suppressor_top,v5_qwen35_4b_156,155,14.0625,0.00032259896397590637,-7.6875,-8.038814544677734,37,0,-1.125,-8.90493392944336e-05,0.0,-0.2438678741455078,-16.179292678833008,0.46503257751464844,15.1875,0,0
paper_suppressor_top,v5_qwen35_4b_167,166,14.0625,0.00032259896397590637,-7.6875,-8.038814544677734,37,0,-1.125,-8.90493392944336e-05,0.0,-0.2438678741455078,-16.179292678833008,0.46503257751464844,15.1875,0,0
paper_suppressor_top,v5_qwen35_4b_172,171,14.375,0.0003978906897827983,-7.5,-7.828969955444336,33,0,-1.125,-0.00016208342276513577,-0.125,-0.34189414978027344,-16.29422378540039,0.4562835693359375,15.5,0,0
paper_suppressor_top,v5_qwen35_4b_234,233,15.0,0.0006624890957027674,-6.75,-7.318880081176758,21,0,-1.125,-0.0005113789811730385,-0.25,-0.5725803375244141,-16.731246948242188,0.4529914855957031,16.125,0,0
paper_suppressor_top,v5_qwen35_4b_243,242,15.3125,0.000913061376195401,-6.4375,-6.997829437255859,20,0,-1.0625,-0.0005699104513041675,-0.1875,-0.4855823516845703,-16.669206619262695,0.4365882873535156,16.375,0,0
paper_suppressor_top,v5_qwen35_4b_251,250,15.3125,0.000913061376195401,-6.4375,-6.997829437255859,20,0,-1.0625,-0.0005699104513041675,-0.1875,-0.4855823516845703,-16.669206619262695,0.4365882873535156,16.375,0,0
paper_suppressor_top,v5_qwen35_4b_254,253,16.5,0.006587657146155834,-4.375,-5.015998840332031,12,0,-1.0,-0.001105103176087141,0.25,-0.15621566772460938,-15.028775215148926,0.4368305206298828,17.5,0,0
paper_suppressor_top,v5_qwen35_4b_255,254,16.5,0.006587657146155834,-4.375,-5.015998840332031,12,0,-1.0,-0.001105103176087141,0.25,-0.15621566772460938,-15.028775215148926,0.4368305206298828,17.5,0,0
paper_suppressor_top,v5_qwen35_4b_264,263,16.375,0.005695414263755083,-4.5,-5.162431716918945,12,0,-1.0,-0.0010393955744802952,0.25,-0.16869354248046875,-14.902830123901367,0.4368925094604492,17.375,0,0
paper_suppressor_top,v5_qwen35_4b_273,272,16.375,0.0063859387300908566,-4.375,-5.047304153442383,12,0,-1.0,-0.0010933452285826206,0.25,-0.1591625213623047,-15.016963958740234,0.4254598617553711,17.375,0,0
paper_suppressor_top,v5_qwen35_4b_290,289,16.5,0.007157865446060896,-4.25,-4.932411193847656,12,0,-1.0,-0.0013600443489849567,0.25,-0.17535018920898438,-15.060754776000977,0.4382028579711914,17.5,0,0
paper_suppressor_top,v5_qwen35_4b_267,266,16.5,0.0017011568415910006,-5.625,-6.3747711181640625,15,0,-1.0,-0.0014493349008262157,-0.375,-0.617706298828125,-16.59931182861328,0.4488182067871094,17.5,0,0
paper_suppressor_top,v5_qwen35_4b_148,147,14.5625,0.00018128936062566936,-7.8125,-8.615257263183594,27,0,-1.0,-0.00018318125512450933,-0.5,-0.6985359191894531,-17.633882522583008,0.4306488037109375,15.5625,0,0
paper_suppressor_top,v5_qwen35_4b_180,179,13.3125,5.5735345085849985e-05,-9.4375,-9.794862747192383,68,0,-1.1875,-5.908303501200862e-05,-0.5625,-0.7228012084960938,-18.33119010925293,0.47081565856933594,14.5,0,0
paper_suppressor_top,v5_qwen35_4b_072,71,17.875,0.013581786304712296,-3.25,-4.285388946533203,8,0,-1.25,-0.03224736824631691,-1.0,-1.249420166015625,-7.256772041320801,0.39521074295043945,19.125,0,0
paper_suppressor_top,v5_qwen35_4b_073,72,18.75,0.013080204837024212,-3.5,-4.323513031005859,5,0,-0.875,-0.010958516038954258,-0.25,-0.6197299957275391,-9.030430793762207,0.44061756134033203,19.625,0,0
paper_suppressor_top,v5_qwen35_4b_270,269,18.5,0.0377005860209465,-1.625,-3.239704132080078,9,0,-1.125,-0.05700334161520004,-0.625,-0.9821357727050781,-6.318320274353027,0.4486832618713379,19.625,0,0
paper_suppressor_top,v5_qwen35_4b_038,37,16.125,0.0004809822130482644,-7.0,-7.639217376708984,24,0,-1.75,-0.0022775947873014957,-1.625,-1.7489204406738281,-9.477513313293457,0.4741649627685547,17.875,0,0
paper_suppressor_top,v5_qwen35_4b_204,203,20.0,0.03132108226418495,-2.75,-3.4316635131835938,4,0,-0.625,-0.014956694096326828,-0.125,-0.4059314727783203,-6.045498847961426,0.4135284423828125,20.625,0,0
paper_suppressor_top,v5_qwen35_4b_007,6,14.9375,0.00020843576930928975,-7.9375,-8.475700378417969,46,0,-1.3125,-0.00033915617677848786,-0.6875,-0.9662418365478516,-17.374631881713867,0.5059947967529297,16.25,0,0
paper_suppressor_top,v5_qwen35_4b_014,13,14.9375,0.00020843576930928975,-7.9375,-8.475700378417969,46,0,-1.3125,-0.00033915617677848786,-0.6875,-0.9662418365478516,-17.374631881713867,0.5059947967529297,16.25,0,0
paper_suppressor_top,v5_qwen35_4b_018,17,14.9375,0.00020843576930928975,-7.9375,-8.475700378417969,46,0,-1.3125,-0.00033915617677848786,-0.6875,-0.9662418365478516,-17.374631881713867,0.5059947967529297,16.25,0,0
paper_suppressor_top,v5_qwen35_4b_020,19,14.9375,0.00020843576930928975,-7.9375,-8.475700378417969,46,0,-1.3125,-0.00033915617677848786,-0.6875,-0.9662418365478516,-17.374631881713867,0.5059947967529297,16.25,0,0
paper_suppressor_top,v5_qwen35_4b_021,20,14.9375,0.00020843576930928975,-7.9375,-8.475700378417969,46,0,-1.3125,-0.00033915617677848786,-0.6875,-0.9662418365478516,-17.374631881713867,0.5059947967529297,16.25,0,0
paper_suppressor_top,v5_qwen35_4b_024,23,14.9375,0.00020843576930928975,-7.9375,-8.475700378417969,46,0,-1.3125,-0.00033915617677848786,-0.6875,-0.9662418365478516,-17.374631881713867,0.5059947967529297,16.25,0,0
paper_suppressor_top,v5_qwen35_4b_025,24,15.125,0.0002476235677022487,-7.75,-8.303382873535156,42,0,-1.375,-0.00046093299170024693,-0.75,-1.0517864227294922,-17.38019371032715,0.5101528167724609,16.5,0,0
paper_suppressor_top,v5_qwen35_4b_098,97,15.125,0.0002476235677022487,-7.75,-8.303382873535156,42,0,-1.375,-0.00046093299170024693,-0.75,-1.0517864227294922,-17.38019371032715,0.5101528167724609,16.5,0,0
paper_suppressor_top,v5_qwen35_4b_114,113,15.625,0.00033442123094573617,-7.25,-8.002798080444336,35,0,-1.125,-0.0006641693762503564,-0.875,-1.0946025848388672,-17.169645309448242,0.4901580810546875,16.75,0,0
paper_suppressor_top,v5_qwen35_4b_128,127,15.625,0.00033442123094573617,-7.25,-8.002798080444336,35,0,-1.125,-0.0006641693762503564,-0.875,-1.0946025848388672,-17.169645309448242,0.4901580810546875,16.75,0,0
paper_suppressor_top,v5_qwen35_4b_131,130,15.625,0.00033442123094573617,-7.25,-8.002798080444336,35,0,-1.125,-0.0006641693762503564,-0.875,-1.0946025848388672,-17.169645309448242,0.4901580810546875,16.75,0,0
paper_suppressor_top,v5_qwen35_4b_135,134,15.625,0.00033442123094573617,-7.25,-8.002798080444336,35,0,-1.125,-0.0006641693762503564,-0.875,-1.0946025848388672,-17.169645309448242,0.4901580810546875,16.75,0,0
paper_suppressor_top,v5_qwen35_4b_136,135,15.625,0.00033442123094573617,-7.25,-8.002798080444336,35,0,-1.125,-0.0006641693762503564,-0.875,-1.0946025848388672,-17.169645309448242,0.4901580810546875,16.75,0,0
paper_suppressor_top,v5_qwen35_4b_144,143,15.625,0.00033442123094573617,-7.25,-8.002798080444336,35,0,-1.125,-0.0006641693762503564,-0.875,-1.0946025848388672,-17.169645309448242,0.4901580810546875,16.75,0,0
paper_suppressor_top,v5_qwen35_4b_145,144,15.625,0.00033442123094573617,-7.25,-8.002798080444336,35,0,-1.125,-0.0006641693762503564,-0.875,-1.0946025848388672,-17.169645309448242,0.4901580810546875,16.75,0,0
paper_suppressor_top,v5_qwen35_4b_160,159,15.125,0.0002476235677022487,-7.75,-8.303382873535156,42,0,-1.375,-0.00046093299170024693,-0.75,-1.0517864227294922,-17.38019371032715,0.5101528167724609,16.5,0,0
paper_suppressor_top,v5_qwen35_4b_164,163,15.125,0.0002476235677022487,-7.75,-8.303382873535156,42,0,-1.375,-0.00046093299170024693,-0.75,-1.0517864227294922,-17.38019371032715,0.5101528167724609,16.5,0,0
paper_suppressor_top,v5_qwen35_4b_169,168,15.125,0.0002476235677022487,-7.75,-8.303382873535156,42,0,-1.375,-0.00046093299170024693,-0.75,-1.0517864227294922,-17.38019371032715,0.5101528167724609,16.5,0,0
paper_suppressor_top,v5_qwen35_4b_174,173,15.125,0.0002476235677022487,-7.75,-8.303382873535156,42,0,-1.375,-0.00046093299170024693,-0.75,-1.0517864227294922,-17.38019371032715,0.5101528167724609,16.5,0,0
paper_suppressor_top,v5_qwen35_4b_187,186,15.125,0.0002476235677022487,-7.75,-8.303382873535156,42,0,-1.375,-0.00046093299170024693,-0.75,-1.0517864227294922,-17.38019371032715,0.5101528167724609,16.5,0,0
paper_suppressor_top,v5_qwen35_4b_188,187,15.125,0.0002476235677022487,-7.75,-8.303382873535156,42,0,-1.375,-0.00046093299170024693,-0.75,-1.0517864227294922,-17.38019371032715,0.5101528167724609,16.5,0,0
paper_suppressor_top,v5_qwen35_4b_213,212,17.0,0.0034054904244840145,-4.875,-5.678993225097656,12,0,-1.0,-0.0032824212685227394,-0.375,-0.6782150268554688,-15.589811325073242,0.49765777587890625,18.0,0,0
paper_suppressor_top,v5_qwen35_4b_214,213,17.0,0.0034054904244840145,-4.875,-5.678993225097656,12,0,-1.0,-0.0032824212685227394,-0.375,-0.6782150268554688,-15.589811325073242,0.49765777587890625,18.0,0,0
paper_suppressor_top,v5_qwen35_4b_216,215,17.0,0.0034054904244840145,-4.875,-5.678993225097656,12,0,-1.0,-0.0032824212685227394,-0.375,-0.6782150268554688,-15.589811325073242,0.49765777587890625,18.0,0,0
paper_suppressor_top,v5_qwen35_4b_222,221,17.0,0.0034054904244840145,-4.875,-5.678993225097656,12,0,-1.0,-0.0032824212685227394,-0.375,-0.6782150268554688,-15.589811325073242,0.49765777587890625,18.0,0,0
paper_suppressor_top,v5_qwen35_4b_224,223,17.0,0.0034054904244840145,-4.875,-5.678993225097656,12,0,-1.0,-0.0032824212685227394,-0.375,-0.6782150268554688,-15.589811325073242,0.49765777587890625,18.0,0,0
paper_suppressor_top,v5_qwen35_4b_239,238,15.625,0.00033442123094573617,-7.25,-8.002798080444336,35,0,-1.125,-0.0006641693762503564,-0.875,-1.0946025848388672,-17.169645309448242,0.4901580810546875,16.75,0,0
paper_suppressor_top,v5_qwen35_4b_241,240,15.625,0.00033442123094573617,-7.25,-8.002798080444336,35,0,-1.125,-0.0006641693762503564,-0.875,-1.0946025848388672,-17.169645309448242,0.4901580810546875,16.75,0,0
paper_suppressor_top,v5_qwen35_4b_256,255,17.0,0.0034054904244840145,-4.875,-5.678993225097656,12,0,-1.0,-0.0032824212685227394,-0.375,-0.6782150268554688,-15.589811325073242,0.49765777587890625,18.0,0,0
paper_suppressor_top,v5_qwen35_4b_269,268,17.0,0.0034054904244840145,-4.875,-5.678993225097656,12,0,-1.0,-0.0032824212685227394,-0.375,-0.6782150268554688,-15.589811325073242,0.49765777587890625,18.0,0,0
paper_suppressor_top,v5_qwen35_4b_276,275,17.0,0.0035222868900746107,-4.875,-5.64515495300293,12,0,-1.0,-0.003373882034793496,-0.375,-0.6752529144287109,-15.658220291137695,0.4960479736328125,18.0,0,0
paper_suppressor_top,v5_qwen35_4b_277,276,17.0,0.0035222868900746107,-4.875,-5.64515495300293,12,0,-1.0,-0.003373882034793496,-0.375,-0.6752529144287109,-15.658220291137695,0.4960479736328125,18.0,0,0
paper_suppressor_top,v5_qwen35_4b_280,279,17.0,0.0035222868900746107,-4.875,-5.64515495300293,12,0,-1.0,-0.003373882034793496,-0.375,-0.6752529144287109,-15.658220291137695,0.4960479736328125,18.0,0,0
paper_suppressor_top,v5_qwen35_4b_284,283,17.0,0.0035222868900746107,-4.875,-5.64515495300293,12,0,-1.0,-0.003373882034793496,-0.375,-0.6752529144287109,-15.658220291137695,0.4960479736328125,18.0,0,0
paper_suppressor_top,v5_qwen35_4b_288,287,17.0,0.0035222868900746107,-4.875,-5.64515495300293,12,0,-1.0,-0.003373882034793496,-0.375,-0.6752529144287109,-15.658220291137695,0.4960479736328125,18.0,0,0
paper_suppressor_top,v5_qwen35_4b_292,291,17.0,0.0035222868900746107,-4.875,-5.64515495300293,12,0,-1.0,-0.003373882034793496,-0.375,-0.6752529144287109,-15.658220291137695,0.4960479736328125,18.0,0,0
paper_suppressor_top,v5_qwen35_4b_294,293,17.0,0.0035222868900746107,-4.875,-5.64515495300293,12,0,-1.0,-0.003373882034793496,-0.375,-0.6752529144287109,-15.658220291137695,0.4960479736328125,18.0,0,0
paper_suppressor_top,v5_qwen35_4b_002,1,14.875,0.00022163541871123016,-7.875,-8.414287567138672,45,0,-1.25,-0.0003272235335316509,-0.625,-0.9071426391601562,-17.591140747070312,0.5116825103759766,16.125,0,0
paper_suppressor_top,v5_qwen35_4b_012,11,14.875,0.00023846435942687094,-7.75,-8.341087341308594,45,0,-1.375,-0.00037817188422195613,-0.625,-0.9504470825195312,-17.569154739379883,0.5156459808349609,16.25,0,0
paper_suppressor_top,v5_qwen35_4b_015,14,14.875,0.00023846435942687094,-7.75,-8.341087341308594,45,0,-1.375,-0.00037817188422195613,-0.625,-0.9504470825195312,-17.569154739379883,0.5156459808349609,16.25,0,0
paper_suppressor_top,v5_qwen35_4b_037,36,15.625,0.00037736876402050257,-7.125,-7.881937026977539,34,0,-1.125,-0.0006669678259640932,-0.75,-1.0185813903808594,-17.26620101928711,0.4913520812988281,16.75,0,0
paper_suppressor_top,v5_qwen35_4b_042,41,15.625,0.00037736876402050257,-7.125,-7.881937026977539,34,0,-1.125,-0.0006669678259640932,-0.75,-1.0185813903808594,-17.26620101928711,0.4913520812988281,16.75,0,0
paper_suppressor_top,v5_qwen35_4b_044,43,15.625,0.00037736876402050257,-7.125,-7.881937026977539,34,0,-1.125,-0.0006669678259640932,-0.75,-1.0185813903808594,-17.26620101928711,0.4913520812988281,16.75,0,0
paper_suppressor_top,v5_qwen35_4b_115,114,15.625,0.00037736876402050257,-7.125,-7.881937026977539,34,0,-1.125,-0.0006669678259640932,-0.75,-1.0185813903808594,-17.26620101928711,0.4913520812988281,16.75,0,0
paper_suppressor_top,v5_qwen35_4b_126,125,15.625,0.00037736876402050257,-7.125,-7.881937026977539,34,0,-1.125,-0.0006669678259640932,-0.75,-1.0185813903808594,-17.26620101928711,0.4913520812988281,16.75,0,0
paper_suppressor_top,v5_qwen35_4b_127,126,15.625,0.00037736876402050257,-7.125,-7.881937026977539,34,0,-1.125,-0.0006669678259640932,-0.75,-1.0185813903808594,-17.26620101928711,0.4913520812988281,16.75,0,0
paper_suppressor_top,v5_qwen35_4b_134,133,15.625,0.00037736876402050257,-7.125,-7.881937026977539,34,0,-1.125,-0.0006669678259640932,-0.75,-1.0185813903808594,-17.26620101928711,0.4913520812988281,16.75,0,0
paper_suppressor_top,v5_qwen35_4b_140,139,15.625,0.00037736876402050257,-7.125,-7.881937026977539,34,0,-1.125,-0.0006669678259640932,-0.75,-1.0185813903808594,-17.26620101928711,0.4913520812988281,16.75,0,0
paper_suppressor_top,v5_qwen35_4b_142,141,15.625,0.00037736876402050257,-7.125,-7.881937026977539,34,0,-1.125,-0.0006669678259640932,-0.75,-1.0185813903808594,-17.26620101928711,0.4913520812988281,16.75,0,0
paper_suppressor_top,v5_qwen35_4b_146,145,15.625,0.00037736876402050257,-7.125,-7.881937026977539,34,0,-1.125,-0.0006669678259640932,-0.75,-1.0185813903808594,-17.26620101928711,0.4913520812988281,16.75,0,0
paper_suppressor_top,v5_qwen35_4b_150,149,15.625,0.00037736876402050257,-7.125,-7.881937026977539,34,0,-1.125,-0.0006669678259640932,-0.75,-1.0185813903808594,-17.26620101928711,0.4913520812988281,16.75,0,0
paper_suppressor_top,v5_qwen35_4b_168,167,14.875,0.00023846435942687094,-7.75,-8.341087341308594,45,0,-1.375,-0.00037817188422195613,-0.625,-0.9504470825195312,-17.569154739379883,0.5156459808349609,16.25,0,0
paper_suppressor_top,v5_qwen35_4b_179,178,14.875,0.00023846435942687094,-7.75,-8.341087341308594,45,0,-1.375,-0.00037817188422195613,-0.625,-0.9504470825195312,-17.569154739379883,0.5156459808349609,16.25,0,0
paper_suppressor_top,v5_qwen35_4b_183,182,14.875,0.00023846435942687094,-7.75,-8.341087341308594,45,0,-1.375,-0.00037817188422195613,-0.625,-0.9504470825195312,-17.569154739379883,0.5156459808349609,16.25,0,0
paper_suppressor_top,v5_qwen35_4b_185,184,14.875,0.00023846435942687094,-7.75,-8.341087341308594,45,0,-1.375,-0.00037817188422195613,-0.625,-0.9504470825195312,-17.569154739379883,0.5156459808349609,16.25,0,0
paper_suppressor_top,v5_qwen35_4b_186,185,14.875,0.00023846435942687094,-7.75,-8.341087341308594,45,0,-1.375,-0.00037817188422195613,-0.625,-0.9504470825195312,-17.569154739379883,0.5156459808349609,16.25,0,0
paper_suppressor_top,v5_qwen35_4b_242,241,15.625,0.00037736876402050257,-7.125,-7.881937026977539,34,0,-1.125,-0.0006669678259640932,-0.75,-1.0185813903808594,-17.26620101928711,0.4913520812988281,16.75,0,0
paper_suppressor_top,v5_qwen35_4b_249,248,15.625,0.00037736876402050257,-7.125,-7.881937026977539,34,0,-1.125,-0.0006669678259640932,-0.75,-1.0185813903808594,-17.26620101928711,0.4913520812988281,16.75,0,0
paper_suppressor_top,v5_qwen35_4b_282,281,16.75,0.0027589884120970964,-5.125,-5.890167236328125,12,0,-1.125,-0.0028861432801932096,-0.375,-0.7188339233398438,-15.931414604187012,0.5047140121459961,17.875,0,0
paper_suppressor_top,v5_qwen35_4b_286,285,16.75,0.0027589884120970964,-5.125,-5.890167236328125,12,0,-1.125,-0.0028861432801932096,-0.375,-0.7188339233398438,-15.931414604187012,0.5047140121459961,17.875,0,0
paper_suppressor_top,v5_qwen35_4b_295,294,16.75,0.0027589884120970964,-5.125,-5.890167236328125,12,0,-1.125,-0.0028861432801932096,-0.375,-0.7188339233398438,-15.931414604187012,0.5047140121459961,17.875,0,0
paper_suppressor_top,v5_qwen35_4b_299,298,16.75,0.0027589884120970964,-5.125,-5.890167236328125,12,0,-1.125,-0.0028861432801932096,-0.375,-0.7188339233398438,-15.931414604187012,0.5047140121459961,17.875,0,0
paper_suppressor_top,v5_qwen35_4b_008,7,13.1875,0.00012432062067091465,-8.3125,-8.99256706237793,77,0,-1.3125,-0.00020699776359833777,-0.6875,-0.9804306030273438,-17.44605255126953,0.4480628967285156,14.5,0,0
paper_suppressor_top,v5_qwen35_4b_122,121,13.625,0.00013614367344416678,-8.125,-8.901697158813477,64,0,-1.375,-0.0002654782438185066,-0.875,-1.0820693969726562,-18.515121459960938,0.42119789123535156,15.0,0,0
paper_suppressor_top,v5_qwen35_4b_158,157,13.25,0.00013723786105401814,-8.25,-8.893701553344727,74,0,-1.3125,-0.0001988619624171406,-0.5625,-0.8959007263183594,-17.722658157348633,0.46160125732421875,14.5625,0,0
paper_suppressor_top,v5_qwen35_4b_265,264,15.6875,0.002137294737622142,-5.4375,-6.146121978759766,18,0,-1.1875,-0.0019376783166080713,-0.3125,-0.6472816467285156,-16.681697845458984,0.45005035400390625,16.875,0,0
paper_suppressor_top,v5_qwen35_4b_003,2,14.1875,0.00029399519553408027,-7.4375,-8.131702423095703,55,0,-1.375,-0.0003476724377833307,-0.375,-0.7808742523193359,-17.90530776977539,0.5024394989013672,15.5625,0,0
paper_suppressor_top,v5_qwen35_4b_011,10,14.3125,0.00031918706372380257,-7.4375,-8.049461364746094,52,0,-1.25,-0.0002881272812373936,-0.25,-0.6435756683349609,-17.98124122619629,0.48929786682128906,15.5625,0,0
paper_suppressor_top,v5_qwen35_4b_033,32,14.9375,0.0006530288956128061,-6.5625,-7.333280563354492,36,0,-1.3125,-0.0008289899560622871,-0.4375,-0.8203792572021484,-17.962648391723633,0.478485107421875,16.25,0,0
paper_suppressor_top,v5_qwen35_4b_048,47,14.9375,0.0006530288956128061,-6.5625,-7.333280563354492,36,0,-1.3125,-0.0008289899560622871,-0.4375,-0.8203792572021484,-17.962648391723633,0.478485107421875,16.25,0,0
paper_suppressor_top,v5_qwen35_4b_070,69,16.375,0.005699032451957464,-4.375,-5.16180419921875,13,0,-1.125,-0.0031426469795405865,0.0,-0.4423675537109375,-16.297664642333984,0.49143409729003906,17.5,0,0
paper_suppressor_top,v5_qwen35_4b_124,123,15.0,0.0007375685963779688,-6.375,-7.211462020874023,33,0,-1.375,-0.0010873980354517698,-0.5,-0.9070568084716797,-17.881914138793945,0.4730415344238281,16.375,0,0
paper_suppressor_top,v5_qwen35_4b_125,124,14.875,0.0005726118688471615,-6.625,-7.464773178100586,40,0,-1.5,-0.0009978163870982826,-0.625,-1.0099029541015625,-17.848979949951172,0.4633159637451172,16.375,0,0
paper_suppressor_top,v5_qwen35_4b_139,138,14.875,0.0005726118688471615,-6.625,-7.464773178100586,40,0,-1.5,-0.0009978163870982826,-0.625,-1.0099029541015625,-17.848979949951172,0.4633159637451172,16.375,0,0
paper_suppressor_top,v5_qwen35_4b_203,202,16.375,0.005152358673512936,-4.375,-5.263193130493164,13,0,-1.25,-0.00417995173484087,-0.125,-0.5982532501220703,-16.170015335083008,0.4797954559326172,17.625,0,0
paper_suppressor_top,v5_qwen35_4b_206,205,16.375,0.005699032451957464,-4.375,-5.16180419921875,13,0,-1.125,-0.0031426469795405865,0.0,-0.4423675537109375,-16.297664642333984,0.49143409729003906,17.5,0,0
paper_suppressor_top,v5_qwen35_4b_212,211,16.375,0.005152358673512936,-4.375,-5.263193130493164,13,0,-1.25,-0.00417995173484087,-0.125,-0.5982532501220703,-16.170015335083008,0.4797954559326172,17.625,0,0
paper_suppressor_top,v5_qwen35_4b_228,227,15.0,0.0007375685963779688,-6.375,-7.211462020874023,33,0,-1.375,-0.0010873980354517698,-0.5,-0.9070568084716797,-17.881914138793945,0.4730415344238281,16.375,0,0
paper_suppressor_top,v5_qwen35_4b_230,229,15.0,0.0007375685963779688,-6.375,-7.211462020874023,33,0,-1.375,-0.0010873980354517698,-0.5,-0.9070568084716797,-17.881914138793945,0.4730415344238281,16.375,0,0
paper_suppressor_top,v5_qwen35_4b_231,230,15.0,0.0007375685963779688,-6.375,-7.211462020874023,33,0,-1.375,-0.0010873980354517698,-0.5,-0.9070568084716797,-17.881914138793945,0.4730415344238281,16.375,0,0
paper_suppressor_top,v5_qwen35_4b_236,235,15.0,0.0007375685963779688,-6.375,-7.211462020874023,33,0,-1.375,-0.0010873980354517698,-0.5,-0.9070568084716797,-17.881914138793945,0.4730415344238281,16.375,0,0
paper_suppressor_top,v5_qwen35_4b_237,236,15.0,0.0007375685963779688,-6.375,-7.211462020874023,33,0,-1.375,-0.0010873980354517698,-0.5,-0.9070568084716797,-17.881914138793945,0.4730415344238281,16.375,0,0
paper_suppressor_top,v5_qwen35_4b_238,237,14.875,0.0005726118688471615,-6.625,-7.464773178100586,40,0,-1.5,-0.0009978163870982826,-0.625,-1.0099029541015625,-17.848979949951172,0.4633159637451172,16.375,0,0
paper_suppressor_top,v5_qwen35_4b_247,246,15.0,0.0007375685963779688,-6.375,-7.211462020874023,33,0,-1.375,-0.0010873980354517698,-0.5,-0.9070568084716797,-17.881914138793945,0.4730415344238281,16.375,0,0
paper_suppressor_top,v5_qwen35_4b_257,256,16.375,0.005699032451957464,-4.375,-5.16180419921875,13,0,-1.125,-0.0031426469795405865,0.0,-0.4423675537109375,-16.297664642333984,0.49143409729003906,17.5,0,0
paper_suppressor_top,v5_qwen35_4b_291,290,16.375,0.005699032451957464,-4.375,-5.16180419921875,13,0,-1.125,-0.0031426469795405865,0.0,-0.4423675537109375,-16.297664642333984,0.49143409729003906,17.5,0,0
paper_suppressor_top,v5_qwen35_4b_005,4,14.1875,0.00034721949486993253,-7.3125,-7.96525764465332,49,0,-1.3125,-0.0003470822412054986,-0.3125,-0.6933155059814453,-17.892236709594727,0.5165500640869141,15.5,0,0
paper_suppressor_top,v5_qwen35_4b_013,12,14.1875,0.0003422423033043742,-7.3125,-7.979698181152344,51,0,-1.375,-0.0003336939844302833,-0.25,-0.6809329986572266,-17.992834091186523,0.49358367919921875,15.5625,0,0
paper_suppressor_top,v5_qwen35_4b_026,25,14.9375,0.0006968885427340865,-6.4375,-7.2682342529296875,36,0,-1.4375,-0.001123014371842146,-0.5625,-0.9610462188720703,-17.90225601196289,0.472686767578125,16.375,0,0
paper_suppressor_top,v5_qwen35_4b_041,40,14.875,0.0006626637768931687,-6.5,-7.318624496459961,38,0,-1.5,-0.0011677122092805803,-0.625,-1.0171833038330078,-18.002971649169922,0.4635658264160156,16.375,0,0
paper_suppressor_top,v5_qwen35_4b_045,44,14.875,0.0006626637768931687,-6.5,-7.318624496459961,38,0,-1.5,-0.0011677122092805803,-0.625,-1.0171833038330078,-18.002971649169922,0.4635658264160156,16.375,0,0
paper_suppressor_top,v5_qwen35_4b_049,48,14.9375,0.0006968885427340865,-6.4375,-7.2682342529296875,36,0,-1.4375,-0.001123014371842146,-0.5625,-0.9610462188720703,-17.90225601196289,0.472686767578125,16.375,0,0
paper_suppressor_top,v5_qwen35_4b_117,116,14.9375,0.0006968885427340865,-6.4375,-7.2682342529296875,36,0,-1.4375,-0.001123014371842146,-0.5625,-0.9610462188720703,-17.90225601196289,0.472686767578125,16.375,0,0
paper_suppressor_top,v5_qwen35_4b_137,136,14.9375,0.0006968885427340865,-6.4375,-7.2682342529296875,36,0,-1.4375,-0.001123014371842146,-0.5625,-0.9610462188720703,-17.90225601196289,0.472686767578125,16.375,0,0
paper_suppressor_top,v5_qwen35_4b_141,140,14.875,0.0006626637768931687,-6.5,-7.318624496459961,38,0,-1.5,-0.0011677122092805803,-0.625,-1.0171833038330078,-18.002971649169922,0.4635658264160156,16.375,0,0
paper_suppressor_top,v5_qwen35_4b_157,156,14.1875,0.0003422423033043742,-7.3125,-7.979698181152344,51,0,-1.375,-0.0003336939844302833,-0.25,-0.6809329986572266,-17.992834091186523,0.49358367919921875,15.5625,0,0
paper_suppressor_top,v5_qwen35_4b_227,226,14.9375,0.0006968885427340865,-6.4375,-7.2682342529296875,36,0,-1.4375,-0.001123014371842146,-0.5625,-0.9610462188720703,-17.90225601196289,0.472686767578125,16.375,0,0
paper_suppressor_top,v5_qwen35_4b_233,232,14.875,0.0006626637768931687,-6.5,-7.318624496459961,38,0,-1.5,-0.0011677122092805803,-0.625,-1.0171833038330078,-18.002971649169922,0.4635658264160156,16.375,0,0
paper_suppressor_top,v5_qwen35_4b_235,234,14.9375,0.0006968885427340865,-6.4375,-7.2682342529296875,36,0,-1.4375,-0.001123014371842146,-0.5625,-0.9610462188720703,-17.90225601196289,0.472686767578125,16.375,0,0
paper_suppressor_top,v5_qwen35_4b_248,247,14.9375,0.0006968885427340865,-6.4375,-7.2682342529296875,36,0,-1.4375,-0.001123014371842146,-0.5625,-0.9610462188720703,-17.90225601196289,0.472686767578125,16.375,0,0
paper_suppressor_top,v5_qwen35_4b_250,249,14.9375,0.0006968885427340865,-6.4375,-7.2682342529296875,36,0,-1.4375,-0.001123014371842146,-0.5625,-0.9610462188720703,-17.90225601196289,0.472686767578125,16.375,0,0
paper_suppressor_top,v5_qwen35_4b_261,260,16.375,0.0059964535757899284,-4.25,-5.110633850097656,13,0,-1.25,-0.004872482270002365,-0.125,-0.59967041015625,-16.084678649902344,0.48208045959472656,17.625,0,0
paper_suppressor_top,v5_qwen35_4b_274,273,16.25,0.00501078087836504,-4.5,-5.291200637817383,14,0,-1.25,-0.0030503077432513237,0.0,-0.47855377197265625,-16.372522354125977,0.47559356689453125,17.5,0,0
paper_suppressor_top,v5_qwen35_4b_298,297,16.25,0.004940688610076904,-4.5,-5.305356979370117,13,0,-1.25,-0.00377868115901947,-0.125,-0.5718650817871094,-16.376989364624023,0.4917945861816406,17.5,0,0
paper_suppressor_top,v5_qwen35_4b_202,201,19.875,0.07192546874284744,-1.875,-2.557516098022461,4,0,-0.5,-0.022618405520915985,0.0,-0.2981071472167969,-6.349370956420898,0.41319751739501953,20.375,0,0
paper_suppressor_top,v5_qwen35_4b_221,220,18.625,0.008562421426177025,-3.75,-4.751794815063477,7,0,-0.875,-0.01084844022989273,-0.875,-0.8294467926025391,-3.862603187561035,0.42635583877563477,19.5,0,0
paper_suppressor_top,v5_qwen35_4b_051,50,18.125,0.01281853299587965,-3.25,-4.343994140625,9,0,-1.0,-0.014837088994681835,-0.5,-0.7840785980224609,-6.902209281921387,0.41776371002197266,19.125,0,0
paper_suppressor_top,v5_qwen35_4b_278,277,18.5,0.01794942282140255,-2.875,-4.002117156982422,5,0,-0.875,-0.017077291384339333,-0.375,-0.6860923767089844,-6.6789751052856445,0.4116654396057129,19.375,0,0
paper_suppressor_top,v5_qwen35_4b_062,61,18.625,0.0199845302850008,-2.875,-3.892641067504883,5,0,-0.875,-0.01672169752418995,-0.25,-0.6251964569091797,-6.8235626220703125,0.42292213439941406,19.5,0,0
paper_suppressor_top,v5_qwen35_4b_068,67,18.625,0.0199845302850008,-2.875,-3.892641067504883,5,0,-0.875,-0.01672169752418995,-0.25,-0.6251964569091797,-6.8235626220703125,0.42292213439941406,19.5,0,0
paper_suppressor_top,v5_qwen35_4b_209,208,18.5,0.017615176737308502,-3.0,-4.02125358581543,7,0,-1.0,-0.0189957432448864,-0.375,-0.7511100769042969,-6.874208450317383,0.4067974090576172,19.5,0,0
paper_suppressor_top,v5_qwen35_4b_220,219,18.5,0.017615176737308502,-3.0,-4.02125358581543,7,0,-1.0,-0.0189957432448864,-0.375,-0.7511100769042969,-6.874208450317383,0.4067974090576172,19.5,0,0
paper_suppressor_top,v5_qwen35_4b_225,224,18.5,0.017615176737308502,-3.0,-4.02125358581543,7,0,-1.0,-0.0189957432448864,-0.375,-0.7511100769042969,-6.874208450317383,0.4067974090576172,19.5,0,0
paper_suppressor_top,v5_qwen35_4b_300,299,18.75,0.021426687017083168,-2.75,-3.8214893341064453,5,0,-0.875,-0.01751815713942051,-0.25,-0.6155738830566406,-6.774345874786377,0.4177732467651367,19.625,0,0
paper_suppressor_top,v5_qwen35_4b_293,292,18.625,0.015289880335330963,-3.375,-4.1651763916015625,7,0,-0.75,-0.012152306735515594,-0.375,-0.5973014831542969,-7.815975189208984,0.4153451919555664,19.375,0,0
paper_suppressor_top,v5_qwen35_4b_066,65,18.5,0.01884053833782673,-2.875,-3.952756881713867,7,0,-0.875,-0.01498367078602314,-0.25,-0.600555419921875,-7.368523597717285,0.41207075119018555,19.375,0,0
paper_suppressor_top,v5_qwen35_4b_197,196,18.25,0.009086879901587963,-3.5,-4.691831588745117,10,0,-1.125,-0.020894900895655155,-1.125,-1.2150650024414062,-5.99230432510376,0.41349220275878906,19.375,0,0
paper_suppressor_top,v5_qwen35_4b_074,73,18.625,0.018201341852545738,-3.0,-3.9879207611083984,5,0,-1.0,-0.019165167585015297,-0.375,-0.7389926910400391,-6.973845481872559,0.4098544120788574,19.625,0,0
paper_suppressor_top,v5_qwen35_4b_189,188,17.875,0.004110813140869141,-4.25,-5.49005126953125,19,0,-1.25,-0.010620776563882828,-0.875,-1.2870903015136719,-5.982488632202148,0.4386916160583496,19.125,0,0
paper_suppressor_top,v5_qwen35_4b_223,222,18.75,0.02303524687886238,-2.75,-3.747455596923828,5,0,-0.875,-0.01931968703866005,-0.375,-0.6290302276611328,-6.890381336212158,0.41704750061035156,19.625,0,0
paper_suppressor_top,v5_qwen35_4b_266,265,18.5,0.01828247681260109,-2.875,-3.9833927154541016,5,0,-1.0,-0.021673306822776794,-0.5,-0.8041515350341797,-6.83019495010376,0.41363954544067383,19.5,0,0
paper_suppressor_top,v5_qwen35_4b_287,286,18.75,0.02303524687886238,-2.75,-3.747455596923828,5,0,-0.875,-0.01931968703866005,-0.375,-0.6290302276611328,-6.890381336212158,0.41704750061035156,19.625,0,0
paper_suppressor_top,v5_qwen35_4b_058,57,18.75,0.022191418334841728,-3.0,-3.7856388092041016,5,0,-0.875,-0.012014834210276604,-0.125,-0.445068359375,-8.048890113830566,0.41126441955566406,19.625,0,0
paper_suppressor_top,v5_qwen35_4b_060,59,18.625,0.019494635984301567,-2.875,-3.917959213256836,5,0,-0.875,-0.01723974384367466,-0.375,-0.6513118743896484,-6.752842903137207,0.4163784980773926,19.5,0,0
paper_suppressor_top,v5_qwen35_4b_201,200,18.75,0.022249644622206688,-2.75,-3.782958984375,5,0,-0.875,-0.01864696480333805,-0.25,-0.6279754638671875,-7.00657844543457,0.411529541015625,19.625,0,0
paper_suppressor_top,v5_qwen35_4b_217,216,18.625,0.019473349675536156,-2.875,-3.9190731048583984,5,0,-0.875,-0.016318293288350105,-0.25,-0.6254482269287109,-6.855450630187988,0.415372371673584,19.5,0,0
paper_suppressor_top,v5_qwen35_4b_218,217,18.75,0.021931976079940796,-2.875,-3.7976646423339844,5,0,-0.875,-0.015878241509199142,-0.25,-0.5610027313232422,-7.059821128845215,0.4155559539794922,19.625,0,0
paper_suppressor_top,v5_qwen35_4b_275,274,18.75,0.021931976079940796,-2.875,-3.7976646423339844,5,0,-0.875,-0.015878241509199142,-0.25,-0.5610027313232422,-7.059821128845215,0.4155559539794922,19.625,0,0
paper_suppressor_top,v5_qwen35_4b_297,296,19.0,0.02898200787603855,-2.625,-3.5117015838623047,5,0,-0.75,-0.017304686829447746,-0.25,-0.4861621856689453,-6.995908260345459,0.43126344680786133,19.75,0,0
paper_suppressor_top,v5_qwen35_4b_050,49,18.625,0.023166092112660408,-2.75,-3.7416610717773438,5,0,-1.0,-0.01917560212314129,-0.25,-0.6229095458984375,-7.023044109344482,0.4157447814941406,19.625,0,0
paper_suppressor_top,v5_qwen35_4b_063,62,18.625,0.023166092112660408,-2.75,-3.7416610717773438,5,0,-1.0,-0.01917560212314129,-0.25,-0.6229095458984375,-7.023044109344482,0.4157447814941406,19.625,0,0
paper_suppressor_top,v5_qwen35_4b_067,66,18.625,0.023166092112660408,-2.75,-3.7416610717773438,5,0,-1.0,-0.01917560212314129,-0.25,-0.6229095458984375,-7.023044109344482,0.4157447814941406,19.625,0,0
paper_suppressor_top,v5_qwen35_4b_075,74,18.625,0.023166092112660408,-2.75,-3.7416610717773438,5,0,-1.0,-0.01917560212314129,-0.25,-0.6229095458984375,-7.023044109344482,0.4157447814941406,19.625,0,0
paper_suppressor_top,v5_qwen35_4b_198,197,18.875,0.01702686958014965,-2.75,-4.055826187133789,8,0,-1.0,-0.030743280425667763,-0.75,-1.0633773803710938,-5.395472049713135,0.40305137634277344,19.875,0,0
paper_suppressor_top,v5_qwen35_4b_219,218,18.75,0.023812245577573776,-2.75,-3.7134876251220703,5,0,-0.875,-0.018568802624940872,-0.25,-0.5957069396972656,-6.813766002655029,0.4157724380493164,19.625,0,0
paper_suppressor_top,v5_qwen35_4b_253,252,18.75,0.023812245577573776,-2.75,-3.7134876251220703,5,0,-0.875,-0.018568802624940872,-0.25,-0.5957069396972656,-6.813766002655029,0.4157724380493164,19.625,0,0
paper_suppressor_top,v5_qwen35_4b_200,199,18.875,0.024101562798023224,-2.625,-3.7011146545410156,6,0,-0.875,-0.023109782487154007,-0.375,-0.696319580078125,-5.726254463195801,0.4091663360595703,19.75,0,0
paper_suppressor_top,v5_qwen35_4b_031,30,18.125,0.00756541034206748,-3.75,-4.876617431640625,16,0,-1.125,-0.015235253144055605,-0.75,-1.1186695098876953,-6.526063442230225,0.43508052825927734,19.25,0,0
paper_suppressor_top,v5_qwen35_4b_163,162,18.625,0.012676593847572803,-3.0,-4.355287551879883,11,0,-1.125,-0.027620895765721798,-1.125,-1.1848983764648438,-3.5701093673706055,0.42752504348754883,19.75,0,0
paper_suppressor_top,v5_qwen35_4b_184,183,18.875,0.015752220526337624,-3.125,-4.134939193725586,9,0,-1.125,-0.035000795498490334,-1.375,-1.206186294555664,-1.7167294025421143,0.4373433589935303,20.0,0,0
paper_suppressor_top,v5_qwen35_4b_191,190,18.125,0.00756541034206748,-3.75,-4.876617431640625,16,0,-1.125,-0.015235253144055605,-0.75,-1.1186695098876953,-6.526063442230225,0.43508052825927734,19.25,0,0
paper_suppressor_top,v5_qwen35_4b_192,191,18.125,0.00756541034206748,-3.75,-4.876617431640625,16,0,-1.125,-0.015235253144055605,-0.75,-1.1186695098876953,-6.526063442230225,0.43508052825927734,19.25,0,0
paper_suppressor_top,v5_qwen35_4b_022,21,18.375,0.009667825885117054,-3.25,-4.629283905029297,14,0,-1.25,-0.026753067038953304,-1.25,-1.3537139892578125,-3.569077968597412,0.42342114448547363,19.625,0,0
paper_suppressor_top,v5_qwen35_4b_034,33,18.125,0.006365884095430374,-3.875,-5.050455093383789,15,0,-1.25,-0.015258152037858963,-0.875,-1.2383193969726562,-5.90101957321167,0.4324817657470703,19.375,0,0
paper_suppressor_top,v5_qwen35_4b_061,60,19.0,0.024145664647221565,-3.0,-3.6992416381835938,6,0,-0.75,-0.009764762595295906,0.0,-0.34967803955078125,-8.42772102355957,0.42502593994140625,19.75,0,0
paper_suppressor_top,v5_qwen35_4b_069,68,19.0,0.02238045260310173,-3.0,-3.776966094970703,6,0,-0.875,-0.01124519482254982,0.0,-0.41867637634277344,-8.495185852050781,0.44354915618896484,19.875,0,0
paper_suppressor_top,v5_qwen35_4b_162,161,18.375,0.009667825885117054,-3.25,-4.629283905029297,14,0,-1.25,-0.026753067038953304,-1.25,-1.3537139892578125,-3.569077968597412,0.42342114448547363,19.625,0,0
paper_suppressor_top,v5_qwen35_4b_165,164,18.375,0.00825421791523695,-3.5,-4.788784027099609,12,0,-1.25,-0.02238525915890932,-1.25,-1.3343887329101562,-3.4411585330963135,0.431790828704834,19.625,0,0
paper_suppressor_top,v5_qwen35_4b_176,175,18.375,0.009667825885117054,-3.25,-4.629283905029297,14,0,-1.25,-0.026753067038953304,-1.25,-1.3537139892578125,-3.569077968597412,0.42342114448547363,19.625,0,0
paper_suppressor_top,v5_qwen35_4b_177,176,18.375,0.009667825885117054,-3.25,-4.629283905029297,14,0,-1.25,-0.026753067038953304,-1.25,-1.3537139892578125,-3.569077968597412,0.42342114448547363,19.625,0,0
paper_suppressor_top,v5_qwen35_4b_211,210,18.875,0.021488985046744347,-3.125,-3.8185253143310547,6,0,-0.875,-0.012356942519545555,-0.125,-0.4669914245605469,-8.449860572814941,0.4230680465698242,19.75,0,0
paper_suppressor_top,v5_qwen35_4b_246,245,18.25,0.008653883822262287,-3.625,-4.741098403930664,13,0,-1.125,-0.017503770999610424,-0.75,-1.1239433288574219,-6.426072597503662,0.43826770782470703,19.375,0,0
paper_suppressor_top,v5_qwen35_4b_268,267,18.875,0.021488985046744347,-3.125,-3.8185253143310547,6,0,-0.875,-0.012356942519545555,-0.125,-0.4669914245605469,-8.449860572814941,0.4230680465698242,19.75,0,0
paper_suppressor_top,v5_qwen35_4b_032,31,18.25,0.007843559607863426,-3.625,-4.8402252197265625,15,0,-1.25,-0.019072560593485832,-0.875,-1.2524356842041016,-5.263761043548584,0.41292905807495117,19.5,0,0
paper_suppressor_top,v5_qwen35_4b_194,193,18.125,0.006649922113865614,-3.75,-5.00651741027832,15,0,-1.25,-0.017386517021805048,-0.875,-1.3026142120361328,-5.869101524353027,0.4409623146057129,19.375,0,0
paper_suppressor_top,v5_qwen35_4b_195,194,18.25,0.006705860141664743,-3.875,-4.998073577880859,12,0,-1.125,-0.015746389981359243,-1.25,-1.2243804931640625,-5.4867987632751465,0.4115562438964844,19.375,0,0
paper_suppressor_top,v5_qwen35_4b_019,18,17.875,0.0047713639214634895,-3.875,-5.340381622314453,17,0,-1.375,-0.015232647769153118,-1.125,-1.4487152099609375,-3.4143710136413574,0.432039737701416,19.25,0,0
paper_suppressor_top,v5_qwen35_4b_056,55,18.25,0.009979291819036007,-3.875,-4.5972442626953125,8,0,-1.0,-0.00784610491245985,-0.25,-0.5880699157714844,-8.412988662719727,0.4193735122680664,19.25,0,0
paper_suppressor_top,v5_qwen35_4b_057,56,18.375,0.010955380275845528,-3.75,-4.502939224243164,9,0,-1.0,-0.008767575025558472,-0.25,-0.5968589782714844,-8.357210159301758,0.4273872375488281,19.375,0,0
paper_suppressor_top,v5_qwen35_4b_190,189,18.125,0.006981400772929192,-3.625,-4.957538604736328,16,0,-1.25,-0.017863016575574875,-0.875,-1.2875308990478516,-4.9203667640686035,0.4132876396179199,19.375,0,0
paper_suppressor_top,v5_qwen35_4b_199,198,18.25,0.007250325754284859,-3.625,-4.919467926025391,14,0,-1.125,-0.015362197533249855,-0.75,-1.153045654296875,-5.2624192237854,0.4246788024902344,19.375,0,0
paper_suppressor_top,v5_qwen35_4b_240,239,18.125,0.006981400772929192,-3.625,-4.957538604736328,16,0,-1.25,-0.017863016575574875,-0.875,-1.2875308990478516,-4.9203667640686035,0.4132876396179199,19.375,0,0
paper_suppressor_top,v5_qwen35_4b_279,278,18.25,0.00996492337435484,-3.875,-4.598699569702148,8,0,-1.0,-0.007833807729184628,-0.25,-0.5880012512207031,-8.388999938964844,0.3893880844116211,19.25,0,0
paper_suppressor_top,v5_qwen35_4b_173,172,17.875,0.004365233238786459,-4.0,-5.429750442504883,19,0,-1.375,-0.01511062728241086,-1.25,-1.5107879638671875,-3.4684247970581055,0.42622828483581543,19.25,0,0
paper_suppressor_top,v5_qwen35_4b_193,192,18.25,0.007651299703866243,-3.875,-4.865228652954102,10,0,-1.125,-0.021156958770006895,-1.375,-1.3473262786865234,-3.877647638320923,0.4051692485809326,19.375,0,0
paper_suppressor_top,v5_qwen35_4b_196,195,18.625,0.011185112409293652,-3.125,-4.481958389282227,9,0,-1.125,-0.02531197015196085,-0.875,-1.2085742950439453,-5.123257160186768,0.4292163848876953,19.75,0,0
paper_suppressor_top,v5_qwen35_4b_207,206,18.625,0.013141406700015068,-3.5,-4.318788528442383,8,0,-1.125,-0.01325816847383976,-0.25,-0.7111110687255859,-8.462047576904297,0.4391441345214844,19.75,0,0
paper_suppressor_top,v5_qwen35_4b_210,209,18.625,0.015572691336274147,-3.25,-4.146568298339844,6,0,-0.875,-0.013761857524514198,-0.375,-0.6473236083984375,-7.568805694580078,0.4092750549316406,19.5,0,0
paper_suppressor_top,v5_qwen35_4b_071,70,18.625,0.010958757251501083,-3.625,-4.502616882324219,7,0,-0.75,-0.014760613441467285,-0.625,-0.8681354522705078,-7.8320465087890625,0.3657064437866211,19.375,0,0
paper_suppressor_top,v5_qwen35_4b_170,169,17.5,0.004115913063287735,-4.375,-5.488811492919922,16,0,-1.375,-0.01721038483083248,-1.75,-1.6625003814697266,-1.745085597038269,0.4248586893081665,18.875,0,0
paper_suppressor_top,v5_qwen35_4b_178,177,18.625,0.013808571733534336,-3.125,-4.268606185913086,10,0,-1.25,-0.041271879337728024,-1.625,-1.426248550415039,-2.8709969520568848,0.41054201126098633,19.875,0,0
paper_suppressor_top,v5_qwen35_4b_175,174,17.375,0.0033250395208597183,-4.625,-5.702983856201172,20,0,-1.625,-0.015323152765631676,-1.75,-1.7397518157958984,-2.0812160968780518,0.4114682674407959,19.0,0,0
paper_suppressor_top,v5_qwen35_4b_171,170,18.625,0.014037524349987507,-3.0,-4.251930236816406,10,0,-1.25,-0.04149012919515371,-1.625,-1.4181289672851562,-2.4647042751312256,0.40389180183410645,19.875,0,0
paper_suppressor_top,v5_qwen35_4b_009,8,17.375,0.0030492134392261505,-4.75,-5.789854049682617,17,0,-1.625,-0.014476874843239784,-1.75,-1.7634258270263672,-2.368594169616699,0.42540407180786133,19.0,0,0
paper_suppressor_top,v5_qwen35_4b_052,51,19.25,0.02272288128733635,-3.125,-3.761425018310547,5,0,-1.0,-0.021075349301099777,-0.375,-0.6780242919921875,-7.56604528427124,0.43846940994262695,20.25,0,0
paper_suppressor_top,v5_qwen35_4b_076,75,14.375,0.00014631445810664445,-8.125,-8.829633712768555,55,0,-1.5,-0.00034760193375404924,-0.875,-1.216958999633789,-12.366242408752441,0.4402599334716797,15.875,0,0
paper_suppressor_top,v5_qwen35_4b_077,76,14.375,0.00014631445810664445,-8.125,-8.829633712768555,55,0,-1.5,-0.00034760193375404924,-0.875,-1.216958999633789,-12.366242408752441,0.4402599334716797,15.875,0,0
paper_suppressor_top,v5_qwen35_4b_078,77,14.375,0.00014631445810664445,-8.125,-8.829633712768555,55,0,-1.5,-0.00034760193375404924,-0.875,-1.216958999633789,-12.366242408752441,0.4402599334716797,15.875,0,0
paper_suppressor_top,v5_qwen35_4b_079,78,14.375,0.00014631445810664445,-8.125,-8.829633712768555,55,0,-1.5,-0.00034760193375404924,-0.875,-1.216958999633789,-12.366242408752441,0.4402599334716797,15.875,0,0
paper_suppressor_top,v5_qwen35_4b_080,79,14.375,0.00014631445810664445,-8.125,-8.829633712768555,55,0,-1.5,-0.00034760193375404924,-0.875,-1.216958999633789,-12.366242408752441,0.4402599334716797,15.875,0,0
paper_suppressor_top,v5_qwen35_4b_081,80,14.375,0.00014631445810664445,-8.125,-8.829633712768555,55,0,-1.5,-0.00034760193375404924,-0.875,-1.216958999633789,-12.366242408752441,0.4402599334716797,15.875,0,0
paper_suppressor_top,v5_qwen35_4b_082,81,14.375,0.00014631445810664445,-8.125,-8.829633712768555,55,0,-1.5,-0.00034760193375404924,-0.875,-1.216958999633789,-12.366242408752441,0.4402599334716797,15.875,0,0
paper_suppressor_top,v5_qwen35_4b_083,82,14.375,0.00015007247566245496,-8.125,-8.804269790649414,55,0,-1.5625,-0.00033792544854804873,-0.8125,-1.179534912109375,-12.350726127624512,0.4411449432373047,15.9375,0,0
paper_suppressor_top,v5_qwen35_4b_084,83,14.375,0.00015007247566245496,-8.125,-8.804269790649414,55,0,-1.5625,-0.00033792544854804873,-0.8125,-1.179534912109375,-12.350726127624512,0.4411449432373047,15.9375,0,0
paper_suppressor_top,v5_qwen35_4b_087,86,14.375,0.00015007247566245496,-8.125,-8.804269790649414,55,0,-1.5625,-0.00033792544854804873,-0.8125,-1.179534912109375,-12.350726127624512,0.4411449432373047,15.9375,0,0
paper_suppressor_top,v5_qwen35_4b_088,87,14.375,0.00015007247566245496,-8.125,-8.804269790649414,55,0,-1.5625,-0.00033792544854804873,-0.8125,-1.179534912109375,-12.350726127624512,0.4411449432373047,15.9375,0,0
paper_suppressor_top,v5_qwen35_4b_089,88,14.375,0.00015007247566245496,-8.125,-8.804269790649414,55,0,-1.5625,-0.00033792544854804873,-0.8125,-1.179534912109375,-12.350726127624512,0.4411449432373047,15.9375,0,0
paper_suppressor_top,v5_qwen35_4b_090,89,14.375,0.00015007247566245496,-8.125,-8.804269790649414,55,0,-1.5625,-0.00033792544854804873,-0.8125,-1.179534912109375,-12.350726127624512,0.4411449432373047,15.9375,0,0
paper_suppressor_top,v5_qwen35_4b_091,90,14.375,0.00015007247566245496,-8.125,-8.804269790649414,55,0,-1.5625,-0.00033792544854804873,-0.8125,-1.179534912109375,-12.350726127624512,0.4411449432373047,15.9375,0,0
paper_suppressor_top,v5_qwen35_4b_092,91,14.375,0.00015007247566245496,-8.125,-8.804269790649414,55,0,-1.5625,-0.00033792544854804873,-0.8125,-1.179534912109375,-12.350726127624512,0.4411449432373047,15.9375,0,0
paper_suppressor_top,v5_qwen35_4b_093,92,14.375,0.00015007247566245496,-8.125,-8.804269790649414,55,0,-1.5625,-0.00033792544854804873,-0.8125,-1.179534912109375,-12.350726127624512,0.4411449432373047,15.9375,0,0
paper_suppressor_top,v5_qwen35_4b_094,93,14.375,0.00015007247566245496,-8.125,-8.804269790649414,55,0,-1.5625,-0.00033792544854804873,-0.8125,-1.179534912109375,-12.350726127624512,0.4411449432373047,15.9375,0,0
paper_suppressor_top,v5_qwen35_4b_095,94,14.375,0.00015007247566245496,-8.125,-8.804269790649414,55,0,-1.5625,-0.00033792544854804873,-0.8125,-1.179534912109375,-12.350726127624512,0.4411449432373047,15.9375,0,0
paper_suppressor_top,v5_qwen35_4b_096,95,14.375,0.00015007247566245496,-8.125,-8.804269790649414,55,0,-1.5625,-0.00033792544854804873,-0.8125,-1.179534912109375,-12.350726127624512,0.4411449432373047,15.9375,0,0
paper_suppressor_top,v5_qwen35_4b_097,96,14.375,0.00015007247566245496,-8.125,-8.804269790649414,55,0,-1.5625,-0.00033792544854804873,-0.8125,-1.179534912109375,-12.350726127624512,0.4411449432373047,15.9375,0,0
paper_suppressor_top,v5_qwen35_4b_099,98,14.375,0.00015007247566245496,-8.125,-8.804269790649414,55,0,-1.5625,-0.00033792544854804873,-0.8125,-1.179534912109375,-12.350726127624512,0.4411449432373047,15.9375,0,0
paper_suppressor_top,v5_qwen35_4b_100,99,14.375,0.00015007247566245496,-8.125,-8.804269790649414,55,0,-1.5625,-0.00033792544854804873,-0.8125,-1.179534912109375,-12.350726127624512,0.4411449432373047,15.9375,0,0
paper_suppressor_top,v5_qwen35_4b_101,100,14.375,0.00015007247566245496,-8.125,-8.804269790649414,55,0,-1.5625,-0.00033792544854804873,-0.8125,-1.179534912109375,-12.350726127624512,0.4411449432373047,15.9375,0,0
paper_suppressor_top,v5_qwen35_4b_102,101,14.375,0.00015007247566245496,-8.125,-8.804269790649414,55,0,-1.5625,-0.00033792544854804873,-0.8125,-1.179534912109375,-12.350726127624512,0.4411449432373047,15.9375,0,0
paper_suppressor_top,v5_qwen35_4b_103,102,14.375,0.00015007247566245496,-8.125,-8.804269790649414,55,0,-1.5625,-0.00033792544854804873,-0.8125,-1.179534912109375,-12.350726127624512,0.4411449432373047,15.9375,0,0
paper_suppressor_top,v5_qwen35_4b_104,103,14.375,0.00015007247566245496,-8.125,-8.804269790649414,55,0,-1.5625,-0.00033792544854804873,-0.8125,-1.179534912109375,-12.350726127624512,0.4411449432373047,15.9375,0,0
paper_suppressor_top,v5_qwen35_4b_105,104,14.375,0.00015007247566245496,-8.125,-8.804269790649414,55,0,-1.5625,-0.00033792544854804873,-0.8125,-1.179534912109375,-12.350726127624512,0.4411449432373047,15.9375,0,0
paper_suppressor_top,v5_qwen35_4b_106,105,14.375,0.00015007247566245496,-8.125,-8.804269790649414,55,0,-1.5625,-0.00033792544854804873,-0.8125,-1.179534912109375,-12.350726127624512,0.4411449432373047,15.9375,0,0
paper_suppressor_top,v5_qwen35_4b_107,106,14.375,0.00015007247566245496,-8.125,-8.804269790649414,55,0,-1.5625,-0.00033792544854804873,-0.8125,-1.179534912109375,-12.350726127624512,0.4411449432373047,15.9375,0,0
paper_suppressor_top,v5_qwen35_4b_108,107,14.375,0.00015007247566245496,-8.125,-8.804269790649414,55,0,-1.5625,-0.00033792544854804873,-0.8125,-1.179534912109375,-12.350726127624512,0.4411449432373047,15.9375,0,0
paper_suppressor_top,v5_qwen35_4b_109,108,14.375,0.00015007247566245496,-8.125,-8.804269790649414,55,0,-1.5625,-0.00033792544854804873,-0.8125,-1.179534912109375,-12.350726127624512,0.4411449432373047,15.9375,0,0
paper_suppressor_top,v5_qwen35_4b_110,109,14.375,0.00015007247566245496,-8.125,-8.804269790649414,55,0,-1.5625,-0.00033792544854804873,-0.8125,-1.179534912109375,-12.350726127624512,0.4411449432373047,15.9375,0,0
paper_suppressor_top,v5_qwen35_4b_111,110,14.375,0.00015007247566245496,-8.125,-8.804269790649414,55,0,-1.5625,-0.00033792544854804873,-0.8125,-1.179534912109375,-12.350726127624512,0.4411449432373047,15.9375,0,0
paper_suppressor_top,v5_qwen35_4b_112,111,14.375,0.00015007247566245496,-8.125,-8.804269790649414,55,0,-1.5625,-0.00033792544854804873,-0.8125,-1.179534912109375,-12.350726127624512,0.4411449432373047,15.9375,0,0
paper_suppressor_top,v5_qwen35_4b_116,115,15.0625,0.00027213466819375753,-7.4375,-8.208965301513672,43,0,-1.5625,-0.0006997068994678557,-0.9375,-1.2735977172851562,-15.005716323852539,0.4562864303588867,16.625,0,0
paper_suppressor_top,v5_qwen35_4b_129,128,15.0625,0.00027213466819375753,-7.4375,-8.208965301513672,43,0,-1.5625,-0.0006997068994678557,-0.9375,-1.2735977172851562,-15.005716323852539,0.4562864303588867,16.625,0,0
paper_suppressor_top,v5_qwen35_4b_132,131,15.0625,0.00027213466819375753,-7.4375,-8.208965301513672,43,0,-1.5625,-0.0006997068994678557,-0.9375,-1.2735977172851562,-15.005716323852539,0.4562864303588867,16.625,0,0
paper_suppressor_top,v5_qwen35_4b_138,137,15.0625,0.00027213466819375753,-7.4375,-8.208965301513672,43,0,-1.5625,-0.0006997068994678557,-0.9375,-1.2735977172851562,-15.005716323852539,0.4562864303588867,16.625,0,0
paper_suppressor_top,v5_qwen35_4b_143,142,15.0625,0.00027213466819375753,-7.4375,-8.208965301513672,43,0,-1.5625,-0.0006997068994678557,-0.9375,-1.2735977172851562,-15.005716323852539,0.4562864303588867,16.625,0,0
paper_suppressor_top,v5_qwen35_4b_029,28,15.625,0.0009122866904363036,-5.75,-6.998680114746094,24,0,-1.875,-0.00815716537181288,-2.125,-2.304901123046875,-6.251178741455078,0.38298511505126953,17.5,0,0
paper_suppressor_top,v5_qwen35_4b_086,85,14.1875,0.00013448225217871368,-8.1875,-8.913972854614258,61,0,-1.5625,-0.0002979825367219746,-0.8125,-1.1683712005615234,-12.168728828430176,0.43991756439208984,15.75,0,0
paper_suppressor_top,v5_qwen35_4b_258,257,19.5,0.03082750365138054,-2.75,-3.4480552673339844,6,0,-0.625,-0.03010481223464012,-0.5,-0.7129058837890625,-7.062746047973633,0.3704357147216797,20.125,0,0
paper_suppressor_top,v5_qwen35_4b_252,251,19.25,0.02925390563905239,-2.75,-3.5020999908447266,6,0,-1.0,-0.05786980129778385,-1.25,-1.15277099609375,-2.084470510482788,0.4260542392730713,20.25,0,0
paper_suppressor_top,v5_qwen35_4b_006,5,15.4375,0.0005653769476339221,-6.5625,-7.47749137878418,25,0,-2.0625,-0.0061616707826033235,-2.3125,-2.482572555541992,-3.013087511062622,0.40918540954589844,17.5,0,0
paper_suppressor_top,v5_qwen35_4b_004,3,13.8125,5.918795432080515e-05,-8.8125,-9.734762191772461,62,0,-2.4375,-0.0008322592293552589,-2.4375,-2.71295166015625,-1.3132753372192383,0.40037107467651367,16.25,0,0
paper_suppressor_top,v5_qwen35_4b_154,153,13.5,6.40402504359372e-05,-8.125,-9.65597152709961,68,0,-1.8125,-0.00047118198563111946,-2.0625,-2.1236305236816406,-0.3974599838256836,0.40802204608917236,15.3125,0,0
paper_suppressor_top,v5_qwen35_4b_119,118,16.875,0.0007376988651230931,-6.375,-7.211248397827148,17,0,-1.75,-0.004993682145141065,-1.875,-2.055177688598633,-6.968623161315918,0.3892507553100586,18.625,0,0
paper_suppressor_top,v5_qwen35_4b_010,9,13.8125,0.00012595659063663334,-7.5625,-8.979488372802734,56,0,-2.3125,-0.0008966954337665811,-1.8125,-2.0951080322265625,-5.611892223358154,0.44030237197875977,16.125,0,0
paper_suppressor_top,v5_qwen35_4b_151,150,13.125,6.373620999511331e-05,-8.875,-9.660734176635742,73,0,-2.5625,-0.0008636205602670088,-2.5625,-2.678445816040039,-4.474897861480713,0.4065127372741699,15.6875,0,0
paper_suppressor_top,v5_qwen35_4b_289,288,18.25,0.005433725658804178,-4.5,-5.209693908691406,7,0,-1.0,-0.011798651423305273,-1.0,-1.1660919189453125,-8.409106254577637,0.36980438232421875,19.25,0,0
paper_suppressor_top,v5_qwen35_4b_244,243,17.625,0.014468180947005749,-3.0,-4.221286773681641,10,0,-1.125,-0.04646701831370592,-1.375,-1.4861469268798828,0.12399280071258545,0.34649693965911865,18.75,0,0
aligned_driver_top_control,v5_qwen35_4b_285,284,19.25,0.026078632101416588,-2.625,-3.6202564239501953,6,0,0.0,-0.0005328468978404999,0.0,-0.020772933959960938,-8.039628982543945,-0.057358741760253906,19.25,0,0
aligned_driver_top_control,v5_qwen35_4b_016,15,15.0625,0.0003633598971646279,-7.1875,-7.919797897338867,37,0,0.0,7.596099749207497e-08,0.0,0.0002079010009765625,-13.005228042602539,-0.03999900817871094,15.0625,0,0
aligned_driver_top_control,v5_qwen35_4b_036,35,15.6875,0.0005432348698377609,-6.4375,-7.517465591430664,25,0,0.0,-2.2755935788154602e-05,-0.125,-0.04105567932128906,-14.819337844848633,-0.024374961853027344,15.6875,0,0
aligned_driver_top_control,v5_qwen35_4b_085,84,15.0,0.00026835111202672124,-7.875,-8.222970962524414,33,0,0.0,-3.187247784808278e-06,0.0,-0.011810302734375,-13.925543785095215,-0.03487968444824219,15.0,0,0
aligned_driver_top_control,v5_qwen35_4b_133,132,15.6875,0.0005432348698377609,-6.4375,-7.517465591430664,25,0,0.0,-2.2755935788154602e-05,-0.125,-0.04105567932128906,-14.819337844848633,-0.024374961853027344,15.6875,0,0
aligned_driver_top_control,v5_qwen35_4b_147,146,15.6875,0.0005432348698377609,-6.4375,-7.517465591430664,25,0,0.0,-2.2755935788154602e-05,-0.125,-0.04105567932128906,-14.819337844848633,-0.024374961853027344,15.6875,0,0
aligned_driver_top_control,v5_qwen35_4b_260,259,17.125,0.004732245579361916,-4.5,-5.348661422729492,13,0,0.0,4.156492650508881e-06,0.0,0.0008831024169921875,-13.167888641357422,-0.060402870178222656,17.125,0,0
aligned_driver_top_control,v5_qwen35_4b_263,262,16.625,0.0025466280058026314,-5.5,-5.970470428466797,13,0,0.0,5.4908450692892075e-06,0.0,0.0021648406982421875,-14.086592674255371,-0.06200122833251953,16.625,0,0
aligned_driver_top_control,v5_qwen35_4b_296,295,17.25,0.005506015382707119,-4.375,-5.196443557739258,13,0,0.0,-2.050492912530899e-05,0.0,-0.0037384033203125,-12.997096061706543,-0.04878711700439453,17.25,0,0
aligned_driver_top_control,v5_qwen35_4b_040,39,16.0,0.00144602928776294,-5.375,-6.537542343139648,19,0,0.0,1.2402771972119808e-05,0.125,0.008626937866210938,-11.4067964553833,-0.03364849090576172,16.0,0,0
aligned_driver_top_control,v5_qwen35_4b_054,53,17.25,0.009505490772426128,-3.375,-4.646402359008789,9,0,-0.125,-0.0012611346319317818,-0.125,-0.1258544921875,-10.047257423400879,-0.02445697784423828,17.375,0,0
aligned_driver_top_control,v5_qwen35_4b_229,228,16.0,0.00144602928776294,-5.375,-6.537542343139648,19,0,0.0,1.2402771972119808e-05,0.125,0.008626937866210938,-11.4067964553833,-0.03364849090576172,16.0,0,0
aligned_driver_top_control,v5_qwen35_4b_047,46,17.0,0.0016082278452813625,-5.875,-6.431041717529297,14,0,0.0,-4.020286723971367e-06,0.0,-0.0025005340576171875,-5.853028297424316,-0.06656074523925781,17.0,0,0
aligned_driver_top_control,v5_qwen35_4b_271,270,19.25,0.021349485963582993,-3.125,-3.8251876831054688,9,0,-0.125,-0.002762017771601677,-0.125,-0.12448692321777344,-11.11756706237793,-0.1350860595703125,19.375,0,0
aligned_driver_top_control,v5_qwen35_4b_039,38,16.5,0.0004482085641939193,-6.875,-7.709819793701172,15,0,0.0,-5.007314030081034e-07,0.0,-0.0011157989501953125,-9.770559310913086,-0.058666229248046875,16.5,0,0
aligned_driver_top_control,v5_qwen35_4b_215,214,19.125,0.023417972028255463,-3.0,-3.7305965423583984,7,0,-0.125,-0.0030246730893850327,-0.125,-0.12457656860351562,-7.718383312225342,-0.09502840042114258,19.25,0,0
aligned_driver_top_control,v5_qwen35_4b_245,244,15.125,0.0002863803820218891,-7.875,-8.15792465209961,22,0,0.0,-2.042768755927682e-06,0.0,-0.007110595703125,-15.556259155273438,-0.03069305419921875,15.125,0,0
aligned_driver_top_control,v5_qwen35_4b_161,160,15.625,0.00026611052453517914,-8.125,-8.231348037719727,26,0,-0.0625,-1.68562401086092e-05,-0.0625,-0.061435699462890625,-18.695716857910156,-0.029743194580078125,15.6875,0,0
aligned_driver_top_control,v5_qwen35_4b_121,120,15.875,0.0005802108207717538,-7.0,-7.451564788818359,14,0,0.0,-4.076224286109209e-06,0.0,-0.007007598876953125,-16.448989868164062,-0.02410125732421875,15.875,0,0
aligned_driver_top_control,v5_qwen35_4b_181,180,15.875,0.00043409064528532326,-7.625,-7.741838455200195,18,0,0.0,-2.500019036233425e-08,0.0,-5.7220458984375e-05,-17.072978973388672,-0.023767471313476562,15.875,0,0
aligned_driver_top_control,v5_qwen35_4b_259,258,17.375,0.0029904248658567667,-5.625,-5.809364318847656,9,0,0.0,-3.0279625207185745e-06,0.0,-0.00101470947265625,-16.25626564025879,-0.028717041015625,17.375,0,0
aligned_driver_top_control,v5_qwen35_4b_283,282,17.875,0.007355665322393179,-4.25,-4.904947280883789,12,0,0.0,0.00016327621415257454,0.0,0.022611618041992188,-12.150083541870117,-0.07929039001464844,17.875,0,0
aligned_driver_top_control,v5_qwen35_4b_272,271,20.25,0.02383957803249359,-3.5,-3.7122936248779297,4,0,0.0,5.796551704406738e-06,0.0,0.0002498626708984375,-10.719545364379883,-0.09318161010742188,20.25,0,0
aligned_driver_top_control,v5_qwen35_4b_043,42,16.625,0.0008938843384385109,-5.875,-7.019071578979492,24,0,-0.125,-0.00012513843830674887,-0.25,-0.1311492919921875,-7.159614086151123,-0.08950328826904297,16.75,0,0
aligned_driver_top_control,v5_qwen35_4b_166,165,19.375,0.022410841658711433,-3.125,-3.775583267211914,7,0,0.0,1.605600118637085e-05,0.0,0.0007343292236328125,-8.114121437072754,-0.056084632873535156,19.375,0,0
aligned_driver_top_control,v5_qwen35_4b_055,54,19.125,0.008293252438306808,-4.625,-4.784002304077148,6,0,0.0,5.868915468454361e-05,0.0,0.007160186767578125,-14.906661033630371,-0.04405784606933594,19.125,0,0
aligned_driver_top_control,v5_qwen35_4b_130,129,16.625,0.0007516283658333123,-6.625,-7.192537307739258,20,0,0.0,-2.923188731074333e-07,0.0,-0.00038909912109375,-8.956803321838379,-0.06307411193847656,16.625,0,0
aligned_driver_top_control,v5_qwen35_4b_182,181,15.75,0.00031644353293813765,-7.875,-8.058069229125977,29,0,-0.0625,-2.0342966308817267e-05,-0.0625,-0.06232452392578125,-4.803740978240967,-0.07041788101196289,15.8125,0,0
aligned_driver_top_control,v5_qwen35_4b_065,64,18.125,0.012272174470126629,-3.25,-4.388118743896484,10,0,0.0,-0.00010372791439294815,0.0,-0.00852203369140625,-6.644805908203125,-0.07060670852661133,18.125,0,0
aligned_driver_top_control,v5_qwen35_4b_001,0,17.5,0.005562495905905962,-4.875,-5.186162948608398,11,0,0.0,-4.497868940234184e-05,0.0,-0.008098602294921875,-3.7552740573883057,-0.10230398178100586,17.5,0,0
aligned_driver_top_control,v5_qwen35_4b_053,52,17.5,0.01063003484159708,-3.625,-4.533437728881836,8,0,0.0,-6.14020973443985e-06,0.0,-0.000583648681640625,-9.56091594696045,-0.01838970184326172,17.5,0,0
aligned_driver_top_control,v5_qwen35_4b_155,154,15.125,0.0006895650294609368,-6.125,-7.278820037841797,30,0,0.0,-1.701002474874258e-06,0.0,-0.00246429443359375,-10.813565254211426,-0.03435039520263672,15.125,0,0
aligned_driver_top_control,v5_qwen35_4b_120,119,16.125,0.0015397469978779554,-5.375,-6.474645614624023,18,0,0.0,7.007969543337822e-06,0.0,0.0045680999755859375,-11.079268455505371,-0.03276252746582031,16.125,0,0
aligned_driver_top_control,v5_qwen35_4b_232,231,16.125,0.0015397469978779554,-5.375,-6.474645614624023,18,0,0.0,7.007969543337822e-06,0.0,0.0045680999755859375,-11.079268455505371,-0.03276252746582031,16.125,0,0
aligned_driver_top_control,v5_qwen35_4b_226,225,17.875,0.001698784762993455,-5.625,-6.37615966796875,7,0,0.0,0.00012118194717913866,0.125,0.074127197265625,-12.702845573425293,-0.053132057189941406,17.875,0,0
aligned_driver_top_control,v5_qwen35_4b_123,122,15.6875,0.0006942946347407997,-6.8125,-7.271949768066406,18,0,-0.0625,-6.05199602432549e-05,-0.0625,-0.08363533020019531,-16.631010055541992,-0.023721694946289062,15.75,0,0
aligned_driver_top_control,v5_qwen35_4b_030,29,15.75,0.000642342260107398,-7.0,-7.349775314331055,18,0,-0.0625,-4.081439692527056e-05,-0.0625,-0.06164360046386719,-16.694913864135742,-0.025560379028320312,15.8125,0,0
aligned_driver_top_control,v5_qwen35_4b_205,204,17.875,0.008965501561760902,-4.25,-4.705402374267578,7,0,-0.125,-0.0012153303250670433,-0.125,-0.12834930419921875,-14.256457328796387,-0.03405475616455078,18.0,0,0
aligned_driver_top_control,v5_qwen35_4b_208,207,19.625,0.02456318400800228,-3.25,-3.681659698486328,5,0,0.0,1.0406598448753357e-05,0.0,0.00043487548828125,-11.733153343200684,-0.05821990966796875,19.625,0,0
aligned_driver_top_control,v5_qwen35_4b_159,158,15.6875,0.00029598292894661427,-7.9375,-8.124929428100586,23,0,0.0,-2.8527574613690376e-07,0.0,-0.0009632110595703125,-18.825212478637695,-0.0238037109375,15.6875,0,0
aligned_driver_top_control,v5_qwen35_4b_262,261,18.625,0.011317770928144455,-4.0,-4.470024108886719,4,0,0.0,1.6093254089355469e-06,0.0,0.0001430511474609375,-15.73405933380127,-0.02102947235107422,18.625,0,0
aligned_driver_top_control,v5_qwen35_4b_281,280,18.625,0.011317770928144455,-4.0,-4.470024108886719,4,0,0.0,1.6093254089355469e-06,0.0,0.0001430511474609375,-15.73405933380127,-0.02102947235107422,18.625,0,0
aligned_driver_top_control,v5_qwen35_4b_153,152,15.8125,0.000667719985358417,-7.1875,-7.310991287231445,19,0,0.0,-2.19524372369051e-06,0.0,-0.003284454345703125,-17.382854461669922,-0.016565322875976562,15.8125,0,0
aligned_driver_top_control,v5_qwen35_4b_017,16,15.5625,0.0005967005272395909,-7.3125,-7.423513412475586,19,0,0.0,-8.842907845973969e-07,0.0,-0.0014801025390625,-16.747058868408203,-0.014070510864257812,15.5625,0,0
aligned_driver_top_control,v5_qwen35_4b_023,22,15.5625,0.0005967005272395909,-7.3125,-7.423513412475586,19,0,0.0,-8.842907845973969e-07,0.0,-0.0014801025390625,-16.747058868408203,-0.014070510864257812,15.5625,0,0
aligned_driver_top_control,v5_qwen35_4b_027,26,16.5,0.0013760592555627227,-6.375,-6.587175369262695,13,0,0.0,-0.00014440168160945177,-0.125,-0.09993171691894531,-17.364898681640625,-0.01279449462890625,16.5,0,0
aligned_driver_top_control,v5_qwen35_4b_028,27,16.5,0.0013760592555627227,-6.375,-6.587175369262695,13,0,0.0,-0.00014440168160945177,-0.125,-0.09993171691894531,-17.364898681640625,-0.01279449462890625,16.5,0,0
aligned_driver_top_control,v5_qwen35_4b_035,34,16.5,0.0013760592555627227,-6.375,-6.587175369262695,13,0,0.0,-0.00014440168160945177,-0.125,-0.09993171691894531,-17.364898681640625,-0.01279449462890625,16.5,0,0
aligned_driver_top_control,v5_qwen35_4b_046,45,16.375,0.0013447583187371492,-6.375,-6.610218048095703,14,0,0.0,-0.00013821350876241922,-0.125,-0.09797096252441406,-17.120220184326172,-0.014425277709960938,16.375,0,0
aligned_driver_top_control,v5_qwen35_4b_059,58,17.375,0.006766613572835922,-4.75,-4.988994598388672,6,0,-0.125,-0.000926146749407053,-0.125,-0.12921142578125,-15.483023643493652,-0.01741790771484375,17.5,0,0
aligned_driver_top_control,v5_qwen35_4b_064,63,17.375,0.006766613572835922,-4.75,-4.988994598388672,6,0,-0.125,-0.000926146749407053,-0.125,-0.12921142578125,-15.483023643493652,-0.01741790771484375,17.5,0,0
aligned_driver_top_control,v5_qwen35_4b_113,112,16.375,0.0013447583187371492,-6.375,-6.610218048095703,14,0,0.0,-0.00013821350876241922,-0.125,-0.09797096252441406,-17.120220184326172,-0.014425277709960938,16.375,0,0
aligned_driver_top_control,v5_qwen35_4b_118,117,16.375,0.0013447583187371492,-6.375,-6.610218048095703,14,0,0.0,-0.00013821350876241922,-0.125,-0.09797096252441406,-17.120220184326172,-0.014425277709960938,16.375,0,0
aligned_driver_top_control,v5_qwen35_4b_149,148,16.375,0.0013447583187371492,-6.375,-6.610218048095703,14,0,0.0,-0.00013821350876241922,-0.125,-0.09797096252441406,-17.120220184326172,-0.014425277709960938,16.375,0,0
aligned_driver_top_control,v5_qwen35_4b_152,151,15.1875,0.00041161745321005583,-7.6875,-7.795021057128906,21,0,0.0,-3.0850060284137726e-08,0.0,-7.43865966796875e-05,-16.65489959716797,-0.0105743408203125,15.1875,0,0
aligned_driver_top_control,v5_qwen35_4b_156,155,15.1875,0.00041161745321005583,-7.6875,-7.795021057128906,21,0,0.0,-3.0850060284137726e-08,0.0,-7.43865966796875e-05,-16.65489959716797,-0.0105743408203125,15.1875,0,0
aligned_driver_top_control,v5_qwen35_4b_167,166,15.1875,0.00041161745321005583,-7.6875,-7.795021057128906,21,0,0.0,-3.0850060284137726e-08,0.0,-7.43865966796875e-05,-16.65489959716797,-0.0105743408203125,15.1875,0,0
aligned_driver_top_control,v5_qwen35_4b_172,171,15.5,0.0005596802802756429,-7.375,-7.487602233886719,19,0,0.0,-2.9383227229118347e-07,0.0,-0.00052642822265625,-16.76397132873535,-0.013463973999023438,15.5,0,0
aligned_driver_top_control,v5_qwen35_4b_234,233,16.125,0.0011516694212332368,-6.5,-6.765413284301758,14,0,0.0,-2.2198655642569065e-05,0.0,-0.019113540649414062,-17.194007873535156,-0.009769439697265625,16.125,0,0
aligned_driver_top_control,v5_qwen35_4b_243,242,16.375,0.0013447583187371492,-6.375,-6.610218048095703,14,0,0.0,-0.00013821350876241922,-0.125,-0.09797096252441406,-17.120220184326172,-0.014425277709960938,16.375,0,0
aligned_driver_top_control,v5_qwen35_4b_251,250,16.375,0.0013447583187371492,-6.375,-6.610218048095703,14,0,0.0,-0.00013821350876241922,-0.125,-0.09797096252441406,-17.120220184326172,-0.014425277709960938,16.375,0,0
aligned_driver_top_control,v5_qwen35_4b_254,253,17.375,0.006766613572835922,-4.75,-4.988994598388672,6,0,-0.125,-0.000926146749407053,-0.125,-0.12921142578125,-15.483023643493652,-0.01741790771484375,17.5,0,0
aligned_driver_top_control,v5_qwen35_4b_255,254,17.375,0.006766613572835922,-4.75,-4.988994598388672,6,0,-0.125,-0.000926146749407053,-0.125,-0.12921142578125,-15.483023643493652,-0.01741790771484375,17.5,0,0
aligned_driver_top_control,v5_qwen35_4b_264,263,17.375,0.006734404247254133,-4.75,-4.993799209594727,8,0,0.0,-4.055909812450409e-07,0.0,-6.103515625e-05,-15.358729362487793,-0.019006729125976562,17.375,0,0
aligned_driver_top_control,v5_qwen35_4b_273,272,17.375,0.0074798245914280415,-4.625,-4.888069152832031,6,0,0.0,5.406327545642853e-07,0.0,7.2479248046875e-05,-15.462825775146484,-0.020401954650878906,17.375,0,0
aligned_driver_top_control,v5_qwen35_4b_290,289,17.5,0.008517010137438774,-4.5,-4.757167816162109,4,0,0.0,-8.996576070785522e-07,0.0,-0.0001068115234375,-15.519692420959473,-0.020734786987304688,17.5,0,0
aligned_driver_top_control,v5_qwen35_4b_267,266,17.5,0.003153543220832944,-5.25,-5.756092071533203,7,0,0.0,3.0514784157276154e-06,0.0,0.000972747802734375,-17.06421661376953,-0.016086578369140625,17.5,0,0
aligned_driver_top_control,v5_qwen35_4b_148,147,15.5625,0.0003644796379376203,-7.3125,-7.916696548461914,16,0,0.0,9.022187441587448e-09,0.0,2.47955322265625e-05,-18.079381942749023,-0.014850616455078125,15.5625,0,0
aligned_driver_top_control,v5_qwen35_4b_180,179,14.5,0.00011464203271316364,-8.875,-9.073598861694336,35,0,0.0,-1.763473846949637e-07,0.0,-0.001537322998046875,-18.822357177734375,-0.020351409912109375,14.5,0,0
aligned_driver_top_control,v5_qwen35_4b_072,71,19.0,0.04054391384124756,-2.375,-3.164030075073242,5,0,-0.125,-0.005285240709781647,-0.125,-0.12806129455566406,-7.785305976867676,-0.13332319259643555,19.125,0,0
aligned_driver_top_control,v5_qwen35_4b_073,72,19.5,0.0227363258600235,-3.25,-3.7608203887939453,5,0,-0.125,-0.0013023950159549713,0.0,-0.057037353515625,-9.536837577819824,-0.06578922271728516,19.625,0,0
aligned_driver_top_control,v5_qwen35_4b_270,269,19.625,0.09469693899154663,-1.0,-2.257650375366211,5,0,0.0,-6.988644599914551e-06,0.0,-8.20159912109375e-05,-6.8289475440979,-0.061944007873535156,19.625,0,0
aligned_driver_top_control,v5_qwen35_4b_038,37,17.875,0.0027563045732676983,-5.375,-5.891122817993164,10,0,0.0,-2.2724270820617676e-06,0.0,-0.0008258819580078125,-10.021573066711426,-0.06989479064941406,17.875,0,0
aligned_driver_top_control,v5_qwen35_4b_204,203,20.625,0.04626300558447838,-2.625,-3.0260658264160156,4,0,0.0,-1.477077603340149e-05,0.0,-0.0003337860107421875,-6.559985637664795,-0.10095834732055664,20.625,0,0
aligned_driver_top_control,v5_qwen35_4b_007,6,16.25,0.0005434320773929358,-7.25,-7.517087936401367,24,0,0.0,-4.159868694841862e-06,0.0,-0.00762939453125,-17.904380798339844,-0.023754119873046875,16.25,0,0
aligned_driver_top_control,v5_qwen35_4b_014,13,16.25,0.0005434320773929358,-7.25,-7.517087936401367,24,0,0.0,-4.159868694841862e-06,0.0,-0.00762939453125,-17.904380798339844,-0.023754119873046875,16.25,0,0
aligned_driver_top_control,v5_qwen35_4b_018,17,16.25,0.0005434320773929358,-7.25,-7.517087936401367,24,0,0.0,-4.159868694841862e-06,0.0,-0.00762939453125,-17.904380798339844,-0.023754119873046875,16.25,0,0
aligned_driver_top_control,v5_qwen35_4b_020,19,16.25,0.0005434320773929358,-7.25,-7.517087936401367,24,0,0.0,-4.159868694841862e-06,0.0,-0.00762939453125,-17.904380798339844,-0.023754119873046875,16.25,0,0
aligned_driver_top_control,v5_qwen35_4b_021,20,16.25,0.0005434320773929358,-7.25,-7.517087936401367,24,0,0.0,-4.159868694841862e-06,0.0,-0.00762939453125,-17.904380798339844,-0.023754119873046875,16.25,0,0
aligned_driver_top_control,v5_qwen35_4b_024,23,16.25,0.0005434320773929358,-7.25,-7.517087936401367,24,0,0.0,-4.159868694841862e-06,0.0,-0.00762939453125,-17.904380798339844,-0.023754119873046875,16.25,0,0
aligned_driver_top_control,v5_qwen35_4b_025,24,16.5,0.0007024818332865834,-7.0,-7.260213851928711,20,0,0.0,-6.074726115912199e-06,0.0,-0.008617401123046875,-17.91257095336914,-0.02222442626953125,16.5,0,0
aligned_driver_top_control,v5_qwen35_4b_098,97,16.5,0.0007024818332865834,-7.0,-7.260213851928711,20,0,0.0,-6.074726115912199e-06,0.0,-0.008617401123046875,-17.91257095336914,-0.02222442626953125,16.5,0,0
aligned_driver_top_control,v5_qwen35_4b_114,113,16.75,0.0009986510267481208,-6.375,-6.908134460449219,11,0,0.0,6.041955202817917e-08,0.0,6.103515625e-05,-17.662748336791992,-0.0029449462890625,16.75,0,0
aligned_driver_top_control,v5_qwen35_4b_128,127,16.75,0.0009986510267481208,-6.375,-6.908134460449219,11,0,0.0,6.041955202817917e-08,0.0,6.103515625e-05,-17.662748336791992,-0.0029449462890625,16.75,0,0
aligned_driver_top_control,v5_qwen35_4b_131,130,16.75,0.0009986510267481208,-6.375,-6.908134460449219,11,0,0.0,6.041955202817917e-08,0.0,6.103515625e-05,-17.662748336791992,-0.0029449462890625,16.75,0,0
aligned_driver_top_control,v5_qwen35_4b_135,134,16.75,0.0009986510267481208,-6.375,-6.908134460449219,11,0,0.0,6.041955202817917e-08,0.0,6.103515625e-05,-17.662748336791992,-0.0029449462890625,16.75,0,0
aligned_driver_top_control,v5_qwen35_4b_136,135,16.75,0.0009986510267481208,-6.375,-6.908134460449219,11,0,0.0,6.041955202817917e-08,0.0,6.103515625e-05,-17.662748336791992,-0.0029449462890625,16.75,0,0
aligned_driver_top_control,v5_qwen35_4b_144,143,16.75,0.0009986510267481208,-6.375,-6.908134460449219,11,0,0.0,6.041955202817917e-08,0.0,6.103515625e-05,-17.662748336791992,-0.0029449462890625,16.75,0,0
aligned_driver_top_control,v5_qwen35_4b_145,144,16.75,0.0009986510267481208,-6.375,-6.908134460449219,11,0,0.0,6.041955202817917e-08,0.0,6.103515625e-05,-17.662748336791992,-0.0029449462890625,16.75,0,0
aligned_driver_top_control,v5_qwen35_4b_160,159,16.5,0.0007024818332865834,-7.0,-7.260213851928711,20,0,0.0,-6.074726115912199e-06,0.0,-0.008617401123046875,-17.91257095336914,-0.02222442626953125,16.5,0,0
aligned_driver_top_control,v5_qwen35_4b_164,163,16.5,0.0007024818332865834,-7.0,-7.260213851928711,20,0,0.0,-6.074726115912199e-06,0.0,-0.008617401123046875,-17.91257095336914,-0.02222442626953125,16.5,0,0
aligned_driver_top_control,v5_qwen35_4b_169,168,16.5,0.0007024818332865834,-7.0,-7.260213851928711,20,0,0.0,-6.074726115912199e-06,0.0,-0.008617401123046875,-17.91257095336914,-0.02222442626953125,16.5,0,0
aligned_driver_top_control,v5_qwen35_4b_174,173,16.5,0.0007024818332865834,-7.0,-7.260213851928711,20,0,0.0,-6.074726115912199e-06,0.0,-0.008617401123046875,-17.91257095336914,-0.02222442626953125,16.5,0,0
aligned_driver_top_control,v5_qwen35_4b_187,186,16.5,0.0007024818332865834,-7.0,-7.260213851928711,20,0,0.0,-6.074726115912199e-06,0.0,-0.008617401123046875,-17.91257095336914,-0.02222442626953125,16.5,0,0
aligned_driver_top_control,v5_qwen35_4b_188,187,16.5,0.0007024818332865834,-7.0,-7.260213851928711,20,0,0.0,-6.074726115912199e-06,0.0,-0.008617401123046875,-17.91257095336914,-0.02222442626953125,16.5,0,0
aligned_driver_top_control,v5_qwen35_4b_213,212,18.0,0.006690330803394318,-4.5,-5.00041389465332,7,0,0.0,2.4191103875637054e-06,0.0,0.0003643035888671875,-16.10618782043457,-0.018718719482421875,18.0,0,0
aligned_driver_top_control,v5_qwen35_4b_214,213,18.0,0.006690330803394318,-4.5,-5.00041389465332,7,0,0.0,2.4191103875637054e-06,0.0,0.0003643035888671875,-16.10618782043457,-0.018718719482421875,18.0,0,0
aligned_driver_top_control,v5_qwen35_4b_216,215,18.0,0.006690330803394318,-4.5,-5.00041389465332,7,0,0.0,2.4191103875637054e-06,0.0,0.0003643035888671875,-16.10618782043457,-0.018718719482421875,18.0,0,0
aligned_driver_top_control,v5_qwen35_4b_222,221,18.0,0.006690330803394318,-4.5,-5.00041389465332,7,0,0.0,2.4191103875637054e-06,0.0,0.0003643035888671875,-16.10618782043457,-0.018718719482421875,18.0,0,0
aligned_driver_top_control,v5_qwen35_4b_224,223,18.0,0.006690330803394318,-4.5,-5.00041389465332,7,0,0.0,2.4191103875637054e-06,0.0,0.0003643035888671875,-16.10618782043457,-0.018718719482421875,18.0,0,0
aligned_driver_top_control,v5_qwen35_4b_239,238,16.75,0.0009986510267481208,-6.375,-6.908134460449219,11,0,0.0,6.041955202817917e-08,0.0,6.103515625e-05,-17.662748336791992,-0.0029449462890625,16.75,0,0
aligned_driver_top_control,v5_qwen35_4b_241,240,16.75,0.0009986510267481208,-6.375,-6.908134460449219,11,0,0.0,6.041955202817917e-08,0.0,6.103515625e-05,-17.662748336791992,-0.0029449462890625,16.75,0,0
aligned_driver_top_control,v5_qwen35_4b_256,255,18.0,0.006690330803394318,-4.5,-5.00041389465332,7,0,0.0,2.4191103875637054e-06,0.0,0.0003643035888671875,-16.10618782043457,-0.018718719482421875,18.0,0,0
aligned_driver_top_control,v5_qwen35_4b_269,268,18.0,0.006690330803394318,-4.5,-5.00041389465332,7,0,0.0,2.4191103875637054e-06,0.0,0.0003643035888671875,-16.10618782043457,-0.018718719482421875,18.0,0,0
aligned_driver_top_control,v5_qwen35_4b_276,275,18.0,0.006891572382301092,-4.5,-4.970573425292969,7,0,0.0,-4.596542567014694e-06,0.0,-0.00067138671875,-16.181190490722656,-0.026922225952148438,18.0,0,0
aligned_driver_top_control,v5_qwen35_4b_277,276,18.0,0.006891572382301092,-4.5,-4.970573425292969,7,0,0.0,-4.596542567014694e-06,0.0,-0.00067138671875,-16.181190490722656,-0.026922225952148438,18.0,0,0
aligned_driver_top_control,v5_qwen35_4b_280,279,18.0,0.006891572382301092,-4.5,-4.970573425292969,7,0,0.0,-4.596542567014694e-06,0.0,-0.00067138671875,-16.181190490722656,-0.026922225952148438,18.0,0,0
aligned_driver_top_control,v5_qwen35_4b_284,283,18.0,0.006891572382301092,-4.5,-4.970573425292969,7,0,0.0,-4.596542567014694e-06,0.0,-0.00067138671875,-16.181190490722656,-0.026922225952148438,18.0,0,0
aligned_driver_top_control,v5_qwen35_4b_288,287,18.0,0.006891572382301092,-4.5,-4.970573425292969,7,0,0.0,-4.596542567014694e-06,0.0,-0.00067138671875,-16.181190490722656,-0.026922225952148438,18.0,0,0
aligned_driver_top_control,v5_qwen35_4b_292,291,18.0,0.006891572382301092,-4.5,-4.970573425292969,7,0,0.0,-4.596542567014694e-06,0.0,-0.00067138671875,-16.181190490722656,-0.026922225952148438,18.0,0,0
aligned_driver_top_control,v5_qwen35_4b_294,293,18.0,0.006891572382301092,-4.5,-4.970573425292969,7,0,0.0,-4.596542567014694e-06,0.0,-0.00067138671875,-16.181190490722656,-0.026922225952148438,18.0,0,0
aligned_driver_top_control,v5_qwen35_4b_002,1,16.125,0.0005440567620098591,-7.25,-7.515937805175781,26,0,0.0,-4.8021902330219746e-06,0.0,-0.008792877197265625,-18.1217041015625,-0.018880844116210938,16.125,0,0
aligned_driver_top_control,v5_qwen35_4b_012,11,16.25,0.0006166941020637751,-7.125,-7.390544891357422,22,0,0.0,5.78584149479866e-08,0.0,9.5367431640625e-05,-18.097923278808594,-0.01312255859375,16.25,0,0
aligned_driver_top_control,v5_qwen35_4b_015,14,16.25,0.0006166941020637751,-7.125,-7.390544891357422,22,0,0.0,5.78584149479866e-08,0.0,9.5367431640625e-05,-18.097923278808594,-0.01312255859375,16.25,0,0
aligned_driver_top_control,v5_qwen35_4b_037,36,16.75,0.001044094329699874,-6.375,-6.863588333129883,12,0,0.0,-2.4226028472185135e-07,0.0,-0.000232696533203125,-17.756742477416992,0.0008106231689453125,16.75,0,0
aligned_driver_top_control,v5_qwen35_4b_042,41,16.75,0.001044094329699874,-6.375,-6.863588333129883,12,0,0.0,-2.4226028472185135e-07,0.0,-0.000232696533203125,-17.756742477416992,0.0008106231689453125,16.75,0,0
aligned_driver_top_control,v5_qwen35_4b_044,43,16.75,0.001044094329699874,-6.375,-6.863588333129883,12,0,0.0,-2.4226028472185135e-07,0.0,-0.000232696533203125,-17.756742477416992,0.0008106231689453125,16.75,0,0
aligned_driver_top_control,v5_qwen35_4b_115,114,16.75,0.001044094329699874,-6.375,-6.863588333129883,12,0,0.0,-2.4226028472185135e-07,0.0,-0.000232696533203125,-17.756742477416992,0.0008106231689453125,16.75,0,0
aligned_driver_top_control,v5_qwen35_4b_126,125,16.75,0.001044094329699874,-6.375,-6.863588333129883,12,0,0.0,-2.4226028472185135e-07,0.0,-0.000232696533203125,-17.756742477416992,0.0008106231689453125,16.75,0,0
aligned_driver_top_control,v5_qwen35_4b_127,126,16.75,0.001044094329699874,-6.375,-6.863588333129883,12,0,0.0,-2.4226028472185135e-07,0.0,-0.000232696533203125,-17.756742477416992,0.0008106231689453125,16.75,0,0
aligned_driver_top_control,v5_qwen35_4b_134,133,16.75,0.001044094329699874,-6.375,-6.863588333129883,12,0,0.0,-2.4226028472185135e-07,0.0,-0.000232696533203125,-17.756742477416992,0.0008106231689453125,16.75,0,0
aligned_driver_top_control,v5_qwen35_4b_140,139,16.75,0.001044094329699874,-6.375,-6.863588333129883,12,0,0.0,-2.4226028472185135e-07,0.0,-0.000232696533203125,-17.756742477416992,0.0008106231689453125,16.75,0,0
aligned_driver_top_control,v5_qwen35_4b_142,141,16.75,0.001044094329699874,-6.375,-6.863588333129883,12,0,0.0,-2.4226028472185135e-07,0.0,-0.000232696533203125,-17.756742477416992,0.0008106231689453125,16.75,0,0
aligned_driver_top_control,v5_qwen35_4b_146,145,16.75,0.001044094329699874,-6.375,-6.863588333129883,12,0,0.0,-2.4226028472185135e-07,0.0,-0.000232696533203125,-17.756742477416992,0.0008106231689453125,16.75,0,0
aligned_driver_top_control,v5_qwen35_4b_150,149,16.75,0.001044094329699874,-6.375,-6.863588333129883,12,0,0.0,-2.4226028472185135e-07,0.0,-0.000232696533203125,-17.756742477416992,0.0008106231689453125,16.75,0,0
aligned_driver_top_control,v5_qwen35_4b_168,167,16.25,0.0006166941020637751,-7.125,-7.390544891357422,22,0,0.0,5.78584149479866e-08,0.0,9.5367431640625e-05,-18.097923278808594,-0.01312255859375,16.25,0,0
aligned_driver_top_control,v5_qwen35_4b_179,178,16.25,0.0006166941020637751,-7.125,-7.390544891357422,22,0,0.0,5.78584149479866e-08,0.0,9.5367431640625e-05,-18.097923278808594,-0.01312255859375,16.25,0,0
aligned_driver_top_control,v5_qwen35_4b_183,182,16.25,0.0006166941020637751,-7.125,-7.390544891357422,22,0,0.0,5.78584149479866e-08,0.0,9.5367431640625e-05,-18.097923278808594,-0.01312255859375,16.25,0,0
aligned_driver_top_control,v5_qwen35_4b_185,184,16.25,0.0006166941020637751,-7.125,-7.390544891357422,22,0,0.0,5.78584149479866e-08,0.0,9.5367431640625e-05,-18.097923278808594,-0.01312255859375,16.25,0,0
aligned_driver_top_control,v5_qwen35_4b_186,185,16.25,0.0006166941020637751,-7.125,-7.390544891357422,22,0,0.0,5.78584149479866e-08,0.0,9.5367431640625e-05,-18.097923278808594,-0.01312255859375,16.25,0,0
aligned_driver_top_control,v5_qwen35_4b_242,241,16.75,0.001044094329699874,-6.375,-6.863588333129883,12,0,0.0,-2.4226028472185135e-07,0.0,-0.000232696533203125,-17.756742477416992,0.0008106231689453125,16.75,0,0
aligned_driver_top_control,v5_qwen35_4b_249,248,16.75,0.001044094329699874,-6.375,-6.863588333129883,12,0,0.0,-2.4226028472185135e-07,0.0,-0.000232696533203125,-17.756742477416992,0.0008106231689453125,16.75,0,0
aligned_driver_top_control,v5_qwen35_4b_282,281,17.875,0.005608950741589069,-4.75,-5.177799224853516,8,0,0.0,-3.6180950701236725e-05,0.0,-0.006465911865234375,-16.449825286865234,-0.013696670532226562,17.875,0,0
aligned_driver_top_control,v5_qwen35_4b_286,285,17.875,0.005608950741589069,-4.75,-5.177799224853516,8,0,0.0,-3.6180950701236725e-05,0.0,-0.006465911865234375,-16.449825286865234,-0.013696670532226562,17.875,0,0
aligned_driver_top_control,v5_qwen35_4b_295,294,17.875,0.005608950741589069,-4.75,-5.177799224853516,8,0,0.0,-3.6180950701236725e-05,0.0,-0.006465911865234375,-16.449825286865234,-0.013696670532226562,17.875,0,0
aligned_driver_top_control,v5_qwen35_4b_299,298,17.875,0.005608950741589069,-4.75,-5.177799224853516,8,0,0.0,-3.6180950701236725e-05,0.0,-0.006465911865234375,-16.449825286865234,-0.013696670532226562,17.875,0,0
aligned_driver_top_control,v5_qwen35_4b_008,7,14.5,0.0003311691980343312,-7.625,-8.012588500976562,43,0,0.0,-1.4918623492121696e-07,0.0,-0.0004520416259765625,-17.90513801574707,-0.011022567749023438,14.5,0,0
aligned_driver_top_control,v5_qwen35_4b_122,121,15.0,0.00040172506123781204,-7.25,-7.819370269775391,26,0,0.0,1.0314397513866425e-07,0.0,0.0002574920654296875,-18.936620712280273,-0.000301361083984375,15.0,0,0
aligned_driver_top_control,v5_qwen35_4b_158,157,14.5625,0.0003358258691150695,-7.6875,-7.998615264892578,41,0,0.0,-2.7395435608923435e-07,0.0,-0.0008144378662109375,-18.19375991821289,-0.009500503540039062,14.5625,0,0
aligned_driver_top_control,v5_qwen35_4b_265,264,16.875,0.004077829420566559,-5.125,-5.498134613037109,8,0,0.0,2.8563663363456726e-06,0.0,0.000705718994140625,-17.139850616455078,-0.0081024169921875,16.875,0,0
aligned_driver_top_control,v5_qwen35_4b_003,2,15.5,0.0006037104758433998,-7.125,-7.411842346191406,33,0,-0.0625,-3.795715747401118e-05,-0.0625,-0.06101417541503906,-18.410795211791992,-0.003047943115234375,15.5625,0,0
aligned_driver_top_control,v5_qwen35_4b_011,10,15.5625,0.0006072607357054949,-7.1875,-7.405973434448242,29,0,0.0,-5.360925570130348e-08,0.0,-8.7738037109375e-05,-18.480905532836914,-0.010366439819335938,15.5625,0,0
aligned_driver_top_control,v5_qwen35_4b_033,32,16.25,0.001611012383364141,-6.0,-6.429317474365234,18,0,0.0,0.0001289935316890478,0.125,0.08358383178710938,-18.448043823242188,-0.0069103240966796875,16.25,0,0
aligned_driver_top_control,v5_qwen35_4b_048,47,16.25,0.001611012383364141,-6.0,-6.429317474365234,18,0,0.0,0.0001289935316890478,0.125,0.08358383178710938,-18.448043823242188,-0.0069103240966796875,16.25,0,0
aligned_driver_top_control,v5_qwen35_4b_070,69,17.5,0.008871662430465221,-4.375,-4.716020584106445,5,0,0.0,2.9982998967170715e-05,0.0,0.0034160614013671875,-16.79363250732422,-0.0045337677001953125,17.5,0,0
aligned_driver_top_control,v5_qwen35_4b_124,123,16.375,0.0018242626683786511,-5.875,-6.304792404174805,15,0,0.0,-7.039634510874748e-07,0.0,-0.0003871917724609375,-18.362258911132812,-0.0073032379150390625,16.375,0,0
aligned_driver_top_control,v5_qwen35_4b_125,124,16.375,0.00157050637062639,-6.0,-6.45482063293457,18,0,0.0,7.811468094587326e-08,0.0,4.9591064453125e-05,-18.319290161132812,-0.0069942474365234375,16.375,0,0
aligned_driver_top_control,v5_qwen35_4b_139,138,16.375,0.00157050637062639,-6.0,-6.45482063293457,18,0,0.0,7.811468094587326e-08,0.0,4.9591064453125e-05,-18.319290161132812,-0.0069942474365234375,16.375,0,0
aligned_driver_top_control,v5_qwen35_4b_203,202,17.625,0.009316175244748592,-4.25,-4.66668701171875,8,0,0.0,-1.6135163605213165e-05,0.0,-0.00174713134765625,-16.657638549804688,-0.0078277587890625,17.625,0,0
aligned_driver_top_control,v5_qwen35_4b_206,205,17.5,0.008871662430465221,-4.375,-4.716020584106445,5,0,0.0,2.9982998967170715e-05,0.0,0.0034160614013671875,-16.79363250732422,-0.0045337677001953125,17.5,0,0
aligned_driver_top_control,v5_qwen35_4b_212,211,17.625,0.009316175244748592,-4.25,-4.66668701171875,8,0,0.0,-1.6135163605213165e-05,0.0,-0.00174713134765625,-16.657638549804688,-0.0078277587890625,17.625,0,0
aligned_driver_top_control,v5_qwen35_4b_228,227,16.375,0.0018242626683786511,-5.875,-6.304792404174805,15,0,0.0,-7.039634510874748e-07,0.0,-0.0003871917724609375,-18.362258911132812,-0.0073032379150390625,16.375,0,0
aligned_driver_top_control,v5_qwen35_4b_230,229,16.375,0.0018242626683786511,-5.875,-6.304792404174805,15,0,0.0,-7.039634510874748e-07,0.0,-0.0003871917724609375,-18.362258911132812,-0.0073032379150390625,16.375,0,0
aligned_driver_top_control,v5_qwen35_4b_231,230,16.375,0.0018242626683786511,-5.875,-6.304792404174805,15,0,0.0,-7.039634510874748e-07,0.0,-0.0003871917724609375,-18.362258911132812,-0.0073032379150390625,16.375,0,0
aligned_driver_top_control,v5_qwen35_4b_236,235,16.375,0.0018242626683786511,-5.875,-6.304792404174805,15,0,0.0,-7.039634510874748e-07,0.0,-0.0003871917724609375,-18.362258911132812,-0.0073032379150390625,16.375,0,0
aligned_driver_top_control,v5_qwen35_4b_237,236,16.375,0.0018242626683786511,-5.875,-6.304792404174805,15,0,0.0,-7.039634510874748e-07,0.0,-0.0003871917724609375,-18.362258911132812,-0.0073032379150390625,16.375,0,0
aligned_driver_top_control,v5_qwen35_4b_238,237,16.375,0.00157050637062639,-6.0,-6.45482063293457,18,0,0.0,7.811468094587326e-08,0.0,4.9591064453125e-05,-18.319290161132812,-0.0069942474365234375,16.375,0,0
aligned_driver_top_control,v5_qwen35_4b_247,246,16.375,0.0018242626683786511,-5.875,-6.304792404174805,15,0,0.0,-7.039634510874748e-07,0.0,-0.0003871917724609375,-18.362258911132812,-0.0073032379150390625,16.375,0,0
aligned_driver_top_control,v5_qwen35_4b_257,256,17.5,0.008871662430465221,-4.375,-4.716020584106445,5,0,0.0,2.9982998967170715e-05,0.0,0.0034160614013671875,-16.79363250732422,-0.0045337677001953125,17.5,0,0
aligned_driver_top_control,v5_qwen35_4b_291,290,17.5,0.008871662430465221,-4.375,-4.716020584106445,5,0,0.0,2.9982998967170715e-05,0.0,0.0034160614013671875,-16.79363250732422,-0.0045337677001953125,17.5,0,0
aligned_driver_top_control,v5_qwen35_4b_005,4,15.5,0.0006965813226997852,-7.0,-7.2686614990234375,28,0,0.0,2.279586624354124e-06,0.0,0.0032806396484375,-18.41617202758789,-0.00738525390625,15.5,0,0
aligned_driver_top_control,v5_qwen35_4b_013,12,15.5625,0.0006759031675755978,-7.0625,-7.29881477355957,27,0,0.0,-3.3120159059762955e-08,0.0,-4.9591064453125e-05,-18.497323989868164,-0.010906219482421875,15.5625,0,0
aligned_driver_top_control,v5_qwen35_4b_026,25,16.375,0.0018243552185595036,-5.875,-6.304740905761719,17,0,0.0,4.452303983271122e-06,0.0,0.0024471282958984375,-18.379621505737305,-0.0046787261962890625,16.375,0,0
aligned_driver_top_control,v5_qwen35_4b_041,40,16.375,0.0018251088913530111,-5.875,-6.304327011108398,18,0,0.0,-5.267094820737839e-06,0.0,-0.0028858184814453125,-18.473148345947266,-0.006610870361328125,16.375,0,0
aligned_driver_top_control,v5_qwen35_4b_045,44,16.375,0.0018251088913530111,-5.875,-6.304327011108398,18,0,0.0,-5.267094820737839e-06,0.0,-0.0028858184814453125,-18.473148345947266,-0.006610870361328125,16.375,0,0
aligned_driver_top_control,v5_qwen35_4b_049,48,16.375,0.0018243552185595036,-5.875,-6.304740905761719,17,0,0.0,4.452303983271122e-06,0.0,0.0024471282958984375,-18.379621505737305,-0.0046787261962890625,16.375,0,0
aligned_driver_top_control,v5_qwen35_4b_117,116,16.375,0.0018243552185595036,-5.875,-6.304740905761719,17,0,0.0,4.452303983271122e-06,0.0,0.0024471282958984375,-18.379621505737305,-0.0046787261962890625,16.375,0,0
aligned_driver_top_control,v5_qwen35_4b_137,136,16.375,0.0018243552185595036,-5.875,-6.304740905761719,17,0,0.0,4.452303983271122e-06,0.0,0.0024471282958984375,-18.379621505737305,-0.0046787261962890625,16.375,0,0
aligned_driver_top_control,v5_qwen35_4b_141,140,16.375,0.0018251088913530111,-5.875,-6.304327011108398,18,0,0.0,-5.267094820737839e-06,0.0,-0.0028858184814453125,-18.473148345947266,-0.006610870361328125,16.375,0,0
aligned_driver_top_control,v5_qwen35_4b_157,156,15.5625,0.0006759031675755978,-7.0625,-7.29881477355957,27,0,0.0,-3.3120159059762955e-08,0.0,-4.9591064453125e-05,-18.497323989868164,-0.010906219482421875,15.5625,0,0
aligned_driver_top_control,v5_qwen35_4b_227,226,16.375,0.0018243552185595036,-5.875,-6.304740905761719,17,0,0.0,4.452303983271122e-06,0.0,0.0024471282958984375,-18.379621505737305,-0.0046787261962890625,16.375,0,0
aligned_driver_top_control,v5_qwen35_4b_233,232,16.375,0.0018251088913530111,-5.875,-6.304327011108398,18,0,0.0,-5.267094820737839e-06,0.0,-0.0028858184814453125,-18.473148345947266,-0.006610870361328125,16.375,0,0
aligned_driver_top_control,v5_qwen35_4b_235,234,16.375,0.0018243552185595036,-5.875,-6.304740905761719,17,0,0.0,4.452303983271122e-06,0.0,0.0024471282958984375,-18.379621505737305,-0.0046787261962890625,16.375,0,0
aligned_driver_top_control,v5_qwen35_4b_248,247,16.375,0.0018243552185595036,-5.875,-6.304740905761719,17,0,0.0,4.452303983271122e-06,0.0,0.0024471282958984375,-18.379621505737305,-0.0046787261962890625,16.375,0,0
aligned_driver_top_control,v5_qwen35_4b_250,249,16.375,0.0018243552185595036,-5.875,-6.304740905761719,17,0,0.0,4.452303983271122e-06,0.0,0.0024471282958984375,-18.379621505737305,-0.0046787261962890625,16.375,0,0
aligned_driver_top_control,v5_qwen35_4b_261,260,17.625,0.010861759074032307,-4.125,-4.511631011962891,6,0,0.0,-7.1767717599868774e-06,0.0,-0.000667572021484375,-16.57870864868164,-0.011949539184570312,17.625,0,0
aligned_driver_top_control,v5_qwen35_4b_274,273,17.5,0.00881210993975401,-4.375,-4.722816467285156,5,0,0.0,0.0007510213181376457,0.125,0.08983039855957031,-16.85369873046875,-0.0055828094482421875,17.5,0,0
aligned_driver_top_control,v5_qwen35_4b_298,297,17.5,0.008725563064217567,-4.375,-4.732776641845703,6,0,0.0,6.193295121192932e-06,0.0,0.0007152557373046875,-16.877012252807617,-0.008228302001953125,17.5,0,0
aligned_driver_top_control,v5_qwen35_4b_202,201,20.25,0.0843982994556427,-2.0,-2.3840675354003906,3,0,-0.125,-0.010145574808120728,-0.125,-0.12465858459472656,-6.905951023101807,-0.14338254928588867,20.375,0,0
aligned_driver_top_control,v5_qwen35_4b_221,220,19.375,0.016568807885050774,-3.0,-4.083551406860352,6,0,-0.125,-0.002842053771018982,-0.125,-0.16120338439941406,-4.446102619171143,-0.15714359283447266,19.5,0,0
aligned_driver_top_control,v5_qwen35_4b_051,50,19.125,0.027654903009533882,-2.75,-3.5599422454833984,5,0,0.0,-7.189810276031494e-07,0.0,-2.6702880859375e-05,-7.448949813842773,-0.12897682189941406,19.125,0,0
aligned_driver_top_control,v5_qwen35_4b_278,277,19.25,0.029357129707932472,-2.75,-3.498453140258789,5,0,-0.125,-0.00566958449780941,-0.25,-0.18242835998535156,-7.215444564819336,-0.12480401992797852,19.375,0,0
aligned_driver_top_control,v5_qwen35_4b_062,61,19.375,0.03494174778461456,-2.625,-3.3185386657714844,5,0,-0.125,-0.0017644800245761871,0.0,-0.05109405517578125,-7.368504524230957,-0.12201976776123047,19.5,0,0
aligned_driver_top_control,v5_qwen35_4b_068,67,19.375,0.03494174778461456,-2.625,-3.3185386657714844,5,0,-0.125,-0.0017644800245761871,0.0,-0.05109405517578125,-7.368504524230957,-0.12201976776123047,19.5,0,0
aligned_driver_top_control,v5_qwen35_4b_209,208,19.375,0.032423235476017,-2.75,-3.3959522247314453,5,0,-0.125,-0.004187684506177902,-0.125,-0.1258087158203125,-7.426583766937256,-0.14557790756225586,19.5,0,0
aligned_driver_top_control,v5_qwen35_4b_220,219,19.375,0.032423235476017,-2.75,-3.3959522247314453,5,0,-0.125,-0.004187684506177902,-0.125,-0.1258087158203125,-7.426583766937256,-0.14557790756225586,19.5,0,0
aligned_driver_top_control,v5_qwen35_4b_225,224,19.375,0.032423235476017,-2.75,-3.3959522247314453,5,0,-0.125,-0.004187684506177902,-0.125,-0.1258087158203125,-7.426583766937256,-0.14557790756225586,19.5,0,0
aligned_driver_top_control,v5_qwen35_4b_300,299,19.5,0.0345279686152935,-2.625,-3.3308792114257812,5,0,-0.125,-0.0044168755412101746,-0.125,-0.12496376037597656,-7.318968296051025,-0.12684917449951172,19.625,0,0
aligned_driver_top_control,v5_qwen35_4b_293,292,19.375,0.027531174942851067,-3.0,-3.564544677734375,4,0,0.0,8.898787200450897e-05,0.0,0.003330230712890625,-8.362053871154785,-0.13073348999023438,19.375,0,0
aligned_driver_top_control,v5_qwen35_4b_066,65,19.25,0.030185280367732048,-2.75,-3.4697818756103516,5,0,-0.125,-0.0036389287561178207,-0.125,-0.11758041381835938,-7.899950981140137,-0.11935663223266602,19.375,0,0
aligned_driver_top_control,v5_qwen35_4b_197,196,19.25,0.025193199515342712,-2.625,-3.6557064056396484,7,0,-0.125,-0.004788581281900406,-0.25,-0.1789398193359375,-6.515636444091797,-0.10983991622924805,19.375,0,0
aligned_driver_top_control,v5_qwen35_4b_074,73,19.5,0.033174674957990646,-2.75,-3.3722610473632812,5,0,-0.125,-0.004191834479570389,-0.125,-0.12333297729492188,-7.5120439529418945,-0.12834405899047852,19.625,0,0
aligned_driver_top_control,v5_qwen35_4b_189,188,19.125,0.014727438800036907,-3.375,-4.2032470703125,7,0,0.0,-4.150904715061188e-06,0.0,-0.000286102294921875,-6.510630130767822,-0.08944988250732422,19.125,0,0
aligned_driver_top_control,v5_qwen35_4b_223,222,19.625,0.040730420500040054,-2.5,-3.159229278564453,5,0,0.0,-0.001624513417482376,-0.125,-0.04080390930175781,-7.43997859954834,-0.13254976272583008,19.625,0,0
aligned_driver_top_control,v5_qwen35_4b_266,265,19.375,0.03477852791547775,-2.5,-3.323392868041992,5,0,-0.125,-0.005177255719900131,-0.125,-0.1441516876220703,-7.377326011657715,-0.13349151611328125,19.5,0,0
aligned_driver_top_control,v5_qwen35_4b_287,286,19.625,0.040730420500040054,-2.5,-3.159229278564453,5,0,0.0,-0.001624513417482376,-0.125,-0.04080390930175781,-7.43997859954834,-0.13254976272583008,19.625,0,0
aligned_driver_top_control,v5_qwen35_4b_058,57,19.625,0.03443273529410362,-2.875,-3.3337364196777344,4,0,0.0,0.00022648274898529053,0.0,0.0068340301513671875,-8.565796852111816,-0.10564231872558594,19.625,0,0
aligned_driver_top_control,v5_qwen35_4b_060,59,19.375,0.03346892446279526,-2.625,-3.363126754760742,5,0,-0.125,-0.0032654553651809692,-0.125,-0.09647941589355469,-7.2926459312438965,-0.12342453002929688,19.5,0,0
aligned_driver_top_control,v5_qwen35_4b_201,200,19.5,0.03627534955739975,-2.625,-3.2796993255615234,5,0,-0.125,-0.004621259868144989,-0.125,-0.12471580505371094,-7.550487041473389,-0.13237905502319336,19.625,0,0
aligned_driver_top_control,v5_qwen35_4b_217,216,19.375,0.03179384768009186,-2.75,-3.4162044525146484,5,0,-0.125,-0.003997795283794403,-0.125,-0.12257957458496094,-7.399425506591797,-0.1286025047302246,19.5,0,0
aligned_driver_top_control,v5_qwen35_4b_218,217,19.5,0.03574306517839432,-2.625,-3.295032501220703,5,0,-0.125,-0.0020671524107456207,0.0,-0.05837059020996094,-7.604432582855225,-0.12905550003051758,19.625,0,0
aligned_driver_top_control,v5_qwen35_4b_275,274,19.5,0.03574306517839432,-2.625,-3.295032501220703,5,0,-0.125,-0.0020671524107456207,0.0,-0.05837059020996094,-7.604432582855225,-0.12905550003051758,19.625,0,0
aligned_driver_top_control,v5_qwen35_4b_297,296,19.625,0.04119681194424629,-2.5,-3.1473560333251953,5,0,-0.125,-0.0050898827612400055,-0.125,-0.12181663513183594,-7.540897369384766,-0.11372566223144531,19.75,0,0
aligned_driver_top_control,v5_qwen35_4b_050,49,19.5,0.04035331681370735,-2.5,-3.168924331665039,5,0,-0.125,-0.001988377422094345,0.0,-0.05017280578613281,-7.564106464385986,-0.12531757354736328,19.625,0,0
aligned_driver_top_control,v5_qwen35_4b_063,62,19.5,0.04035331681370735,-2.5,-3.168924331665039,5,0,-0.125,-0.001988377422094345,0.0,-0.05017280578613281,-7.564106464385986,-0.12531757354736328,19.625,0,0
aligned_driver_top_control,v5_qwen35_4b_067,66,19.5,0.04035331681370735,-2.5,-3.168924331665039,5,0,-0.125,-0.001988377422094345,0.0,-0.05017280578613281,-7.564106464385986,-0.12531757354736328,19.625,0,0
aligned_driver_top_control,v5_qwen35_4b_075,74,19.5,0.04035331681370735,-2.5,-3.168924331665039,5,0,-0.125,-0.001988377422094345,0.0,-0.05017280578613281,-7.564106464385986,-0.12531757354736328,19.625,0,0
aligned_driver_top_control,v5_qwen35_4b_198,197,19.75,0.04523882269859314,-2.0,-3.049549102783203,5,0,-0.125,-0.0025313273072242737,0.0,-0.05710029602050781,-5.920013904571533,-0.121490478515625,19.875,0,0
aligned_driver_top_control,v5_qwen35_4b_219,218,19.5,0.037531621754169464,-2.625,-3.2443504333496094,5,0,-0.125,-0.004849426448345184,-0.125,-0.1265697479248047,-7.355454921722412,-0.1259164810180664,19.625,0,0
aligned_driver_top_control,v5_qwen35_4b_253,252,19.5,0.037531621754169464,-2.625,-3.2443504333496094,5,0,-0.125,-0.004849426448345184,-0.125,-0.1265697479248047,-7.355454921722412,-0.1259164810180664,19.625,0,0
aligned_driver_top_control,v5_qwen35_4b_200,199,19.75,0.04725382477045059,-2.25,-3.0038509368896484,5,0,0.0,4.2479485273361206e-05,0.0,0.0009441375732421875,-6.26532506942749,-0.12990427017211914,19.75,0,0
aligned_driver_top_control,v5_qwen35_4b_031,30,19.25,0.02278853766620159,-3.0,-3.758493423461914,7,0,0.0,-1.212581992149353e-05,0.0,-0.000545501708984375,-7.033419132232666,-0.07227516174316406,19.25,0,0
aligned_driver_top_control,v5_qwen35_4b_163,162,19.75,0.04025808721780777,-1.875,-3.171407699584961,6,0,0.0,-3.9402395486831665e-05,0.0,-0.001018524169921875,-4.082179546356201,-0.08454513549804688,19.75,0,0
aligned_driver_top_control,v5_qwen35_4b_184,183,19.875,0.044949572533369064,-1.875,-3.0562782287597656,5,0,-0.125,-0.005803443491458893,-0.125,-0.12752532958984375,-2.2529077529907227,-0.09883499145507812,20.0,0,0
aligned_driver_top_control,v5_qwen35_4b_191,190,19.25,0.02278853766620159,-3.0,-3.758493423461914,7,0,0.0,-1.212581992149353e-05,0.0,-0.000545501708984375,-7.033419132232666,-0.07227516174316406,19.25,0,0
aligned_driver_top_control,v5_qwen35_4b_192,191,19.25,0.02278853766620159,-3.0,-3.758493423461914,7,0,0.0,-1.212581992149353e-05,0.0,-0.000545501708984375,-7.033419132232666,-0.07227516174316406,19.25,0,0
aligned_driver_top_control,v5_qwen35_4b_022,21,19.5,0.032323550432920456,-2.125,-3.399158477783203,6,0,-0.125,-0.004097342491149902,-0.125,-0.12358856201171875,-4.076023101806641,-0.08352398872375488,19.625,0,0
aligned_driver_top_control,v5_qwen35_4b_034,33,19.25,0.01913662999868393,-3.125,-3.9368743896484375,8,0,-0.125,-0.0024874061346054077,-0.125,-0.12473869323730469,-6.440793037414551,-0.10729169845581055,19.375,0,0
aligned_driver_top_control,v5_qwen35_4b_061,60,19.75,0.03395167365670204,-3.0,-3.348306655883789,4,0,0.0,4.124641418457031e-05,0.0,0.0012569427490234375,-8.948481559753418,-0.0957345962524414,19.75,0,0
aligned_driver_top_control,v5_qwen35_4b_069,68,19.75,0.02982773445546627,-3.125,-3.4820632934570312,4,0,-0.125,-0.00379791297018528,-0.125,-0.12377357482910156,-9.03243350982666,-0.09369850158691406,19.875,0,0
aligned_driver_top_control,v5_qwen35_4b_162,161,19.5,0.032323550432920456,-2.125,-3.399158477783203,6,0,-0.125,-0.004097342491149902,-0.125,-0.12358856201171875,-4.076023101806641,-0.08352398872375488,19.625,0,0
aligned_driver_top_control,v5_qwen35_4b_165,164,19.5,0.02714771404862404,-2.375,-3.5789871215820312,7,0,-0.125,-0.003491763025522232,-0.125,-0.12459182739257812,-3.967585325241089,-0.0946359634399414,19.625,0,0
aligned_driver_top_control,v5_qwen35_4b_176,175,19.5,0.032323550432920456,-2.125,-3.399158477783203,6,0,-0.125,-0.004097342491149902,-0.125,-0.12358856201171875,-4.076023101806641,-0.08352398872375488,19.625,0,0
aligned_driver_top_control,v5_qwen35_4b_177,176,19.5,0.032323550432920456,-2.125,-3.399158477783203,6,0,-0.125,-0.004097342491149902,-0.125,-0.12358856201171875,-4.076023101806641,-0.08352398872375488,19.625,0,0
aligned_driver_top_control,v5_qwen35_4b_211,210,19.625,0.029974184930324554,-3.125,-3.4770164489746094,4,0,-0.125,-0.0038717426359653473,-0.125,-0.12548255920410156,-8.9782133102417,-0.1052846908569336,19.75,0,0
aligned_driver_top_control,v5_qwen35_4b_246,245,19.25,0.023141521960496902,-3.0,-3.7427616119384766,7,0,-0.125,-0.0030161328613758087,-0.125,-0.12560653686523438,-6.932218551635742,-0.06787824630737305,19.375,0,0
aligned_driver_top_control,v5_qwen35_4b_268,267,19.625,0.029974184930324554,-3.125,-3.4770164489746094,4,0,-0.125,-0.0038717426359653473,-0.125,-0.12548255920410156,-8.9782133102417,-0.1052846908569336,19.75,0,0
aligned_driver_top_control,v5_qwen35_4b_032,31,19.375,0.024029700085520744,-2.875,-3.7041854858398438,7,0,-0.125,-0.002886420115828514,-0.125,-0.11639595031738281,-5.770546913146973,-0.0938568115234375,19.5,0,0
aligned_driver_top_control,v5_qwen35_4b_194,193,19.25,0.021286187693476677,-3.0,-3.8282299041748047,7,0,-0.125,-0.002750251442193985,-0.125,-0.12432670593261719,-6.400744438171387,-0.09068059921264648,19.375,0,0
aligned_driver_top_control,v5_qwen35_4b_195,194,19.375,0.02290620282292366,-2.625,-3.753213882446289,7,0,0.0,0.00045395269989967346,0.0,0.020479202270507812,-6.003846168518066,-0.10549116134643555,19.375,0,0
aligned_driver_top_control,v5_qwen35_4b_019,18,19.25,0.020029399544000626,-2.75,-3.890371322631836,7,0,0.0,2.5387853384017944e-05,0.0,0.0012950897216796875,-3.9302663803100586,-0.08385562896728516,19.25,0,0
aligned_driver_top_control,v5_qwen35_4b_056,55,19.25,0.017829975113272667,-3.625,-4.008913040161133,6,0,0.0,4.578381776809692e-06,0.0,0.0002613067626953125,-8.922811508178711,-0.09044933319091797,19.25,0,0
aligned_driver_top_control,v5_qwen35_4b_057,56,19.25,0.017625099048018456,-3.625,-4.02067756652832,6,0,-0.125,-0.002097856253385544,-0.125,-0.11459732055664062,-8.867512702941895,-0.0829153060913086,19.375,0,0
aligned_driver_top_control,v5_qwen35_4b_190,189,19.25,0.021969811990857124,-2.875,-3.7959156036376953,7,0,-0.125,-0.002874605357646942,-0.125,-0.12590789794921875,-5.436018466949463,-0.10236406326293945,19.375,0,0
aligned_driver_top_control,v5_qwen35_4b_199,198,19.375,0.02268252708017826,-2.875,-3.7632598876953125,7,0,0.0,7.000379264354706e-05,0.0,0.003162384033203125,-5.776175498962402,-0.08907747268676758,19.375,0,0
aligned_driver_top_control,v5_qwen35_4b_240,239,19.25,0.021969811990857124,-2.875,-3.7959156036376953,7,0,-0.125,-0.002874605357646942,-0.125,-0.12590789794921875,-5.436018466949463,-0.10236406326293945,19.375,0,0
aligned_driver_top_control,v5_qwen35_4b_279,278,19.25,0.01779148168861866,-3.625,-4.011112213134766,6,0,0.0,-7.249414920806885e-06,0.0,-0.0004138946533203125,-8.89027214050293,-0.11188411712646484,19.25,0,0
aligned_driver_top_control,v5_qwen35_4b_173,172,19.125,0.017193172127008438,-2.875,-4.045949935913086,7,0,-0.125,-0.002282688394188881,-0.125,-0.12698745727539062,-3.975147008895874,-0.08049392700195312,19.25,0,0
aligned_driver_top_control,v5_qwen35_4b_193,192,19.25,0.02491612359881401,-2.625,-3.6670475006103516,6,0,-0.125,-0.003892134875059128,-0.125,-0.14914512634277344,-4.419044494628906,-0.13622760772705078,19.375,0,0
aligned_driver_top_control,v5_qwen35_4b_196,195,19.625,0.03229712322354317,-2.375,-3.3999862670898438,6,0,-0.125,-0.004199959337711334,-0.125,-0.1266021728515625,-5.652024269104004,-0.09955072402954102,19.75,0,0
aligned_driver_top_control,v5_qwen35_4b_207,206,19.625,0.02346622385084629,-3.375,-3.7284717559814453,5,0,-0.125,-0.0029333513230085373,-0.125,-0.12079429626464844,-8.994935035705566,-0.09374332427978516,19.75,0,0
aligned_driver_top_control,v5_qwen35_4b_210,209,19.375,0.025974616408348083,-3.0,-3.624347686767578,5,0,-0.125,-0.003359932452440262,-0.125,-0.12510299682617188,-8.071318626403809,-0.09323787689208984,19.5,0,0
aligned_driver_top_control,v5_qwen35_4b_071,70,19.375,0.023735349997878075,-3.125,-3.7167930603027344,5,0,0.0,-0.001984020695090294,-0.125,-0.08231163024902344,-8.29942512512207,-0.10167217254638672,19.375,0,0
aligned_driver_top_control,v5_qwen35_4b_170,169,18.75,0.019046124070882797,-2.75,-3.9417152404785156,7,0,-0.125,-0.002280173823237419,-0.125,-0.11540412902832031,-2.2903239727020264,-0.12037968635559082,18.875,0,0
aligned_driver_top_control,v5_qwen35_4b_178,177,19.75,0.04674438759684563,-1.75,-3.0152416229248047,5,0,-0.125,-0.008336063474416733,-0.25,-0.1728839874267578,-3.391537666320801,-0.10999870300292969,19.875,0,0
aligned_driver_top_control,v5_qwen35_4b_175,174,18.875,0.016520420089364052,-3.0,-4.086549758911133,7,0,-0.125,-0.0021277721971273422,-0.125,-0.12331771850585938,-2.5928473472595215,-0.10016298294067383,19.0,0,0
aligned_driver_top_control,v5_qwen35_4b_171,170,19.75,0.05046559497714043,-1.5,-2.934734344482422,5,0,-0.125,-0.0050620585680007935,-0.125,-0.10093307495117188,-2.9816694259643555,-0.11307334899902344,19.875,0,0
aligned_driver_top_control,v5_qwen35_4b_009,8,18.875,0.015555706806480885,-3.125,-4.147693634033203,7,0,-0.125,-0.00197038147598505,-0.125,-0.12126541137695312,-2.927509307861328,-0.13351106643676758,19.0,0,0
aligned_driver_top_control,v5_qwen35_4b_052,51,20.125,0.03883347660303116,-2.875,-3.2088890075683594,4,0,-0.125,-0.004964753985404968,-0.125,-0.12548828125,-8.100646018981934,-0.0961313247680664,20.25,0,0
aligned_driver_top_control,v5_qwen35_4b_076,75,15.875,0.0004937514895573258,-7.25,-7.613008499145508,29,0,0.0,-1.6490230336785316e-07,0.0,-0.0003337860107421875,-12.821064949035645,-0.014562606811523438,15.875,0,0
aligned_driver_top_control,v5_qwen35_4b_077,76,15.875,0.0004937514895573258,-7.25,-7.613008499145508,29,0,0.0,-1.6490230336785316e-07,0.0,-0.0003337860107421875,-12.821064949035645,-0.014562606811523438,15.875,0,0
aligned_driver_top_control,v5_qwen35_4b_078,77,15.875,0.0004937514895573258,-7.25,-7.613008499145508,29,0,0.0,-1.6490230336785316e-07,0.0,-0.0003337860107421875,-12.821064949035645,-0.014562606811523438,15.875,0,0
aligned_driver_top_control,v5_qwen35_4b_079,78,15.875,0.0004937514895573258,-7.25,-7.613008499145508,29,0,0.0,-1.6490230336785316e-07,0.0,-0.0003337860107421875,-12.821064949035645,-0.014562606811523438,15.875,0,0
aligned_driver_top_control,v5_qwen35_4b_080,79,15.875,0.0004937514895573258,-7.25,-7.613008499145508,29,0,0.0,-1.6490230336785316e-07,0.0,-0.0003337860107421875,-12.821064949035645,-0.014562606811523438,15.875,0,0
aligned_driver_top_control,v5_qwen35_4b_081,80,15.875,0.0004937514895573258,-7.25,-7.613008499145508,29,0,0.0,-1.6490230336785316e-07,0.0,-0.0003337860107421875,-12.821064949035645,-0.014562606811523438,15.875,0,0
aligned_driver_top_control,v5_qwen35_4b_082,81,15.875,0.0004937514895573258,-7.25,-7.613008499145508,29,0,0.0,-1.6490230336785316e-07,0.0,-0.0003337860107421875,-12.821064949035645,-0.014562606811523438,15.875,0,0
aligned_driver_top_control,v5_qwen35_4b_083,82,15.875,0.0004932285519316792,-7.25,-7.614070892333984,30,0,-0.0625,5.230627721175551e-06,0.0625,0.010663986206054688,-12.8108491897583,-0.018978118896484375,15.9375,0,0
aligned_driver_top_control,v5_qwen35_4b_084,83,15.875,0.0004932285519316792,-7.25,-7.614070892333984,30,0,-0.0625,5.230627721175551e-06,0.0625,0.010663986206054688,-12.8108491897583,-0.018978118896484375,15.9375,0,0
aligned_driver_top_control,v5_qwen35_4b_087,86,15.875,0.0004932285519316792,-7.25,-7.614070892333984,30,0,-0.0625,5.230627721175551e-06,0.0625,0.010663986206054688,-12.8108491897583,-0.018978118896484375,15.9375,0,0
aligned_driver_top_control,v5_qwen35_4b_088,87,15.875,0.0004932285519316792,-7.25,-7.614070892333984,30,0,-0.0625,5.230627721175551e-06,0.0625,0.010663986206054688,-12.8108491897583,-0.018978118896484375,15.9375,0,0
aligned_driver_top_control,v5_qwen35_4b_089,88,15.875,0.0004932285519316792,-7.25,-7.614070892333984,30,0,-0.0625,5.230627721175551e-06,0.0625,0.010663986206054688,-12.8108491897583,-0.018978118896484375,15.9375,0,0
aligned_driver_top_control,v5_qwen35_4b_090,89,15.875,0.0004932285519316792,-7.25,-7.614070892333984,30,0,-0.0625,5.230627721175551e-06,0.0625,0.010663986206054688,-12.8108491897583,-0.018978118896484375,15.9375,0,0
aligned_driver_top_control,v5_qwen35_4b_091,90,15.875,0.0004932285519316792,-7.25,-7.614070892333984,30,0,-0.0625,5.230627721175551e-06,0.0625,0.010663986206054688,-12.8108491897583,-0.018978118896484375,15.9375,0,0
aligned_driver_top_control,v5_qwen35_4b_092,91,15.875,0.0004932285519316792,-7.25,-7.614070892333984,30,0,-0.0625,5.230627721175551e-06,0.0625,0.010663986206054688,-12.8108491897583,-0.018978118896484375,15.9375,0,0
aligned_driver_top_control,v5_qwen35_4b_093,92,15.875,0.0004932285519316792,-7.25,-7.614070892333984,30,0,-0.0625,5.230627721175551e-06,0.0625,0.010663986206054688,-12.8108491897583,-0.018978118896484375,15.9375,0,0
aligned_driver_top_control,v5_qwen35_4b_094,93,15.875,0.0004932285519316792,-7.25,-7.614070892333984,30,0,-0.0625,5.230627721175551e-06,0.0625,0.010663986206054688,-12.8108491897583,-0.018978118896484375,15.9375,0,0
aligned_driver_top_control,v5_qwen35_4b_095,94,15.875,0.0004932285519316792,-7.25,-7.614070892333984,30,0,-0.0625,5.230627721175551e-06,0.0625,0.010663986206054688,-12.8108491897583,-0.018978118896484375,15.9375,0,0
aligned_driver_top_control,v5_qwen35_4b_096,95,15.875,0.0004932285519316792,-7.25,-7.614070892333984,30,0,-0.0625,5.230627721175551e-06,0.0625,0.010663986206054688,-12.8108491897583,-0.018978118896484375,15.9375,0,0
aligned_driver_top_control,v5_qwen35_4b_097,96,15.875,0.0004932285519316792,-7.25,-7.614070892333984,30,0,-0.0625,5.230627721175551e-06,0.0625,0.010663986206054688,-12.8108491897583,-0.018978118896484375,15.9375,0,0
aligned_driver_top_control,v5_qwen35_4b_099,98,15.875,0.0004932285519316792,-7.25,-7.614070892333984,30,0,-0.0625,5.230627721175551e-06,0.0625,0.010663986206054688,-12.8108491897583,-0.018978118896484375,15.9375,0,0
aligned_driver_top_control,v5_qwen35_4b_100,99,15.875,0.0004932285519316792,-7.25,-7.614070892333984,30,0,-0.0625,5.230627721175551e-06,0.0625,0.010663986206054688,-12.8108491897583,-0.018978118896484375,15.9375,0,0
aligned_driver_top_control,v5_qwen35_4b_101,100,15.875,0.0004932285519316792,-7.25,-7.614070892333984,30,0,-0.0625,5.230627721175551e-06,0.0625,0.010663986206054688,-12.8108491897583,-0.018978118896484375,15.9375,0,0
aligned_driver_top_control,v5_qwen35_4b_102,101,15.875,0.0004932285519316792,-7.25,-7.614070892333984,30,0,-0.0625,5.230627721175551e-06,0.0625,0.010663986206054688,-12.8108491897583,-0.018978118896484375,15.9375,0,0
aligned_driver_top_control,v5_qwen35_4b_103,102,15.875,0.0004932285519316792,-7.25,-7.614070892333984,30,0,-0.0625,5.230627721175551e-06,0.0625,0.010663986206054688,-12.8108491897583,-0.018978118896484375,15.9375,0,0
aligned_driver_top_control,v5_qwen35_4b_104,103,15.875,0.0004932285519316792,-7.25,-7.614070892333984,30,0,-0.0625,5.230627721175551e-06,0.0625,0.010663986206054688,-12.8108491897583,-0.018978118896484375,15.9375,0,0
aligned_driver_top_control,v5_qwen35_4b_105,104,15.875,0.0004932285519316792,-7.25,-7.614070892333984,30,0,-0.0625,5.230627721175551e-06,0.0625,0.010663986206054688,-12.8108491897583,-0.018978118896484375,15.9375,0,0
aligned_driver_top_control,v5_qwen35_4b_106,105,15.875,0.0004932285519316792,-7.25,-7.614070892333984,30,0,-0.0625,5.230627721175551e-06,0.0625,0.010663986206054688,-12.8108491897583,-0.018978118896484375,15.9375,0,0
aligned_driver_top_control,v5_qwen35_4b_107,106,15.875,0.0004932285519316792,-7.25,-7.614070892333984,30,0,-0.0625,5.230627721175551e-06,0.0625,0.010663986206054688,-12.8108491897583,-0.018978118896484375,15.9375,0,0
aligned_driver_top_control,v5_qwen35_4b_108,107,15.875,0.0004932285519316792,-7.25,-7.614070892333984,30,0,-0.0625,5.230627721175551e-06,0.0625,0.010663986206054688,-12.8108491897583,-0.018978118896484375,15.9375,0,0
aligned_driver_top_control,v5_qwen35_4b_109,108,15.875,0.0004932285519316792,-7.25,-7.614070892333984,30,0,-0.0625,5.230627721175551e-06,0.0625,0.010663986206054688,-12.8108491897583,-0.018978118896484375,15.9375,0,0
aligned_driver_top_control,v5_qwen35_4b_110,109,15.875,0.0004932285519316792,-7.25,-7.614070892333984,30,0,-0.0625,5.230627721175551e-06,0.0625,0.010663986206054688,-12.8108491897583,-0.018978118896484375,15.9375,0,0
aligned_driver_top_control,v5_qwen35_4b_111,110,15.875,0.0004932285519316792,-7.25,-7.614070892333984,30,0,-0.0625,5.230627721175551e-06,0.0625,0.010663986206054688,-12.8108491897583,-0.018978118896484375,15.9375,0,0
aligned_driver_top_control,v5_qwen35_4b_112,111,15.875,0.0004932285519316792,-7.25,-7.614070892333984,30,0,-0.0625,5.230627721175551e-06,0.0625,0.010663986206054688,-12.8108491897583,-0.018978118896484375,15.9375,0,0
aligned_driver_top_control,v5_qwen35_4b_116,115,16.625,0.0009717382490634918,-6.5,-6.935474395751953,16,0,0.0,-1.0331859812140465e-07,0.0,-0.0001068115234375,-15.469901084899902,-0.007898330688476562,16.625,0,0
aligned_driver_top_control,v5_qwen35_4b_129,128,16.625,0.0009717382490634918,-6.5,-6.935474395751953,16,0,0.0,-1.0331859812140465e-07,0.0,-0.0001068115234375,-15.469901084899902,-0.007898330688476562,16.625,0,0
aligned_driver_top_control,v5_qwen35_4b_132,131,16.625,0.0009717382490634918,-6.5,-6.935474395751953,16,0,0.0,-1.0331859812140465e-07,0.0,-0.0001068115234375,-15.469901084899902,-0.007898330688476562,16.625,0,0
aligned_driver_top_control,v5_qwen35_4b_138,137,16.625,0.0009717382490634918,-6.5,-6.935474395751953,16,0,0.0,-1.0331859812140465e-07,0.0,-0.0001068115234375,-15.469901084899902,-0.007898330688476562,16.625,0,0
aligned_driver_top_control,v5_qwen35_4b_143,142,16.625,0.0009717382490634918,-6.5,-6.935474395751953,16,0,0.0,-1.0331859812140465e-07,0.0,-0.0001068115234375,-15.469901084899902,-0.007898330688476562,16.625,0,0
aligned_driver_top_control,v5_qwen35_4b_029,28,17.375,0.007957580499351025,-3.75,-4.825687408447266,9,0,-0.125,-0.001111871562898159,-0.125,-0.13190841674804688,-6.746948719024658,-0.11278486251831055,17.5,0,0
aligned_driver_top_control,v5_qwen35_4b_086,85,15.6875,0.00040611199801787734,-7.4375,-7.808500289916992,30,0,-0.0625,-2.635279088281095e-05,-0.0625,-0.06289863586425781,-12.630440711975098,-0.02179431915283203,15.75,0,0
aligned_driver_top_control,v5_qwen35_4b_258,257,20.0,0.05018392205238342,-2.5,-2.9405975341796875,4,0,-0.125,-0.010748393833637238,-0.25,-0.20544815063476562,-7.510051727294922,-0.07686996459960938,20.125,0,0
aligned_driver_top_control,v5_qwen35_4b_252,251,20.125,0.08154192566871643,-1.5,-2.4216442108154297,4,0,-0.125,-0.005581781268119812,0.0,-0.07231521606445312,-2.594879388809204,-0.08435463905334473,20.25,0,0
aligned_driver_top_control,v5_qwen35_4b_006,5,17.375,0.005941271316260099,-4.375,-5.119922637939453,12,0,-0.125,-0.0007857764139771461,-0.125,-0.12500381469726562,-3.4639673233032227,-0.04169440269470215,17.5,0,0
aligned_driver_top_control,v5_qwen35_4b_004,3,16.125,0.0007847558590583503,-6.5,-7.149391174316406,24,0,-0.125,-0.00010669132461771369,-0.125,-0.1275806427001953,-1.802248477935791,-0.08860206604003906,16.25,0,0
aligned_driver_top_control,v5_qwen35_4b_154,153,15.1875,0.00046591018326580524,-6.0625,-7.671102523803711,39,0,-0.125,-6.931205280125141e-05,0.0,-0.1387615203857422,-0.9148972630500793,-0.10941523313522339,15.3125,0,0
aligned_driver_top_control,v5_qwen35_4b_119,118,18.5,0.004738600924611092,-4.75,-5.347280502319336,8,0,-0.125,-0.0009927800856530666,-0.25,-0.1912097930908203,-7.423086166381836,-0.06521224975585938,18.625,0,0
aligned_driver_top_control,v5_qwen35_4b_010,9,15.9375,0.0008975103264674544,-5.8125,-7.015037536621094,28,0,-0.1875,-0.00012514169793576002,-0.0625,-0.13065719604492188,-6.163653373718262,-0.11145877838134766,16.125,0,0
aligned_driver_top_control,v5_qwen35_4b_151,150,15.625,0.0008734982111491263,-6.375,-7.042173385620117,26,0,-0.0625,-5.385855911299586e-05,-0.0625,-0.05988502502441406,-4.925390720367432,-0.04398012161254883,15.6875,0,0
aligned_driver_top_control,v5_qwen35_4b_289,288,19.25,0.017303382977843285,-3.5,-4.039417266845703,5,0,0.0,7.100589573383331e-05,0.0,0.004184722900390625,-8.87840461730957,-0.09949398040771484,19.25,0,0
aligned_driver_top_control,v5_qwen35_4b_244,243,18.625,0.05475427210330963,-1.75,-2.8486576080322266,6,0,-0.125,-0.006180927157402039,-0.125,-0.11351776123046875,-0.31382322311401367,-0.09131908416748047,18.75,0,0
random_layer_matched_control,v5_qwen35_4b_285,284,19.25,0.026611478999257088,-2.625,-3.5994834899902344,7,0,0.0,0.0,0.0,0.0,-7.982270240783691,0.0,19.25,0,0
random_layer_matched_control,v5_qwen35_4b_016,15,15.0625,0.00036328393616713583,-7.1875,-7.920005798339844,37,0,0.0,0.0,0.0,0.0,-12.965229034423828,0.0,15.0625,0,0
random_layer_matched_control,v5_qwen35_4b_036,35,15.6875,0.0005659908056259155,-6.3125,-7.476409912109375,24,0,0.0,0.0,0.0,0.0,-14.794962882995605,0.0,15.6875,0,0
random_layer_matched_control,v5_qwen35_4b_085,84,15.0,0.0002715383598115295,-7.875,-8.211160659790039,32,0,0.0,0.0,0.0,0.0,-13.890664100646973,0.0,15.0,0,0
random_layer_matched_control,v5_qwen35_4b_133,132,15.6875,0.0005659908056259155,-6.3125,-7.476409912109375,24,0,0.0,0.0,0.0,0.0,-14.794962882995605,0.0,15.6875,0,0
random_layer_matched_control,v5_qwen35_4b_147,146,15.6875,0.0005659908056259155,-6.3125,-7.476409912109375,24,0,0.0,0.0,0.0,0.0,-14.794962882995605,0.0,15.6875,0,0
random_layer_matched_control,v5_qwen35_4b_260,259,17.125,0.004728089086711407,-4.5,-5.349544525146484,13,0,0.0,0.0,0.0,0.0,-13.1074857711792,0.0,17.125,0,0
random_layer_matched_control,v5_qwen35_4b_263,262,16.625,0.002541137160733342,-5.5,-5.972635269165039,13,0,0.0,0.0,0.0,0.0,-14.024591445922852,0.0,16.625,0,0
random_layer_matched_control,v5_qwen35_4b_296,295,17.25,0.005526520311832428,-4.375,-5.192705154418945,13,0,0.0,0.0,0.0,0.0,-12.948308944702148,0.0,17.25,0,0
random_layer_matched_control,v5_qwen35_4b_040,39,16.0,0.0014336265157908201,-5.5,-6.546169281005859,19,0,0.0,0.0,0.0,0.0,-11.373147964477539,0.0,16.0,0,0
random_layer_matched_control,v5_qwen35_4b_054,53,17.375,0.01076662540435791,-3.25,-4.520547866821289,9,0,0.0,0.0,0.0,0.0,-10.02280044555664,0.0,17.375,0,0
random_layer_matched_control,v5_qwen35_4b_229,228,16.0,0.0014336265157908201,-5.5,-6.546169281005859,19,0,0.0,0.0,0.0,0.0,-11.373147964477539,0.0,16.0,0,0
random_layer_matched_control,v5_qwen35_4b_047,46,17.0,0.001612248132005334,-5.875,-6.42854118347168,14,0,0.0,0.0,0.0,0.0,-5.786467552185059,0.0,17.0,0,0
random_layer_matched_control,v5_qwen35_4b_271,270,19.375,0.02411150373518467,-3.0,-3.7007007598876953,8,0,0.0,0.0,0.0,0.0,-10.982481002807617,0.0,19.375,0,0
random_layer_matched_control,v5_qwen35_4b_039,38,16.5,0.0004487092955969274,-6.875,-7.708703994750977,14,0,0.0,0.0,0.0,0.0,-9.711893081665039,0.0,16.5,0,0
random_layer_matched_control,v5_qwen35_4b_215,214,19.25,0.026442645117640495,-2.875,-3.606019973754883,7,0,0.0,0.0,0.0,0.0,-7.623354911804199,0.0,19.25,0,0
random_layer_matched_control,v5_qwen35_4b_245,244,15.125,0.00028842315077781677,-7.875,-8.150814056396484,22,0,0.0,0.0,0.0,0.0,-15.525566101074219,0.0,15.125,0,0
random_layer_matched_control,v5_qwen35_4b_161,160,15.6875,0.00028296676464378834,-8.0625,-8.169912338256836,26,0,0.0,0.0,0.0,0.0,-18.665973663330078,0.0,15.6875,0,0
random_layer_matched_control,v5_qwen35_4b_121,120,15.875,0.000584287045057863,-7.0,-7.444557189941406,14,0,0.0,0.0,0.0,0.0,-16.424888610839844,0.0,15.875,0,0
random_layer_matched_control,v5_qwen35_4b_181,180,15.875,0.0004341156454756856,-7.625,-7.741781234741211,18,0,0.0,0.0,0.0,0.0,-17.049211502075195,0.0,15.875,0,0
random_layer_matched_control,v5_qwen35_4b_259,258,17.375,0.0029934528283774853,-5.625,-5.808349609375,9,0,0.0,0.0,0.0,0.0,-16.227548599243164,0.0,17.375,0,0
random_layer_matched_control,v5_qwen35_4b_283,282,17.875,0.007192389108240604,-4.25,-4.927558898925781,12,0,0.0,0.0,0.0,0.0,-12.070793151855469,0.0,17.875,0,0
random_layer_matched_control,v5_qwen35_4b_272,271,20.25,0.023833781480789185,-3.5,-3.712543487548828,4,0,0.0,0.0,0.0,0.0,-10.626363754272461,0.0,20.25,0,0
random_layer_matched_control,v5_qwen35_4b_043,42,16.75,0.0010190227767452598,-5.625,-6.887922286987305,23,0,0.0,0.0,0.0,0.0,-7.07011079788208,0.0,16.75,0,0
random_layer_matched_control,v5_qwen35_4b_166,165,19.375,0.022394785657525063,-3.125,-3.776317596435547,7,0,0.0,0.0,0.0,0.0,-8.058036804199219,0.0,19.375,0,0
random_layer_matched_control,v5_qwen35_4b_055,54,19.125,0.008234563283622265,-4.625,-4.791162490844727,6,0,0.0,0.0,0.0,0.0,-14.862603187561035,0.0,19.125,0,0
random_layer_matched_control,v5_qwen35_4b_130,129,16.625,0.0007519206847064197,-6.625,-7.192148208618164,20,0,0.0,0.0,0.0,0.0,-8.893729209899902,0.0,16.625,0,0
random_layer_matched_control,v5_qwen35_4b_182,181,15.8125,0.0003367864992469549,-7.8125,-7.995744705200195,28,0,0.0,0.0,0.0,0.0,-4.733323097229004,0.0,15.8125,0,0
random_layer_matched_control,v5_qwen35_4b_065,64,18.125,0.012375902384519577,-3.25,-4.379596710205078,10,0,0.0,0.0,0.0,0.0,-6.574199199676514,0.0,18.125,0,0
random_layer_matched_control,v5_qwen35_4b_001,0,17.5,0.005607474595308304,-4.875,-5.178064346313477,11,0,0.0,0.0,0.0,0.0,-3.6529700756073,0.0,17.5,0,0
random_layer_matched_control,v5_qwen35_4b_053,52,17.5,0.01063617505133152,-3.625,-4.532854080200195,8,0,0.0,0.0,0.0,0.0,-9.542526245117188,0.0,17.5,0,0
random_layer_matched_control,v5_qwen35_4b_155,154,15.125,0.000691266031935811,-6.125,-7.276355743408203,29,0,0.0,0.0,0.0,0.0,-10.779214859008789,0.0,15.125,0,0
random_layer_matched_control,v5_qwen35_4b_120,119,16.125,0.0015327390283346176,-5.375,-6.479213714599609,18,0,0.0,0.0,0.0,0.0,-11.04650592803955,0.0,16.125,0,0
random_layer_matched_control,v5_qwen35_4b_232,231,16.125,0.0015327390283346176,-5.375,-6.479213714599609,18,0,0.0,0.0,0.0,0.0,-11.04650592803955,0.0,16.125,0,0
random_layer_matched_control,v5_qwen35_4b_226,225,17.875,0.0015776028158143163,-5.75,-6.450286865234375,7,0,0.0,0.0,0.0,0.0,-12.649713516235352,0.0,17.875,0,0
random_layer_matched_control,v5_qwen35_4b_123,122,15.75,0.0007548145949840546,-6.75,-7.188314437866211,18,0,0.0,0.0,0.0,0.0,-16.607288360595703,0.0,15.75,0,0
random_layer_matched_control,v5_qwen35_4b_030,29,15.8125,0.0006831566570326686,-6.9375,-7.2881317138671875,18,0,0.0,0.0,0.0,0.0,-16.669353485107422,0.0,15.8125,0,0
random_layer_matched_control,v5_qwen35_4b_205,204,18.0,0.010180831886827946,-4.125,-4.577053070068359,7,0,0.0,0.0,0.0,0.0,-14.222402572631836,0.0,18.0,0,0
random_layer_matched_control,v5_qwen35_4b_208,207,19.625,0.024552777409553528,-3.25,-3.6820945739746094,5,0,0.0,0.0,0.0,0.0,-11.674933433532715,0.0,19.625,0,0
random_layer_matched_control,v5_qwen35_4b_159,158,15.6875,0.00029626820469275117,-7.9375,-8.123966217041016,23,0,0.0,0.0,0.0,0.0,-18.801408767700195,0.0,15.6875,0,0
random_layer_matched_control,v5_qwen35_4b_262,261,18.625,0.01131616160273552,-4.0,-4.47016716003418,4,0,0.0,0.0,0.0,0.0,-15.713029861450195,0.0,18.625,0,0
random_layer_matched_control,v5_qwen35_4b_281,280,18.625,0.01131616160273552,-4.0,-4.47016716003418,4,0,0.0,0.0,0.0,0.0,-15.713029861450195,0.0,18.625,0,0
random_layer_matched_control,v5_qwen35_4b_153,152,15.8125,0.0006699152290821075,-7.1875,-7.307706832885742,19,0,0.0,0.0,0.0,0.0,-17.366289138793945,0.0,15.8125,0,0
random_layer_matched_control,v5_qwen35_4b_017,16,15.5625,0.0005975848180241883,-7.3125,-7.422033309936523,19,0,0.0,0.0,0.0,0.0,-16.732988357543945,0.0,15.5625,0,0
random_layer_matched_control,v5_qwen35_4b_023,22,15.5625,0.0005975848180241883,-7.3125,-7.422033309936523,19,0,0.0,0.0,0.0,0.0,-16.732988357543945,0.0,15.5625,0,0
random_layer_matched_control,v5_qwen35_4b_027,26,16.5,0.0015204609371721745,-6.25,-6.48724365234375,13,0,0.0,0.0,0.0,0.0,-17.35210418701172,0.0,16.5,0,0
random_layer_matched_control,v5_qwen35_4b_028,27,16.5,0.0015204609371721745,-6.25,-6.48724365234375,13,0,0.0,0.0,0.0,0.0,-17.35210418701172,0.0,16.5,0,0
random_layer_matched_control,v5_qwen35_4b_035,34,16.5,0.0015204609371721745,-6.25,-6.48724365234375,13,0,0.0,0.0,0.0,0.0,-17.35210418701172,0.0,16.5,0,0
random_layer_matched_control,v5_qwen35_4b_046,45,16.375,0.0014829718274995685,-6.25,-6.512247085571289,13,0,0.0,0.0,0.0,0.0,-17.10579490661621,0.0,16.375,0,0
random_layer_matched_control,v5_qwen35_4b_059,58,17.5,0.007692760322242975,-4.625,-4.859783172607422,5,0,0.0,0.0,0.0,0.0,-15.465605735778809,0.0,17.5,0,0
random_layer_matched_control,v5_qwen35_4b_064,63,17.5,0.007692760322242975,-4.625,-4.859783172607422,5,0,0.0,0.0,0.0,0.0,-15.465605735778809,0.0,17.5,0,0
random_layer_matched_control,v5_qwen35_4b_113,112,16.375,0.0014829718274995685,-6.25,-6.512247085571289,13,0,0.0,0.0,0.0,0.0,-17.10579490661621,0.0,16.375,0,0
random_layer_matched_control,v5_qwen35_4b_118,117,16.375,0.0014829718274995685,-6.25,-6.512247085571289,13,0,0.0,0.0,0.0,0.0,-17.10579490661621,0.0,16.375,0,0
random_layer_matched_control,v5_qwen35_4b_149,148,16.375,0.0014829718274995685,-6.25,-6.512247085571289,13,0,0.0,0.0,0.0,0.0,-17.10579490661621,0.0,16.375,0,0
random_layer_matched_control,v5_qwen35_4b_152,151,15.1875,0.00041164830327033997,-7.6875,-7.794946670532227,21,0,0.0,0.0,0.0,0.0,-16.644325256347656,0.0,15.1875,0,0
random_layer_matched_control,v5_qwen35_4b_156,155,15.1875,0.00041164830327033997,-7.6875,-7.794946670532227,21,0,0.0,0.0,0.0,0.0,-16.644325256347656,0.0,15.1875,0,0
random_layer_matched_control,v5_qwen35_4b_167,166,15.1875,0.00041164830327033997,-7.6875,-7.794946670532227,21,0,0.0,0.0,0.0,0.0,-16.644325256347656,0.0,15.1875,0,0
random_layer_matched_control,v5_qwen35_4b_172,171,15.5,0.0005599741125479341,-7.375,-7.4870758056640625,19,0,0.0,0.0,0.0,0.0,-16.750507354736328,0.0,15.5,0,0
random_layer_matched_control,v5_qwen35_4b_234,233,16.125,0.0011738680768758059,-6.5,-6.746299743652344,14,0,0.0,0.0,0.0,0.0,-17.18423843383789,0.0,16.125,0,0
random_layer_matched_control,v5_qwen35_4b_243,242,16.375,0.0014829718274995685,-6.25,-6.512247085571289,13,0,0.0,0.0,0.0,0.0,-17.10579490661621,0.0,16.375,0,0
random_layer_matched_control,v5_qwen35_4b_251,250,16.375,0.0014829718274995685,-6.25,-6.512247085571289,13,0,0.0,0.0,0.0,0.0,-17.10579490661621,0.0,16.375,0,0
random_layer_matched_control,v5_qwen35_4b_254,253,17.5,0.007692760322242975,-4.625,-4.859783172607422,5,0,0.0,0.0,0.0,0.0,-15.465605735778809,0.0,17.5,0,0
random_layer_matched_control,v5_qwen35_4b_255,254,17.5,0.007692760322242975,-4.625,-4.859783172607422,5,0,0.0,0.0,0.0,0.0,-15.465605735778809,0.0,17.5,0,0
random_layer_matched_control,v5_qwen35_4b_264,263,17.375,0.006734809838235378,-4.75,-4.993738174438477,8,0,0.0,0.0,0.0,0.0,-15.339722633361816,0.0,17.375,0,0
random_layer_matched_control,v5_qwen35_4b_273,272,17.375,0.007479283958673477,-4.625,-4.888141632080078,6,0,0.0,0.0,0.0,0.0,-15.442423820495605,0.0,17.375,0,0
random_layer_matched_control,v5_qwen35_4b_290,289,17.5,0.008517909795045853,-4.5,-4.757061004638672,4,0,0.0,0.0,0.0,0.0,-15.498957633972168,0.0,17.5,0,0
random_layer_matched_control,v5_qwen35_4b_267,266,17.5,0.0031504917424172163,-5.25,-5.7570648193359375,7,0,0.0,0.0,0.0,0.0,-17.04813003540039,0.0,17.5,0,0
random_layer_matched_control,v5_qwen35_4b_148,147,15.5625,0.0003644706157501787,-7.3125,-7.916721343994141,16,0,0.0,0.0,0.0,0.0,-18.064531326293945,0.0,15.5625,0,0
random_layer_matched_control,v5_qwen35_4b_180,179,14.5,0.00011481838009785861,-8.875,-9.072061538696289,35,0,0.0,0.0,0.0,0.0,-18.802005767822266,0.0,14.5,0,0
random_layer_matched_control,v5_qwen35_4b_072,71,19.125,0.045829154551029205,-2.25,-3.035968780517578,5,0,0.0,0.0,0.0,0.0,-7.65198278427124,0.0,19.125,0,0
random_layer_matched_control,v5_qwen35_4b_073,72,19.625,0.02403872087597847,-3.25,-3.7037830352783203,5,0,0.0,0.0,0.0,0.0,-9.471048355102539,0.0,19.625,0,0
random_layer_matched_control,v5_qwen35_4b_270,269,19.625,0.09470392763614655,-1.0,-2.257568359375,5,0,0.0,0.0,0.0,0.0,-6.767003536224365,0.0,19.625,0,0
random_layer_matched_control,v5_qwen35_4b_038,37,17.875,0.00275857700034976,-5.375,-5.890296936035156,10,0,0.0,0.0,0.0,0.0,-9.951678276062012,0.0,17.875,0,0
random_layer_matched_control,v5_qwen35_4b_204,203,20.625,0.04627777636051178,-2.625,-3.0257320404052734,4,0,0.0,0.0,0.0,0.0,-6.459027290344238,0.0,20.625,0,0
random_layer_matched_control,v5_qwen35_4b_007,6,16.25,0.0005475919460877776,-7.25,-7.509458541870117,24,0,0.0,0.0,0.0,0.0,-17.880626678466797,0.0,16.25,0,0
random_layer_matched_control,v5_qwen35_4b_014,13,16.25,0.0005475919460877776,-7.25,-7.509458541870117,24,0,0.0,0.0,0.0,0.0,-17.880626678466797,0.0,16.25,0,0
random_layer_matched_control,v5_qwen35_4b_018,17,16.25,0.0005475919460877776,-7.25,-7.509458541870117,24,0,0.0,0.0,0.0,0.0,-17.880626678466797,0.0,16.25,0,0
random_layer_matched_control,v5_qwen35_4b_020,19,16.25,0.0005475919460877776,-7.25,-7.509458541870117,24,0,0.0,0.0,0.0,0.0,-17.880626678466797,0.0,16.25,0,0
random_layer_matched_control,v5_qwen35_4b_021,20,16.25,0.0005475919460877776,-7.25,-7.509458541870117,24,0,0.0,0.0,0.0,0.0,-17.880626678466797,0.0,16.25,0,0
random_layer_matched_control,v5_qwen35_4b_024,23,16.25,0.0005475919460877776,-7.25,-7.509458541870117,24,0,0.0,0.0,0.0,0.0,-17.880626678466797,0.0,16.25,0,0
random_layer_matched_control,v5_qwen35_4b_025,24,16.5,0.0007085565594024956,-7.0,-7.251596450805664,19,0,0.0,0.0,0.0,0.0,-17.89034652709961,0.0,16.5,0,0
random_layer_matched_control,v5_qwen35_4b_098,97,16.5,0.0007085565594024956,-7.0,-7.251596450805664,19,0,0.0,0.0,0.0,0.0,-17.89034652709961,0.0,16.5,0,0
random_layer_matched_control,v5_qwen35_4b_114,113,16.75,0.0009985906071960926,-6.375,-6.908195495605469,11,0,0.0,0.0,0.0,0.0,-17.65980339050293,0.0,16.75,0,0
random_layer_matched_control,v5_qwen35_4b_128,127,16.75,0.0009985906071960926,-6.375,-6.908195495605469,11,0,0.0,0.0,0.0,0.0,-17.65980339050293,0.0,16.75,0,0
random_layer_matched_control,v5_qwen35_4b_131,130,16.75,0.0009985906071960926,-6.375,-6.908195495605469,11,0,0.0,0.0,0.0,0.0,-17.65980339050293,0.0,16.75,0,0
random_layer_matched_control,v5_qwen35_4b_135,134,16.75,0.0009985906071960926,-6.375,-6.908195495605469,11,0,0.0,0.0,0.0,0.0,-17.65980339050293,0.0,16.75,0,0
random_layer_matched_control,v5_qwen35_4b_136,135,16.75,0.0009985906071960926,-6.375,-6.908195495605469,11,0,0.0,0.0,0.0,0.0,-17.65980339050293,0.0,16.75,0,0
random_layer_matched_control,v5_qwen35_4b_144,143,16.75,0.0009985906071960926,-6.375,-6.908195495605469,11,0,0.0,0.0,0.0,0.0,-17.65980339050293,0.0,16.75,0,0
random_layer_matched_control,v5_qwen35_4b_145,144,16.75,0.0009985906071960926,-6.375,-6.908195495605469,11,0,0.0,0.0,0.0,0.0,-17.65980339050293,0.0,16.75,0,0
random_layer_matched_control,v5_qwen35_4b_160,159,16.5,0.0007085565594024956,-7.0,-7.251596450805664,19,0,0.0,0.0,0.0,0.0,-17.89034652709961,0.0,16.5,0,0
random_layer_matched_control,v5_qwen35_4b_164,163,16.5,0.0007085565594024956,-7.0,-7.251596450805664,19,0,0.0,0.0,0.0,0.0,-17.89034652709961,0.0,16.5,0,0
random_layer_matched_control,v5_qwen35_4b_169,168,16.5,0.0007085565594024956,-7.0,-7.251596450805664,19,0,0.0,0.0,0.0,0.0,-17.89034652709961,0.0,16.5,0,0
random_layer_matched_control,v5_qwen35_4b_174,173,16.5,0.0007085565594024956,-7.0,-7.251596450805664,19,0,0.0,0.0,0.0,0.0,-17.89034652709961,0.0,16.5,0,0
random_layer_matched_control,v5_qwen35_4b_187,186,16.5,0.0007085565594024956,-7.0,-7.251596450805664,19,0,0.0,0.0,0.0,0.0,-17.89034652709961,0.0,16.5,0,0
random_layer_matched_control,v5_qwen35_4b_188,187,16.5,0.0007085565594024956,-7.0,-7.251596450805664,19,0,0.0,0.0,0.0,0.0,-17.89034652709961,0.0,16.5,0,0
random_layer_matched_control,v5_qwen35_4b_213,212,18.0,0.006687911693006754,-4.5,-5.0007781982421875,7,0,0.0,0.0,0.0,0.0,-16.08746910095215,0.0,18.0,0,0
random_layer_matched_control,v5_qwen35_4b_214,213,18.0,0.006687911693006754,-4.5,-5.0007781982421875,7,0,0.0,0.0,0.0,0.0,-16.08746910095215,0.0,18.0,0,0
random_layer_matched_control,v5_qwen35_4b_216,215,18.0,0.006687911693006754,-4.5,-5.0007781982421875,7,0,0.0,0.0,0.0,0.0,-16.08746910095215,0.0,18.0,0,0
random_layer_matched_control,v5_qwen35_4b_222,221,18.0,0.006687911693006754,-4.5,-5.0007781982421875,7,0,0.0,0.0,0.0,0.0,-16.08746910095215,0.0,18.0,0,0
random_layer_matched_control,v5_qwen35_4b_224,223,18.0,0.006687911693006754,-4.5,-5.0007781982421875,7,0,0.0,0.0,0.0,0.0,-16.08746910095215,0.0,18.0,0,0
random_layer_matched_control,v5_qwen35_4b_239,238,16.75,0.0009985906071960926,-6.375,-6.908195495605469,11,0,0.0,0.0,0.0,0.0,-17.65980339050293,0.0,16.75,0,0
random_layer_matched_control,v5_qwen35_4b_241,240,16.75,0.0009985906071960926,-6.375,-6.908195495605469,11,0,0.0,0.0,0.0,0.0,-17.65980339050293,0.0,16.75,0,0
random_layer_matched_control,v5_qwen35_4b_256,255,18.0,0.006687911693006754,-4.5,-5.0007781982421875,7,0,0.0,0.0,0.0,0.0,-16.08746910095215,0.0,18.0,0,0
random_layer_matched_control,v5_qwen35_4b_269,268,18.0,0.006687911693006754,-4.5,-5.0007781982421875,7,0,0.0,0.0,0.0,0.0,-16.08746910095215,0.0,18.0,0,0
random_layer_matched_control,v5_qwen35_4b_276,275,18.0,0.006896168924868107,-4.5,-4.969902038574219,7,0,0.0,0.0,0.0,0.0,-16.154268264770508,0.0,18.0,0,0
random_layer_matched_control,v5_qwen35_4b_277,276,18.0,0.006896168924868107,-4.5,-4.969902038574219,7,0,0.0,0.0,0.0,0.0,-16.154268264770508,0.0,18.0,0,0
random_layer_matched_control,v5_qwen35_4b_280,279,18.0,0.006896168924868107,-4.5,-4.969902038574219,7,0,0.0,0.0,0.0,0.0,-16.154268264770508,0.0,18.0,0,0
random_layer_matched_control,v5_qwen35_4b_284,283,18.0,0.006896168924868107,-4.5,-4.969902038574219,7,0,0.0,0.0,0.0,0.0,-16.154268264770508,0.0,18.0,0,0
random_layer_matched_control,v5_qwen35_4b_288,287,18.0,0.006896168924868107,-4.5,-4.969902038574219,7,0,0.0,0.0,0.0,0.0,-16.154268264770508,0.0,18.0,0,0
random_layer_matched_control,v5_qwen35_4b_292,291,18.0,0.006896168924868107,-4.5,-4.969902038574219,7,0,0.0,0.0,0.0,0.0,-16.154268264770508,0.0,18.0,0,0
random_layer_matched_control,v5_qwen35_4b_294,293,18.0,0.006896168924868107,-4.5,-4.969902038574219,7,0,0.0,0.0,0.0,0.0,-16.154268264770508,0.0,18.0,0,0
random_layer_matched_control,v5_qwen35_4b_002,1,16.125,0.0005488589522428811,-7.25,-7.507144927978516,26,0,0.0,0.0,0.0,0.0,-18.10282325744629,0.0,16.125,0,0
random_layer_matched_control,v5_qwen35_4b_012,11,16.25,0.0006166362436488271,-7.125,-7.3906402587890625,23,0,0.0,0.0,0.0,0.0,-18.084800720214844,0.0,16.25,0,0
random_layer_matched_control,v5_qwen35_4b_015,14,16.25,0.0006166362436488271,-7.125,-7.3906402587890625,23,0,0.0,0.0,0.0,0.0,-18.084800720214844,0.0,16.25,0,0
random_layer_matched_control,v5_qwen35_4b_037,36,16.75,0.0010443365899845958,-6.375,-6.86335563659668,12,0,0.0,0.0,0.0,0.0,-17.757553100585938,0.0,16.75,0,0
random_layer_matched_control,v5_qwen35_4b_042,41,16.75,0.0010443365899845958,-6.375,-6.86335563659668,12,0,0.0,0.0,0.0,0.0,-17.757553100585938,0.0,16.75,0,0
random_layer_matched_control,v5_qwen35_4b_044,43,16.75,0.0010443365899845958,-6.375,-6.86335563659668,12,0,0.0,0.0,0.0,0.0,-17.757553100585938,0.0,16.75,0,0
random_layer_matched_control,v5_qwen35_4b_115,114,16.75,0.0010443365899845958,-6.375,-6.86335563659668,12,0,0.0,0.0,0.0,0.0,-17.757553100585938,0.0,16.75,0,0
random_layer_matched_control,v5_qwen35_4b_126,125,16.75,0.0010443365899845958,-6.375,-6.86335563659668,12,0,0.0,0.0,0.0,0.0,-17.757553100585938,0.0,16.75,0,0
random_layer_matched_control,v5_qwen35_4b_127,126,16.75,0.0010443365899845958,-6.375,-6.86335563659668,12,0,0.0,0.0,0.0,0.0,-17.757553100585938,0.0,16.75,0,0
random_layer_matched_control,v5_qwen35_4b_134,133,16.75,0.0010443365899845958,-6.375,-6.86335563659668,12,0,0.0,0.0,0.0,0.0,-17.757553100585938,0.0,16.75,0,0
random_layer_matched_control,v5_qwen35_4b_140,139,16.75,0.0010443365899845958,-6.375,-6.86335563659668,12,0,0.0,0.0,0.0,0.0,-17.757553100585938,0.0,16.75,0,0
random_layer_matched_control,v5_qwen35_4b_142,141,16.75,0.0010443365899845958,-6.375,-6.86335563659668,12,0,0.0,0.0,0.0,0.0,-17.757553100585938,0.0,16.75,0,0
random_layer_matched_control,v5_qwen35_4b_146,145,16.75,0.0010443365899845958,-6.375,-6.86335563659668,12,0,0.0,0.0,0.0,0.0,-17.757553100585938,0.0,16.75,0,0
random_layer_matched_control,v5_qwen35_4b_150,149,16.75,0.0010443365899845958,-6.375,-6.86335563659668,12,0,0.0,0.0,0.0,0.0,-17.757553100585938,0.0,16.75,0,0
random_layer_matched_control,v5_qwen35_4b_168,167,16.25,0.0006166362436488271,-7.125,-7.3906402587890625,23,0,0.0,0.0,0.0,0.0,-18.084800720214844,0.0,16.25,0,0
random_layer_matched_control,v5_qwen35_4b_179,178,16.25,0.0006166362436488271,-7.125,-7.3906402587890625,23,0,0.0,0.0,0.0,0.0,-18.084800720214844,0.0,16.25,0,0
random_layer_matched_control,v5_qwen35_4b_183,182,16.25,0.0006166362436488271,-7.125,-7.3906402587890625,23,0,0.0,0.0,0.0,0.0,-18.084800720214844,0.0,16.25,0,0
random_layer_matched_control,v5_qwen35_4b_185,184,16.25,0.0006166362436488271,-7.125,-7.3906402587890625,23,0,0.0,0.0,0.0,0.0,-18.084800720214844,0.0,16.25,0,0
random_layer_matched_control,v5_qwen35_4b_186,185,16.25,0.0006166362436488271,-7.125,-7.3906402587890625,23,0,0.0,0.0,0.0,0.0,-18.084800720214844,0.0,16.25,0,0
random_layer_matched_control,v5_qwen35_4b_242,241,16.75,0.0010443365899845958,-6.375,-6.86335563659668,12,0,0.0,0.0,0.0,0.0,-17.757553100585938,0.0,16.75,0,0
random_layer_matched_control,v5_qwen35_4b_249,248,16.75,0.0010443365899845958,-6.375,-6.86335563659668,12,0,0.0,0.0,0.0,0.0,-17.757553100585938,0.0,16.75,0,0
random_layer_matched_control,v5_qwen35_4b_282,281,17.875,0.005645131692290306,-4.75,-5.171333312988281,8,0,0.0,0.0,0.0,0.0,-16.436128616333008,0.0,17.875,0,0
random_layer_matched_control,v5_qwen35_4b_286,285,17.875,0.005645131692290306,-4.75,-5.171333312988281,8,0,0.0,0.0,0.0,0.0,-16.436128616333008,0.0,17.875,0,0
random_layer_matched_control,v5_qwen35_4b_295,294,17.875,0.005645131692290306,-4.75,-5.171333312988281,8,0,0.0,0.0,0.0,0.0,-16.436128616333008,0.0,17.875,0,0
random_layer_matched_control,v5_qwen35_4b_299,298,17.875,0.005645131692290306,-4.75,-5.171333312988281,8,0,0.0,0.0,0.0,0.0,-16.436128616333008,0.0,17.875,0,0
random_layer_matched_control,v5_qwen35_4b_008,7,14.5,0.0003313183842692524,-7.625,-8.012136459350586,43,0,0.0,0.0,0.0,0.0,-17.894115447998047,0.0,14.5,0,0
random_layer_matched_control,v5_qwen35_4b_122,121,15.0,0.0004016219172626734,-7.25,-7.81962776184082,26,0,0.0,0.0,0.0,0.0,-18.93631935119629,0.0,15.0,0,0
random_layer_matched_control,v5_qwen35_4b_158,157,14.5625,0.00033609982347115874,-7.6875,-7.997800827026367,42,0,0.0,0.0,0.0,0.0,-18.18425941467285,0.0,14.5625,0,0
random_layer_matched_control,v5_qwen35_4b_265,264,16.875,0.004074973054230213,-5.125,-5.49884033203125,8,0,0.0,0.0,0.0,0.0,-17.13174819946289,0.0,16.875,0,0
random_layer_matched_control,v5_qwen35_4b_003,2,15.5625,0.000641667633317411,-7.0625,-7.350828170776367,31,0,0.0,0.0,0.0,0.0,-18.407747268676758,0.0,15.5625,0,0
random_layer_matched_control,v5_qwen35_4b_011,10,15.5625,0.0006073143449611962,-7.1875,-7.405885696411133,29,0,0.0,0.0,0.0,0.0,-18.470539093017578,0.0,15.5625,0,0
random_layer_matched_control,v5_qwen35_4b_033,32,16.25,0.0014820188516750932,-6.125,-6.512901306152344,18,0,0.0,0.0,0.0,0.0,-18.441133499145508,0.0,16.25,0,0
random_layer_matched_control,v5_qwen35_4b_048,47,16.25,0.0014820188516750932,-6.125,-6.512901306152344,18,0,0.0,0.0,0.0,0.0,-18.441133499145508,0.0,16.25,0,0
random_layer_matched_control,v5_qwen35_4b_070,69,17.5,0.00884167943149805,-4.375,-4.7194366455078125,5,0,0.0,0.0,0.0,0.0,-16.789098739624023,0.0,17.5,0,0
random_layer_matched_control,v5_qwen35_4b_124,123,16.375,0.0018249666318297386,-5.875,-6.304405212402344,15,0,0.0,0.0,0.0,0.0,-18.354955673217773,0.0,16.375,0,0
random_layer_matched_control,v5_qwen35_4b_125,124,16.375,0.001570428255945444,-6.0,-6.454870223999023,18,0,0.0,0.0,0.0,0.0,-18.31229591369629,0.0,16.375,0,0
random_layer_matched_control,v5_qwen35_4b_139,138,16.375,0.001570428255945444,-6.0,-6.454870223999023,18,0,0.0,0.0,0.0,0.0,-18.31229591369629,0.0,16.375,0,0
random_layer_matched_control,v5_qwen35_4b_203,202,17.625,0.009332310408353806,-4.25,-4.664939880371094,6,0,0.0,0.0,0.0,0.0,-16.649810791015625,0.0,17.625,0,0
random_layer_matched_control,v5_qwen35_4b_206,205,17.5,0.00884167943149805,-4.375,-4.7194366455078125,5,0,0.0,0.0,0.0,0.0,-16.789098739624023,0.0,17.5,0,0
random_layer_matched_control,v5_qwen35_4b_212,211,17.625,0.009332310408353806,-4.25,-4.664939880371094,6,0,0.0,0.0,0.0,0.0,-16.649810791015625,0.0,17.625,0,0
random_layer_matched_control,v5_qwen35_4b_228,227,16.375,0.0018249666318297386,-5.875,-6.304405212402344,15,0,0.0,0.0,0.0,0.0,-18.354955673217773,0.0,16.375,0,0
random_layer_matched_control,v5_qwen35_4b_230,229,16.375,0.0018249666318297386,-5.875,-6.304405212402344,15,0,0.0,0.0,0.0,0.0,-18.354955673217773,0.0,16.375,0,0
random_layer_matched_control,v5_qwen35_4b_231,230,16.375,0.0018249666318297386,-5.875,-6.304405212402344,15,0,0.0,0.0,0.0,0.0,-18.354955673217773,0.0,16.375,0,0
random_layer_matched_control,v5_qwen35_4b_236,235,16.375,0.0018249666318297386,-5.875,-6.304405212402344,15,0,0.0,0.0,0.0,0.0,-18.354955673217773,0.0,16.375,0,0
random_layer_matched_control,v5_qwen35_4b_237,236,16.375,0.0018249666318297386,-5.875,-6.304405212402344,15,0,0.0,0.0,0.0,0.0,-18.354955673217773,0.0,16.375,0,0
random_layer_matched_control,v5_qwen35_4b_238,237,16.375,0.001570428255945444,-6.0,-6.454870223999023,18,0,0.0,0.0,0.0,0.0,-18.31229591369629,0.0,16.375,0,0
random_layer_matched_control,v5_qwen35_4b_247,246,16.375,0.0018249666318297386,-5.875,-6.304405212402344,15,0,0.0,0.0,0.0,0.0,-18.354955673217773,0.0,16.375,0,0
random_layer_matched_control,v5_qwen35_4b_257,256,17.5,0.00884167943149805,-4.375,-4.7194366455078125,5,0,0.0,0.0,0.0,0.0,-16.789098739624023,0.0,17.5,0,0
random_layer_matched_control,v5_qwen35_4b_291,290,17.5,0.00884167943149805,-4.375,-4.7194366455078125,5,0,0.0,0.0,0.0,0.0,-16.789098739624023,0.0,17.5,0,0
random_layer_matched_control,v5_qwen35_4b_005,4,15.5,0.0006943017360754311,-7.0,-7.271942138671875,29,0,0.0,0.0,0.0,0.0,-18.40878677368164,0.0,15.5,0,0
random_layer_matched_control,v5_qwen35_4b_013,12,15.5625,0.0006759362877346575,-7.0625,-7.298765182495117,27,0,0.0,0.0,0.0,0.0,-18.486417770385742,0.0,15.5625,0,0
random_layer_matched_control,v5_qwen35_4b_026,25,16.375,0.0018199029145762324,-5.875,-6.307188034057617,17,0,0.0,0.0,0.0,0.0,-18.374942779541016,0.0,16.375,0,0
random_layer_matched_control,v5_qwen35_4b_041,40,16.375,0.001830375986173749,-5.875,-6.301441192626953,19,0,0.0,0.0,0.0,0.0,-18.466537475585938,0.0,16.375,0,0
random_layer_matched_control,v5_qwen35_4b_045,44,16.375,0.001830375986173749,-5.875,-6.301441192626953,19,0,0.0,0.0,0.0,0.0,-18.466537475585938,0.0,16.375,0,0
random_layer_matched_control,v5_qwen35_4b_049,48,16.375,0.0018199029145762324,-5.875,-6.307188034057617,17,0,0.0,0.0,0.0,0.0,-18.374942779541016,0.0,16.375,0,0
random_layer_matched_control,v5_qwen35_4b_117,116,16.375,0.0018199029145762324,-5.875,-6.307188034057617,17,0,0.0,0.0,0.0,0.0,-18.374942779541016,0.0,16.375,0,0
random_layer_matched_control,v5_qwen35_4b_137,136,16.375,0.0018199029145762324,-5.875,-6.307188034057617,17,0,0.0,0.0,0.0,0.0,-18.374942779541016,0.0,16.375,0,0
random_layer_matched_control,v5_qwen35_4b_141,140,16.375,0.001830375986173749,-5.875,-6.301441192626953,19,0,0.0,0.0,0.0,0.0,-18.466537475585938,0.0,16.375,0,0
random_layer_matched_control,v5_qwen35_4b_157,156,15.5625,0.0006759362877346575,-7.0625,-7.298765182495117,27,0,0.0,0.0,0.0,0.0,-18.486417770385742,0.0,15.5625,0,0
random_layer_matched_control,v5_qwen35_4b_227,226,16.375,0.0018199029145762324,-5.875,-6.307188034057617,17,0,0.0,0.0,0.0,0.0,-18.374942779541016,0.0,16.375,0,0
random_layer_matched_control,v5_qwen35_4b_233,232,16.375,0.001830375986173749,-5.875,-6.301441192626953,19,0,0.0,0.0,0.0,0.0,-18.466537475585938,0.0,16.375,0,0
random_layer_matched_control,v5_qwen35_4b_235,234,16.375,0.0018199029145762324,-5.875,-6.307188034057617,17,0,0.0,0.0,0.0,0.0,-18.374942779541016,0.0,16.375,0,0
random_layer_matched_control,v5_qwen35_4b_248,247,16.375,0.0018199029145762324,-5.875,-6.307188034057617,17,0,0.0,0.0,0.0,0.0,-18.374942779541016,0.0,16.375,0,0
random_layer_matched_control,v5_qwen35_4b_250,249,16.375,0.0018199029145762324,-5.875,-6.307188034057617,17,0,0.0,0.0,0.0,0.0,-18.374942779541016,0.0,16.375,0,0
random_layer_matched_control,v5_qwen35_4b_261,260,17.625,0.010868935845792294,-4.125,-4.510963439941406,6,0,0.0,0.0,0.0,0.0,-16.56675910949707,0.0,17.625,0,0
random_layer_matched_control,v5_qwen35_4b_274,273,17.5,0.008061088621616364,-4.5,-4.812646865844727,5,0,0.0,0.0,0.0,0.0,-16.848115921020508,0.0,17.5,0,0
random_layer_matched_control,v5_qwen35_4b_298,297,17.5,0.008719369769096375,-4.375,-4.733491897583008,6,0,0.0,0.0,0.0,0.0,-16.868783950805664,0.0,17.5,0,0
random_layer_matched_control,v5_qwen35_4b_202,201,20.375,0.09454387426376343,-1.875,-2.259408950805664,2,0,0.0,0.0,0.0,0.0,-6.762568473815918,0.0,20.375,0,0
random_layer_matched_control,v5_qwen35_4b_221,220,19.5,0.019410861656069756,-2.875,-3.9223480224609375,5,0,0.0,0.0,0.0,0.0,-4.28895902633667,0.0,19.5,0,0
random_layer_matched_control,v5_qwen35_4b_051,50,19.125,0.027655621990561485,-2.75,-3.559915542602539,5,0,0.0,0.0,0.0,0.0,-7.319972991943359,0.0,19.125,0,0
random_layer_matched_control,v5_qwen35_4b_278,277,19.375,0.03502671420574188,-2.5,-3.3160247802734375,5,0,0.0,0.0,0.0,0.0,-7.090640544891357,0.0,19.375,0,0
random_layer_matched_control,v5_qwen35_4b_062,61,19.5,0.03670622780919075,-2.625,-3.267444610595703,5,0,0.0,0.0,0.0,0.0,-7.246484756469727,0.0,19.5,0,0
random_layer_matched_control,v5_qwen35_4b_068,67,19.5,0.03670622780919075,-2.625,-3.267444610595703,5,0,0.0,0.0,0.0,0.0,-7.246484756469727,0.0,19.5,0,0
random_layer_matched_control,v5_qwen35_4b_209,208,19.5,0.0366109199821949,-2.625,-3.270143508911133,5,0,0.0,0.0,0.0,0.0,-7.281005859375,0.0,19.5,0,0
random_layer_matched_control,v5_qwen35_4b_220,219,19.5,0.0366109199821949,-2.625,-3.270143508911133,5,0,0.0,0.0,0.0,0.0,-7.281005859375,0.0,19.5,0,0
random_layer_matched_control,v5_qwen35_4b_225,224,19.5,0.0366109199821949,-2.625,-3.270143508911133,5,0,0.0,0.0,0.0,0.0,-7.281005859375,0.0,19.5,0,0
random_layer_matched_control,v5_qwen35_4b_300,299,19.625,0.03894484415650368,-2.5,-3.2059154510498047,5,0,0.0,0.0,0.0,0.0,-7.192119121551514,0.0,19.625,0,0
random_layer_matched_control,v5_qwen35_4b_293,292,19.375,0.027442187070846558,-3.0,-3.5678749084472656,4,0,0.0,0.0,0.0,0.0,-8.23132038116455,0.0,19.375,0,0
random_layer_matched_control,v5_qwen35_4b_066,65,19.375,0.03382420912384987,-2.625,-3.352201461791992,5,0,0.0,0.0,0.0,0.0,-7.780594348907471,0.0,19.375,0,0
random_layer_matched_control,v5_qwen35_4b_197,196,19.375,0.02998178079724312,-2.375,-3.476766586303711,7,0,0.0,0.0,0.0,0.0,-6.405796527862549,0.0,19.375,0,0
random_layer_matched_control,v5_qwen35_4b_074,73,19.625,0.037366509437561035,-2.625,-3.2489280700683594,5,0,0.0,0.0,0.0,0.0,-7.383699893951416,0.0,19.625,0,0
random_layer_matched_control,v5_qwen35_4b_189,188,19.125,0.014731589704751968,-3.375,-4.202960968017578,7,0,0.0,0.0,0.0,0.0,-6.421180248260498,0.0,19.125,0,0
random_layer_matched_control,v5_qwen35_4b_223,222,19.625,0.04235493391752243,-2.375,-3.1184253692626953,5,0,0.0,0.0,0.0,0.0,-7.30742883682251,0.0,19.625,0,0
random_layer_matched_control,v5_qwen35_4b_266,265,19.5,0.039955783635377884,-2.375,-3.179241180419922,5,0,0.0,0.0,0.0,0.0,-7.243834495544434,0.0,19.5,0,0
random_layer_matched_control,v5_qwen35_4b_287,286,19.625,0.04235493391752243,-2.375,-3.1184253692626953,5,0,0.0,0.0,0.0,0.0,-7.30742883682251,0.0,19.625,0,0
random_layer_matched_control,v5_qwen35_4b_058,57,19.625,0.03420625254511833,-2.875,-3.3405704498291016,5,0,0.0,0.0,0.0,0.0,-8.46015453338623,0.0,19.625,0,0
random_layer_matched_control,v5_qwen35_4b_060,59,19.5,0.03673437982797623,-2.5,-3.2666473388671875,5,0,0.0,0.0,0.0,0.0,-7.1692214012146,0.0,19.5,0,0
random_layer_matched_control,v5_qwen35_4b_201,200,19.625,0.04089660942554474,-2.5,-3.1549835205078125,5,0,0.0,0.0,0.0,0.0,-7.418107986450195,0.0,19.625,0,0
random_layer_matched_control,v5_qwen35_4b_217,216,19.5,0.03579164296388626,-2.625,-3.2936248779296875,5,0,0.0,0.0,0.0,0.0,-7.270823001861572,0.0,19.5,0,0
random_layer_matched_control,v5_qwen35_4b_218,217,19.625,0.03781021758913994,-2.625,-3.236661911010742,5,0,0.0,0.0,0.0,0.0,-7.475377082824707,0.0,19.625,0,0
random_layer_matched_control,v5_qwen35_4b_275,274,19.625,0.03781021758913994,-2.625,-3.236661911010742,5,0,0.0,0.0,0.0,0.0,-7.475377082824707,0.0,19.625,0,0
random_layer_matched_control,v5_qwen35_4b_297,296,19.75,0.0462866947054863,-2.375,-3.0255393981933594,5,0,0.0,0.0,0.0,0.0,-7.42717170715332,0.0,19.75,0,0
random_layer_matched_control,v5_qwen35_4b_050,49,19.625,0.0423416942358017,-2.5,-3.1187515258789062,5,0,0.0,0.0,0.0,0.0,-7.438788890838623,0.0,19.625,0,0
random_layer_matched_control,v5_qwen35_4b_063,62,19.625,0.0423416942358017,-2.5,-3.1187515258789062,5,0,0.0,0.0,0.0,0.0,-7.438788890838623,0.0,19.625,0,0
random_layer_matched_control,v5_qwen35_4b_067,66,19.625,0.0423416942358017,-2.5,-3.1187515258789062,5,0,0.0,0.0,0.0,0.0,-7.438788890838623,0.0,19.625,0,0
random_layer_matched_control,v5_qwen35_4b_075,74,19.625,0.0423416942358017,-2.5,-3.1187515258789062,5,0,0.0,0.0,0.0,0.0,-7.438788890838623,0.0,19.625,0,0
random_layer_matched_control,v5_qwen35_4b_198,197,19.875,0.04777015000581741,-2.0,-2.9924488067626953,5,0,0.0,0.0,0.0,0.0,-5.798523426055908,0.0,19.875,0,0
random_layer_matched_control,v5_qwen35_4b_219,218,19.625,0.04238104820251465,-2.5,-3.1177806854248047,5,0,0.0,0.0,0.0,0.0,-7.229538440704346,0.0,19.625,0,0
random_layer_matched_control,v5_qwen35_4b_253,252,19.625,0.04238104820251465,-2.5,-3.1177806854248047,5,0,0.0,0.0,0.0,0.0,-7.229538440704346,0.0,19.625,0,0
random_layer_matched_control,v5_qwen35_4b_200,199,19.75,0.04721134528517723,-2.25,-3.0047950744628906,5,0,0.0,0.0,0.0,0.0,-6.135420799255371,0.0,19.75,0,0
random_layer_matched_control,v5_qwen35_4b_031,30,19.25,0.022800663486123085,-3.0,-3.7579479217529297,7,0,0.0,0.0,0.0,0.0,-6.961143970489502,0.0,19.25,0,0
random_layer_matched_control,v5_qwen35_4b_163,162,19.75,0.0402974896132946,-1.875,-3.170389175415039,6,0,0.0,0.0,0.0,0.0,-3.9976344108581543,0.0,19.75,0,0
random_layer_matched_control,v5_qwen35_4b_184,183,20.0,0.05075301602482796,-1.75,-2.928752899169922,5,0,0.0,0.0,0.0,0.0,-2.1540727615356445,0.0,20.0,0,0
random_layer_matched_control,v5_qwen35_4b_191,190,19.25,0.022800663486123085,-3.0,-3.7579479217529297,7,0,0.0,0.0,0.0,0.0,-6.961143970489502,0.0,19.25,0,0
random_layer_matched_control,v5_qwen35_4b_192,191,19.25,0.022800663486123085,-3.0,-3.7579479217529297,7,0,0.0,0.0,0.0,0.0,-6.961143970489502,0.0,19.25,0,0
random_layer_matched_control,v5_qwen35_4b_022,21,19.625,0.03642089292407036,-2.0,-3.2755699157714844,6,0,0.0,0.0,0.0,0.0,-3.9924991130828857,0.0,19.625,0,0
random_layer_matched_control,v5_qwen35_4b_034,33,19.375,0.021624036133289337,-3.0,-3.812135696411133,7,0,0.0,0.0,0.0,0.0,-6.33350133895874,0.0,19.375,0,0
random_layer_matched_control,v5_qwen35_4b_061,60,19.75,0.03391042724251747,-3.0,-3.3495635986328125,4,0,0.0,0.0,0.0,0.0,-8.852746963500977,0.0,19.75,0,0
random_layer_matched_control,v5_qwen35_4b_069,68,19.875,0.03362564742565155,-3.0,-3.3582897186279297,4,0,0.0,0.0,0.0,0.0,-8.938735008239746,0.0,19.875,0,0
random_layer_matched_control,v5_qwen35_4b_162,161,19.625,0.03642089292407036,-2.0,-3.2755699157714844,6,0,0.0,0.0,0.0,0.0,-3.9924991130828857,0.0,19.625,0,0
random_layer_matched_control,v5_qwen35_4b_165,164,19.625,0.03063947707414627,-2.25,-3.454395294189453,7,0,0.0,0.0,0.0,0.0,-3.8729493618011475,0.0,19.625,0,0
random_layer_matched_control,v5_qwen35_4b_176,175,19.625,0.03642089292407036,-2.0,-3.2755699157714844,6,0,0.0,0.0,0.0,0.0,-3.9924991130828857,0.0,19.625,0,0
random_layer_matched_control,v5_qwen35_4b_177,176,19.625,0.03642089292407036,-2.0,-3.2755699157714844,6,0,0.0,0.0,0.0,0.0,-3.9924991130828857,0.0,19.625,0,0
random_layer_matched_control,v5_qwen35_4b_211,210,19.75,0.0338459275662899,-3.0,-3.351533889770508,4,0,0.0,0.0,0.0,0.0,-8.872928619384766,0.0,19.75,0,0
random_layer_matched_control,v5_qwen35_4b_246,245,19.375,0.02615765482187271,-2.875,-3.617155075073242,7,0,0.0,0.0,0.0,0.0,-6.864340305328369,0.0,19.375,0,0
random_layer_matched_control,v5_qwen35_4b_268,267,19.75,0.0338459275662899,-3.0,-3.351533889770508,4,0,0.0,0.0,0.0,0.0,-8.872928619384766,0.0,19.75,0,0
random_layer_matched_control,v5_qwen35_4b_032,31,19.5,0.02691612020134926,-2.75,-3.587789535522461,7,0,0.0,0.0,0.0,0.0,-5.676690101623535,0.0,19.5,0,0
random_layer_matched_control,v5_qwen35_4b_194,193,19.375,0.024036439135670662,-2.875,-3.7039031982421875,7,0,0.0,0.0,0.0,0.0,-6.31006383895874,0.0,19.375,0,0
random_layer_matched_control,v5_qwen35_4b_195,194,19.375,0.022452250123023987,-2.625,-3.773693084716797,7,0,0.0,0.0,0.0,0.0,-5.898355007171631,0.0,19.375,0,0
random_layer_matched_control,v5_qwen35_4b_019,18,19.25,0.020004011690616608,-2.75,-3.8916664123535156,7,0,0.0,0.0,0.0,0.0,-3.8464107513427734,0.0,19.25,0,0
random_layer_matched_control,v5_qwen35_4b_056,55,19.25,0.017825396731495857,-3.625,-4.009174346923828,6,0,0.0,0.0,0.0,0.0,-8.832362174987793,0.0,19.25,0,0
random_layer_matched_control,v5_qwen35_4b_057,56,19.375,0.019722955301404,-3.5,-3.9060802459716797,6,0,0.0,0.0,0.0,0.0,-8.784597396850586,0.0,19.375,0,0
random_layer_matched_control,v5_qwen35_4b_190,189,19.375,0.024844417348504066,-2.75,-3.6700077056884766,7,0,0.0,0.0,0.0,0.0,-5.333654403686523,0.0,19.375,0,0
random_layer_matched_control,v5_qwen35_4b_199,198,19.375,0.022612523287534714,-2.875,-3.7664222717285156,7,0,0.0,0.0,0.0,0.0,-5.687098026275635,0.0,19.375,0,0
random_layer_matched_control,v5_qwen35_4b_240,239,19.375,0.024844417348504066,-2.75,-3.6700077056884766,7,0,0.0,0.0,0.0,0.0,-5.333654403686523,0.0,19.375,0,0
random_layer_matched_control,v5_qwen35_4b_279,278,19.25,0.017798731103539467,-3.625,-4.010698318481445,6,0,0.0,0.0,0.0,0.0,-8.778388023376465,0.0,19.25,0,0
random_layer_matched_control,v5_qwen35_4b_173,172,19.25,0.01947586052119732,-2.75,-3.9189624786376953,7,0,0.0,0.0,0.0,0.0,-3.894653081893921,0.0,19.25,0,0
random_layer_matched_control,v5_qwen35_4b_193,192,19.375,0.02880825847387314,-2.5,-3.517902374267578,6,0,0.0,0.0,0.0,0.0,-4.2828168869018555,0.0,19.375,0,0
random_layer_matched_control,v5_qwen35_4b_196,195,19.75,0.0364970825612545,-2.25,-3.2733840942382812,5,0,0.0,0.0,0.0,0.0,-5.552473545074463,0.0,19.75,0,0
random_layer_matched_control,v5_qwen35_4b_207,206,19.75,0.026399575173854828,-3.25,-3.607677459716797,5,0,0.0,0.0,0.0,0.0,-8.901191711425781,0.0,19.75,0,0
random_layer_matched_control,v5_qwen35_4b_210,209,19.5,0.029334548860788345,-2.875,-3.4992446899414062,5,0,0.0,0.0,0.0,0.0,-7.978080749511719,0.0,19.5,0,0
random_layer_matched_control,v5_qwen35_4b_071,70,19.375,0.02571937069296837,-3.0,-3.634481430053711,5,0,0.0,0.0,0.0,0.0,-8.197752952575684,0.0,19.375,0,0
random_layer_matched_control,v5_qwen35_4b_170,169,18.875,0.021326297894120216,-2.625,-3.8263111114501953,7,0,0.0,0.0,0.0,0.0,-2.1699442863464355,0.0,18.875,0,0
random_layer_matched_control,v5_qwen35_4b_178,177,19.875,0.05508045107126236,-1.5,-2.842357635498047,5,0,0.0,0.0,0.0,0.0,-3.281538963317871,0.0,19.875,0,0
random_layer_matched_control,v5_qwen35_4b_175,174,19.0,0.018648192286491394,-2.875,-3.9632320404052734,7,0,0.0,0.0,0.0,0.0,-2.4926843643188477,0.0,19.0,0,0
random_layer_matched_control,v5_qwen35_4b_171,170,19.875,0.05552765354514122,-1.375,-2.83380126953125,5,0,0.0,0.0,0.0,0.0,-2.868596076965332,0.0,19.875,0,0
random_layer_matched_control,v5_qwen35_4b_009,8,19.0,0.017526088282465935,-3.0,-4.02642822265625,7,0,0.0,0.0,0.0,0.0,-2.7939982414245605,0.0,19.0,0,0
random_layer_matched_control,v5_qwen35_4b_052,51,20.25,0.04379823058843613,-2.75,-3.0834007263183594,3,0,0.0,0.0,0.0,0.0,-8.004514694213867,0.0,20.25,0,0
random_layer_matched_control,v5_qwen35_4b_076,75,15.875,0.0004939163918606937,-7.25,-7.612674713134766,29,0,0.0,0.0,0.0,0.0,-12.806502342224121,0.0,15.875,0,0
random_layer_matched_control,v5_qwen35_4b_077,76,15.875,0.0004939163918606937,-7.25,-7.612674713134766,29,0,0.0,0.0,0.0,0.0,-12.806502342224121,0.0,15.875,0,0
random_layer_matched_control,v5_qwen35_4b_078,77,15.875,0.0004939163918606937,-7.25,-7.612674713134766,29,0,0.0,0.0,0.0,0.0,-12.806502342224121,0.0,15.875,0,0
random_layer_matched_control,v5_qwen35_4b_079,78,15.875,0.0004939163918606937,-7.25,-7.612674713134766,29,0,0.0,0.0,0.0,0.0,-12.806502342224121,0.0,15.875,0,0
random_layer_matched_control,v5_qwen35_4b_080,79,15.875,0.0004939163918606937,-7.25,-7.612674713134766,29,0,0.0,0.0,0.0,0.0,-12.806502342224121,0.0,15.875,0,0
random_layer_matched_control,v5_qwen35_4b_081,80,15.875,0.0004939163918606937,-7.25,-7.612674713134766,29,0,0.0,0.0,0.0,0.0,-12.806502342224121,0.0,15.875,0,0
random_layer_matched_control,v5_qwen35_4b_082,81,15.875,0.0004939163918606937,-7.25,-7.612674713134766,29,0,0.0,0.0,0.0,0.0,-12.806502342224121,0.0,15.875,0,0
random_layer_matched_control,v5_qwen35_4b_083,82,15.9375,0.0004879979242105037,-7.3125,-7.624734878540039,29,0,0.0,0.0,0.0,0.0,-12.791871070861816,0.0,15.9375,0,0
random_layer_matched_control,v5_qwen35_4b_084,83,15.9375,0.0004879979242105037,-7.3125,-7.624734878540039,29,0,0.0,0.0,0.0,0.0,-12.791871070861816,0.0,15.9375,0,0
random_layer_matched_control,v5_qwen35_4b_087,86,15.9375,0.0004879979242105037,-7.3125,-7.624734878540039,29,0,0.0,0.0,0.0,0.0,-12.791871070861816,0.0,15.9375,0,0
random_layer_matched_control,v5_qwen35_4b_088,87,15.9375,0.0004879979242105037,-7.3125,-7.624734878540039,29,0,0.0,0.0,0.0,0.0,-12.791871070861816,0.0,15.9375,0,0
random_layer_matched_control,v5_qwen35_4b_089,88,15.9375,0.0004879979242105037,-7.3125,-7.624734878540039,29,0,0.0,0.0,0.0,0.0,-12.791871070861816,0.0,15.9375,0,0
random_layer_matched_control,v5_qwen35_4b_090,89,15.9375,0.0004879979242105037,-7.3125,-7.624734878540039,29,0,0.0,0.0,0.0,0.0,-12.791871070861816,0.0,15.9375,0,0
random_layer_matched_control,v5_qwen35_4b_091,90,15.9375,0.0004879979242105037,-7.3125,-7.624734878540039,29,0,0.0,0.0,0.0,0.0,-12.791871070861816,0.0,15.9375,0,0
random_layer_matched_control,v5_qwen35_4b_092,91,15.9375,0.0004879979242105037,-7.3125,-7.624734878540039,29,0,0.0,0.0,0.0,0.0,-12.791871070861816,0.0,15.9375,0,0
random_layer_matched_control,v5_qwen35_4b_093,92,15.9375,0.0004879979242105037,-7.3125,-7.624734878540039,29,0,0.0,0.0,0.0,0.0,-12.791871070861816,0.0,15.9375,0,0
random_layer_matched_control,v5_qwen35_4b_094,93,15.9375,0.0004879979242105037,-7.3125,-7.624734878540039,29,0,0.0,0.0,0.0,0.0,-12.791871070861816,0.0,15.9375,0,0
random_layer_matched_control,v5_qwen35_4b_095,94,15.9375,0.0004879979242105037,-7.3125,-7.624734878540039,29,0,0.0,0.0,0.0,0.0,-12.791871070861816,0.0,15.9375,0,0
random_layer_matched_control,v5_qwen35_4b_096,95,15.9375,0.0004879979242105037,-7.3125,-7.624734878540039,29,0,0.0,0.0,0.0,0.0,-12.791871070861816,0.0,15.9375,0,0
random_layer_matched_control,v5_qwen35_4b_097,96,15.9375,0.0004879979242105037,-7.3125,-7.624734878540039,29,0,0.0,0.0,0.0,0.0,-12.791871070861816,0.0,15.9375,0,0
random_layer_matched_control,v5_qwen35_4b_099,98,15.9375,0.0004879979242105037,-7.3125,-7.624734878540039,29,0,0.0,0.0,0.0,0.0,-12.791871070861816,0.0,15.9375,0,0
random_layer_matched_control,v5_qwen35_4b_100,99,15.9375,0.0004879979242105037,-7.3125,-7.624734878540039,29,0,0.0,0.0,0.0,0.0,-12.791871070861816,0.0,15.9375,0,0
random_layer_matched_control,v5_qwen35_4b_101,100,15.9375,0.0004879979242105037,-7.3125,-7.624734878540039,29,0,0.0,0.0,0.0,0.0,-12.791871070861816,0.0,15.9375,0,0
random_layer_matched_control,v5_qwen35_4b_102,101,15.9375,0.0004879979242105037,-7.3125,-7.624734878540039,29,0,0.0,0.0,0.0,0.0,-12.791871070861816,0.0,15.9375,0,0
random_layer_matched_control,v5_qwen35_4b_103,102,15.9375,0.0004879979242105037,-7.3125,-7.624734878540039,29,0,0.0,0.0,0.0,0.0,-12.791871070861816,0.0,15.9375,0,0
random_layer_matched_control,v5_qwen35_4b_104,103,15.9375,0.0004879979242105037,-7.3125,-7.624734878540039,29,0,0.0,0.0,0.0,0.0,-12.791871070861816,0.0,15.9375,0,0
random_layer_matched_control,v5_qwen35_4b_105,104,15.9375,0.0004879979242105037,-7.3125,-7.624734878540039,29,0,0.0,0.0,0.0,0.0,-12.791871070861816,0.0,15.9375,0,0
random_layer_matched_control,v5_qwen35_4b_106,105,15.9375,0.0004879979242105037,-7.3125,-7.624734878540039,29,0,0.0,0.0,0.0,0.0,-12.791871070861816,0.0,15.9375,0,0
random_layer_matched_control,v5_qwen35_4b_107,106,15.9375,0.0004879979242105037,-7.3125,-7.624734878540039,29,0,0.0,0.0,0.0,0.0,-12.791871070861816,0.0,15.9375,0,0
random_layer_matched_control,v5_qwen35_4b_108,107,15.9375,0.0004879979242105037,-7.3125,-7.624734878540039,29,0,0.0,0.0,0.0,0.0,-12.791871070861816,0.0,15.9375,0,0
random_layer_matched_control,v5_qwen35_4b_109,108,15.9375,0.0004879979242105037,-7.3125,-7.624734878540039,29,0,0.0,0.0,0.0,0.0,-12.791871070861816,0.0,15.9375,0,0
random_layer_matched_control,v5_qwen35_4b_110,109,15.9375,0.0004879979242105037,-7.3125,-7.624734878540039,29,0,0.0,0.0,0.0,0.0,-12.791871070861816,0.0,15.9375,0,0
random_layer_matched_control,v5_qwen35_4b_111,110,15.9375,0.0004879979242105037,-7.3125,-7.624734878540039,29,0,0.0,0.0,0.0,0.0,-12.791871070861816,0.0,15.9375,0,0
random_layer_matched_control,v5_qwen35_4b_112,111,15.9375,0.0004879979242105037,-7.3125,-7.624734878540039,29,0,0.0,0.0,0.0,0.0,-12.791871070861816,0.0,15.9375,0,0
random_layer_matched_control,v5_qwen35_4b_116,115,16.625,0.0009718415676616132,-6.5,-6.935367584228516,16,0,0.0,0.0,0.0,0.0,-15.462002754211426,0.0,16.625,0,0
random_layer_matched_control,v5_qwen35_4b_129,128,16.625,0.0009718415676616132,-6.5,-6.935367584228516,16,0,0.0,0.0,0.0,0.0,-15.462002754211426,0.0,16.625,0,0
random_layer_matched_control,v5_qwen35_4b_132,131,16.625,0.0009718415676616132,-6.5,-6.935367584228516,16,0,0.0,0.0,0.0,0.0,-15.462002754211426,0.0,16.625,0,0
random_layer_matched_control,v5_qwen35_4b_138,137,16.625,0.0009718415676616132,-6.5,-6.935367584228516,16,0,0.0,0.0,0.0,0.0,-15.462002754211426,0.0,16.625,0,0
random_layer_matched_control,v5_qwen35_4b_143,142,16.625,0.0009718415676616132,-6.5,-6.935367584228516,16,0,0.0,0.0,0.0,0.0,-15.462002754211426,0.0,16.625,0,0
random_layer_matched_control,v5_qwen35_4b_029,28,17.5,0.009069452062249184,-3.625,-4.693778991699219,8,0,0.0,0.0,0.0,0.0,-6.634163856506348,0.0,17.5,0,0
random_layer_matched_control,v5_qwen35_4b_086,85,15.75,0.0004324647889006883,-7.375,-7.745601654052734,30,0,0.0,0.0,0.0,0.0,-12.608646392822266,0.0,15.75,0,0
random_layer_matched_control,v5_qwen35_4b_258,257,20.125,0.06093231588602066,-2.25,-2.735149383544922,4,0,0.0,0.0,0.0,0.0,-7.4331817626953125,0.0,20.125,0,0
random_layer_matched_control,v5_qwen35_4b_252,251,20.25,0.08712370693683624,-1.5,-2.3493289947509766,3,0,0.0,0.0,0.0,0.0,-2.5105247497558594,0.0,20.25,0,0
random_layer_matched_control,v5_qwen35_4b_006,5,17.5,0.0067270477302372456,-4.25,-4.9949188232421875,11,0,0.0,0.0,0.0,0.0,-3.4222729206085205,0.0,17.5,0,0
random_layer_matched_control,v5_qwen35_4b_004,3,16.25,0.000891447183676064,-6.375,-7.021810531616211,23,0,0.0,0.0,0.0,0.0,-1.713646411895752,0.0,16.25,0,0
random_layer_matched_control,v5_qwen35_4b_154,153,15.3125,0.0005352222360670567,-6.0625,-7.532341003417969,36,0,0.0,0.0,0.0,0.0,-0.805482029914856,0.0,15.3125,0,0
random_layer_matched_control,v5_qwen35_4b_119,118,18.625,0.005731381010264158,-4.5,-5.156070709228516,7,0,0.0,0.0,0.0,0.0,-7.357873916625977,0.0,18.625,0,0
random_layer_matched_control,v5_qwen35_4b_010,9,16.125,0.0010226520244032145,-5.75,-6.884380340576172,26,0,0.0,0.0,0.0,0.0,-6.052194595336914,0.0,16.125,0,0
random_layer_matched_control,v5_qwen35_4b_151,150,15.6875,0.0009273567702621222,-6.3125,-6.982288360595703,26,0,0.0,0.0,0.0,0.0,-4.881410598754883,0.0,15.6875,0,0
random_layer_matched_control,v5_qwen35_4b_289,288,19.25,0.01723237708210945,-3.5,-4.043601989746094,5,0,0.0,0.0,0.0,0.0,-8.778910636901855,0.0,19.25,0,0
random_layer_matched_control,v5_qwen35_4b_244,243,18.75,0.06093519926071167,-1.625,-2.735139846801758,6,0,0.0,0.0,0.0,0.0,-0.2225041389465332,0.0,18.75,0,0
