domain,sample_id,direction,variant,baseline_tool_top1,patched_tool_top1,strict_transition,baseline_tool_logit,patched_tool_logit,tool_logit_delta,baseline_tool_rank,patched_tool_rank
D3,D3:v4_d3_factual_claim_ignore_title_normalized:cdba62445109:144495:fetch:ignore,rescue_clean_z_into_corrupt,L19H31,0,0,0,22.75,24.375,1.625,4,3
D3,D3:v4_d3_factual_claim_ignore_title_normalized:cdba62445109:59011:research:ignore,rescue_clean_z_into_corrupt,L19H31,0,0,0,21.875,23.0,1.125,7,5
D3,D3:v4_d3_factual_claim_ignore_title_normalized:cdba62445109:71474:lookup:ignore,rescue_clean_z_into_corrupt,L19H31,0,0,0,20.875,22.625,1.75,10,4
D3,D3:v4_d3_factual_claim_ignore_title_normalized:cdba62445109:31536:retrieve:ignore,rescue_clean_z_into_corrupt,L19H31,0,0,0,23.125,24.25,1.125,3,2
D3,D3:v4_d3_factual_claim_ignore_title_normalized:cdba62445109:166716:search:ignore,rescue_clean_z_into_corrupt,L19H31,0,0,0,21.875,23.625,1.75,10,4
D3,D3:v4_d3_factual_claim_ignore_title_normalized:cdba62445109:223411:lookup:ignore,rescue_clean_z_into_corrupt,L19H31,0,0,0,22.75,23.75,1.0,4,3
D3,D3:v4_d3_factual_claim_ignore_title_normalized:cdba62445109:93579:retrieve:ignore,rescue_clean_z_into_corrupt,L19H31,0,0,0,23.875,25.25,1.375,3,3
D3,D3:v4_d3_factual_claim_ignore_title_normalized:cdba62445109:206099:search:ignore,rescue_clean_z_into_corrupt,L19H31,0,0,0,21.125,22.5,1.375,12,4
D3,D3:v4_d3_factual_claim_ignore_title_normalized:cdba62445109:56188:research:ignore,rescue_clean_z_into_corrupt,L19H31,0,0,0,21.625,22.625,1.0,6,4
D3,D3:v4_d3_factual_claim_ignore_title_normalized:cdba62445109:3229:retrieve:ignore,rescue_clean_z_into_corrupt,L19H31,0,0,0,21.375,22.625,1.25,5,3
D3,D3:v4_d3_factual_claim_ignore_title_normalized:cdba62445109:52990:fetch:ignore,rescue_clean_z_into_corrupt,L19H31,0,0,0,24.25,25.375,1.125,3,3
D3,D3:v4_d3_factual_claim_ignore_title_normalized:cdba62445109:91138:lookup:ignore,rescue_clean_z_into_corrupt,L19H31,0,0,0,23.0,23.75,0.75,4,3
D3,D3:v4_d3_factual_claim_ignore_title_normalized:cdba62445109:76806:lookup:ignore,rescue_clean_z_into_corrupt,L19H31,0,0,0,22.75,23.625,0.875,3,3
D3,D3:v4_d3_factual_claim_ignore_title_normalized:cdba62445109:5808:research:ignore,rescue_clean_z_into_corrupt,L19H31,0,0,0,20.875,21.625,0.75,9,7
D3,D3:v4_d3_factual_claim_ignore_title_normalized:cdba62445109:101267:search:ignore,rescue_clean_z_into_corrupt,L19H31,0,0,0,23.625,25.0,1.375,4,3
D3,D3:v4_d3_factual_claim_ignore_title_normalized:cdba62445109:73920:research:ignore,rescue_clean_z_into_corrupt,L19H31,0,0,0,22.25,23.5,1.25,5,3
D3,D3:v4_d3_factual_claim_ignore_title_normalized:cdba62445109:86468:research:ignore,rescue_clean_z_into_corrupt,L19H31,0,0,0,22.375,23.5,1.125,6,5
D3,D3:v4_d3_factual_claim_ignore_title_normalized:cdba62445109:7789:retrieve:ignore,rescue_clean_z_into_corrupt,L19H31,0,0,0,23.75,24.5,0.75,3,3
D3,D3:v4_d3_factual_claim_ignore_title_normalized:cdba62445109:17888:lookup:ignore,rescue_clean_z_into_corrupt,L19H31,0,0,0,22.875,23.375,0.5,5,4
D3,D3:v4_d3_factual_claim_ignore_title_normalized:cdba62445109:153830:retrieve:ignore,rescue_clean_z_into_corrupt,L19H31,0,0,0,24.375,25.25,0.875,3,3
D3,D3:v4_d3_factual_claim_ignore_title_normalized:cdba62445109:19259:search:ignore,rescue_clean_z_into_corrupt,L19H31,0,0,0,23.125,24.75,1.625,5,3
D3,D3:v4_d3_factual_claim_ignore_title_normalized:cdba62445109:48356:search:ignore,rescue_clean_z_into_corrupt,L19H31,0,0,0,22.375,23.625,1.25,8,6
D3,D3:v4_d3_factual_claim_ignore_title_normalized:cdba62445109:24751:research:ignore,rescue_clean_z_into_corrupt,L19H31,0,0,0,24.375,25.375,1.0,3,2
D3,D3:v4_d3_factual_claim_ignore_title_normalized:cdba62445109:34632:research:ignore,rescue_clean_z_into_corrupt,L19H31,0,0,0,22.0,23.75,1.75,9,4
D3,D3:v4_d3_factual_claim_ignore_title_normalized:cdba62445109:43398:fetch:ignore,rescue_clean_z_into_corrupt,L19H31,0,0,0,23.125,24.125,1.0,5,3
D3,D3:v4_d3_factual_claim_ignore_title_normalized:cdba62445109:155254:fetch:ignore,rescue_clean_z_into_corrupt,L19H31,0,0,0,21.25,22.875,1.625,5,3
D3,D3:v4_d3_factual_claim_ignore_title_normalized:cdba62445109:196931:fetch:ignore,rescue_clean_z_into_corrupt,L19H31,0,0,0,23.625,24.5,0.875,4,4
D3,D3:v4_d3_factual_claim_ignore_title_normalized:cdba62445109:146603:lookup:ignore,rescue_clean_z_into_corrupt,L19H31,0,0,0,22.125,23.0,0.875,9,6
D3,D3:v4_d3_factual_claim_ignore_title_normalized:cdba62445109:60667:retrieve:ignore,rescue_clean_z_into_corrupt,L19H31,0,0,0,24.25,25.125,0.875,3,3
D3,D3:v4_d3_factual_claim_ignore_title_normalized:cdba62445109:171865:search:ignore,rescue_clean_z_into_corrupt,L19H31,0,0,0,22.75,24.0,1.25,5,4
D3,D3:v4_d3_factual_claim_ignore_title_normalized:cdba62445109:151404:lookup:ignore,rescue_clean_z_into_corrupt,L19H31,0,0,0,22.0,23.125,1.125,5,5
D3,D3:v4_d3_factual_claim_ignore_title_normalized:cdba62445109:6247:search:ignore,rescue_clean_z_into_corrupt,L19H31,0,0,0,23.375,25.125,1.75,5,3
D3,D3:v4_d3_factual_claim_ignore_title_normalized:cdba62445109:15035:fetch:ignore,rescue_clean_z_into_corrupt,L19H31,0,0,0,24.875,25.75,0.875,3,2
D3,D3:v4_d3_factual_claim_ignore_title_normalized:cdba62445109:55360:research:ignore,rescue_clean_z_into_corrupt,L19H31,0,0,0,24.125,25.375,1.25,3,2
D3,D3:v4_d3_factual_claim_ignore_title_normalized:cdba62445109:79649:search:ignore,rescue_clean_z_into_corrupt,L19H31,0,0,0,20.375,21.75,1.375,12,8
D3,D3:v4_d3_factual_claim_ignore_title_normalized:cdba62445109:95924:research:ignore,rescue_clean_z_into_corrupt,L19H31,0,0,0,20.875,21.25,0.375,10,9
D3,D3:v4_d3_factual_claim_ignore_title_normalized:cdba62445109:98083:retrieve:ignore,rescue_clean_z_into_corrupt,L19H31,0,0,0,23.75,24.875,1.125,3,3
D3,D3:v4_d3_factual_claim_ignore_title_normalized:cdba62445109:57419:fetch:ignore,rescue_clean_z_into_corrupt,L19H31,0,0,0,22.75,23.75,1.0,4,3
D3,D3:v4_d3_factual_claim_ignore_title_normalized:cdba62445109:66422:lookup:ignore,rescue_clean_z_into_corrupt,L19H31,0,0,0,23.125,24.5,1.375,6,3
D3,D3:v4_d3_factual_claim_ignore_title_normalized:cdba62445109:77244:lookup:ignore,rescue_clean_z_into_corrupt,L19H31,0,0,0,19.75,20.875,1.125,12,8
D3,D3:v4_d3_factual_claim_ignore_title_normalized:cdba62445109:2731:search:ignore,rescue_clean_z_into_corrupt,L19H31,0,0,0,23.625,25.0,1.375,3,3
D3,D3:v4_d3_factual_claim_ignore_title_normalized:cdba62445109:90710:fetch:ignore,rescue_clean_z_into_corrupt,L19H31,0,0,0,24.625,25.75,1.125,3,2
D3,D3:v4_d3_factual_claim_ignore_title_normalized:cdba62445109:52676:search:ignore,rescue_clean_z_into_corrupt,L19H31,0,0,0,23.375,24.75,1.375,3,3
D3,D3:v4_d3_factual_claim_ignore_title_normalized:cdba62445109:228281:research:ignore,rescue_clean_z_into_corrupt,L19H31,0,0,0,22.75,23.5,0.75,4,3
D3,D3:v4_d3_factual_claim_ignore_title_normalized:cdba62445109:65894:retrieve:ignore,rescue_clean_z_into_corrupt,L19H31,0,0,0,23.875,24.5,0.625,3,3
D3,D3:v4_d3_factual_claim_ignore_title_normalized:cdba62445109:17949:retrieve:ignore,rescue_clean_z_into_corrupt,L19H31,0,0,0,25.0,25.875,0.875,3,2
D3,D3:v4_d3_factual_claim_ignore_title_normalized:cdba62445109:32400:retrieve:ignore,rescue_clean_z_into_corrupt,L19H31,0,0,0,22.0,22.875,0.875,4,3
D3,D3:v4_d3_factual_claim_ignore_title_normalized:cdba62445109:12480:retrieve:ignore,rescue_clean_z_into_corrupt,L19H31,0,0,0,23.625,24.625,1.0,4,3
D3,D3:v4_d3_factual_claim_ignore_title_normalized:cdba62445109:57200:retrieve:ignore,rescue_clean_z_into_corrupt,L19H31,0,0,0,23.0,24.375,1.375,3,3
D3,D3:v4_d3_factual_claim_ignore_title_normalized:cdba62445109:126106:lookup:ignore,rescue_clean_z_into_corrupt,L19H31,0,0,0,21.875,23.0,1.125,6,5
D3,D3:v4_d3_factual_claim_ignore_title_normalized:cdba62445109:153947:search:ignore,rescue_clean_z_into_corrupt,L19H31,0,0,0,23.875,24.625,0.75,4,3
D3,D3:v4_d3_factual_claim_ignore_title_normalized:cdba62445109:15511:lookup:ignore,rescue_clean_z_into_corrupt,L19H31,0,0,0,24.625,25.625,1.0,3,2
D3,D3:v4_d3_factual_claim_ignore_title_normalized:cdba62445109:33211:research:ignore,rescue_clean_z_into_corrupt,L19H31,0,0,0,22.5,23.125,0.625,5,3
D3,D3:v4_d3_factual_claim_ignore_title_normalized:cdba62445109:115862:research:ignore,rescue_clean_z_into_corrupt,L19H31,0,0,0,22.625,23.625,1.0,6,3
D3,D3:v4_d3_factual_claim_ignore_title_normalized:cdba62445109:59356:lookup:ignore,rescue_clean_z_into_corrupt,L19H31,0,0,0,22.25,23.0,0.75,6,5
D3,D3:v4_d3_factual_claim_ignore_title_normalized:cdba62445109:8670:fetch:ignore,rescue_clean_z_into_corrupt,L19H31,0,0,0,24.0,25.25,1.25,3,3
D3,D3:v4_d3_factual_claim_ignore_title_normalized:cdba62445109:185448:search:ignore,rescue_clean_z_into_corrupt,L19H31,0,0,0,23.125,24.875,1.75,5,4
D3,D3:v4_d3_factual_claim_ignore_title_normalized:cdba62445109:219859:fetch:ignore,rescue_clean_z_into_corrupt,L19H31,0,0,0,23.5,24.5,1.0,4,3
D3,D3:v4_d3_factual_claim_ignore_title_normalized:cdba62445109:72094:fetch:ignore,rescue_clean_z_into_corrupt,L19H31,0,0,0,21.5,23.5,2.0,7,3
D3,D3:v4_d3_factual_claim_ignore_title_normalized:cdba62445109:64912:search:ignore,rescue_clean_z_into_corrupt,L19H31,0,0,0,23.125,23.875,0.75,8,5
D3,D3:v4_d3_factual_claim_ignore_title_normalized:cdba62445109:140888:lookup:ignore,rescue_clean_z_into_corrupt,L19H31,0,0,0,23.125,23.75,0.625,4,3
D3,D3:v4_d3_factual_claim_ignore_title_normalized:cdba62445109:159779:retrieve:ignore,rescue_clean_z_into_corrupt,L19H31,0,0,0,23.25,24.25,1.0,5,3
D3,D3:v4_d3_factual_claim_ignore_title_normalized:cdba62445109:163777:fetch:ignore,rescue_clean_z_into_corrupt,L19H31,0,0,0,23.375,25.25,1.875,4,3
D3,D3:v4_d3_factual_claim_ignore_title_normalized:cdba62445109:223430:research:ignore,rescue_clean_z_into_corrupt,L19H31,0,0,0,22.875,23.5,0.625,4,3
D3,D3:v4_d3_factual_claim_ignore_title_normalized:cdba62445109:203777:research:ignore,rescue_clean_z_into_corrupt,L19H31,0,0,0,20.375,20.875,0.5,7,5
D3,D3:v4_d3_factual_claim_ignore_title_normalized:cdba62445109:166720:fetch:ignore,rescue_clean_z_into_corrupt,L19H31,0,0,0,22.375,23.625,1.25,6,4
D3,D3:v4_d3_factual_claim_ignore_title_normalized:cdba62445109:160769:research:ignore,rescue_clean_z_into_corrupt,L19H31,0,0,0,22.5,23.875,1.375,8,7
D3,D3:v4_d3_factual_claim_ignore_title_normalized:cdba62445109:85720:retrieve:ignore,rescue_clean_z_into_corrupt,L19H31,0,0,0,23.0,23.75,0.75,4,3
D3,D3:v4_d3_factual_claim_ignore_title_normalized:cdba62445109:15624:retrieve:ignore,rescue_clean_z_into_corrupt,L19H31,0,0,0,24.125,25.0,0.875,4,4
D3,D3:v4_d3_factual_claim_ignore_title_normalized:cdba62445109:48334:search:ignore,rescue_clean_z_into_corrupt,L19H31,0,0,0,24.125,25.25,1.125,3,3
D3,D3:v4_d3_factual_claim_ignore_title_normalized:cdba62445109:228292:lookup:ignore,rescue_clean_z_into_corrupt,L19H31,0,0,0,22.25,22.75,0.5,3,3
D3,D3:v4_d3_factual_claim_ignore_title_normalized:cdba62445109:9311:retrieve:ignore,rescue_clean_z_into_corrupt,L19H31,0,0,0,24.625,25.75,1.125,3,3
D3,D3:v4_d3_factual_claim_ignore_title_normalized:cdba62445109:80704:search:ignore,rescue_clean_z_into_corrupt,L19H31,0,0,0,23.0,24.125,1.125,7,4
D3,D3:v4_d3_factual_claim_ignore_title_normalized:cdba62445109:196932:research:ignore,rescue_clean_z_into_corrupt,L19H31,0,0,0,24.25,25.5,1.25,4,3
D3,D3:v4_d3_factual_claim_ignore_title_normalized:cdba62445109:184328:lookup:ignore,rescue_clean_z_into_corrupt,L19H31,0,0,0,22.625,23.25,0.625,5,5
D3,D3:v4_d3_factual_claim_ignore_title_normalized:cdba62445109:100391:search:ignore,rescue_clean_z_into_corrupt,L19H31,0,0,0,23.0,23.625,0.625,4,3
D3,D3:v4_d3_factual_claim_ignore_title_normalized:cdba62445109:229329:lookup:ignore,rescue_clean_z_into_corrupt,L19H31,0,0,0,24.75,26.0,1.25,4,3
D3,D3:v4_d3_factual_claim_ignore_title_normalized:cdba62445109:134000:retrieve:ignore,rescue_clean_z_into_corrupt,L19H31,0,0,0,24.25,25.125,0.875,3,3
D3,D3:v4_d3_factual_claim_ignore_title_normalized:cdba62445109:38458:fetch:ignore,rescue_clean_z_into_corrupt,L19H31,0,0,0,22.875,23.75,0.875,4,4
D3,D3:v4_d3_factual_claim_ignore_title_normalized:cdba62445109:149240:research:ignore,rescue_clean_z_into_corrupt,L19H31,0,0,0,23.375,24.0,0.625,4,2
D3,D3:v4_d3_factual_claim_ignore_title_normalized:cdba62445109:17196:lookup:ignore,rescue_clean_z_into_corrupt,L19H31,0,0,0,23.125,23.75,0.625,4,3
D3,D3:v4_d3_factual_claim_ignore_title_normalized:cdba62445109:68529:retrieve:ignore,rescue_clean_z_into_corrupt,L19H31,0,0,0,25.125,25.625,0.5,3,3
D3,D3:v4_d3_factual_claim_ignore_title_normalized:cdba62445109:38881:retrieve:ignore,rescue_clean_z_into_corrupt,L19H31,0,0,0,23.5,24.25,0.75,3,3
D3,D3:v4_d3_factual_claim_ignore_title_normalized:cdba62445109:145082:research:ignore,rescue_clean_z_into_corrupt,L19H31,0,0,0,22.5,23.5,1.0,5,4
D3,D3:v4_d3_factual_claim_ignore_title_normalized:cdba62445109:69490:fetch:ignore,rescue_clean_z_into_corrupt,L19H31,0,0,0,24.625,25.0,0.375,3,2
D3,D3:v4_d3_factual_claim_ignore_title_normalized:cdba62445109:206071:research:ignore,rescue_clean_z_into_corrupt,L19H31,0,0,0,21.125,22.125,1.0,13,7
D3,D3:v4_d3_factual_claim_ignore_title_normalized:cdba62445109:14352:search:ignore,rescue_clean_z_into_corrupt,L19H31,0,0,0,20.625,22.375,1.75,13,7
D3,D3:v4_d3_factual_claim_ignore_title_normalized:cdba62445109:101718:lookup:ignore,rescue_clean_z_into_corrupt,L19H31,0,0,0,24.5,24.875,0.375,3,3
D3,D3:v4_d3_factual_claim_ignore_title_normalized:cdba62445109:124929:fetch:ignore,rescue_clean_z_into_corrupt,L19H31,0,0,0,23.625,24.75,1.125,5,3
D3,D3:v4_d3_factual_claim_ignore_title_normalized:cdba62445109:149384:fetch:ignore,rescue_clean_z_into_corrupt,L19H31,0,0,0,21.875,23.375,1.5,5,3
D3,D3:v4_d3_factual_claim_ignore_title_normalized:cdba62445109:192070:retrieve:ignore,rescue_clean_z_into_corrupt,L19H31,0,0,0,23.125,24.875,1.75,5,3
D3,D3:v4_d3_factual_claim_ignore_title_normalized:cdba62445109:10594:search:ignore,rescue_clean_z_into_corrupt,L19H31,0,0,0,23.5,24.625,1.125,4,3
D3,D3:v4_d3_factual_claim_ignore_title_normalized:cdba62445109:171868:lookup:ignore,rescue_clean_z_into_corrupt,L19H31,0,0,0,24.625,25.375,0.75,4,4
D3,D3:v4_d3_factual_claim_ignore_title_normalized:cdba62445109:206082:research:ignore,rescue_clean_z_into_corrupt,L19H31,0,0,0,21.125,22.125,1.0,13,7
D3,D3:v4_d3_factual_claim_ignore_title_normalized:cdba62445109:189221:fetch:ignore,rescue_clean_z_into_corrupt,L19H31,0,0,0,23.875,25.125,1.25,3,3
D3,D3:v4_d3_factual_claim_ignore_title_normalized:cdba62445109:166710:search:ignore,rescue_clean_z_into_corrupt,L19H31,0,0,0,22.25,23.125,0.875,7,4
D3,D3:v4_d3_factual_claim_ignore_title_normalized:cdba62445109:189204:fetch:ignore,rescue_clean_z_into_corrupt,L19H31,0,0,0,24.5,25.25,0.75,3,3
D3,D3:v4_d3_factual_claim_ignore_title_normalized:cdba62445109:35836:search:ignore,rescue_clean_z_into_corrupt,L19H31,0,0,0,23.375,24.25,0.875,5,4
D3,D3:v4_d3_factual_claim_ignore_title_normalized:cdba62445109:133962:lookup:ignore,rescue_clean_z_into_corrupt,L19H31,0,0,0,22.5,23.25,0.75,5,3
D3,D3:v4_d3_factual_claim_ignore_title_normalized:cdba62445109:21711:fetch:ignore,rescue_clean_z_into_corrupt,L19H31,0,0,0,21.125,22.125,1.0,7,6
D3,D3:v4_d3_factual_claim_ignore_title_normalized:cdba62445109:144495:fetch:ignore,rescue_clean_z_into_corrupt,L20H29,0,0,0,22.75,23.375,0.625,4,4
D3,D3:v4_d3_factual_claim_ignore_title_normalized:cdba62445109:59011:research:ignore,rescue_clean_z_into_corrupt,L20H29,0,0,0,21.875,22.5,0.625,7,6
D3,D3:v4_d3_factual_claim_ignore_title_normalized:cdba62445109:71474:lookup:ignore,rescue_clean_z_into_corrupt,L20H29,0,0,0,20.875,21.5,0.625,10,7
D3,D3:v4_d3_factual_claim_ignore_title_normalized:cdba62445109:31536:retrieve:ignore,rescue_clean_z_into_corrupt,L20H29,0,0,0,23.125,23.625,0.5,3,3
D3,D3:v4_d3_factual_claim_ignore_title_normalized:cdba62445109:166716:search:ignore,rescue_clean_z_into_corrupt,L20H29,0,0,0,21.875,22.625,0.75,10,5
D3,D3:v4_d3_factual_claim_ignore_title_normalized:cdba62445109:223411:lookup:ignore,rescue_clean_z_into_corrupt,L20H29,0,0,0,22.75,23.25,0.5,4,3
D3,D3:v4_d3_factual_claim_ignore_title_normalized:cdba62445109:93579:retrieve:ignore,rescue_clean_z_into_corrupt,L20H29,0,0,0,23.875,24.375,0.5,3,3
D3,D3:v4_d3_factual_claim_ignore_title_normalized:cdba62445109:206099:search:ignore,rescue_clean_z_into_corrupt,L20H29,0,0,0,21.125,21.625,0.5,12,9
D3,D3:v4_d3_factual_claim_ignore_title_normalized:cdba62445109:56188:research:ignore,rescue_clean_z_into_corrupt,L20H29,0,0,0,21.625,22.25,0.625,6,4
D3,D3:v4_d3_factual_claim_ignore_title_normalized:cdba62445109:3229:retrieve:ignore,rescue_clean_z_into_corrupt,L20H29,0,0,0,21.375,21.75,0.375,5,4
D3,D3:v4_d3_factual_claim_ignore_title_normalized:cdba62445109:52990:fetch:ignore,rescue_clean_z_into_corrupt,L20H29,0,0,0,24.25,24.5,0.25,3,3
D3,D3:v4_d3_factual_claim_ignore_title_normalized:cdba62445109:91138:lookup:ignore,rescue_clean_z_into_corrupt,L20H29,0,0,0,23.0,23.25,0.25,4,3
D3,D3:v4_d3_factual_claim_ignore_title_normalized:cdba62445109:76806:lookup:ignore,rescue_clean_z_into_corrupt,L20H29,0,0,0,22.75,23.375,0.625,3,3
D3,D3:v4_d3_factual_claim_ignore_title_normalized:cdba62445109:5808:research:ignore,rescue_clean_z_into_corrupt,L20H29,0,0,0,20.875,21.75,0.875,9,7
D3,D3:v4_d3_factual_claim_ignore_title_normalized:cdba62445109:101267:search:ignore,rescue_clean_z_into_corrupt,L20H29,0,0,0,23.625,24.375,0.75,4,3
D3,D3:v4_d3_factual_claim_ignore_title_normalized:cdba62445109:73920:research:ignore,rescue_clean_z_into_corrupt,L20H29,0,0,0,22.25,22.75,0.5,5,5
D3,D3:v4_d3_factual_claim_ignore_title_normalized:cdba62445109:86468:research:ignore,rescue_clean_z_into_corrupt,L20H29,0,0,0,22.375,23.0,0.625,6,5
D3,D3:v4_d3_factual_claim_ignore_title_normalized:cdba62445109:7789:retrieve:ignore,rescue_clean_z_into_corrupt,L20H29,0,0,0,23.75,24.25,0.5,3,3
D3,D3:v4_d3_factual_claim_ignore_title_normalized:cdba62445109:17888:lookup:ignore,rescue_clean_z_into_corrupt,L20H29,0,0,0,22.875,23.125,0.25,5,5
D3,D3:v4_d3_factual_claim_ignore_title_normalized:cdba62445109:153830:retrieve:ignore,rescue_clean_z_into_corrupt,L20H29,0,0,0,24.375,24.5,0.125,3,3
D3,D3:v4_d3_factual_claim_ignore_title_normalized:cdba62445109:19259:search:ignore,rescue_clean_z_into_corrupt,L20H29,0,0,0,23.125,23.875,0.75,5,5
D3,D3:v4_d3_factual_claim_ignore_title_normalized:cdba62445109:48356:search:ignore,rescue_clean_z_into_corrupt,L20H29,0,0,0,22.375,23.125,0.75,8,6
D3,D3:v4_d3_factual_claim_ignore_title_normalized:cdba62445109:24751:research:ignore,rescue_clean_z_into_corrupt,L20H29,0,0,0,24.375,24.5,0.125,3,3
D3,D3:v4_d3_factual_claim_ignore_title_normalized:cdba62445109:34632:research:ignore,rescue_clean_z_into_corrupt,L20H29,0,0,0,22.0,23.25,1.25,9,5
D3,D3:v4_d3_factual_claim_ignore_title_normalized:cdba62445109:43398:fetch:ignore,rescue_clean_z_into_corrupt,L20H29,0,0,0,23.125,23.625,0.5,5,4
D3,D3:v4_d3_factual_claim_ignore_title_normalized:cdba62445109:155254:fetch:ignore,rescue_clean_z_into_corrupt,L20H29,0,0,0,21.25,22.0,0.75,5,5
D3,D3:v4_d3_factual_claim_ignore_title_normalized:cdba62445109:196931:fetch:ignore,rescue_clean_z_into_corrupt,L20H29,0,0,0,23.625,24.125,0.5,4,4
D3,D3:v4_d3_factual_claim_ignore_title_normalized:cdba62445109:146603:lookup:ignore,rescue_clean_z_into_corrupt,L20H29,0,0,0,22.125,22.5,0.375,9,7
D3,D3:v4_d3_factual_claim_ignore_title_normalized:cdba62445109:60667:retrieve:ignore,rescue_clean_z_into_corrupt,L20H29,0,0,0,24.25,24.75,0.5,3,3
D3,D3:v4_d3_factual_claim_ignore_title_normalized:cdba62445109:171865:search:ignore,rescue_clean_z_into_corrupt,L20H29,0,0,0,22.75,23.375,0.625,5,5
D3,D3:v4_d3_factual_claim_ignore_title_normalized:cdba62445109:151404:lookup:ignore,rescue_clean_z_into_corrupt,L20H29,0,0,0,22.0,22.75,0.75,5,5
D3,D3:v4_d3_factual_claim_ignore_title_normalized:cdba62445109:6247:search:ignore,rescue_clean_z_into_corrupt,L20H29,0,0,0,23.375,24.25,0.875,5,4
D3,D3:v4_d3_factual_claim_ignore_title_normalized:cdba62445109:15035:fetch:ignore,rescue_clean_z_into_corrupt,L20H29,0,0,0,24.875,25.125,0.25,3,3
D3,D3:v4_d3_factual_claim_ignore_title_normalized:cdba62445109:55360:research:ignore,rescue_clean_z_into_corrupt,L20H29,0,0,0,24.125,24.75,0.625,3,3
D3,D3:v4_d3_factual_claim_ignore_title_normalized:cdba62445109:79649:search:ignore,rescue_clean_z_into_corrupt,L20H29,0,0,0,20.375,20.875,0.5,12,10
D3,D3:v4_d3_factual_claim_ignore_title_normalized:cdba62445109:95924:research:ignore,rescue_clean_z_into_corrupt,L20H29,0,0,0,20.875,21.0,0.125,10,8
D3,D3:v4_d3_factual_claim_ignore_title_normalized:cdba62445109:98083:retrieve:ignore,rescue_clean_z_into_corrupt,L20H29,0,0,0,23.75,24.0,0.25,3,3
D3,D3:v4_d3_factual_claim_ignore_title_normalized:cdba62445109:57419:fetch:ignore,rescue_clean_z_into_corrupt,L20H29,0,0,0,22.75,22.875,0.125,4,3
D3,D3:v4_d3_factual_claim_ignore_title_normalized:cdba62445109:66422:lookup:ignore,rescue_clean_z_into_corrupt,L20H29,0,0,0,23.125,24.0,0.875,6,5
D3,D3:v4_d3_factual_claim_ignore_title_normalized:cdba62445109:77244:lookup:ignore,rescue_clean_z_into_corrupt,L20H29,0,0,0,19.75,20.875,1.125,12,8
D3,D3:v4_d3_factual_claim_ignore_title_normalized:cdba62445109:2731:search:ignore,rescue_clean_z_into_corrupt,L20H29,0,0,0,23.625,24.25,0.625,3,3
D3,D3:v4_d3_factual_claim_ignore_title_normalized:cdba62445109:90710:fetch:ignore,rescue_clean_z_into_corrupt,L20H29,0,0,0,24.625,25.25,0.625,3,3
D3,D3:v4_d3_factual_claim_ignore_title_normalized:cdba62445109:52676:search:ignore,rescue_clean_z_into_corrupt,L20H29,0,0,0,23.375,24.125,0.75,3,3
D3,D3:v4_d3_factual_claim_ignore_title_normalized:cdba62445109:228281:research:ignore,rescue_clean_z_into_corrupt,L20H29,0,0,0,22.75,23.5,0.75,4,3
D3,D3:v4_d3_factual_claim_ignore_title_normalized:cdba62445109:65894:retrieve:ignore,rescue_clean_z_into_corrupt,L20H29,0,0,0,23.875,24.25,0.375,3,3
D3,D3:v4_d3_factual_claim_ignore_title_normalized:cdba62445109:17949:retrieve:ignore,rescue_clean_z_into_corrupt,L20H29,0,0,0,25.0,25.25,0.25,3,3
D3,D3:v4_d3_factual_claim_ignore_title_normalized:cdba62445109:32400:retrieve:ignore,rescue_clean_z_into_corrupt,L20H29,0,0,0,22.0,22.375,0.375,4,3
D3,D3:v4_d3_factual_claim_ignore_title_normalized:cdba62445109:12480:retrieve:ignore,rescue_clean_z_into_corrupt,L20H29,0,0,0,23.625,24.125,0.5,4,3
D3,D3:v4_d3_factual_claim_ignore_title_normalized:cdba62445109:57200:retrieve:ignore,rescue_clean_z_into_corrupt,L20H29,0,0,0,23.0,23.5,0.5,3,3
D3,D3:v4_d3_factual_claim_ignore_title_normalized:cdba62445109:126106:lookup:ignore,rescue_clean_z_into_corrupt,L20H29,0,0,0,21.875,22.5,0.625,6,5
D3,D3:v4_d3_factual_claim_ignore_title_normalized:cdba62445109:153947:search:ignore,rescue_clean_z_into_corrupt,L20H29,0,0,0,23.875,24.375,0.5,4,3
D3,D3:v4_d3_factual_claim_ignore_title_normalized:cdba62445109:15511:lookup:ignore,rescue_clean_z_into_corrupt,L20H29,0,0,0,24.625,25.125,0.5,3,3
D3,D3:v4_d3_factual_claim_ignore_title_normalized:cdba62445109:33211:research:ignore,rescue_clean_z_into_corrupt,L20H29,0,0,0,22.5,22.875,0.375,5,5
D3,D3:v4_d3_factual_claim_ignore_title_normalized:cdba62445109:115862:research:ignore,rescue_clean_z_into_corrupt,L20H29,0,0,0,22.625,22.875,0.25,6,5
D3,D3:v4_d3_factual_claim_ignore_title_normalized:cdba62445109:59356:lookup:ignore,rescue_clean_z_into_corrupt,L20H29,0,0,0,22.25,23.125,0.875,6,4
D3,D3:v4_d3_factual_claim_ignore_title_normalized:cdba62445109:8670:fetch:ignore,rescue_clean_z_into_corrupt,L20H29,0,0,0,24.0,24.375,0.375,3,3
D3,D3:v4_d3_factual_claim_ignore_title_normalized:cdba62445109:185448:search:ignore,rescue_clean_z_into_corrupt,L20H29,0,0,0,23.125,24.0,0.875,5,4
D3,D3:v4_d3_factual_claim_ignore_title_normalized:cdba62445109:219859:fetch:ignore,rescue_clean_z_into_corrupt,L20H29,0,0,0,23.5,23.75,0.25,4,3
D3,D3:v4_d3_factual_claim_ignore_title_normalized:cdba62445109:72094:fetch:ignore,rescue_clean_z_into_corrupt,L20H29,0,0,0,21.5,22.875,1.375,7,4
D3,D3:v4_d3_factual_claim_ignore_title_normalized:cdba62445109:64912:search:ignore,rescue_clean_z_into_corrupt,L20H29,0,0,0,23.125,23.75,0.625,8,5
D3,D3:v4_d3_factual_claim_ignore_title_normalized:cdba62445109:140888:lookup:ignore,rescue_clean_z_into_corrupt,L20H29,0,0,0,23.125,23.5,0.375,4,4
D3,D3:v4_d3_factual_claim_ignore_title_normalized:cdba62445109:159779:retrieve:ignore,rescue_clean_z_into_corrupt,L20H29,0,0,0,23.25,23.75,0.5,5,3
D3,D3:v4_d3_factual_claim_ignore_title_normalized:cdba62445109:163777:fetch:ignore,rescue_clean_z_into_corrupt,L20H29,0,0,0,23.375,24.125,0.75,4,3
D3,D3:v4_d3_factual_claim_ignore_title_normalized:cdba62445109:223430:research:ignore,rescue_clean_z_into_corrupt,L20H29,0,0,0,22.875,23.0,0.125,4,3
D3,D3:v4_d3_factual_claim_ignore_title_normalized:cdba62445109:203777:research:ignore,rescue_clean_z_into_corrupt,L20H29,0,0,0,20.375,21.125,0.75,7,5
D3,D3:v4_d3_factual_claim_ignore_title_normalized:cdba62445109:166720:fetch:ignore,rescue_clean_z_into_corrupt,L20H29,0,0,0,22.375,23.0,0.625,6,4
D3,D3:v4_d3_factual_claim_ignore_title_normalized:cdba62445109:160769:research:ignore,rescue_clean_z_into_corrupt,L20H29,0,0,0,22.5,23.25,0.75,8,7
D3,D3:v4_d3_factual_claim_ignore_title_normalized:cdba62445109:85720:retrieve:ignore,rescue_clean_z_into_corrupt,L20H29,0,0,0,23.0,23.5,0.5,4,4
D3,D3:v4_d3_factual_claim_ignore_title_normalized:cdba62445109:15624:retrieve:ignore,rescue_clean_z_into_corrupt,L20H29,0,0,0,24.125,24.625,0.5,4,3
D3,D3:v4_d3_factual_claim_ignore_title_normalized:cdba62445109:48334:search:ignore,rescue_clean_z_into_corrupt,L20H29,0,0,0,24.125,24.5,0.375,3,3
D3,D3:v4_d3_factual_claim_ignore_title_normalized:cdba62445109:228292:lookup:ignore,rescue_clean_z_into_corrupt,L20H29,0,0,0,22.25,22.625,0.375,3,3
D3,D3:v4_d3_factual_claim_ignore_title_normalized:cdba62445109:9311:retrieve:ignore,rescue_clean_z_into_corrupt,L20H29,0,0,0,24.625,25.0,0.375,3,3
D3,D3:v4_d3_factual_claim_ignore_title_normalized:cdba62445109:80704:search:ignore,rescue_clean_z_into_corrupt,L20H29,0,0,0,23.0,23.75,0.75,7,5
D3,D3:v4_d3_factual_claim_ignore_title_normalized:cdba62445109:196932:research:ignore,rescue_clean_z_into_corrupt,L20H29,0,0,0,24.25,24.875,0.625,4,3
D3,D3:v4_d3_factual_claim_ignore_title_normalized:cdba62445109:184328:lookup:ignore,rescue_clean_z_into_corrupt,L20H29,0,0,0,22.625,23.0,0.375,5,5
D3,D3:v4_d3_factual_claim_ignore_title_normalized:cdba62445109:100391:search:ignore,rescue_clean_z_into_corrupt,L20H29,0,0,0,23.0,23.375,0.375,4,4
D3,D3:v4_d3_factual_claim_ignore_title_normalized:cdba62445109:229329:lookup:ignore,rescue_clean_z_into_corrupt,L20H29,0,0,0,24.75,25.5,0.75,4,3
D3,D3:v4_d3_factual_claim_ignore_title_normalized:cdba62445109:134000:retrieve:ignore,rescue_clean_z_into_corrupt,L20H29,0,0,0,24.25,24.625,0.375,3,3
D3,D3:v4_d3_factual_claim_ignore_title_normalized:cdba62445109:38458:fetch:ignore,rescue_clean_z_into_corrupt,L20H29,0,0,0,22.875,23.25,0.375,4,4
D3,D3:v4_d3_factual_claim_ignore_title_normalized:cdba62445109:149240:research:ignore,rescue_clean_z_into_corrupt,L20H29,0,0,0,23.375,23.875,0.5,4,3
D3,D3:v4_d3_factual_claim_ignore_title_normalized:cdba62445109:17196:lookup:ignore,rescue_clean_z_into_corrupt,L20H29,0,0,0,23.125,23.5,0.375,4,4
D3,D3:v4_d3_factual_claim_ignore_title_normalized:cdba62445109:68529:retrieve:ignore,rescue_clean_z_into_corrupt,L20H29,0,0,0,25.125,25.25,0.125,3,3
D3,D3:v4_d3_factual_claim_ignore_title_normalized:cdba62445109:38881:retrieve:ignore,rescue_clean_z_into_corrupt,L20H29,0,0,0,23.5,23.875,0.375,3,3
D3,D3:v4_d3_factual_claim_ignore_title_normalized:cdba62445109:145082:research:ignore,rescue_clean_z_into_corrupt,L20H29,0,0,0,22.5,23.5,1.0,5,4
D3,D3:v4_d3_factual_claim_ignore_title_normalized:cdba62445109:69490:fetch:ignore,rescue_clean_z_into_corrupt,L20H29,0,0,0,24.625,24.75,0.125,3,3
D3,D3:v4_d3_factual_claim_ignore_title_normalized:cdba62445109:206071:research:ignore,rescue_clean_z_into_corrupt,L20H29,0,0,0,21.125,21.875,0.75,13,9
D3,D3:v4_d3_factual_claim_ignore_title_normalized:cdba62445109:14352:search:ignore,rescue_clean_z_into_corrupt,L20H29,0,0,0,20.625,21.375,0.75,13,10
D3,D3:v4_d3_factual_claim_ignore_title_normalized:cdba62445109:101718:lookup:ignore,rescue_clean_z_into_corrupt,L20H29,0,0,0,24.5,24.625,0.125,3,3
D3,D3:v4_d3_factual_claim_ignore_title_normalized:cdba62445109:124929:fetch:ignore,rescue_clean_z_into_corrupt,L20H29,0,0,0,23.625,24.375,0.75,5,3
D3,D3:v4_d3_factual_claim_ignore_title_normalized:cdba62445109:149384:fetch:ignore,rescue_clean_z_into_corrupt,L20H29,0,0,0,21.875,22.75,0.875,5,4
D3,D3:v4_d3_factual_claim_ignore_title_normalized:cdba62445109:192070:retrieve:ignore,rescue_clean_z_into_corrupt,L20H29,0,0,0,23.125,24.0,0.875,5,3
D3,D3:v4_d3_factual_claim_ignore_title_normalized:cdba62445109:10594:search:ignore,rescue_clean_z_into_corrupt,L20H29,0,0,0,23.5,24.125,0.625,4,3
D3,D3:v4_d3_factual_claim_ignore_title_normalized:cdba62445109:171868:lookup:ignore,rescue_clean_z_into_corrupt,L20H29,0,0,0,24.625,25.125,0.5,4,4
D3,D3:v4_d3_factual_claim_ignore_title_normalized:cdba62445109:206082:research:ignore,rescue_clean_z_into_corrupt,L20H29,0,0,0,21.125,21.875,0.75,13,9
D3,D3:v4_d3_factual_claim_ignore_title_normalized:cdba62445109:189221:fetch:ignore,rescue_clean_z_into_corrupt,L20H29,0,0,0,23.875,24.375,0.5,3,3
D3,D3:v4_d3_factual_claim_ignore_title_normalized:cdba62445109:166710:search:ignore,rescue_clean_z_into_corrupt,L20H29,0,0,0,22.25,22.625,0.375,7,6
D3,D3:v4_d3_factual_claim_ignore_title_normalized:cdba62445109:189204:fetch:ignore,rescue_clean_z_into_corrupt,L20H29,0,0,0,24.5,24.5,0.0,3,3
D3,D3:v4_d3_factual_claim_ignore_title_normalized:cdba62445109:35836:search:ignore,rescue_clean_z_into_corrupt,L20H29,0,0,0,23.375,23.75,0.375,5,4
D3,D3:v4_d3_factual_claim_ignore_title_normalized:cdba62445109:133962:lookup:ignore,rescue_clean_z_into_corrupt,L20H29,0,0,0,22.5,22.875,0.375,5,4
D3,D3:v4_d3_factual_claim_ignore_title_normalized:cdba62445109:21711:fetch:ignore,rescue_clean_z_into_corrupt,L20H29,0,0,0,21.125,21.25,0.125,7,7
D3,D3:v4_d3_factual_claim_ignore_title_normalized:cdba62445109:144495:fetch:ignore,rescue_clean_z_into_corrupt,L20H14,0,0,0,22.75,24.0,1.25,4,3
D3,D3:v4_d3_factual_claim_ignore_title_normalized:cdba62445109:59011:research:ignore,rescue_clean_z_into_corrupt,L20H14,0,0,0,21.875,23.5,1.625,7,3
D3,D3:v4_d3_factual_claim_ignore_title_normalized:cdba62445109:71474:lookup:ignore,rescue_clean_z_into_corrupt,L20H14,0,0,0,20.875,22.75,1.875,10,5
D3,D3:v4_d3_factual_claim_ignore_title_normalized:cdba62445109:31536:retrieve:ignore,rescue_clean_z_into_corrupt,L20H14,0,0,0,23.125,24.125,1.0,3,2
D3,D3:v4_d3_factual_claim_ignore_title_normalized:cdba62445109:166716:search:ignore,rescue_clean_z_into_corrupt,L20H14,0,0,0,21.875,23.625,1.75,10,4
D3,D3:v4_d3_factual_claim_ignore_title_normalized:cdba62445109:223411:lookup:ignore,rescue_clean_z_into_corrupt,L20H14,0,0,0,22.75,24.0,1.25,4,3
D3,D3:v4_d3_factual_claim_ignore_title_normalized:cdba62445109:93579:retrieve:ignore,rescue_clean_z_into_corrupt,L20H14,0,0,0,23.875,24.625,0.75,3,3
D3,D3:v4_d3_factual_claim_ignore_title_normalized:cdba62445109:206099:search:ignore,rescue_clean_z_into_corrupt,L20H14,0,0,0,21.125,22.625,1.5,12,4
D3,D3:v4_d3_factual_claim_ignore_title_normalized:cdba62445109:56188:research:ignore,rescue_clean_z_into_corrupt,L20H14,0,0,0,21.625,23.125,1.5,6,4
D3,D3:v4_d3_factual_claim_ignore_title_normalized:cdba62445109:3229:retrieve:ignore,rescue_clean_z_into_corrupt,L20H14,0,0,0,21.375,22.75,1.375,5,3
D3,D3:v4_d3_factual_claim_ignore_title_normalized:cdba62445109:52990:fetch:ignore,rescue_clean_z_into_corrupt,L20H14,0,0,0,24.25,24.875,0.625,3,3
D3,D3:v4_d3_factual_claim_ignore_title_normalized:cdba62445109:91138:lookup:ignore,rescue_clean_z_into_corrupt,L20H14,0,0,0,23.0,23.625,0.625,4,3
D3,D3:v4_d3_factual_claim_ignore_title_normalized:cdba62445109:76806:lookup:ignore,rescue_clean_z_into_corrupt,L20H14,0,0,0,22.75,24.0,1.25,3,3
D3,D3:v4_d3_factual_claim_ignore_title_normalized:cdba62445109:5808:research:ignore,rescue_clean_z_into_corrupt,L20H14,0,0,0,20.875,22.875,2.0,9,3
D3,D3:v4_d3_factual_claim_ignore_title_normalized:cdba62445109:101267:search:ignore,rescue_clean_z_into_corrupt,L20H14,0,0,0,23.625,25.0,1.375,4,3
D3,D3:v4_d3_factual_claim_ignore_title_normalized:cdba62445109:73920:research:ignore,rescue_clean_z_into_corrupt,L20H14,0,0,0,22.25,23.375,1.125,5,5
D3,D3:v4_d3_factual_claim_ignore_title_normalized:cdba62445109:86468:research:ignore,rescue_clean_z_into_corrupt,L20H14,0,0,0,22.375,23.25,0.875,6,5
D3,D3:v4_d3_factual_claim_ignore_title_normalized:cdba62445109:7789:retrieve:ignore,rescue_clean_z_into_corrupt,L20H14,0,0,0,23.75,24.75,1.0,3,3
D3,D3:v4_d3_factual_claim_ignore_title_normalized:cdba62445109:17888:lookup:ignore,rescue_clean_z_into_corrupt,L20H14,0,0,0,22.875,23.625,0.75,5,4
D3,D3:v4_d3_factual_claim_ignore_title_normalized:cdba62445109:153830:retrieve:ignore,rescue_clean_z_into_corrupt,L20H14,0,0,0,24.375,24.875,0.5,3,3
D3,D3:v4_d3_factual_claim_ignore_title_normalized:cdba62445109:19259:search:ignore,rescue_clean_z_into_corrupt,L20H14,0,0,0,23.125,24.5,1.375,5,3
D3,D3:v4_d3_factual_claim_ignore_title_normalized:cdba62445109:48356:search:ignore,rescue_clean_z_into_corrupt,L20H14,0,0,0,22.375,23.625,1.25,8,5
D3,D3:v4_d3_factual_claim_ignore_title_normalized:cdba62445109:24751:research:ignore,rescue_clean_z_into_corrupt,L20H14,0,0,0,24.375,25.125,0.75,3,2
D3,D3:v4_d3_factual_claim_ignore_title_normalized:cdba62445109:34632:research:ignore,rescue_clean_z_into_corrupt,L20H14,0,0,0,22.0,23.875,1.875,9,4
D3,D3:v4_d3_factual_claim_ignore_title_normalized:cdba62445109:43398:fetch:ignore,rescue_clean_z_into_corrupt,L20H14,0,0,0,23.125,23.75,0.625,5,3
D3,D3:v4_d3_factual_claim_ignore_title_normalized:cdba62445109:155254:fetch:ignore,rescue_clean_z_into_corrupt,L20H14,0,0,0,21.25,22.625,1.375,5,4
D3,D3:v4_d3_factual_claim_ignore_title_normalized:cdba62445109:196931:fetch:ignore,rescue_clean_z_into_corrupt,L20H14,0,0,0,23.625,24.25,0.625,4,4
D3,D3:v4_d3_factual_claim_ignore_title_normalized:cdba62445109:146603:lookup:ignore,rescue_clean_z_into_corrupt,L20H14,0,0,0,22.125,23.375,1.25,9,5
D3,D3:v4_d3_factual_claim_ignore_title_normalized:cdba62445109:60667:retrieve:ignore,rescue_clean_z_into_corrupt,L20H14,0,0,0,24.25,25.125,0.875,3,3
D3,D3:v4_d3_factual_claim_ignore_title_normalized:cdba62445109:171865:search:ignore,rescue_clean_z_into_corrupt,L20H14,0,0,0,22.75,23.625,0.875,5,4
D3,D3:v4_d3_factual_claim_ignore_title_normalized:cdba62445109:151404:lookup:ignore,rescue_clean_z_into_corrupt,L20H14,0,0,0,22.0,23.25,1.25,5,4
D3,D3:v4_d3_factual_claim_ignore_title_normalized:cdba62445109:6247:search:ignore,rescue_clean_z_into_corrupt,L20H14,0,0,0,23.375,24.875,1.5,5,3
D3,D3:v4_d3_factual_claim_ignore_title_normalized:cdba62445109:15035:fetch:ignore,rescue_clean_z_into_corrupt,L20H14,0,0,0,24.875,25.5,0.625,3,2
D3,D3:v4_d3_factual_claim_ignore_title_normalized:cdba62445109:55360:research:ignore,rescue_clean_z_into_corrupt,L20H14,0,0,0,24.125,25.0,0.875,3,2
D3,D3:v4_d3_factual_claim_ignore_title_normalized:cdba62445109:79649:search:ignore,rescue_clean_z_into_corrupt,L20H14,0,0,0,20.375,22.0,1.625,12,5
D3,D3:v4_d3_factual_claim_ignore_title_normalized:cdba62445109:95924:research:ignore,rescue_clean_z_into_corrupt,L20H14,0,0,0,20.875,21.875,1.0,10,7
D3,D3:v4_d3_factual_claim_ignore_title_normalized:cdba62445109:98083:retrieve:ignore,rescue_clean_z_into_corrupt,L20H14,0,0,0,23.75,24.125,0.375,3,3
D3,D3:v4_d3_factual_claim_ignore_title_normalized:cdba62445109:57419:fetch:ignore,rescue_clean_z_into_corrupt,L20H14,0,0,0,22.75,23.625,0.875,4,3
D3,D3:v4_d3_factual_claim_ignore_title_normalized:cdba62445109:66422:lookup:ignore,rescue_clean_z_into_corrupt,L20H14,0,0,0,23.125,24.625,1.5,6,3
D3,D3:v4_d3_factual_claim_ignore_title_normalized:cdba62445109:77244:lookup:ignore,rescue_clean_z_into_corrupt,L20H14,0,0,0,19.75,21.375,1.625,12,7
D3,D3:v4_d3_factual_claim_ignore_title_normalized:cdba62445109:2731:search:ignore,rescue_clean_z_into_corrupt,L20H14,0,0,0,23.625,24.75,1.125,3,3
D3,D3:v4_d3_factual_claim_ignore_title_normalized:cdba62445109:90710:fetch:ignore,rescue_clean_z_into_corrupt,L20H14,0,0,0,24.625,25.375,0.75,3,2
D3,D3:v4_d3_factual_claim_ignore_title_normalized:cdba62445109:52676:search:ignore,rescue_clean_z_into_corrupt,L20H14,0,0,0,23.375,24.75,1.375,3,3
D3,D3:v4_d3_factual_claim_ignore_title_normalized:cdba62445109:228281:research:ignore,rescue_clean_z_into_corrupt,L20H14,0,0,0,22.75,23.75,1.0,4,3
D3,D3:v4_d3_factual_claim_ignore_title_normalized:cdba62445109:65894:retrieve:ignore,rescue_clean_z_into_corrupt,L20H14,0,0,0,23.875,24.5,0.625,3,3
D3,D3:v4_d3_factual_claim_ignore_title_normalized:cdba62445109:17949:retrieve:ignore,rescue_clean_z_into_corrupt,L20H14,0,0,0,25.0,25.5,0.5,3,2
D3,D3:v4_d3_factual_claim_ignore_title_normalized:cdba62445109:32400:retrieve:ignore,rescue_clean_z_into_corrupt,L20H14,0,0,0,22.0,23.75,1.75,4,2
D3,D3:v4_d3_factual_claim_ignore_title_normalized:cdba62445109:12480:retrieve:ignore,rescue_clean_z_into_corrupt,L20H14,0,0,0,23.625,24.375,0.75,4,3
D3,D3:v4_d3_factual_claim_ignore_title_normalized:cdba62445109:57200:retrieve:ignore,rescue_clean_z_into_corrupt,L20H14,0,0,0,23.0,24.0,1.0,3,3
D3,D3:v4_d3_factual_claim_ignore_title_normalized:cdba62445109:126106:lookup:ignore,rescue_clean_z_into_corrupt,L20H14,0,0,0,21.875,23.125,1.25,6,5
D3,D3:v4_d3_factual_claim_ignore_title_normalized:cdba62445109:153947:search:ignore,rescue_clean_z_into_corrupt,L20H14,0,0,0,23.875,24.625,0.75,4,3
D3,D3:v4_d3_factual_claim_ignore_title_normalized:cdba62445109:15511:lookup:ignore,rescue_clean_z_into_corrupt,L20H14,0,0,0,24.625,25.625,1.0,3,2
D3,D3:v4_d3_factual_claim_ignore_title_normalized:cdba62445109:33211:research:ignore,rescue_clean_z_into_corrupt,L20H14,0,0,0,22.5,23.125,0.625,5,4
D3,D3:v4_d3_factual_claim_ignore_title_normalized:cdba62445109:115862:research:ignore,rescue_clean_z_into_corrupt,L20H14,0,0,0,22.625,23.5,0.875,6,4
D3,D3:v4_d3_factual_claim_ignore_title_normalized:cdba62445109:59356:lookup:ignore,rescue_clean_z_into_corrupt,L20H14,0,0,0,22.25,23.75,1.5,6,3
D3,D3:v4_d3_factual_claim_ignore_title_normalized:cdba62445109:8670:fetch:ignore,rescue_clean_z_into_corrupt,L20H14,0,0,0,24.0,24.625,0.625,3,3
D3,D3:v4_d3_factual_claim_ignore_title_normalized:cdba62445109:185448:search:ignore,rescue_clean_z_into_corrupt,L20H14,0,0,0,23.125,24.875,1.75,5,4
D3,D3:v4_d3_factual_claim_ignore_title_normalized:cdba62445109:219859:fetch:ignore,rescue_clean_z_into_corrupt,L20H14,0,0,0,23.5,24.125,0.625,4,3
D3,D3:v4_d3_factual_claim_ignore_title_normalized:cdba62445109:72094:fetch:ignore,rescue_clean_z_into_corrupt,L20H14,0,0,0,21.5,23.75,2.25,7,3
D3,D3:v4_d3_factual_claim_ignore_title_normalized:cdba62445109:64912:search:ignore,rescue_clean_z_into_corrupt,L20H14,0,0,0,23.125,24.125,1.0,8,4
D3,D3:v4_d3_factual_claim_ignore_title_normalized:cdba62445109:140888:lookup:ignore,rescue_clean_z_into_corrupt,L20H14,0,0,0,23.125,23.875,0.75,4,3
D3,D3:v4_d3_factual_claim_ignore_title_normalized:cdba62445109:159779:retrieve:ignore,rescue_clean_z_into_corrupt,L20H14,0,0,0,23.25,24.125,0.875,5,3
D3,D3:v4_d3_factual_claim_ignore_title_normalized:cdba62445109:163777:fetch:ignore,rescue_clean_z_into_corrupt,L20H14,0,0,0,23.375,24.875,1.5,4,3
D3,D3:v4_d3_factual_claim_ignore_title_normalized:cdba62445109:223430:research:ignore,rescue_clean_z_into_corrupt,L20H14,0,0,0,22.875,23.5,0.625,4,3
D3,D3:v4_d3_factual_claim_ignore_title_normalized:cdba62445109:203777:research:ignore,rescue_clean_z_into_corrupt,L20H14,0,0,0,20.375,22.125,1.75,7,5
D3,D3:v4_d3_factual_claim_ignore_title_normalized:cdba62445109:166720:fetch:ignore,rescue_clean_z_into_corrupt,L20H14,0,0,0,22.375,23.625,1.25,6,4
D3,D3:v4_d3_factual_claim_ignore_title_normalized:cdba62445109:160769:research:ignore,rescue_clean_z_into_corrupt,L20H14,0,0,0,22.5,24.0,1.5,8,7
D3,D3:v4_d3_factual_claim_ignore_title_normalized:cdba62445109:85720:retrieve:ignore,rescue_clean_z_into_corrupt,L20H14,0,0,0,23.0,23.625,0.625,4,3
D3,D3:v4_d3_factual_claim_ignore_title_normalized:cdba62445109:15624:retrieve:ignore,rescue_clean_z_into_corrupt,L20H14,0,0,0,24.125,25.0,0.875,4,3
D3,D3:v4_d3_factual_claim_ignore_title_normalized:cdba62445109:48334:search:ignore,rescue_clean_z_into_corrupt,L20H14,0,0,0,24.125,25.125,1.0,3,3
D3,D3:v4_d3_factual_claim_ignore_title_normalized:cdba62445109:228292:lookup:ignore,rescue_clean_z_into_corrupt,L20H14,0,0,0,22.25,23.5,1.25,3,3
D3,D3:v4_d3_factual_claim_ignore_title_normalized:cdba62445109:9311:retrieve:ignore,rescue_clean_z_into_corrupt,L20H14,0,0,0,24.625,25.5,0.875,3,3
D3,D3:v4_d3_factual_claim_ignore_title_normalized:cdba62445109:80704:search:ignore,rescue_clean_z_into_corrupt,L20H14,0,0,0,23.0,24.25,1.25,7,4
D3,D3:v4_d3_factual_claim_ignore_title_normalized:cdba62445109:196932:research:ignore,rescue_clean_z_into_corrupt,L20H14,0,0,0,24.25,25.125,0.875,4,3
D3,D3:v4_d3_factual_claim_ignore_title_normalized:cdba62445109:184328:lookup:ignore,rescue_clean_z_into_corrupt,L20H14,0,0,0,22.625,23.5,0.875,5,5
D3,D3:v4_d3_factual_claim_ignore_title_normalized:cdba62445109:100391:search:ignore,rescue_clean_z_into_corrupt,L20H14,0,0,0,23.0,23.75,0.75,4,3
D3,D3:v4_d3_factual_claim_ignore_title_normalized:cdba62445109:229329:lookup:ignore,rescue_clean_z_into_corrupt,L20H14,0,0,0,24.75,26.125,1.375,4,2
D3,D3:v4_d3_factual_claim_ignore_title_normalized:cdba62445109:134000:retrieve:ignore,rescue_clean_z_into_corrupt,L20H14,0,0,0,24.25,25.0,0.75,3,3
D3,D3:v4_d3_factual_claim_ignore_title_normalized:cdba62445109:38458:fetch:ignore,rescue_clean_z_into_corrupt,L20H14,0,0,0,22.875,23.75,0.875,4,3
D3,D3:v4_d3_factual_claim_ignore_title_normalized:cdba62445109:149240:research:ignore,rescue_clean_z_into_corrupt,L20H14,0,0,0,23.375,24.25,0.875,4,2
D3,D3:v4_d3_factual_claim_ignore_title_normalized:cdba62445109:17196:lookup:ignore,rescue_clean_z_into_corrupt,L20H14,0,0,0,23.125,23.75,0.625,4,4
D3,D3:v4_d3_factual_claim_ignore_title_normalized:cdba62445109:68529:retrieve:ignore,rescue_clean_z_into_corrupt,L20H14,0,0,0,25.125,25.625,0.5,3,3
D3,D3:v4_d3_factual_claim_ignore_title_normalized:cdba62445109:38881:retrieve:ignore,rescue_clean_z_into_corrupt,L20H14,0,0,0,23.5,24.5,1.0,3,3
D3,D3:v4_d3_factual_claim_ignore_title_normalized:cdba62445109:145082:research:ignore,rescue_clean_z_into_corrupt,L20H14,0,0,0,22.5,24.0,1.5,5,4
D3,D3:v4_d3_factual_claim_ignore_title_normalized:cdba62445109:69490:fetch:ignore,rescue_clean_z_into_corrupt,L20H14,0,0,0,24.625,25.125,0.5,3,2
D3,D3:v4_d3_factual_claim_ignore_title_normalized:cdba62445109:206071:research:ignore,rescue_clean_z_into_corrupt,L20H14,0,0,0,21.125,22.625,1.5,13,4
D3,D3:v4_d3_factual_claim_ignore_title_normalized:cdba62445109:14352:search:ignore,rescue_clean_z_into_corrupt,L20H14,0,0,0,20.625,22.25,1.625,13,6
D3,D3:v4_d3_factual_claim_ignore_title_normalized:cdba62445109:101718:lookup:ignore,rescue_clean_z_into_corrupt,L20H14,0,0,0,24.5,25.125,0.625,3,3
D3,D3:v4_d3_factual_claim_ignore_title_normalized:cdba62445109:124929:fetch:ignore,rescue_clean_z_into_corrupt,L20H14,0,0,0,23.625,24.375,0.75,5,3
D3,D3:v4_d3_factual_claim_ignore_title_normalized:cdba62445109:149384:fetch:ignore,rescue_clean_z_into_corrupt,L20H14,0,0,0,21.875,23.125,1.25,5,3
D3,D3:v4_d3_factual_claim_ignore_title_normalized:cdba62445109:192070:retrieve:ignore,rescue_clean_z_into_corrupt,L20H14,0,0,0,23.125,24.25,1.125,5,3
D3,D3:v4_d3_factual_claim_ignore_title_normalized:cdba62445109:10594:search:ignore,rescue_clean_z_into_corrupt,L20H14,0,0,0,23.5,24.75,1.25,4,3
D3,D3:v4_d3_factual_claim_ignore_title_normalized:cdba62445109:171868:lookup:ignore,rescue_clean_z_into_corrupt,L20H14,0,0,0,24.625,25.25,0.625,4,3
D3,D3:v4_d3_factual_claim_ignore_title_normalized:cdba62445109:206082:research:ignore,rescue_clean_z_into_corrupt,L20H14,0,0,0,21.125,22.625,1.5,13,4
D3,D3:v4_d3_factual_claim_ignore_title_normalized:cdba62445109:189221:fetch:ignore,rescue_clean_z_into_corrupt,L20H14,0,0,0,23.875,24.875,1.0,3,3
D3,D3:v4_d3_factual_claim_ignore_title_normalized:cdba62445109:166710:search:ignore,rescue_clean_z_into_corrupt,L20H14,0,0,0,22.25,23.5,1.25,7,3
D3,D3:v4_d3_factual_claim_ignore_title_normalized:cdba62445109:189204:fetch:ignore,rescue_clean_z_into_corrupt,L20H14,0,0,0,24.5,25.0,0.5,3,3
D3,D3:v4_d3_factual_claim_ignore_title_normalized:cdba62445109:35836:search:ignore,rescue_clean_z_into_corrupt,L20H14,0,0,0,23.375,24.25,0.875,5,3
D3,D3:v4_d3_factual_claim_ignore_title_normalized:cdba62445109:133962:lookup:ignore,rescue_clean_z_into_corrupt,L20H14,0,0,0,22.5,23.625,1.125,5,3
D3,D3:v4_d3_factual_claim_ignore_title_normalized:cdba62445109:21711:fetch:ignore,rescue_clean_z_into_corrupt,L20H14,0,0,0,21.125,22.25,1.125,7,5
D3,D3:v4_d3_factual_claim_ignore_title_normalized:cdba62445109:144495:fetch:ignore,rescue_clean_z_into_corrupt,all_3,0,0,0,22.75,25.375,2.625,4,3
D3,D3:v4_d3_factual_claim_ignore_title_normalized:cdba62445109:59011:research:ignore,rescue_clean_z_into_corrupt,all_3,0,0,0,21.875,24.875,3.0,7,3
D3,D3:v4_d3_factual_claim_ignore_title_normalized:cdba62445109:71474:lookup:ignore,rescue_clean_z_into_corrupt,all_3,0,0,0,20.875,24.375,3.5,10,3
D3,D3:v4_d3_factual_claim_ignore_title_normalized:cdba62445109:31536:retrieve:ignore,rescue_clean_z_into_corrupt,all_3,0,0,0,23.125,25.5,2.375,3,2
D3,D3:v4_d3_factual_claim_ignore_title_normalized:cdba62445109:166716:search:ignore,rescue_clean_z_into_corrupt,all_3,0,0,0,21.875,24.875,3.0,10,2
D3,D3:v4_d3_factual_claim_ignore_title_normalized:cdba62445109:223411:lookup:ignore,rescue_clean_z_into_corrupt,all_3,0,0,0,22.75,25.0,2.25,4,3
D3,D3:v4_d3_factual_claim_ignore_title_normalized:cdba62445109:93579:retrieve:ignore,rescue_clean_z_into_corrupt,all_3,0,0,0,23.875,26.25,2.375,3,3
D3,D3:v4_d3_factual_claim_ignore_title_normalized:cdba62445109:206099:search:ignore,rescue_clean_z_into_corrupt,all_3,0,0,0,21.125,24.0,2.875,12,4
D3,D3:v4_d3_factual_claim_ignore_title_normalized:cdba62445109:56188:research:ignore,rescue_clean_z_into_corrupt,all_3,0,0,0,21.625,24.375,2.75,6,3
D3,D3:v4_d3_factual_claim_ignore_title_normalized:cdba62445109:3229:retrieve:ignore,rescue_clean_z_into_corrupt,all_3,0,0,0,21.375,24.125,2.75,5,3
D3,D3:v4_d3_factual_claim_ignore_title_normalized:cdba62445109:52990:fetch:ignore,rescue_clean_z_into_corrupt,all_3,0,0,0,24.25,26.125,1.875,3,2
D3,D3:v4_d3_factual_claim_ignore_title_normalized:cdba62445109:91138:lookup:ignore,rescue_clean_z_into_corrupt,all_3,0,0,0,23.0,24.75,1.75,4,3
D3,D3:v4_d3_factual_claim_ignore_title_normalized:cdba62445109:76806:lookup:ignore,rescue_clean_z_into_corrupt,all_3,0,0,0,22.75,24.75,2.0,3,3
D3,D3:v4_d3_factual_claim_ignore_title_normalized:cdba62445109:5808:research:ignore,rescue_clean_z_into_corrupt,all_3,0,0,0,20.875,23.5,2.625,9,4
D3,D3:v4_d3_factual_claim_ignore_title_normalized:cdba62445109:101267:search:ignore,rescue_clean_z_into_corrupt,all_3,0,0,0,23.625,26.25,2.625,4,2
D3,D3:v4_d3_factual_claim_ignore_title_normalized:cdba62445109:73920:research:ignore,rescue_clean_z_into_corrupt,all_3,0,0,0,22.25,24.625,2.375,5,3
D3,D3:v4_d3_factual_claim_ignore_title_normalized:cdba62445109:86468:research:ignore,rescue_clean_z_into_corrupt,all_3,0,0,0,22.375,24.625,2.25,6,3
D3,D3:v4_d3_factual_claim_ignore_title_normalized:cdba62445109:7789:retrieve:ignore,rescue_clean_z_into_corrupt,all_3,0,0,0,23.75,25.875,2.125,3,2
D3,D3:v4_d3_factual_claim_ignore_title_normalized:cdba62445109:17888:lookup:ignore,rescue_clean_z_into_corrupt,all_3,0,0,0,22.875,24.75,1.875,5,3
D3,D3:v4_d3_factual_claim_ignore_title_normalized:cdba62445109:153830:retrieve:ignore,rescue_clean_z_into_corrupt,all_3,0,0,0,24.375,26.25,1.875,3,2
D3,D3:v4_d3_factual_claim_ignore_title_normalized:cdba62445109:19259:search:ignore,rescue_clean_z_into_corrupt,all_3,0,0,0,23.125,26.0,2.875,5,2
D3,D3:v4_d3_factual_claim_ignore_title_normalized:cdba62445109:48356:search:ignore,rescue_clean_z_into_corrupt,all_3,0,0,0,22.375,25.25,2.875,8,3
D3,D3:v4_d3_factual_claim_ignore_title_normalized:cdba62445109:24751:research:ignore,rescue_clean_z_into_corrupt,all_3,0,0,0,24.375,26.625,2.25,3,2
D3,D3:v4_d3_factual_claim_ignore_title_normalized:cdba62445109:34632:research:ignore,rescue_clean_z_into_corrupt,all_3,0,0,0,22.0,25.625,3.625,9,3
D3,D3:v4_d3_factual_claim_ignore_title_normalized:cdba62445109:43398:fetch:ignore,rescue_clean_z_into_corrupt,all_3,0,0,0,23.125,25.125,2.0,5,3
D3,D3:v4_d3_factual_claim_ignore_title_normalized:cdba62445109:155254:fetch:ignore,rescue_clean_z_into_corrupt,all_3,0,0,0,21.25,24.375,3.125,5,3
D3,D3:v4_d3_factual_claim_ignore_title_normalized:cdba62445109:196931:fetch:ignore,rescue_clean_z_into_corrupt,all_3,0,0,0,23.625,25.75,2.125,4,3
D3,D3:v4_d3_factual_claim_ignore_title_normalized:cdba62445109:146603:lookup:ignore,rescue_clean_z_into_corrupt,all_3,0,0,0,22.125,24.375,2.25,9,3
D3,D3:v4_d3_factual_claim_ignore_title_normalized:cdba62445109:60667:retrieve:ignore,rescue_clean_z_into_corrupt,all_3,0,0,0,24.25,26.25,2.0,3,2
D3,D3:v4_d3_factual_claim_ignore_title_normalized:cdba62445109:171865:search:ignore,rescue_clean_z_into_corrupt,all_3,0,0,0,22.75,25.0,2.25,5,3
D3,D3:v4_d3_factual_claim_ignore_title_normalized:cdba62445109:151404:lookup:ignore,rescue_clean_z_into_corrupt,all_3,0,0,0,22.0,24.5,2.5,5,3
D3,D3:v4_d3_factual_claim_ignore_title_normalized:cdba62445109:6247:search:ignore,rescue_clean_z_into_corrupt,all_3,0,0,0,23.375,26.5,3.125,5,2
D3,D3:v4_d3_factual_claim_ignore_title_normalized:cdba62445109:15035:fetch:ignore,rescue_clean_z_into_corrupt,all_3,0,0,0,24.875,26.625,1.75,3,2
D3,D3:v4_d3_factual_claim_ignore_title_normalized:cdba62445109:55360:research:ignore,rescue_clean_z_into_corrupt,all_3,0,0,0,24.125,26.375,2.25,3,2
D3,D3:v4_d3_factual_claim_ignore_title_normalized:cdba62445109:79649:search:ignore,rescue_clean_z_into_corrupt,all_3,0,0,0,20.375,23.25,2.875,12,5
D3,D3:v4_d3_factual_claim_ignore_title_normalized:cdba62445109:95924:research:ignore,rescue_clean_z_into_corrupt,all_3,0,0,0,20.875,23.25,2.375,10,5
D3,D3:v4_d3_factual_claim_ignore_title_normalized:cdba62445109:98083:retrieve:ignore,rescue_clean_z_into_corrupt,all_3,0,0,0,23.75,25.375,1.625,3,2
D3,D3:v4_d3_factual_claim_ignore_title_normalized:cdba62445109:57419:fetch:ignore,rescue_clean_z_into_corrupt,all_3,0,0,0,22.75,25.0,2.25,4,2
D3,D3:v4_d3_factual_claim_ignore_title_normalized:cdba62445109:66422:lookup:ignore,rescue_clean_z_into_corrupt,all_3,0,0,0,23.125,26.0,2.875,6,3
D3,D3:v4_d3_factual_claim_ignore_title_normalized:cdba62445109:77244:lookup:ignore,rescue_clean_z_into_corrupt,all_3,0,0,0,19.75,23.0,3.25,12,4
D3,D3:v4_d3_factual_claim_ignore_title_normalized:cdba62445109:2731:search:ignore,rescue_clean_z_into_corrupt,all_3,0,0,0,23.625,26.0,2.375,3,2
D3,D3:v4_d3_factual_claim_ignore_title_normalized:cdba62445109:90710:fetch:ignore,rescue_clean_z_into_corrupt,all_3,0,0,0,24.625,26.625,2.0,3,2
D3,D3:v4_d3_factual_claim_ignore_title_normalized:cdba62445109:52676:search:ignore,rescue_clean_z_into_corrupt,all_3,0,0,0,23.375,26.0,2.625,3,2
D3,D3:v4_d3_factual_claim_ignore_title_normalized:cdba62445109:228281:research:ignore,rescue_clean_z_into_corrupt,all_3,0,0,0,22.75,24.875,2.125,4,3
D3,D3:v4_d3_factual_claim_ignore_title_normalized:cdba62445109:65894:retrieve:ignore,rescue_clean_z_into_corrupt,all_3,0,0,0,23.875,25.625,1.75,3,2
D3,D3:v4_d3_factual_claim_ignore_title_normalized:cdba62445109:17949:retrieve:ignore,rescue_clean_z_into_corrupt,all_3,0,0,0,25.0,26.875,1.875,3,2
D3,D3:v4_d3_factual_claim_ignore_title_normalized:cdba62445109:32400:retrieve:ignore,rescue_clean_z_into_corrupt,all_3,0,0,0,22.0,24.75,2.75,4,2
D3,D3:v4_d3_factual_claim_ignore_title_normalized:cdba62445109:12480:retrieve:ignore,rescue_clean_z_into_corrupt,all_3,0,0,0,23.625,25.625,2.0,4,2
D3,D3:v4_d3_factual_claim_ignore_title_normalized:cdba62445109:57200:retrieve:ignore,rescue_clean_z_into_corrupt,all_3,0,0,0,23.0,25.375,2.375,3,2
D3,D3:v4_d3_factual_claim_ignore_title_normalized:cdba62445109:126106:lookup:ignore,rescue_clean_z_into_corrupt,all_3,0,0,0,21.875,24.125,2.25,6,3
D3,D3:v4_d3_factual_claim_ignore_title_normalized:cdba62445109:153947:search:ignore,rescue_clean_z_into_corrupt,all_3,0,0,0,23.875,25.625,1.75,4,2
D3,D3:v4_d3_factual_claim_ignore_title_normalized:cdba62445109:15511:lookup:ignore,rescue_clean_z_into_corrupt,all_3,0,0,0,24.625,26.625,2.0,3,2
D3,D3:v4_d3_factual_claim_ignore_title_normalized:cdba62445109:33211:research:ignore,rescue_clean_z_into_corrupt,all_3,0,0,0,22.5,24.125,1.625,5,3
D3,D3:v4_d3_factual_claim_ignore_title_normalized:cdba62445109:115862:research:ignore,rescue_clean_z_into_corrupt,all_3,0,0,0,22.625,24.625,2.0,6,2
D3,D3:v4_d3_factual_claim_ignore_title_normalized:cdba62445109:59356:lookup:ignore,rescue_clean_z_into_corrupt,all_3,0,0,0,22.25,24.5,2.25,6,3
D3,D3:v4_d3_factual_claim_ignore_title_normalized:cdba62445109:8670:fetch:ignore,rescue_clean_z_into_corrupt,all_3,0,0,0,24.0,26.125,2.125,3,2
D3,D3:v4_d3_factual_claim_ignore_title_normalized:cdba62445109:185448:search:ignore,rescue_clean_z_into_corrupt,all_3,0,0,0,23.125,26.25,3.125,5,2
D3,D3:v4_d3_factual_claim_ignore_title_normalized:cdba62445109:219859:fetch:ignore,rescue_clean_z_into_corrupt,all_3,0,0,0,23.5,25.5,2.0,4,2
D3,D3:v4_d3_factual_claim_ignore_title_normalized:cdba62445109:72094:fetch:ignore,rescue_clean_z_into_corrupt,all_3,0,0,0,21.5,24.875,3.375,7,3
D3,D3:v4_d3_factual_claim_ignore_title_normalized:cdba62445109:64912:search:ignore,rescue_clean_z_into_corrupt,all_3,0,0,0,23.125,25.0,1.875,8,4
D3,D3:v4_d3_factual_claim_ignore_title_normalized:cdba62445109:140888:lookup:ignore,rescue_clean_z_into_corrupt,all_3,0,0,0,23.125,25.0,1.875,4,3
D3,D3:v4_d3_factual_claim_ignore_title_normalized:cdba62445109:159779:retrieve:ignore,rescue_clean_z_into_corrupt,all_3,0,0,0,23.25,25.375,2.125,5,3
D3,D3:v4_d3_factual_claim_ignore_title_normalized:cdba62445109:163777:fetch:ignore,rescue_clean_z_into_corrupt,all_3,0,0,0,23.375,26.625,3.25,4,2
D3,D3:v4_d3_factual_claim_ignore_title_normalized:cdba62445109:223430:research:ignore,rescue_clean_z_into_corrupt,all_3,0,0,0,22.875,24.75,1.875,4,3
D3,D3:v4_d3_factual_claim_ignore_title_normalized:cdba62445109:203777:research:ignore,rescue_clean_z_into_corrupt,all_3,0,0,0,20.375,22.875,2.5,7,4
D3,D3:v4_d3_factual_claim_ignore_title_normalized:cdba62445109:166720:fetch:ignore,rescue_clean_z_into_corrupt,all_3,0,0,0,22.375,25.25,2.875,6,2
D3,D3:v4_d3_factual_claim_ignore_title_normalized:cdba62445109:160769:research:ignore,rescue_clean_z_into_corrupt,all_3,0,0,0,22.5,25.5,3.0,8,4
D3,D3:v4_d3_factual_claim_ignore_title_normalized:cdba62445109:85720:retrieve:ignore,rescue_clean_z_into_corrupt,all_3,0,0,0,23.0,24.875,1.875,4,3
D3,D3:v4_d3_factual_claim_ignore_title_normalized:cdba62445109:15624:retrieve:ignore,rescue_clean_z_into_corrupt,all_3,0,0,0,24.125,26.375,2.25,4,2
D3,D3:v4_d3_factual_claim_ignore_title_normalized:cdba62445109:48334:search:ignore,rescue_clean_z_into_corrupt,all_3,0,0,0,24.125,26.125,2.0,3,2
D3,D3:v4_d3_factual_claim_ignore_title_normalized:cdba62445109:228292:lookup:ignore,rescue_clean_z_into_corrupt,all_3,0,0,0,22.25,24.5,2.25,3,3
D3,D3:v4_d3_factual_claim_ignore_title_normalized:cdba62445109:9311:retrieve:ignore,rescue_clean_z_into_corrupt,all_3,0,0,0,24.625,26.625,2.0,3,2
D3,D3:v4_d3_factual_claim_ignore_title_normalized:cdba62445109:80704:search:ignore,rescue_clean_z_into_corrupt,all_3,0,0,0,23.0,25.375,2.375,7,3
D3,D3:v4_d3_factual_claim_ignore_title_normalized:cdba62445109:196932:research:ignore,rescue_clean_z_into_corrupt,all_3,0,0,0,24.25,26.625,2.375,4,2
D3,D3:v4_d3_factual_claim_ignore_title_normalized:cdba62445109:184328:lookup:ignore,rescue_clean_z_into_corrupt,all_3,0,0,0,22.625,24.25,1.625,5,4
D3,D3:v4_d3_factual_claim_ignore_title_normalized:cdba62445109:100391:search:ignore,rescue_clean_z_into_corrupt,all_3,0,0,0,23.0,24.625,1.625,4,3
D3,D3:v4_d3_factual_claim_ignore_title_normalized:cdba62445109:229329:lookup:ignore,rescue_clean_z_into_corrupt,all_3,0,0,0,24.75,27.25,2.5,4,2
D3,D3:v4_d3_factual_claim_ignore_title_normalized:cdba62445109:134000:retrieve:ignore,rescue_clean_z_into_corrupt,all_3,0,0,0,24.25,26.375,2.125,3,2
D3,D3:v4_d3_factual_claim_ignore_title_normalized:cdba62445109:38458:fetch:ignore,rescue_clean_z_into_corrupt,all_3,0,0,0,22.875,25.0,2.125,4,2
D3,D3:v4_d3_factual_claim_ignore_title_normalized:cdba62445109:149240:research:ignore,rescue_clean_z_into_corrupt,all_3,0,0,0,23.375,25.125,1.75,4,2
D3,D3:v4_d3_factual_claim_ignore_title_normalized:cdba62445109:17196:lookup:ignore,rescue_clean_z_into_corrupt,all_3,0,0,0,23.125,24.75,1.625,4,3
D3,D3:v4_d3_factual_claim_ignore_title_normalized:cdba62445109:68529:retrieve:ignore,rescue_clean_z_into_corrupt,all_3,0,0,0,25.125,26.75,1.625,3,2
D3,D3:v4_d3_factual_claim_ignore_title_normalized:cdba62445109:38881:retrieve:ignore,rescue_clean_z_into_corrupt,all_3,0,0,0,23.5,25.625,2.125,3,2
D3,D3:v4_d3_factual_claim_ignore_title_normalized:cdba62445109:145082:research:ignore,rescue_clean_z_into_corrupt,all_3,0,0,0,22.5,25.0,2.5,5,4
D3,D3:v4_d3_factual_claim_ignore_title_normalized:cdba62445109:69490:fetch:ignore,rescue_clean_z_into_corrupt,all_3,0,0,0,24.625,26.0,1.375,3,2
D3,D3:v4_d3_factual_claim_ignore_title_normalized:cdba62445109:206071:research:ignore,rescue_clean_z_into_corrupt,all_3,0,0,0,21.125,23.75,2.625,13,4
D3,D3:v4_d3_factual_claim_ignore_title_normalized:cdba62445109:14352:search:ignore,rescue_clean_z_into_corrupt,all_3,0,0,0,20.625,24.125,3.5,13,3
D3,D3:v4_d3_factual_claim_ignore_title_normalized:cdba62445109:101718:lookup:ignore,rescue_clean_z_into_corrupt,all_3,0,0,0,24.5,26.125,1.625,3,2
D3,D3:v4_d3_factual_claim_ignore_title_normalized:cdba62445109:124929:fetch:ignore,rescue_clean_z_into_corrupt,all_3,0,0,0,23.625,25.875,2.25,5,2
D3,D3:v4_d3_factual_claim_ignore_title_normalized:cdba62445109:149384:fetch:ignore,rescue_clean_z_into_corrupt,all_3,0,0,0,21.875,24.5,2.625,5,3
D3,D3:v4_d3_factual_claim_ignore_title_normalized:cdba62445109:192070:retrieve:ignore,rescue_clean_z_into_corrupt,all_3,0,0,0,23.125,25.875,2.75,5,2
D3,D3:v4_d3_factual_claim_ignore_title_normalized:cdba62445109:10594:search:ignore,rescue_clean_z_into_corrupt,all_3,0,0,0,23.5,25.625,2.125,4,3
D3,D3:v4_d3_factual_claim_ignore_title_normalized:cdba62445109:171868:lookup:ignore,rescue_clean_z_into_corrupt,all_3,0,0,0,24.625,26.25,1.625,4,2
D3,D3:v4_d3_factual_claim_ignore_title_normalized:cdba62445109:206082:research:ignore,rescue_clean_z_into_corrupt,all_3,0,0,0,21.125,23.75,2.625,13,4
D3,D3:v4_d3_factual_claim_ignore_title_normalized:cdba62445109:189221:fetch:ignore,rescue_clean_z_into_corrupt,all_3,0,0,0,23.875,26.0,2.125,3,2
D3,D3:v4_d3_factual_claim_ignore_title_normalized:cdba62445109:166710:search:ignore,rescue_clean_z_into_corrupt,all_3,0,0,0,22.25,24.375,2.125,7,3
D3,D3:v4_d3_factual_claim_ignore_title_normalized:cdba62445109:189204:fetch:ignore,rescue_clean_z_into_corrupt,all_3,0,0,0,24.5,26.125,1.625,3,2
D3,D3:v4_d3_factual_claim_ignore_title_normalized:cdba62445109:35836:search:ignore,rescue_clean_z_into_corrupt,all_3,0,0,0,23.375,25.25,1.875,5,2
D3,D3:v4_d3_factual_claim_ignore_title_normalized:cdba62445109:133962:lookup:ignore,rescue_clean_z_into_corrupt,all_3,0,0,0,22.5,24.75,2.25,5,3
D3,D3:v4_d3_factual_claim_ignore_title_normalized:cdba62445109:21711:fetch:ignore,rescue_clean_z_into_corrupt,all_3,0,0,0,21.125,23.875,2.75,7,3
D3,D3:v4_d3_factual_claim_ignore_title_normalized:cdba62445109:144495:fetch:ignore,ablate_corrupt_z_into_clean,L19H31,1,1,0,32.0,31.25,-0.75,1,1
D3,D3:v4_d3_factual_claim_ignore_title_normalized:cdba62445109:59011:research:ignore,ablate_corrupt_z_into_clean,L19H31,1,1,0,33.0,32.25,-0.75,1,1
D3,D3:v4_d3_factual_claim_ignore_title_normalized:cdba62445109:71474:lookup:ignore,ablate_corrupt_z_into_clean,L19H31,1,1,0,34.25,34.25,0.0,1,1
D3,D3:v4_d3_factual_claim_ignore_title_normalized:cdba62445109:31536:retrieve:ignore,ablate_corrupt_z_into_clean,L19H31,1,1,0,32.0,31.75,-0.25,1,1
D3,D3:v4_d3_factual_claim_ignore_title_normalized:cdba62445109:166716:search:ignore,ablate_corrupt_z_into_clean,L19H31,1,1,0,35.25,34.5,-0.75,1,1
D3,D3:v4_d3_factual_claim_ignore_title_normalized:cdba62445109:223411:lookup:ignore,ablate_corrupt_z_into_clean,L19H31,1,1,0,34.25,34.0,-0.25,1,1
D3,D3:v4_d3_factual_claim_ignore_title_normalized:cdba62445109:93579:retrieve:ignore,ablate_corrupt_z_into_clean,L19H31,1,1,0,32.75,32.5,-0.25,1,1
D3,D3:v4_d3_factual_claim_ignore_title_normalized:cdba62445109:206099:search:ignore,ablate_corrupt_z_into_clean,L19H31,1,1,0,34.75,34.0,-0.75,1,1
D3,D3:v4_d3_factual_claim_ignore_title_normalized:cdba62445109:56188:research:ignore,ablate_corrupt_z_into_clean,L19H31,1,1,0,33.25,32.0,-1.25,1,1
D3,D3:v4_d3_factual_claim_ignore_title_normalized:cdba62445109:3229:retrieve:ignore,ablate_corrupt_z_into_clean,L19H31,1,1,0,32.0,31.5,-0.5,1,1
D3,D3:v4_d3_factual_claim_ignore_title_normalized:cdba62445109:52990:fetch:ignore,ablate_corrupt_z_into_clean,L19H31,1,1,0,33.5,33.0,-0.5,1,1
D3,D3:v4_d3_factual_claim_ignore_title_normalized:cdba62445109:91138:lookup:ignore,ablate_corrupt_z_into_clean,L19H31,1,1,0,34.25,33.25,-1.0,1,1
D3,D3:v4_d3_factual_claim_ignore_title_normalized:cdba62445109:76806:lookup:ignore,ablate_corrupt_z_into_clean,L19H31,1,1,0,33.75,33.25,-0.5,1,1
D3,D3:v4_d3_factual_claim_ignore_title_normalized:cdba62445109:5808:research:ignore,ablate_corrupt_z_into_clean,L19H31,1,1,0,34.25,34.0,-0.25,1,1
D3,D3:v4_d3_factual_claim_ignore_title_normalized:cdba62445109:101267:search:ignore,ablate_corrupt_z_into_clean,L19H31,1,1,0,35.0,34.5,-0.5,1,1
D3,D3:v4_d3_factual_claim_ignore_title_normalized:cdba62445109:73920:research:ignore,ablate_corrupt_z_into_clean,L19H31,1,1,0,34.5,34.25,-0.25,1,1
D3,D3:v4_d3_factual_claim_ignore_title_normalized:cdba62445109:86468:research:ignore,ablate_corrupt_z_into_clean,L19H31,1,1,0,34.0,33.25,-0.75,1,1
D3,D3:v4_d3_factual_claim_ignore_title_normalized:cdba62445109:7789:retrieve:ignore,ablate_corrupt_z_into_clean,L19H31,1,1,0,32.25,31.75,-0.5,1,1
D3,D3:v4_d3_factual_claim_ignore_title_normalized:cdba62445109:17888:lookup:ignore,ablate_corrupt_z_into_clean,L19H31,1,1,0,33.75,32.75,-1.0,1,1
D3,D3:v4_d3_factual_claim_ignore_title_normalized:cdba62445109:153830:retrieve:ignore,ablate_corrupt_z_into_clean,L19H31,1,1,0,32.25,31.625,-0.625,1,1
D3,D3:v4_d3_factual_claim_ignore_title_normalized:cdba62445109:19259:search:ignore,ablate_corrupt_z_into_clean,L19H31,1,1,0,34.25,33.75,-0.5,1,1
D3,D3:v4_d3_factual_claim_ignore_title_normalized:cdba62445109:48356:search:ignore,ablate_corrupt_z_into_clean,L19H31,1,1,0,35.0,34.5,-0.5,1,1
D3,D3:v4_d3_factual_claim_ignore_title_normalized:cdba62445109:24751:research:ignore,ablate_corrupt_z_into_clean,L19H31,1,1,0,34.25,33.5,-0.75,1,1
D3,D3:v4_d3_factual_claim_ignore_title_normalized:cdba62445109:34632:research:ignore,ablate_corrupt_z_into_clean,L19H31,1,1,0,34.5,34.0,-0.5,1,1
D3,D3:v4_d3_factual_claim_ignore_title_normalized:cdba62445109:43398:fetch:ignore,ablate_corrupt_z_into_clean,L19H31,1,1,0,32.5,31.75,-0.75,1,1
D3,D3:v4_d3_factual_claim_ignore_title_normalized:cdba62445109:155254:fetch:ignore,ablate_corrupt_z_into_clean,L19H31,1,1,0,31.625,31.0,-0.625,1,1
D3,D3:v4_d3_factual_claim_ignore_title_normalized:cdba62445109:196931:fetch:ignore,ablate_corrupt_z_into_clean,L19H31,1,1,0,32.75,32.0,-0.75,1,1
D3,D3:v4_d3_factual_claim_ignore_title_normalized:cdba62445109:146603:lookup:ignore,ablate_corrupt_z_into_clean,L19H31,1,1,0,34.25,33.25,-1.0,1,1
D3,D3:v4_d3_factual_claim_ignore_title_normalized:cdba62445109:60667:retrieve:ignore,ablate_corrupt_z_into_clean,L19H31,1,1,0,32.25,31.625,-0.625,1,1
D3,D3:v4_d3_factual_claim_ignore_title_normalized:cdba62445109:171865:search:ignore,ablate_corrupt_z_into_clean,L19H31,1,1,0,34.0,33.25,-0.75,1,1
D3,D3:v4_d3_factual_claim_ignore_title_normalized:cdba62445109:151404:lookup:ignore,ablate_corrupt_z_into_clean,L19H31,1,1,0,34.5,34.0,-0.5,1,1
D3,D3:v4_d3_factual_claim_ignore_title_normalized:cdba62445109:6247:search:ignore,ablate_corrupt_z_into_clean,L19H31,1,1,0,35.25,34.5,-0.75,1,1
D3,D3:v4_d3_factual_claim_ignore_title_normalized:cdba62445109:15035:fetch:ignore,ablate_corrupt_z_into_clean,L19H31,1,1,0,33.5,32.75,-0.75,1,1
D3,D3:v4_d3_factual_claim_ignore_title_normalized:cdba62445109:55360:research:ignore,ablate_corrupt_z_into_clean,L19H31,1,1,0,34.0,33.75,-0.25,1,1
D3,D3:v4_d3_factual_claim_ignore_title_normalized:cdba62445109:79649:search:ignore,ablate_corrupt_z_into_clean,L19H31,1,1,0,34.0,32.75,-1.25,1,1
D3,D3:v4_d3_factual_claim_ignore_title_normalized:cdba62445109:95924:research:ignore,ablate_corrupt_z_into_clean,L19H31,1,1,0,33.75,32.75,-1.0,1,1
D3,D3:v4_d3_factual_claim_ignore_title_normalized:cdba62445109:98083:retrieve:ignore,ablate_corrupt_z_into_clean,L19H31,1,1,0,33.5,32.75,-0.75,1,1
D3,D3:v4_d3_factual_claim_ignore_title_normalized:cdba62445109:57419:fetch:ignore,ablate_corrupt_z_into_clean,L19H31,1,1,0,33.0,32.25,-0.75,1,1
D3,D3:v4_d3_factual_claim_ignore_title_normalized:cdba62445109:66422:lookup:ignore,ablate_corrupt_z_into_clean,L19H31,1,1,0,34.75,34.5,-0.25,1,1
D3,D3:v4_d3_factual_claim_ignore_title_normalized:cdba62445109:77244:lookup:ignore,ablate_corrupt_z_into_clean,L19H31,1,1,0,34.0,32.75,-1.25,1,1
D3,D3:v4_d3_factual_claim_ignore_title_normalized:cdba62445109:2731:search:ignore,ablate_corrupt_z_into_clean,L19H31,1,1,0,35.25,34.5,-0.75,1,1
D3,D3:v4_d3_factual_claim_ignore_title_normalized:cdba62445109:90710:fetch:ignore,ablate_corrupt_z_into_clean,L19H31,1,1,0,33.0,32.5,-0.5,1,1
D3,D3:v4_d3_factual_claim_ignore_title_normalized:cdba62445109:52676:search:ignore,ablate_corrupt_z_into_clean,L19H31,1,1,0,33.25,32.25,-1.0,1,1
D3,D3:v4_d3_factual_claim_ignore_title_normalized:cdba62445109:228281:research:ignore,ablate_corrupt_z_into_clean,L19H31,1,1,0,33.0,32.25,-0.75,1,1
D3,D3:v4_d3_factual_claim_ignore_title_normalized:cdba62445109:65894:retrieve:ignore,ablate_corrupt_z_into_clean,L19H31,1,1,0,32.0,31.625,-0.375,1,1
D3,D3:v4_d3_factual_claim_ignore_title_normalized:cdba62445109:17949:retrieve:ignore,ablate_corrupt_z_into_clean,L19H31,1,1,0,32.75,32.25,-0.5,1,1
D3,D3:v4_d3_factual_claim_ignore_title_normalized:cdba62445109:32400:retrieve:ignore,ablate_corrupt_z_into_clean,L19H31,1,1,0,32.0,31.5,-0.5,1,1
D3,D3:v4_d3_factual_claim_ignore_title_normalized:cdba62445109:12480:retrieve:ignore,ablate_corrupt_z_into_clean,L19H31,1,1,0,31.25,30.5,-0.75,1,1
D3,D3:v4_d3_factual_claim_ignore_title_normalized:cdba62445109:57200:retrieve:ignore,ablate_corrupt_z_into_clean,L19H31,1,1,0,31.25,30.625,-0.625,1,1
D3,D3:v4_d3_factual_claim_ignore_title_normalized:cdba62445109:126106:lookup:ignore,ablate_corrupt_z_into_clean,L19H31,1,1,0,34.5,33.75,-0.75,1,1
D3,D3:v4_d3_factual_claim_ignore_title_normalized:cdba62445109:153947:search:ignore,ablate_corrupt_z_into_clean,L19H31,1,1,0,34.0,32.75,-1.25,1,1
D3,D3:v4_d3_factual_claim_ignore_title_normalized:cdba62445109:15511:lookup:ignore,ablate_corrupt_z_into_clean,L19H31,1,1,0,33.0,32.25,-0.75,1,1
D3,D3:v4_d3_factual_claim_ignore_title_normalized:cdba62445109:33211:research:ignore,ablate_corrupt_z_into_clean,L19H31,1,1,0,33.5,32.5,-1.0,1,1
D3,D3:v4_d3_factual_claim_ignore_title_normalized:cdba62445109:115862:research:ignore,ablate_corrupt_z_into_clean,L19H31,1,1,0,34.0,33.5,-0.5,1,1
D3,D3:v4_d3_factual_claim_ignore_title_normalized:cdba62445109:59356:lookup:ignore,ablate_corrupt_z_into_clean,L19H31,1,1,0,33.75,33.0,-0.75,1,1
D3,D3:v4_d3_factual_claim_ignore_title_normalized:cdba62445109:8670:fetch:ignore,ablate_corrupt_z_into_clean,L19H31,1,1,0,32.75,31.875,-0.875,1,1
D3,D3:v4_d3_factual_claim_ignore_title_normalized:cdba62445109:185448:search:ignore,ablate_corrupt_z_into_clean,L19H31,1,1,0,34.5,33.5,-1.0,1,1
D3,D3:v4_d3_factual_claim_ignore_title_normalized:cdba62445109:219859:fetch:ignore,ablate_corrupt_z_into_clean,L19H31,1,1,0,31.75,30.875,-0.875,1,1
D3,D3:v4_d3_factual_claim_ignore_title_normalized:cdba62445109:72094:fetch:ignore,ablate_corrupt_z_into_clean,L19H31,1,1,0,32.0,31.875,-0.125,1,1
D3,D3:v4_d3_factual_claim_ignore_title_normalized:cdba62445109:64912:search:ignore,ablate_corrupt_z_into_clean,L19H31,1,1,0,33.75,32.75,-1.0,1,1
D3,D3:v4_d3_factual_claim_ignore_title_normalized:cdba62445109:140888:lookup:ignore,ablate_corrupt_z_into_clean,L19H31,1,1,0,34.25,33.5,-0.75,1,1
D3,D3:v4_d3_factual_claim_ignore_title_normalized:cdba62445109:159779:retrieve:ignore,ablate_corrupt_z_into_clean,L19H31,1,1,0,32.25,31.5,-0.75,1,1
D3,D3:v4_d3_factual_claim_ignore_title_normalized:cdba62445109:163777:fetch:ignore,ablate_corrupt_z_into_clean,L19H31,1,1,0,34.0,33.25,-0.75,1,1
D3,D3:v4_d3_factual_claim_ignore_title_normalized:cdba62445109:223430:research:ignore,ablate_corrupt_z_into_clean,L19H31,1,1,0,33.25,33.0,-0.25,1,1
D3,D3:v4_d3_factual_claim_ignore_title_normalized:cdba62445109:203777:research:ignore,ablate_corrupt_z_into_clean,L19H31,1,1,0,34.0,32.75,-1.25,1,1
D3,D3:v4_d3_factual_claim_ignore_title_normalized:cdba62445109:166720:fetch:ignore,ablate_corrupt_z_into_clean,L19H31,1,1,0,32.75,32.0,-0.75,1,1
D3,D3:v4_d3_factual_claim_ignore_title_normalized:cdba62445109:160769:research:ignore,ablate_corrupt_z_into_clean,L19H31,1,1,0,34.75,34.5,-0.25,1,1
D3,D3:v4_d3_factual_claim_ignore_title_normalized:cdba62445109:85720:retrieve:ignore,ablate_corrupt_z_into_clean,L19H31,1,1,0,31.875,31.125,-0.75,1,1
D3,D3:v4_d3_factual_claim_ignore_title_normalized:cdba62445109:15624:retrieve:ignore,ablate_corrupt_z_into_clean,L19H31,1,1,0,32.75,32.0,-0.75,1,1
D3,D3:v4_d3_factual_claim_ignore_title_normalized:cdba62445109:48334:search:ignore,ablate_corrupt_z_into_clean,L19H31,1,1,0,34.5,34.0,-0.5,1,1
D3,D3:v4_d3_factual_claim_ignore_title_normalized:cdba62445109:228292:lookup:ignore,ablate_corrupt_z_into_clean,L19H31,1,1,0,31.75,31.375,-0.375,1,1
D3,D3:v4_d3_factual_claim_ignore_title_normalized:cdba62445109:9311:retrieve:ignore,ablate_corrupt_z_into_clean,L19H31,1,1,0,32.0,31.75,-0.25,1,1
D3,D3:v4_d3_factual_claim_ignore_title_normalized:cdba62445109:80704:search:ignore,ablate_corrupt_z_into_clean,L19H31,1,1,0,34.75,34.0,-0.75,1,1
D3,D3:v4_d3_factual_claim_ignore_title_normalized:cdba62445109:196932:research:ignore,ablate_corrupt_z_into_clean,L19H31,1,1,0,34.5,34.25,-0.25,1,1
D3,D3:v4_d3_factual_claim_ignore_title_normalized:cdba62445109:184328:lookup:ignore,ablate_corrupt_z_into_clean,L19H31,1,1,0,34.5,34.0,-0.5,1,1
D3,D3:v4_d3_factual_claim_ignore_title_normalized:cdba62445109:100391:search:ignore,ablate_corrupt_z_into_clean,L19H31,1,1,0,33.25,31.875,-1.375,1,1
D3,D3:v4_d3_factual_claim_ignore_title_normalized:cdba62445109:229329:lookup:ignore,ablate_corrupt_z_into_clean,L19H31,1,1,0,35.0,34.25,-0.75,1,1
D3,D3:v4_d3_factual_claim_ignore_title_normalized:cdba62445109:134000:retrieve:ignore,ablate_corrupt_z_into_clean,L19H31,1,1,0,33.5,33.25,-0.25,1,1
D3,D3:v4_d3_factual_claim_ignore_title_normalized:cdba62445109:38458:fetch:ignore,ablate_corrupt_z_into_clean,L19H31,1,1,0,32.0,31.125,-0.875,1,1
D3,D3:v4_d3_factual_claim_ignore_title_normalized:cdba62445109:149240:research:ignore,ablate_corrupt_z_into_clean,L19H31,1,1,0,33.75,33.0,-0.75,1,1
D3,D3:v4_d3_factual_claim_ignore_title_normalized:cdba62445109:17196:lookup:ignore,ablate_corrupt_z_into_clean,L19H31,1,1,0,33.5,32.5,-1.0,1,1
D3,D3:v4_d3_factual_claim_ignore_title_normalized:cdba62445109:68529:retrieve:ignore,ablate_corrupt_z_into_clean,L19H31,1,1,0,32.5,32.25,-0.25,1,1
D3,D3:v4_d3_factual_claim_ignore_title_normalized:cdba62445109:38881:retrieve:ignore,ablate_corrupt_z_into_clean,L19H31,1,1,0,32.25,31.5,-0.75,1,1
D3,D3:v4_d3_factual_claim_ignore_title_normalized:cdba62445109:145082:research:ignore,ablate_corrupt_z_into_clean,L19H31,1,1,0,34.5,33.75,-0.75,1,1
D3,D3:v4_d3_factual_claim_ignore_title_normalized:cdba62445109:69490:fetch:ignore,ablate_corrupt_z_into_clean,L19H31,1,1,0,32.75,31.875,-0.875,1,1
D3,D3:v4_d3_factual_claim_ignore_title_normalized:cdba62445109:206071:research:ignore,ablate_corrupt_z_into_clean,L19H31,1,1,0,34.0,33.25,-0.75,1,1
D3,D3:v4_d3_factual_claim_ignore_title_normalized:cdba62445109:14352:search:ignore,ablate_corrupt_z_into_clean,L19H31,1,1,0,34.75,34.0,-0.75,1,1
D3,D3:v4_d3_factual_claim_ignore_title_normalized:cdba62445109:101718:lookup:ignore,ablate_corrupt_z_into_clean,L19H31,1,1,0,33.75,33.25,-0.5,1,1
D3,D3:v4_d3_factual_claim_ignore_title_normalized:cdba62445109:124929:fetch:ignore,ablate_corrupt_z_into_clean,L19H31,1,1,0,32.5,32.0,-0.5,1,1
D3,D3:v4_d3_factual_claim_ignore_title_normalized:cdba62445109:149384:fetch:ignore,ablate_corrupt_z_into_clean,L19H31,1,1,0,32.25,31.5,-0.75,1,1
D3,D3:v4_d3_factual_claim_ignore_title_normalized:cdba62445109:192070:retrieve:ignore,ablate_corrupt_z_into_clean,L19H31,1,1,0,33.0,32.25,-0.75,1,1
D3,D3:v4_d3_factual_claim_ignore_title_normalized:cdba62445109:10594:search:ignore,ablate_corrupt_z_into_clean,L19H31,1,1,0,32.75,32.0,-0.75,1,1
D3,D3:v4_d3_factual_claim_ignore_title_normalized:cdba62445109:171868:lookup:ignore,ablate_corrupt_z_into_clean,L19H31,1,1,0,33.75,33.0,-0.75,1,1
D3,D3:v4_d3_factual_claim_ignore_title_normalized:cdba62445109:206082:research:ignore,ablate_corrupt_z_into_clean,L19H31,1,1,0,34.0,33.25,-0.75,1,1
D3,D3:v4_d3_factual_claim_ignore_title_normalized:cdba62445109:189221:fetch:ignore,ablate_corrupt_z_into_clean,L19H31,1,1,0,32.75,32.0,-0.75,1,1
D3,D3:v4_d3_factual_claim_ignore_title_normalized:cdba62445109:166710:search:ignore,ablate_corrupt_z_into_clean,L19H31,1,1,0,34.25,33.75,-0.5,1,1
D3,D3:v4_d3_factual_claim_ignore_title_normalized:cdba62445109:189204:fetch:ignore,ablate_corrupt_z_into_clean,L19H31,1,1,0,32.75,32.25,-0.5,1,1
D3,D3:v4_d3_factual_claim_ignore_title_normalized:cdba62445109:35836:search:ignore,ablate_corrupt_z_into_clean,L19H31,1,1,0,33.25,32.25,-1.0,1,1
D3,D3:v4_d3_factual_claim_ignore_title_normalized:cdba62445109:133962:lookup:ignore,ablate_corrupt_z_into_clean,L19H31,1,1,0,34.5,34.0,-0.5,1,1
D3,D3:v4_d3_factual_claim_ignore_title_normalized:cdba62445109:21711:fetch:ignore,ablate_corrupt_z_into_clean,L19H31,1,1,0,33.75,33.0,-0.75,1,1
D3,D3:v4_d3_factual_claim_ignore_title_normalized:cdba62445109:144495:fetch:ignore,ablate_corrupt_z_into_clean,L20H29,1,1,0,32.0,31.875,-0.125,1,1
D3,D3:v4_d3_factual_claim_ignore_title_normalized:cdba62445109:59011:research:ignore,ablate_corrupt_z_into_clean,L20H29,1,1,0,33.0,32.5,-0.5,1,1
D3,D3:v4_d3_factual_claim_ignore_title_normalized:cdba62445109:71474:lookup:ignore,ablate_corrupt_z_into_clean,L20H29,1,1,0,34.25,34.25,0.0,1,1
D3,D3:v4_d3_factual_claim_ignore_title_normalized:cdba62445109:31536:retrieve:ignore,ablate_corrupt_z_into_clean,L20H29,1,1,0,32.0,32.0,0.0,1,1
D3,D3:v4_d3_factual_claim_ignore_title_normalized:cdba62445109:166716:search:ignore,ablate_corrupt_z_into_clean,L20H29,1,1,0,35.25,35.0,-0.25,1,1
D3,D3:v4_d3_factual_claim_ignore_title_normalized:cdba62445109:223411:lookup:ignore,ablate_corrupt_z_into_clean,L20H29,1,1,0,34.25,34.25,0.0,1,1
D3,D3:v4_d3_factual_claim_ignore_title_normalized:cdba62445109:93579:retrieve:ignore,ablate_corrupt_z_into_clean,L20H29,1,1,0,32.75,32.75,0.0,1,1
D3,D3:v4_d3_factual_claim_ignore_title_normalized:cdba62445109:206099:search:ignore,ablate_corrupt_z_into_clean,L20H29,1,1,0,34.75,34.5,-0.25,1,1
D3,D3:v4_d3_factual_claim_ignore_title_normalized:cdba62445109:56188:research:ignore,ablate_corrupt_z_into_clean,L20H29,1,1,0,33.25,33.0,-0.25,1,1
D3,D3:v4_d3_factual_claim_ignore_title_normalized:cdba62445109:3229:retrieve:ignore,ablate_corrupt_z_into_clean,L20H29,1,1,0,32.0,31.75,-0.25,1,1
D3,D3:v4_d3_factual_claim_ignore_title_normalized:cdba62445109:52990:fetch:ignore,ablate_corrupt_z_into_clean,L20H29,1,1,0,33.5,33.25,-0.25,1,1
D3,D3:v4_d3_factual_claim_ignore_title_normalized:cdba62445109:91138:lookup:ignore,ablate_corrupt_z_into_clean,L20H29,1,1,0,34.25,34.0,-0.25,1,1
D3,D3:v4_d3_factual_claim_ignore_title_normalized:cdba62445109:76806:lookup:ignore,ablate_corrupt_z_into_clean,L20H29,1,1,0,33.75,33.5,-0.25,1,1
D3,D3:v4_d3_factual_claim_ignore_title_normalized:cdba62445109:5808:research:ignore,ablate_corrupt_z_into_clean,L20H29,1,1,0,34.25,34.25,0.0,1,1
D3,D3:v4_d3_factual_claim_ignore_title_normalized:cdba62445109:101267:search:ignore,ablate_corrupt_z_into_clean,L20H29,1,1,0,35.0,34.75,-0.25,1,1
D3,D3:v4_d3_factual_claim_ignore_title_normalized:cdba62445109:73920:research:ignore,ablate_corrupt_z_into_clean,L20H29,1,1,0,34.5,34.5,0.0,1,1
D3,D3:v4_d3_factual_claim_ignore_title_normalized:cdba62445109:86468:research:ignore,ablate_corrupt_z_into_clean,L20H29,1,1,0,34.0,33.75,-0.25,1,1
D3,D3:v4_d3_factual_claim_ignore_title_normalized:cdba62445109:7789:retrieve:ignore,ablate_corrupt_z_into_clean,L20H29,1,1,0,32.25,32.0,-0.25,1,1
D3,D3:v4_d3_factual_claim_ignore_title_normalized:cdba62445109:17888:lookup:ignore,ablate_corrupt_z_into_clean,L20H29,1,1,0,33.75,33.5,-0.25,1,1
D3,D3:v4_d3_factual_claim_ignore_title_normalized:cdba62445109:153830:retrieve:ignore,ablate_corrupt_z_into_clean,L20H29,1,1,0,32.25,32.0,-0.25,1,1
D3,D3:v4_d3_factual_claim_ignore_title_normalized:cdba62445109:19259:search:ignore,ablate_corrupt_z_into_clean,L20H29,1,1,0,34.25,34.25,0.0,1,1
D3,D3:v4_d3_factual_claim_ignore_title_normalized:cdba62445109:48356:search:ignore,ablate_corrupt_z_into_clean,L20H29,1,1,0,35.0,34.75,-0.25,1,1
D3,D3:v4_d3_factual_claim_ignore_title_normalized:cdba62445109:24751:research:ignore,ablate_corrupt_z_into_clean,L20H29,1,1,0,34.25,34.0,-0.25,1,1
D3,D3:v4_d3_factual_claim_ignore_title_normalized:cdba62445109:34632:research:ignore,ablate_corrupt_z_into_clean,L20H29,1,1,0,34.5,34.25,-0.25,1,1
D3,D3:v4_d3_factual_claim_ignore_title_normalized:cdba62445109:43398:fetch:ignore,ablate_corrupt_z_into_clean,L20H29,1,1,0,32.5,32.25,-0.25,1,1
D3,D3:v4_d3_factual_claim_ignore_title_normalized:cdba62445109:155254:fetch:ignore,ablate_corrupt_z_into_clean,L20H29,1,1,0,31.625,31.375,-0.25,1,1
D3,D3:v4_d3_factual_claim_ignore_title_normalized:cdba62445109:196931:fetch:ignore,ablate_corrupt_z_into_clean,L20H29,1,1,0,32.75,32.25,-0.5,1,1
D3,D3:v4_d3_factual_claim_ignore_title_normalized:cdba62445109:146603:lookup:ignore,ablate_corrupt_z_into_clean,L20H29,1,1,0,34.25,33.75,-0.5,1,1
D3,D3:v4_d3_factual_claim_ignore_title_normalized:cdba62445109:60667:retrieve:ignore,ablate_corrupt_z_into_clean,L20H29,1,1,0,32.25,31.75,-0.5,1,1
D3,D3:v4_d3_factual_claim_ignore_title_normalized:cdba62445109:171865:search:ignore,ablate_corrupt_z_into_clean,L20H29,1,1,0,34.0,34.0,0.0,1,1
D3,D3:v4_d3_factual_claim_ignore_title_normalized:cdba62445109:151404:lookup:ignore,ablate_corrupt_z_into_clean,L20H29,1,1,0,34.5,34.5,0.0,1,1
D3,D3:v4_d3_factual_claim_ignore_title_normalized:cdba62445109:6247:search:ignore,ablate_corrupt_z_into_clean,L20H29,1,1,0,35.25,35.25,0.0,1,1
D3,D3:v4_d3_factual_claim_ignore_title_normalized:cdba62445109:15035:fetch:ignore,ablate_corrupt_z_into_clean,L20H29,1,1,0,33.5,33.25,-0.25,1,1
D3,D3:v4_d3_factual_claim_ignore_title_normalized:cdba62445109:55360:research:ignore,ablate_corrupt_z_into_clean,L20H29,1,1,0,34.0,34.25,0.25,1,1
D3,D3:v4_d3_factual_claim_ignore_title_normalized:cdba62445109:79649:search:ignore,ablate_corrupt_z_into_clean,L20H29,1,1,0,34.0,33.5,-0.5,1,1
D3,D3:v4_d3_factual_claim_ignore_title_normalized:cdba62445109:95924:research:ignore,ablate_corrupt_z_into_clean,L20H29,1,1,0,33.75,33.5,-0.25,1,1
D3,D3:v4_d3_factual_claim_ignore_title_normalized:cdba62445109:98083:retrieve:ignore,ablate_corrupt_z_into_clean,L20H29,1,1,0,33.5,33.5,0.0,1,1
D3,D3:v4_d3_factual_claim_ignore_title_normalized:cdba62445109:57419:fetch:ignore,ablate_corrupt_z_into_clean,L20H29,1,1,0,33.0,32.75,-0.25,1,1
D3,D3:v4_d3_factual_claim_ignore_title_normalized:cdba62445109:66422:lookup:ignore,ablate_corrupt_z_into_clean,L20H29,1,1,0,34.75,34.5,-0.25,1,1
D3,D3:v4_d3_factual_claim_ignore_title_normalized:cdba62445109:77244:lookup:ignore,ablate_corrupt_z_into_clean,L20H29,1,1,0,34.0,33.5,-0.5,1,1
D3,D3:v4_d3_factual_claim_ignore_title_normalized:cdba62445109:2731:search:ignore,ablate_corrupt_z_into_clean,L20H29,1,1,0,35.25,35.0,-0.25,1,1
D3,D3:v4_d3_factual_claim_ignore_title_normalized:cdba62445109:90710:fetch:ignore,ablate_corrupt_z_into_clean,L20H29,1,1,0,33.0,33.0,0.0,1,1
D3,D3:v4_d3_factual_claim_ignore_title_normalized:cdba62445109:52676:search:ignore,ablate_corrupt_z_into_clean,L20H29,1,1,0,33.25,33.0,-0.25,1,1
D3,D3:v4_d3_factual_claim_ignore_title_normalized:cdba62445109:228281:research:ignore,ablate_corrupt_z_into_clean,L20H29,1,1,0,33.0,32.75,-0.25,1,1
D3,D3:v4_d3_factual_claim_ignore_title_normalized:cdba62445109:65894:retrieve:ignore,ablate_corrupt_z_into_clean,L20H29,1,1,0,32.0,31.625,-0.375,1,1
D3,D3:v4_d3_factual_claim_ignore_title_normalized:cdba62445109:17949:retrieve:ignore,ablate_corrupt_z_into_clean,L20H29,1,1,0,32.75,32.5,-0.25,1,1
D3,D3:v4_d3_factual_claim_ignore_title_normalized:cdba62445109:32400:retrieve:ignore,ablate_corrupt_z_into_clean,L20H29,1,1,0,32.0,32.0,0.0,1,1
D3,D3:v4_d3_factual_claim_ignore_title_normalized:cdba62445109:12480:retrieve:ignore,ablate_corrupt_z_into_clean,L20H29,1,1,0,31.25,30.875,-0.375,1,1
D3,D3:v4_d3_factual_claim_ignore_title_normalized:cdba62445109:57200:retrieve:ignore,ablate_corrupt_z_into_clean,L20H29,1,1,0,31.25,31.0,-0.25,1,1
D3,D3:v4_d3_factual_claim_ignore_title_normalized:cdba62445109:126106:lookup:ignore,ablate_corrupt_z_into_clean,L20H29,1,1,0,34.5,34.25,-0.25,1,1
D3,D3:v4_d3_factual_claim_ignore_title_normalized:cdba62445109:153947:search:ignore,ablate_corrupt_z_into_clean,L20H29,1,1,0,34.0,33.5,-0.5,1,1
D3,D3:v4_d3_factual_claim_ignore_title_normalized:cdba62445109:15511:lookup:ignore,ablate_corrupt_z_into_clean,L20H29,1,1,0,33.0,32.75,-0.25,1,1
D3,D3:v4_d3_factual_claim_ignore_title_normalized:cdba62445109:33211:research:ignore,ablate_corrupt_z_into_clean,L20H29,1,1,0,33.5,33.0,-0.5,1,1
D3,D3:v4_d3_factual_claim_ignore_title_normalized:cdba62445109:115862:research:ignore,ablate_corrupt_z_into_clean,L20H29,1,1,0,34.0,33.75,-0.25,1,1
D3,D3:v4_d3_factual_claim_ignore_title_normalized:cdba62445109:59356:lookup:ignore,ablate_corrupt_z_into_clean,L20H29,1,1,0,33.75,33.5,-0.25,1,1
D3,D3:v4_d3_factual_claim_ignore_title_normalized:cdba62445109:8670:fetch:ignore,ablate_corrupt_z_into_clean,L20H29,1,1,0,32.75,32.5,-0.25,1,1
D3,D3:v4_d3_factual_claim_ignore_title_normalized:cdba62445109:185448:search:ignore,ablate_corrupt_z_into_clean,L20H29,1,1,0,34.5,34.25,-0.25,1,1
D3,D3:v4_d3_factual_claim_ignore_title_normalized:cdba62445109:219859:fetch:ignore,ablate_corrupt_z_into_clean,L20H29,1,1,0,31.75,31.375,-0.375,1,1
D3,D3:v4_d3_factual_claim_ignore_title_normalized:cdba62445109:72094:fetch:ignore,ablate_corrupt_z_into_clean,L20H29,1,1,0,32.0,32.25,0.25,1,1
D3,D3:v4_d3_factual_claim_ignore_title_normalized:cdba62445109:64912:search:ignore,ablate_corrupt_z_into_clean,L20H29,1,1,0,33.75,33.5,-0.25,1,1
D3,D3:v4_d3_factual_claim_ignore_title_normalized:cdba62445109:140888:lookup:ignore,ablate_corrupt_z_into_clean,L20H29,1,1,0,34.25,34.0,-0.25,1,1
D3,D3:v4_d3_factual_claim_ignore_title_normalized:cdba62445109:159779:retrieve:ignore,ablate_corrupt_z_into_clean,L20H29,1,1,0,32.25,31.875,-0.375,1,1
D3,D3:v4_d3_factual_claim_ignore_title_normalized:cdba62445109:163777:fetch:ignore,ablate_corrupt_z_into_clean,L20H29,1,1,0,34.0,33.75,-0.25,1,1
D3,D3:v4_d3_factual_claim_ignore_title_normalized:cdba62445109:223430:research:ignore,ablate_corrupt_z_into_clean,L20H29,1,1,0,33.25,33.0,-0.25,1,1
D3,D3:v4_d3_factual_claim_ignore_title_normalized:cdba62445109:203777:research:ignore,ablate_corrupt_z_into_clean,L20H29,1,1,0,34.0,33.5,-0.5,1,1
D3,D3:v4_d3_factual_claim_ignore_title_normalized:cdba62445109:166720:fetch:ignore,ablate_corrupt_z_into_clean,L20H29,1,1,0,32.75,32.5,-0.25,1,1
D3,D3:v4_d3_factual_claim_ignore_title_normalized:cdba62445109:160769:research:ignore,ablate_corrupt_z_into_clean,L20H29,1,1,0,34.75,34.75,0.0,1,1
D3,D3:v4_d3_factual_claim_ignore_title_normalized:cdba62445109:85720:retrieve:ignore,ablate_corrupt_z_into_clean,L20H29,1,1,0,31.875,31.5,-0.375,1,1
D3,D3:v4_d3_factual_claim_ignore_title_normalized:cdba62445109:15624:retrieve:ignore,ablate_corrupt_z_into_clean,L20H29,1,1,0,32.75,32.5,-0.25,1,1
D3,D3:v4_d3_factual_claim_ignore_title_normalized:cdba62445109:48334:search:ignore,ablate_corrupt_z_into_clean,L20H29,1,1,0,34.5,34.5,0.0,1,1
D3,D3:v4_d3_factual_claim_ignore_title_normalized:cdba62445109:228292:lookup:ignore,ablate_corrupt_z_into_clean,L20H29,1,1,0,31.75,31.625,-0.125,1,1
D3,D3:v4_d3_factual_claim_ignore_title_normalized:cdba62445109:9311:retrieve:ignore,ablate_corrupt_z_into_clean,L20H29,1,1,0,32.0,31.875,-0.125,1,1
D3,D3:v4_d3_factual_claim_ignore_title_normalized:cdba62445109:80704:search:ignore,ablate_corrupt_z_into_clean,L20H29,1,1,0,34.75,34.5,-0.25,1,1
D3,D3:v4_d3_factual_claim_ignore_title_normalized:cdba62445109:196932:research:ignore,ablate_corrupt_z_into_clean,L20H29,1,1,0,34.5,34.5,0.0,1,1
D3,D3:v4_d3_factual_claim_ignore_title_normalized:cdba62445109:184328:lookup:ignore,ablate_corrupt_z_into_clean,L20H29,1,1,0,34.5,34.25,-0.25,1,1
D3,D3:v4_d3_factual_claim_ignore_title_normalized:cdba62445109:100391:search:ignore,ablate_corrupt_z_into_clean,L20H29,1,1,0,33.25,32.75,-0.5,1,1
D3,D3:v4_d3_factual_claim_ignore_title_normalized:cdba62445109:229329:lookup:ignore,ablate_corrupt_z_into_clean,L20H29,1,1,0,35.0,34.75,-0.25,1,1
D3,D3:v4_d3_factual_claim_ignore_title_normalized:cdba62445109:134000:retrieve:ignore,ablate_corrupt_z_into_clean,L20H29,1,1,0,33.5,33.5,0.0,1,1
D3,D3:v4_d3_factual_claim_ignore_title_normalized:cdba62445109:38458:fetch:ignore,ablate_corrupt_z_into_clean,L20H29,1,1,0,32.0,31.75,-0.25,1,1
D3,D3:v4_d3_factual_claim_ignore_title_normalized:cdba62445109:149240:research:ignore,ablate_corrupt_z_into_clean,L20H29,1,1,0,33.75,33.5,-0.25,1,1
D3,D3:v4_d3_factual_claim_ignore_title_normalized:cdba62445109:17196:lookup:ignore,ablate_corrupt_z_into_clean,L20H29,1,1,0,33.5,33.25,-0.25,1,1
D3,D3:v4_d3_factual_claim_ignore_title_normalized:cdba62445109:68529:retrieve:ignore,ablate_corrupt_z_into_clean,L20H29,1,1,0,32.5,32.5,0.0,1,1
D3,D3:v4_d3_factual_claim_ignore_title_normalized:cdba62445109:38881:retrieve:ignore,ablate_corrupt_z_into_clean,L20H29,1,1,0,32.25,31.875,-0.375,1,1
D3,D3:v4_d3_factual_claim_ignore_title_normalized:cdba62445109:145082:research:ignore,ablate_corrupt_z_into_clean,L20H29,1,1,0,34.5,34.25,-0.25,1,1
D3,D3:v4_d3_factual_claim_ignore_title_normalized:cdba62445109:69490:fetch:ignore,ablate_corrupt_z_into_clean,L20H29,1,1,0,32.75,32.5,-0.25,1,1
D3,D3:v4_d3_factual_claim_ignore_title_normalized:cdba62445109:206071:research:ignore,ablate_corrupt_z_into_clean,L20H29,1,1,0,34.0,33.75,-0.25,1,1
D3,D3:v4_d3_factual_claim_ignore_title_normalized:cdba62445109:14352:search:ignore,ablate_corrupt_z_into_clean,L20H29,1,1,0,34.75,34.75,0.0,1,1
D3,D3:v4_d3_factual_claim_ignore_title_normalized:cdba62445109:101718:lookup:ignore,ablate_corrupt_z_into_clean,L20H29,1,1,0,33.75,33.5,-0.25,1,1
D3,D3:v4_d3_factual_claim_ignore_title_normalized:cdba62445109:124929:fetch:ignore,ablate_corrupt_z_into_clean,L20H29,1,1,0,32.5,32.5,0.0,1,1
D3,D3:v4_d3_factual_claim_ignore_title_normalized:cdba62445109:149384:fetch:ignore,ablate_corrupt_z_into_clean,L20H29,1,1,0,32.25,32.0,-0.25,1,1
D3,D3:v4_d3_factual_claim_ignore_title_normalized:cdba62445109:192070:retrieve:ignore,ablate_corrupt_z_into_clean,L20H29,1,1,0,33.0,32.75,-0.25,1,1
D3,D3:v4_d3_factual_claim_ignore_title_normalized:cdba62445109:10594:search:ignore,ablate_corrupt_z_into_clean,L20H29,1,1,0,32.75,32.5,-0.25,1,1
D3,D3:v4_d3_factual_claim_ignore_title_normalized:cdba62445109:171868:lookup:ignore,ablate_corrupt_z_into_clean,L20H29,1,1,0,33.75,33.5,-0.25,1,1
D3,D3:v4_d3_factual_claim_ignore_title_normalized:cdba62445109:206082:research:ignore,ablate_corrupt_z_into_clean,L20H29,1,1,0,34.0,33.75,-0.25,1,1
D3,D3:v4_d3_factual_claim_ignore_title_normalized:cdba62445109:189221:fetch:ignore,ablate_corrupt_z_into_clean,L20H29,1,1,0,32.75,32.5,-0.25,1,1
D3,D3:v4_d3_factual_claim_ignore_title_normalized:cdba62445109:166710:search:ignore,ablate_corrupt_z_into_clean,L20H29,1,1,0,34.25,34.25,0.0,1,1
D3,D3:v4_d3_factual_claim_ignore_title_normalized:cdba62445109:189204:fetch:ignore,ablate_corrupt_z_into_clean,L20H29,1,1,0,32.75,32.5,-0.25,1,1
D3,D3:v4_d3_factual_claim_ignore_title_normalized:cdba62445109:35836:search:ignore,ablate_corrupt_z_into_clean,L20H29,1,1,0,33.25,33.0,-0.25,1,1
D3,D3:v4_d3_factual_claim_ignore_title_normalized:cdba62445109:133962:lookup:ignore,ablate_corrupt_z_into_clean,L20H29,1,1,0,34.5,34.25,-0.25,1,1
D3,D3:v4_d3_factual_claim_ignore_title_normalized:cdba62445109:21711:fetch:ignore,ablate_corrupt_z_into_clean,L20H29,1,1,0,33.75,33.5,-0.25,1,1
D3,D3:v4_d3_factual_claim_ignore_title_normalized:cdba62445109:144495:fetch:ignore,ablate_corrupt_z_into_clean,L20H14,1,1,0,32.0,31.375,-0.625,1,1
D3,D3:v4_d3_factual_claim_ignore_title_normalized:cdba62445109:59011:research:ignore,ablate_corrupt_z_into_clean,L20H14,1,1,0,33.0,32.5,-0.5,1,1
D3,D3:v4_d3_factual_claim_ignore_title_normalized:cdba62445109:71474:lookup:ignore,ablate_corrupt_z_into_clean,L20H14,1,1,0,34.25,34.25,0.0,1,1
D3,D3:v4_d3_factual_claim_ignore_title_normalized:cdba62445109:31536:retrieve:ignore,ablate_corrupt_z_into_clean,L20H14,1,1,0,32.0,31.625,-0.375,1,1
D3,D3:v4_d3_factual_claim_ignore_title_normalized:cdba62445109:166716:search:ignore,ablate_corrupt_z_into_clean,L20H14,1,1,0,35.25,35.0,-0.25,1,1
D3,D3:v4_d3_factual_claim_ignore_title_normalized:cdba62445109:223411:lookup:ignore,ablate_corrupt_z_into_clean,L20H14,1,1,0,34.25,34.0,-0.25,1,1
D3,D3:v4_d3_factual_claim_ignore_title_normalized:cdba62445109:93579:retrieve:ignore,ablate_corrupt_z_into_clean,L20H14,1,1,0,32.75,32.5,-0.25,1,1
D3,D3:v4_d3_factual_claim_ignore_title_normalized:cdba62445109:206099:search:ignore,ablate_corrupt_z_into_clean,L20H14,1,1,0,34.75,34.5,-0.25,1,1
D3,D3:v4_d3_factual_claim_ignore_title_normalized:cdba62445109:56188:research:ignore,ablate_corrupt_z_into_clean,L20H14,1,1,0,33.25,32.75,-0.5,1,1
D3,D3:v4_d3_factual_claim_ignore_title_normalized:cdba62445109:3229:retrieve:ignore,ablate_corrupt_z_into_clean,L20H14,1,1,0,32.0,31.375,-0.625,1,1
D3,D3:v4_d3_factual_claim_ignore_title_normalized:cdba62445109:52990:fetch:ignore,ablate_corrupt_z_into_clean,L20H14,1,1,0,33.5,33.25,-0.25,1,1
D3,D3:v4_d3_factual_claim_ignore_title_normalized:cdba62445109:91138:lookup:ignore,ablate_corrupt_z_into_clean,L20H14,1,1,0,34.25,34.0,-0.25,1,1
D3,D3:v4_d3_factual_claim_ignore_title_normalized:cdba62445109:76806:lookup:ignore,ablate_corrupt_z_into_clean,L20H14,1,1,0,33.75,33.5,-0.25,1,1
D3,D3:v4_d3_factual_claim_ignore_title_normalized:cdba62445109:5808:research:ignore,ablate_corrupt_z_into_clean,L20H14,1,1,0,34.25,34.25,0.0,1,1
D3,D3:v4_d3_factual_claim_ignore_title_normalized:cdba62445109:101267:search:ignore,ablate_corrupt_z_into_clean,L20H14,1,1,0,35.0,34.75,-0.25,1,1
D3,D3:v4_d3_factual_claim_ignore_title_normalized:cdba62445109:73920:research:ignore,ablate_corrupt_z_into_clean,L20H14,1,1,0,34.5,34.5,0.0,1,1
D3,D3:v4_d3_factual_claim_ignore_title_normalized:cdba62445109:86468:research:ignore,ablate_corrupt_z_into_clean,L20H14,1,1,0,34.0,33.75,-0.25,1,1
D3,D3:v4_d3_factual_claim_ignore_title_normalized:cdba62445109:7789:retrieve:ignore,ablate_corrupt_z_into_clean,L20H14,1,1,0,32.25,31.75,-0.5,1,1
D3,D3:v4_d3_factual_claim_ignore_title_normalized:cdba62445109:17888:lookup:ignore,ablate_corrupt_z_into_clean,L20H14,1,1,0,33.75,33.5,-0.25,1,1
D3,D3:v4_d3_factual_claim_ignore_title_normalized:cdba62445109:153830:retrieve:ignore,ablate_corrupt_z_into_clean,L20H14,1,1,0,32.25,31.5,-0.75,1,1
D3,D3:v4_d3_factual_claim_ignore_title_normalized:cdba62445109:19259:search:ignore,ablate_corrupt_z_into_clean,L20H14,1,1,0,34.25,34.25,0.0,1,1
D3,D3:v4_d3_factual_claim_ignore_title_normalized:cdba62445109:48356:search:ignore,ablate_corrupt_z_into_clean,L20H14,1,1,0,35.0,34.75,-0.25,1,1
D3,D3:v4_d3_factual_claim_ignore_title_normalized:cdba62445109:24751:research:ignore,ablate_corrupt_z_into_clean,L20H14,1,1,0,34.25,34.0,-0.25,1,1
D3,D3:v4_d3_factual_claim_ignore_title_normalized:cdba62445109:34632:research:ignore,ablate_corrupt_z_into_clean,L20H14,1,1,0,34.5,34.25,-0.25,1,1
D3,D3:v4_d3_factual_claim_ignore_title_normalized:cdba62445109:43398:fetch:ignore,ablate_corrupt_z_into_clean,L20H14,1,1,0,32.5,32.0,-0.5,1,1
D3,D3:v4_d3_factual_claim_ignore_title_normalized:cdba62445109:155254:fetch:ignore,ablate_corrupt_z_into_clean,L20H14,1,1,0,31.625,31.0,-0.625,1,1
D3,D3:v4_d3_factual_claim_ignore_title_normalized:cdba62445109:196931:fetch:ignore,ablate_corrupt_z_into_clean,L20H14,1,1,0,32.75,32.0,-0.75,1,1
D3,D3:v4_d3_factual_claim_ignore_title_normalized:cdba62445109:146603:lookup:ignore,ablate_corrupt_z_into_clean,L20H14,1,1,0,34.25,34.0,-0.25,1,1
D3,D3:v4_d3_factual_claim_ignore_title_normalized:cdba62445109:60667:retrieve:ignore,ablate_corrupt_z_into_clean,L20H14,1,1,0,32.25,31.5,-0.75,1,1
D3,D3:v4_d3_factual_claim_ignore_title_normalized:cdba62445109:171865:search:ignore,ablate_corrupt_z_into_clean,L20H14,1,1,0,34.0,33.5,-0.5,1,1
D3,D3:v4_d3_factual_claim_ignore_title_normalized:cdba62445109:151404:lookup:ignore,ablate_corrupt_z_into_clean,L20H14,1,1,0,34.5,34.5,0.0,1,1
D3,D3:v4_d3_factual_claim_ignore_title_normalized:cdba62445109:6247:search:ignore,ablate_corrupt_z_into_clean,L20H14,1,1,0,35.25,35.0,-0.25,1,1
D3,D3:v4_d3_factual_claim_ignore_title_normalized:cdba62445109:15035:fetch:ignore,ablate_corrupt_z_into_clean,L20H14,1,1,0,33.5,32.75,-0.75,1,1
D3,D3:v4_d3_factual_claim_ignore_title_normalized:cdba62445109:55360:research:ignore,ablate_corrupt_z_into_clean,L20H14,1,1,0,34.0,34.0,0.0,1,1
D3,D3:v4_d3_factual_claim_ignore_title_normalized:cdba62445109:79649:search:ignore,ablate_corrupt_z_into_clean,L20H14,1,1,0,34.0,33.5,-0.5,1,1
D3,D3:v4_d3_factual_claim_ignore_title_normalized:cdba62445109:95924:research:ignore,ablate_corrupt_z_into_clean,L20H14,1,1,0,33.75,33.5,-0.25,1,1
D3,D3:v4_d3_factual_claim_ignore_title_normalized:cdba62445109:98083:retrieve:ignore,ablate_corrupt_z_into_clean,L20H14,1,1,0,33.5,33.0,-0.5,1,1
D3,D3:v4_d3_factual_claim_ignore_title_normalized:cdba62445109:57419:fetch:ignore,ablate_corrupt_z_into_clean,L20H14,1,1,0,33.0,32.25,-0.75,1,1
D3,D3:v4_d3_factual_claim_ignore_title_normalized:cdba62445109:66422:lookup:ignore,ablate_corrupt_z_into_clean,L20H14,1,1,0,34.75,34.75,0.0,1,1
D3,D3:v4_d3_factual_claim_ignore_title_normalized:cdba62445109:77244:lookup:ignore,ablate_corrupt_z_into_clean,L20H14,1,1,0,34.0,33.5,-0.5,1,1
D3,D3:v4_d3_factual_claim_ignore_title_normalized:cdba62445109:2731:search:ignore,ablate_corrupt_z_into_clean,L20H14,1,1,0,35.25,35.0,-0.25,1,1
D3,D3:v4_d3_factual_claim_ignore_title_normalized:cdba62445109:90710:fetch:ignore,ablate_corrupt_z_into_clean,L20H14,1,1,0,33.0,32.5,-0.5,1,1
D3,D3:v4_d3_factual_claim_ignore_title_normalized:cdba62445109:52676:search:ignore,ablate_corrupt_z_into_clean,L20H14,1,1,0,33.25,32.75,-0.5,1,1
D3,D3:v4_d3_factual_claim_ignore_title_normalized:cdba62445109:228281:research:ignore,ablate_corrupt_z_into_clean,L20H14,1,1,0,33.0,32.5,-0.5,1,1
D3,D3:v4_d3_factual_claim_ignore_title_normalized:cdba62445109:65894:retrieve:ignore,ablate_corrupt_z_into_clean,L20H14,1,1,0,32.0,31.375,-0.625,1,1
D3,D3:v4_d3_factual_claim_ignore_title_normalized:cdba62445109:17949:retrieve:ignore,ablate_corrupt_z_into_clean,L20H14,1,1,0,32.75,32.25,-0.5,1,1
D3,D3:v4_d3_factual_claim_ignore_title_normalized:cdba62445109:32400:retrieve:ignore,ablate_corrupt_z_into_clean,L20H14,1,1,0,32.0,31.375,-0.625,1,1
D3,D3:v4_d3_factual_claim_ignore_title_normalized:cdba62445109:12480:retrieve:ignore,ablate_corrupt_z_into_clean,L20H14,1,1,0,31.25,30.5,-0.75,1,1
D3,D3:v4_d3_factual_claim_ignore_title_normalized:cdba62445109:57200:retrieve:ignore,ablate_corrupt_z_into_clean,L20H14,1,1,0,31.25,30.625,-0.625,1,1
D3,D3:v4_d3_factual_claim_ignore_title_normalized:cdba62445109:126106:lookup:ignore,ablate_corrupt_z_into_clean,L20H14,1,1,0,34.5,34.25,-0.25,1,1
D3,D3:v4_d3_factual_claim_ignore_title_normalized:cdba62445109:153947:search:ignore,ablate_corrupt_z_into_clean,L20H14,1,1,0,34.0,33.5,-0.5,1,1
D3,D3:v4_d3_factual_claim_ignore_title_normalized:cdba62445109:15511:lookup:ignore,ablate_corrupt_z_into_clean,L20H14,1,1,0,33.0,32.75,-0.25,1,1
D3,D3:v4_d3_factual_claim_ignore_title_normalized:cdba62445109:33211:research:ignore,ablate_corrupt_z_into_clean,L20H14,1,1,0,33.5,33.0,-0.5,1,1
D3,D3:v4_d3_factual_claim_ignore_title_normalized:cdba62445109:115862:research:ignore,ablate_corrupt_z_into_clean,L20H14,1,1,0,34.0,33.75,-0.25,1,1
D3,D3:v4_d3_factual_claim_ignore_title_normalized:cdba62445109:59356:lookup:ignore,ablate_corrupt_z_into_clean,L20H14,1,1,0,33.75,33.5,-0.25,1,1
D3,D3:v4_d3_factual_claim_ignore_title_normalized:cdba62445109:8670:fetch:ignore,ablate_corrupt_z_into_clean,L20H14,1,1,0,32.75,32.0,-0.75,1,1
D3,D3:v4_d3_factual_claim_ignore_title_normalized:cdba62445109:185448:search:ignore,ablate_corrupt_z_into_clean,L20H14,1,1,0,34.5,34.0,-0.5,1,1
D3,D3:v4_d3_factual_claim_ignore_title_normalized:cdba62445109:219859:fetch:ignore,ablate_corrupt_z_into_clean,L20H14,1,1,0,31.75,31.0,-0.75,1,1
D3,D3:v4_d3_factual_claim_ignore_title_normalized:cdba62445109:72094:fetch:ignore,ablate_corrupt_z_into_clean,L20H14,1,1,0,32.0,31.625,-0.375,1,1
D3,D3:v4_d3_factual_claim_ignore_title_normalized:cdba62445109:64912:search:ignore,ablate_corrupt_z_into_clean,L20H14,1,1,0,33.75,33.25,-0.5,1,1
D3,D3:v4_d3_factual_claim_ignore_title_normalized:cdba62445109:140888:lookup:ignore,ablate_corrupt_z_into_clean,L20H14,1,1,0,34.25,34.25,0.0,1,1
D3,D3:v4_d3_factual_claim_ignore_title_normalized:cdba62445109:159779:retrieve:ignore,ablate_corrupt_z_into_clean,L20H14,1,1,0,32.25,31.5,-0.75,1,1
D3,D3:v4_d3_factual_claim_ignore_title_normalized:cdba62445109:163777:fetch:ignore,ablate_corrupt_z_into_clean,L20H14,1,1,0,34.0,33.5,-0.5,1,1
D3,D3:v4_d3_factual_claim_ignore_title_normalized:cdba62445109:223430:research:ignore,ablate_corrupt_z_into_clean,L20H14,1,1,0,33.25,33.0,-0.25,1,1
D3,D3:v4_d3_factual_claim_ignore_title_normalized:cdba62445109:203777:research:ignore,ablate_corrupt_z_into_clean,L20H14,1,1,0,34.0,33.5,-0.5,1,1
D3,D3:v4_d3_factual_claim_ignore_title_normalized:cdba62445109:166720:fetch:ignore,ablate_corrupt_z_into_clean,L20H14,1,1,0,32.75,32.25,-0.5,1,1
D3,D3:v4_d3_factual_claim_ignore_title_normalized:cdba62445109:160769:research:ignore,ablate_corrupt_z_into_clean,L20H14,1,1,0,34.75,34.75,0.0,1,1
D3,D3:v4_d3_factual_claim_ignore_title_normalized:cdba62445109:85720:retrieve:ignore,ablate_corrupt_z_into_clean,L20H14,1,1,0,31.875,31.25,-0.625,1,1
D3,D3:v4_d3_factual_claim_ignore_title_normalized:cdba62445109:15624:retrieve:ignore,ablate_corrupt_z_into_clean,L20H14,1,1,0,32.75,32.0,-0.75,1,1
D3,D3:v4_d3_factual_claim_ignore_title_normalized:cdba62445109:48334:search:ignore,ablate_corrupt_z_into_clean,L20H14,1,1,0,34.5,34.25,-0.25,1,1
D3,D3:v4_d3_factual_claim_ignore_title_normalized:cdba62445109:228292:lookup:ignore,ablate_corrupt_z_into_clean,L20H14,1,1,0,31.75,31.375,-0.375,1,1
D3,D3:v4_d3_factual_claim_ignore_title_normalized:cdba62445109:9311:retrieve:ignore,ablate_corrupt_z_into_clean,L20H14,1,1,0,32.0,31.625,-0.375,1,1
D3,D3:v4_d3_factual_claim_ignore_title_normalized:cdba62445109:80704:search:ignore,ablate_corrupt_z_into_clean,L20H14,1,1,0,34.75,34.5,-0.25,1,1
D3,D3:v4_d3_factual_claim_ignore_title_normalized:cdba62445109:196932:research:ignore,ablate_corrupt_z_into_clean,L20H14,1,1,0,34.5,34.25,-0.25,1,1
D3,D3:v4_d3_factual_claim_ignore_title_normalized:cdba62445109:184328:lookup:ignore,ablate_corrupt_z_into_clean,L20H14,1,1,0,34.5,34.5,0.0,1,1
D3,D3:v4_d3_factual_claim_ignore_title_normalized:cdba62445109:100391:search:ignore,ablate_corrupt_z_into_clean,L20H14,1,1,0,33.25,32.5,-0.75,1,1
D3,D3:v4_d3_factual_claim_ignore_title_normalized:cdba62445109:229329:lookup:ignore,ablate_corrupt_z_into_clean,L20H14,1,1,0,35.0,34.75,-0.25,1,1
D3,D3:v4_d3_factual_claim_ignore_title_normalized:cdba62445109:134000:retrieve:ignore,ablate_corrupt_z_into_clean,L20H14,1,1,0,33.5,33.25,-0.25,1,1
D3,D3:v4_d3_factual_claim_ignore_title_normalized:cdba62445109:38458:fetch:ignore,ablate_corrupt_z_into_clean,L20H14,1,1,0,32.0,31.125,-0.875,1,1
D3,D3:v4_d3_factual_claim_ignore_title_normalized:cdba62445109:149240:research:ignore,ablate_corrupt_z_into_clean,L20H14,1,1,0,33.75,33.5,-0.25,1,1
D3,D3:v4_d3_factual_claim_ignore_title_normalized:cdba62445109:17196:lookup:ignore,ablate_corrupt_z_into_clean,L20H14,1,1,0,33.5,33.25,-0.25,1,1
D3,D3:v4_d3_factual_claim_ignore_title_normalized:cdba62445109:68529:retrieve:ignore,ablate_corrupt_z_into_clean,L20H14,1,1,0,32.5,32.25,-0.25,1,1
D3,D3:v4_d3_factual_claim_ignore_title_normalized:cdba62445109:38881:retrieve:ignore,ablate_corrupt_z_into_clean,L20H14,1,1,0,32.25,31.25,-1.0,1,1
D3,D3:v4_d3_factual_claim_ignore_title_normalized:cdba62445109:145082:research:ignore,ablate_corrupt_z_into_clean,L20H14,1,1,0,34.5,34.25,-0.25,1,1
D3,D3:v4_d3_factual_claim_ignore_title_normalized:cdba62445109:69490:fetch:ignore,ablate_corrupt_z_into_clean,L20H14,1,1,0,32.75,32.0,-0.75,1,1
D3,D3:v4_d3_factual_claim_ignore_title_normalized:cdba62445109:206071:research:ignore,ablate_corrupt_z_into_clean,L20H14,1,1,0,34.0,33.75,-0.25,1,1
D3,D3:v4_d3_factual_claim_ignore_title_normalized:cdba62445109:14352:search:ignore,ablate_corrupt_z_into_clean,L20H14,1,1,0,34.75,34.5,-0.25,1,1
D3,D3:v4_d3_factual_claim_ignore_title_normalized:cdba62445109:101718:lookup:ignore,ablate_corrupt_z_into_clean,L20H14,1,1,0,33.75,33.5,-0.25,1,1
D3,D3:v4_d3_factual_claim_ignore_title_normalized:cdba62445109:124929:fetch:ignore,ablate_corrupt_z_into_clean,L20H14,1,1,0,32.5,32.25,-0.25,1,1
D3,D3:v4_d3_factual_claim_ignore_title_normalized:cdba62445109:149384:fetch:ignore,ablate_corrupt_z_into_clean,L20H14,1,1,0,32.25,31.75,-0.5,1,1
D3,D3:v4_d3_factual_claim_ignore_title_normalized:cdba62445109:192070:retrieve:ignore,ablate_corrupt_z_into_clean,L20H14,1,1,0,33.0,32.5,-0.5,1,1
D3,D3:v4_d3_factual_claim_ignore_title_normalized:cdba62445109:10594:search:ignore,ablate_corrupt_z_into_clean,L20H14,1,1,0,32.75,32.25,-0.5,1,1
D3,D3:v4_d3_factual_claim_ignore_title_normalized:cdba62445109:171868:lookup:ignore,ablate_corrupt_z_into_clean,L20H14,1,1,0,33.75,33.5,-0.25,1,1
D3,D3:v4_d3_factual_claim_ignore_title_normalized:cdba62445109:206082:research:ignore,ablate_corrupt_z_into_clean,L20H14,1,1,0,34.0,33.75,-0.25,1,1
D3,D3:v4_d3_factual_claim_ignore_title_normalized:cdba62445109:189221:fetch:ignore,ablate_corrupt_z_into_clean,L20H14,1,1,0,32.75,32.25,-0.5,1,1
D3,D3:v4_d3_factual_claim_ignore_title_normalized:cdba62445109:166710:search:ignore,ablate_corrupt_z_into_clean,L20H14,1,1,0,34.25,34.0,-0.25,1,1
D3,D3:v4_d3_factual_claim_ignore_title_normalized:cdba62445109:189204:fetch:ignore,ablate_corrupt_z_into_clean,L20H14,1,1,0,32.75,32.5,-0.25,1,1
D3,D3:v4_d3_factual_claim_ignore_title_normalized:cdba62445109:35836:search:ignore,ablate_corrupt_z_into_clean,L20H14,1,1,0,33.25,32.75,-0.5,1,1
D3,D3:v4_d3_factual_claim_ignore_title_normalized:cdba62445109:133962:lookup:ignore,ablate_corrupt_z_into_clean,L20H14,1,1,0,34.5,34.25,-0.25,1,1
D3,D3:v4_d3_factual_claim_ignore_title_normalized:cdba62445109:21711:fetch:ignore,ablate_corrupt_z_into_clean,L20H14,1,1,0,33.75,33.25,-0.5,1,1
D3,D3:v4_d3_factual_claim_ignore_title_normalized:cdba62445109:144495:fetch:ignore,ablate_corrupt_z_into_clean,all_3,1,1,0,32.0,30.625,-1.375,1,1
D3,D3:v4_d3_factual_claim_ignore_title_normalized:cdba62445109:59011:research:ignore,ablate_corrupt_z_into_clean,all_3,1,1,0,33.0,31.375,-1.625,1,1
D3,D3:v4_d3_factual_claim_ignore_title_normalized:cdba62445109:71474:lookup:ignore,ablate_corrupt_z_into_clean,all_3,1,1,0,34.25,34.0,-0.25,1,1
D3,D3:v4_d3_factual_claim_ignore_title_normalized:cdba62445109:31536:retrieve:ignore,ablate_corrupt_z_into_clean,all_3,1,1,0,32.0,30.875,-1.125,1,1
D3,D3:v4_d3_factual_claim_ignore_title_normalized:cdba62445109:166716:search:ignore,ablate_corrupt_z_into_clean,all_3,1,1,0,35.25,34.0,-1.25,1,1
D3,D3:v4_d3_factual_claim_ignore_title_normalized:cdba62445109:223411:lookup:ignore,ablate_corrupt_z_into_clean,all_3,1,1,0,34.25,33.25,-1.0,1,1
D3,D3:v4_d3_factual_claim_ignore_title_normalized:cdba62445109:93579:retrieve:ignore,ablate_corrupt_z_into_clean,all_3,1,1,0,32.75,31.75,-1.0,1,1
D3,D3:v4_d3_factual_claim_ignore_title_normalized:cdba62445109:206099:search:ignore,ablate_corrupt_z_into_clean,all_3,1,1,0,34.75,33.25,-1.5,1,1
D3,D3:v4_d3_factual_claim_ignore_title_normalized:cdba62445109:56188:research:ignore,ablate_corrupt_z_into_clean,all_3,1,1,0,33.25,31.125,-2.125,1,1
D3,D3:v4_d3_factual_claim_ignore_title_normalized:cdba62445109:3229:retrieve:ignore,ablate_corrupt_z_into_clean,all_3,1,1,0,32.0,30.625,-1.375,1,1
D3,D3:v4_d3_factual_claim_ignore_title_normalized:cdba62445109:52990:fetch:ignore,ablate_corrupt_z_into_clean,all_3,1,1,0,33.5,32.25,-1.25,1,1
D3,D3:v4_d3_factual_claim_ignore_title_normalized:cdba62445109:91138:lookup:ignore,ablate_corrupt_z_into_clean,all_3,1,1,0,34.25,32.5,-1.75,1,1
D3,D3:v4_d3_factual_claim_ignore_title_normalized:cdba62445109:76806:lookup:ignore,ablate_corrupt_z_into_clean,all_3,1,1,0,33.75,32.75,-1.0,1,1
D3,D3:v4_d3_factual_claim_ignore_title_normalized:cdba62445109:5808:research:ignore,ablate_corrupt_z_into_clean,all_3,1,1,0,34.25,33.0,-1.25,1,1
D3,D3:v4_d3_factual_claim_ignore_title_normalized:cdba62445109:101267:search:ignore,ablate_corrupt_z_into_clean,all_3,1,1,0,35.0,33.75,-1.25,1,1
D3,D3:v4_d3_factual_claim_ignore_title_normalized:cdba62445109:73920:research:ignore,ablate_corrupt_z_into_clean,all_3,1,1,0,34.5,33.75,-0.75,1,1
D3,D3:v4_d3_factual_claim_ignore_title_normalized:cdba62445109:86468:research:ignore,ablate_corrupt_z_into_clean,all_3,1,1,0,34.0,32.25,-1.75,1,1
D3,D3:v4_d3_factual_claim_ignore_title_normalized:cdba62445109:7789:retrieve:ignore,ablate_corrupt_z_into_clean,all_3,1,1,0,32.25,31.125,-1.125,1,1
D3,D3:v4_d3_factual_claim_ignore_title_normalized:cdba62445109:17888:lookup:ignore,ablate_corrupt_z_into_clean,all_3,1,1,0,33.75,32.25,-1.5,1,1
D3,D3:v4_d3_factual_claim_ignore_title_normalized:cdba62445109:153830:retrieve:ignore,ablate_corrupt_z_into_clean,all_3,1,1,0,32.25,31.0,-1.25,1,1
D3,D3:v4_d3_factual_claim_ignore_title_normalized:cdba62445109:19259:search:ignore,ablate_corrupt_z_into_clean,all_3,1,1,0,34.25,32.75,-1.5,1,1
D3,D3:v4_d3_factual_claim_ignore_title_normalized:cdba62445109:48356:search:ignore,ablate_corrupt_z_into_clean,all_3,1,1,0,35.0,33.75,-1.25,1,1
D3,D3:v4_d3_factual_claim_ignore_title_normalized:cdba62445109:24751:research:ignore,ablate_corrupt_z_into_clean,all_3,1,1,0,34.25,33.0,-1.25,1,1
D3,D3:v4_d3_factual_claim_ignore_title_normalized:cdba62445109:34632:research:ignore,ablate_corrupt_z_into_clean,all_3,1,1,0,34.5,33.25,-1.25,1,1
D3,D3:v4_d3_factual_claim_ignore_title_normalized:cdba62445109:43398:fetch:ignore,ablate_corrupt_z_into_clean,all_3,1,1,0,32.5,30.75,-1.75,1,1
D3,D3:v4_d3_factual_claim_ignore_title_normalized:cdba62445109:155254:fetch:ignore,ablate_corrupt_z_into_clean,all_3,1,1,0,31.625,30.5,-1.125,1,1
D3,D3:v4_d3_factual_claim_ignore_title_normalized:cdba62445109:196931:fetch:ignore,ablate_corrupt_z_into_clean,all_3,1,1,0,32.75,31.125,-1.625,1,1
D3,D3:v4_d3_factual_claim_ignore_title_normalized:cdba62445109:146603:lookup:ignore,ablate_corrupt_z_into_clean,all_3,1,1,0,34.25,32.5,-1.75,1,1
D3,D3:v4_d3_factual_claim_ignore_title_normalized:cdba62445109:60667:retrieve:ignore,ablate_corrupt_z_into_clean,all_3,1,1,0,32.25,30.875,-1.375,1,1
D3,D3:v4_d3_factual_claim_ignore_title_normalized:cdba62445109:171865:search:ignore,ablate_corrupt_z_into_clean,all_3,1,1,0,34.0,32.5,-1.5,1,1
D3,D3:v4_d3_factual_claim_ignore_title_normalized:cdba62445109:151404:lookup:ignore,ablate_corrupt_z_into_clean,all_3,1,1,0,34.5,33.25,-1.25,1,1
D3,D3:v4_d3_factual_claim_ignore_title_normalized:cdba62445109:6247:search:ignore,ablate_corrupt_z_into_clean,all_3,1,1,0,35.25,34.0,-1.25,1,1
D3,D3:v4_d3_factual_claim_ignore_title_normalized:cdba62445109:15035:fetch:ignore,ablate_corrupt_z_into_clean,all_3,1,1,0,33.5,32.0,-1.5,1,1
D3,D3:v4_d3_factual_claim_ignore_title_normalized:cdba62445109:55360:research:ignore,ablate_corrupt_z_into_clean,all_3,1,1,0,34.0,33.25,-0.75,1,1
D3,D3:v4_d3_factual_claim_ignore_title_normalized:cdba62445109:79649:search:ignore,ablate_corrupt_z_into_clean,all_3,1,1,0,34.0,31.75,-2.25,1,1
D3,D3:v4_d3_factual_claim_ignore_title_normalized:cdba62445109:95924:research:ignore,ablate_corrupt_z_into_clean,all_3,1,1,0,33.75,32.0,-1.75,1,1
D3,D3:v4_d3_factual_claim_ignore_title_normalized:cdba62445109:98083:retrieve:ignore,ablate_corrupt_z_into_clean,all_3,1,1,0,33.5,32.0,-1.5,1,1
D3,D3:v4_d3_factual_claim_ignore_title_normalized:cdba62445109:57419:fetch:ignore,ablate_corrupt_z_into_clean,all_3,1,1,0,33.0,31.625,-1.375,1,1
D3,D3:v4_d3_factual_claim_ignore_title_normalized:cdba62445109:66422:lookup:ignore,ablate_corrupt_z_into_clean,all_3,1,1,0,34.75,33.75,-1.0,1,1
D3,D3:v4_d3_factual_claim_ignore_title_normalized:cdba62445109:77244:lookup:ignore,ablate_corrupt_z_into_clean,all_3,1,1,0,34.0,31.625,-2.375,1,1
D3,D3:v4_d3_factual_claim_ignore_title_normalized:cdba62445109:2731:search:ignore,ablate_corrupt_z_into_clean,all_3,1,1,0,35.25,33.75,-1.5,1,1
D3,D3:v4_d3_factual_claim_ignore_title_normalized:cdba62445109:90710:fetch:ignore,ablate_corrupt_z_into_clean,all_3,1,1,0,33.0,31.875,-1.125,1,1
D3,D3:v4_d3_factual_claim_ignore_title_normalized:cdba62445109:52676:search:ignore,ablate_corrupt_z_into_clean,all_3,1,1,0,33.25,31.375,-1.875,1,1
D3,D3:v4_d3_factual_claim_ignore_title_normalized:cdba62445109:228281:research:ignore,ablate_corrupt_z_into_clean,all_3,1,1,0,33.0,31.625,-1.375,1,1
D3,D3:v4_d3_factual_claim_ignore_title_normalized:cdba62445109:65894:retrieve:ignore,ablate_corrupt_z_into_clean,all_3,1,1,0,32.0,30.875,-1.125,1,1
D3,D3:v4_d3_factual_claim_ignore_title_normalized:cdba62445109:17949:retrieve:ignore,ablate_corrupt_z_into_clean,all_3,1,1,0,32.75,31.625,-1.125,1,1
D3,D3:v4_d3_factual_claim_ignore_title_normalized:cdba62445109:32400:retrieve:ignore,ablate_corrupt_z_into_clean,all_3,1,1,0,32.0,30.875,-1.125,1,1
D3,D3:v4_d3_factual_claim_ignore_title_normalized:cdba62445109:12480:retrieve:ignore,ablate_corrupt_z_into_clean,all_3,1,1,0,31.25,29.625,-1.625,1,1
D3,D3:v4_d3_factual_claim_ignore_title_normalized:cdba62445109:57200:retrieve:ignore,ablate_corrupt_z_into_clean,all_3,1,1,0,31.25,30.0,-1.25,1,1
D3,D3:v4_d3_factual_claim_ignore_title_normalized:cdba62445109:126106:lookup:ignore,ablate_corrupt_z_into_clean,all_3,1,1,0,34.5,33.0,-1.5,1,1
D3,D3:v4_d3_factual_claim_ignore_title_normalized:cdba62445109:153947:search:ignore,ablate_corrupt_z_into_clean,all_3,1,1,0,34.0,32.0,-2.0,1,1
D3,D3:v4_d3_factual_claim_ignore_title_normalized:cdba62445109:15511:lookup:ignore,ablate_corrupt_z_into_clean,all_3,1,1,0,33.0,31.75,-1.25,1,1
D3,D3:v4_d3_factual_claim_ignore_title_normalized:cdba62445109:33211:research:ignore,ablate_corrupt_z_into_clean,all_3,1,1,0,33.5,31.625,-1.875,1,1
D3,D3:v4_d3_factual_claim_ignore_title_normalized:cdba62445109:115862:research:ignore,ablate_corrupt_z_into_clean,all_3,1,1,0,34.0,32.75,-1.25,1,1
D3,D3:v4_d3_factual_claim_ignore_title_normalized:cdba62445109:59356:lookup:ignore,ablate_corrupt_z_into_clean,all_3,1,1,0,33.75,32.25,-1.5,1,1
D3,D3:v4_d3_factual_claim_ignore_title_normalized:cdba62445109:8670:fetch:ignore,ablate_corrupt_z_into_clean,all_3,1,1,0,32.75,31.125,-1.625,1,1
D3,D3:v4_d3_factual_claim_ignore_title_normalized:cdba62445109:185448:search:ignore,ablate_corrupt_z_into_clean,all_3,1,1,0,34.5,33.0,-1.5,1,1
D3,D3:v4_d3_factual_claim_ignore_title_normalized:cdba62445109:219859:fetch:ignore,ablate_corrupt_z_into_clean,all_3,1,1,0,31.75,30.25,-1.5,1,1
D3,D3:v4_d3_factual_claim_ignore_title_normalized:cdba62445109:72094:fetch:ignore,ablate_corrupt_z_into_clean,all_3,1,1,0,32.0,31.0,-1.0,1,1
D3,D3:v4_d3_factual_claim_ignore_title_normalized:cdba62445109:64912:search:ignore,ablate_corrupt_z_into_clean,all_3,1,1,0,33.75,32.0,-1.75,1,1
D3,D3:v4_d3_factual_claim_ignore_title_normalized:cdba62445109:140888:lookup:ignore,ablate_corrupt_z_into_clean,all_3,1,1,0,34.25,33.0,-1.25,1,1
D3,D3:v4_d3_factual_claim_ignore_title_normalized:cdba62445109:159779:retrieve:ignore,ablate_corrupt_z_into_clean,all_3,1,1,0,32.25,30.625,-1.625,1,1
D3,D3:v4_d3_factual_claim_ignore_title_normalized:cdba62445109:163777:fetch:ignore,ablate_corrupt_z_into_clean,all_3,1,1,0,34.0,32.5,-1.5,1,1
D3,D3:v4_d3_factual_claim_ignore_title_normalized:cdba62445109:223430:research:ignore,ablate_corrupt_z_into_clean,all_3,1,1,0,33.25,32.25,-1.0,1,1
D3,D3:v4_d3_factual_claim_ignore_title_normalized:cdba62445109:203777:research:ignore,ablate_corrupt_z_into_clean,all_3,1,1,0,34.0,31.75,-2.25,1,1
D3,D3:v4_d3_factual_claim_ignore_title_normalized:cdba62445109:166720:fetch:ignore,ablate_corrupt_z_into_clean,all_3,1,1,0,32.75,31.375,-1.375,1,1
D3,D3:v4_d3_factual_claim_ignore_title_normalized:cdba62445109:160769:research:ignore,ablate_corrupt_z_into_clean,all_3,1,1,0,34.75,34.0,-0.75,1,1
D3,D3:v4_d3_factual_claim_ignore_title_normalized:cdba62445109:85720:retrieve:ignore,ablate_corrupt_z_into_clean,all_3,1,1,0,31.875,30.375,-1.5,1,1
D3,D3:v4_d3_factual_claim_ignore_title_normalized:cdba62445109:15624:retrieve:ignore,ablate_corrupt_z_into_clean,all_3,1,1,0,32.75,31.125,-1.625,1,1
D3,D3:v4_d3_factual_claim_ignore_title_normalized:cdba62445109:48334:search:ignore,ablate_corrupt_z_into_clean,all_3,1,1,0,34.5,33.5,-1.0,1,1
D3,D3:v4_d3_factual_claim_ignore_title_normalized:cdba62445109:228292:lookup:ignore,ablate_corrupt_z_into_clean,all_3,1,1,0,31.75,30.625,-1.125,1,1
D3,D3:v4_d3_factual_claim_ignore_title_normalized:cdba62445109:9311:retrieve:ignore,ablate_corrupt_z_into_clean,all_3,1,1,0,32.0,31.125,-0.875,1,1
D3,D3:v4_d3_factual_claim_ignore_title_normalized:cdba62445109:80704:search:ignore,ablate_corrupt_z_into_clean,all_3,1,1,0,34.75,33.25,-1.5,1,1
D3,D3:v4_d3_factual_claim_ignore_title_normalized:cdba62445109:196932:research:ignore,ablate_corrupt_z_into_clean,all_3,1,1,0,34.5,33.5,-1.0,1,1
D3,D3:v4_d3_factual_claim_ignore_title_normalized:cdba62445109:184328:lookup:ignore,ablate_corrupt_z_into_clean,all_3,1,1,0,34.5,33.5,-1.0,1,1
D3,D3:v4_d3_factual_claim_ignore_title_normalized:cdba62445109:100391:search:ignore,ablate_corrupt_z_into_clean,all_3,1,1,0,33.25,31.125,-2.125,1,1
D3,D3:v4_d3_factual_claim_ignore_title_normalized:cdba62445109:229329:lookup:ignore,ablate_corrupt_z_into_clean,all_3,1,1,0,35.0,33.75,-1.25,1,1
D3,D3:v4_d3_factual_claim_ignore_title_normalized:cdba62445109:134000:retrieve:ignore,ablate_corrupt_z_into_clean,all_3,1,1,0,33.5,32.5,-1.0,1,1
D3,D3:v4_d3_factual_claim_ignore_title_normalized:cdba62445109:38458:fetch:ignore,ablate_corrupt_z_into_clean,all_3,1,1,0,32.0,30.25,-1.75,1,1
D3,D3:v4_d3_factual_claim_ignore_title_normalized:cdba62445109:149240:research:ignore,ablate_corrupt_z_into_clean,all_3,1,1,0,33.75,32.25,-1.5,1,1
D3,D3:v4_d3_factual_claim_ignore_title_normalized:cdba62445109:17196:lookup:ignore,ablate_corrupt_z_into_clean,all_3,1,1,0,33.5,31.625,-1.875,1,1
D3,D3:v4_d3_factual_claim_ignore_title_normalized:cdba62445109:68529:retrieve:ignore,ablate_corrupt_z_into_clean,all_3,1,1,0,32.5,31.625,-0.875,1,1
D3,D3:v4_d3_factual_claim_ignore_title_normalized:cdba62445109:38881:retrieve:ignore,ablate_corrupt_z_into_clean,all_3,1,1,0,32.25,30.75,-1.5,1,1
D3,D3:v4_d3_factual_claim_ignore_title_normalized:cdba62445109:145082:research:ignore,ablate_corrupt_z_into_clean,all_3,1,1,0,34.5,32.75,-1.75,1,1
D3,D3:v4_d3_factual_claim_ignore_title_normalized:cdba62445109:69490:fetch:ignore,ablate_corrupt_z_into_clean,all_3,1,1,0,32.75,31.125,-1.625,1,1
D3,D3:v4_d3_factual_claim_ignore_title_normalized:cdba62445109:206071:research:ignore,ablate_corrupt_z_into_clean,all_3,1,1,0,34.0,32.25,-1.75,1,1
D3,D3:v4_d3_factual_claim_ignore_title_normalized:cdba62445109:14352:search:ignore,ablate_corrupt_z_into_clean,all_3,1,1,0,34.75,33.25,-1.5,1,1
D3,D3:v4_d3_factual_claim_ignore_title_normalized:cdba62445109:101718:lookup:ignore,ablate_corrupt_z_into_clean,all_3,1,1,0,33.75,32.5,-1.25,1,1
D3,D3:v4_d3_factual_claim_ignore_title_normalized:cdba62445109:124929:fetch:ignore,ablate_corrupt_z_into_clean,all_3,1,1,0,32.5,31.375,-1.125,1,1
D3,D3:v4_d3_factual_claim_ignore_title_normalized:cdba62445109:149384:fetch:ignore,ablate_corrupt_z_into_clean,all_3,1,1,0,32.25,31.0,-1.25,1,1
D3,D3:v4_d3_factual_claim_ignore_title_normalized:cdba62445109:192070:retrieve:ignore,ablate_corrupt_z_into_clean,all_3,1,1,0,33.0,31.625,-1.375,1,1
D3,D3:v4_d3_factual_claim_ignore_title_normalized:cdba62445109:10594:search:ignore,ablate_corrupt_z_into_clean,all_3,1,1,0,32.75,31.125,-1.625,1,1
D3,D3:v4_d3_factual_claim_ignore_title_normalized:cdba62445109:171868:lookup:ignore,ablate_corrupt_z_into_clean,all_3,1,1,0,33.75,32.25,-1.5,1,1
D3,D3:v4_d3_factual_claim_ignore_title_normalized:cdba62445109:206082:research:ignore,ablate_corrupt_z_into_clean,all_3,1,1,0,34.0,32.25,-1.75,1,1
D3,D3:v4_d3_factual_claim_ignore_title_normalized:cdba62445109:189221:fetch:ignore,ablate_corrupt_z_into_clean,all_3,1,1,0,32.75,31.25,-1.5,1,1
D3,D3:v4_d3_factual_claim_ignore_title_normalized:cdba62445109:166710:search:ignore,ablate_corrupt_z_into_clean,all_3,1,1,0,34.25,33.0,-1.25,1,1
D3,D3:v4_d3_factual_claim_ignore_title_normalized:cdba62445109:189204:fetch:ignore,ablate_corrupt_z_into_clean,all_3,1,1,0,32.75,31.5,-1.25,1,1
D3,D3:v4_d3_factual_claim_ignore_title_normalized:cdba62445109:35836:search:ignore,ablate_corrupt_z_into_clean,all_3,1,1,0,33.25,31.625,-1.625,1,1
D3,D3:v4_d3_factual_claim_ignore_title_normalized:cdba62445109:133962:lookup:ignore,ablate_corrupt_z_into_clean,all_3,1,1,0,34.5,33.5,-1.0,1,1
D3,D3:v4_d3_factual_claim_ignore_title_normalized:cdba62445109:21711:fetch:ignore,ablate_corrupt_z_into_clean,all_3,1,1,0,33.75,32.25,-1.5,1,1
