group,side,direction,sample_id,pair_index,intervened_tool_logit,intervened_tool_probability,intervened_top1_margin,intervened_log_odds,intervened_tool_rank,intervened_is_tool_top1,tool_logit_delta,tool_probability_delta,top1_margin_delta,log_odds_delta,gate_score,gate_score_delta,baseline_tool_logit,baseline_tool_probability,baseline_tool_rank,baseline_is_tool_top1,strict_recovery,strict_drop,baseline_best_non_tool_logit,intervened_best_non_tool_logit,paired_target_tool_logit,paired_target_margin,paired_tool_logit_midpoint,tool_logit_gap_progress,raw_tool_logit_midpoint_flip,raw_tool_logit_reached_paired_target,margin_boundary_flip,top1_flip_same_direction
suppressor_top20,corrupt,to_clean,v5_qwen35_4b_285,284,19.25,0.02821599878370762,-2.5,-3.539285659790039,6,0,0.0,0.001604519784450531,0.125,0.06019783020019531,-7.8786821365356445,0.10358810424804688,19.25,0.026611478999257088,7,0,0,0,21.875,21.75,23.125,3.625,21.1875,0.0,0,0,0,0
suppressor_top20,corrupt,to_clean,v5_qwen35_4b_016,15,15.0,0.0003394931263756007,-7.25,-7.987760543823242,38,0,-0.0625,-2.379080979153514e-05,-0.0625,-0.06775474548339844,-12.9072904586792,0.057938575744628906,15.0625,0.00036328393616713583,37,0,0,0,22.25,22.25,21.375,0.75,18.21875,-0.009900990099009901,0,0,0,0
suppressor_top20,corrupt,to_clean,v5_qwen35_4b_036,35,15.6875,0.0005355205503292382,-6.4375,-7.531776428222656,27,0,0.0,-3.047025529667735e-05,-0.125,-0.05536651611328125,-14.768465042114258,0.026497840881347656,15.6875,0.0005659908056259155,24,0,0,0,22.0,22.125,21.375,0.75,18.53125,0.0,0,0,0,0
suppressor_top20,corrupt,to_clean,v5_qwen35_4b_085,84,14.9375,0.00028365530306473374,-7.8125,-8.16749382019043,32,0,-0.0625,1.2116943253204226e-05,0.0625,0.043666839599609375,-13.714653015136719,0.1760110855102539,15.0,0.0002715383598115295,32,0,0,0,22.875,22.75,21.875,1.0,18.4375,-0.00909090909090909,0,0,0,0
suppressor_top20,corrupt,to_clean,v5_qwen35_4b_133,132,15.6875,0.0005602684686891735,-6.3125,-7.486576080322266,25,0,0.0,-5.722336936742067e-06,0.0,-0.010166168212890625,-14.73161792755127,0.06334495544433594,15.6875,0.0005659908056259155,24,0,0,0,22.0,22.0,22.0,1.125,18.84375,0.0,0,0,0,0
suppressor_top20,corrupt,to_clean,v5_qwen35_4b_147,146,15.6875,0.0005602684686891735,-6.3125,-7.486576080322266,25,0,0.0,-5.722336936742067e-06,0.0,-0.010166168212890625,-14.73161792755127,0.06334495544433594,15.6875,0.0005659908056259155,24,0,0,0,22.0,22.0,22.0,1.125,18.84375,0.0,0,0,0,0
suppressor_top20,corrupt,to_clean,v5_qwen35_4b_260,259,17.25,0.005570684093981981,-4.375,-5.184701919555664,13,0,0.125,0.0008425950072705746,0.125,0.1648426055908203,-12.994335174560547,0.11315059661865234,17.125,0.004728089086711407,13,0,0,0,21.625,21.625,22.0,1.0,19.5625,0.02564102564102564,0,0,0,0
suppressor_top20,corrupt,to_clean,v5_qwen35_4b_263,262,16.625,0.0028725136071443558,-5.375,-5.849729537963867,13,0,0.0,0.0003313764464110136,0.125,0.12290573120117188,-13.848234176635742,0.17635726928710938,16.625,0.002541137160733342,13,0,0,0,22.125,22.0,21.625,0.625,19.125,0.0,0,0,0,0
suppressor_top20,corrupt,to_clean,v5_qwen35_4b_296,295,17.25,0.005923413671553135,-4.25,-5.122953414916992,13,0,0.0,0.00039689335972070694,0.125,0.06975173950195312,-12.831628799438477,0.11668014526367188,17.25,0.005526520311832428,13,0,0,0,21.625,21.5,22.0,1.0,19.625,0.0,0,0,0,0
suppressor_top20,corrupt,to_clean,v5_qwen35_4b_040,39,16.0,0.0013543546665459871,-5.5,-6.603130340576172,19,0,0.0,-7.927184924483299e-05,0.0,-0.0569610595703125,-11.303308486938477,0.0698394775390625,16.0,0.0014336265157908201,19,0,0,0,21.5,21.5,22.625,2.125,19.3125,0.0,0,0,0,0
suppressor_top20,corrupt,to_clean,v5_qwen35_4b_054,53,17.25,0.009826949797570705,-3.25,-4.612815856933594,9,0,-0.125,-0.0009396756067872047,0.0,-0.09226799011230469,-9.903076171875,0.11972427368164062,17.375,0.01076662540435791,9,0,0,0,20.625,20.5,22.625,2.125,20.0,-0.023809523809523808,0,0,0,0
suppressor_top20,corrupt,to_clean,v5_qwen35_4b_229,228,16.0,0.0014311023987829685,-5.5,-6.547933578491211,19,0,0.0,-2.5241170078516006e-06,0.0,-0.0017642974853515625,-11.275426864624023,0.09772109985351562,16.0,0.0014336265157908201,19,0,0,0,21.5,21.5,22.5,1.75,19.25,0.0,0,0,0,0
suppressor_top20,corrupt,to_clean,v5_qwen35_4b_047,46,17.0,0.0016144901746883988,-5.875,-6.427150726318359,14,0,0.0,2.2420426830649376e-06,0.0,0.0013904571533203125,-5.7142653465271,0.07220220565795898,17.0,0.001612248132005334,14,0,0,0,22.875,22.875,22.125,0.25,19.5625,0.0,0,0,0,0
suppressor_top20,corrupt,to_clean,v5_qwen35_4b_271,270,19.375,0.02419106848537922,-3.0,-3.697324752807617,7,0,0.0,7.956475019454956e-05,0.0,0.003376007080078125,-10.90484619140625,0.07763481140136719,19.375,0.02411150373518467,8,0,0,0,22.375,22.375,21.875,0.375,20.625,0.0,0,0,0,0
suppressor_top20,corrupt,to_clean,v5_qwen35_4b_039,38,16.5,0.0004976974450983107,-6.75,-7.605037689208984,13,0,0.0,4.8988149501383305e-05,0.125,0.10366630554199219,-9.639845848083496,0.07204723358154297,16.5,0.0004487092955969274,14,0,0,0,23.375,23.25,22.625,0.625,19.5625,0.0,0,0,0,0
suppressor_top20,corrupt,to_clean,v5_qwen35_4b_215,214,19.25,0.02695581316947937,-2.875,-3.586271286010742,7,0,0.0,0.0005131680518388748,0.0,0.019748687744140625,-7.514289379119873,0.10906553268432617,19.25,0.026442645117640495,7,0,0,0,22.125,22.125,22.625,0.5,20.9375,0.0,0,0,0,0
suppressor_top20,corrupt,to_clean,v5_qwen35_4b_245,244,15.1875,0.00030938233248889446,-7.8125,-8.080644607543945,22,0,0.0625,2.095918171107769e-05,0.0625,0.07016944885253906,-15.409159660339355,0.11640644073486328,15.125,0.00028842315077781677,22,0,0,0,23.0,23.0,21.0,0.25,18.0625,0.010638297872340425,0,0,0,0
suppressor_top20,corrupt,to_clean,v5_qwen35_4b_161,160,15.5625,0.00025096762692555785,-8.1875,-8.28995132446289,27,0,-0.125,-3.1999137718230486e-05,-0.125,-0.12003898620605469,-18.375532150268555,0.29044151306152344,15.6875,0.00028296676464378834,26,0,0,0,23.75,23.75,23.125,2.0,19.40625,-0.01680672268907563,0,0,0,0
suppressor_top20,corrupt,to_clean,v5_qwen35_4b_121,120,15.875,0.0006567525560967624,-6.875,-7.327573776245117,14,0,0.0,7.246551103889942e-05,0.125,0.11698341369628906,-16.230823516845703,0.19406509399414062,15.875,0.000584287045057863,14,0,0,0,22.875,22.75,23.5,3.125,19.6875,0.0,0,0,0,0
suppressor_top20,corrupt,to_clean,v5_qwen35_4b_181,180,15.8125,0.00045902360579930246,-7.5625,-7.685966491699219,18,0,-0.0625,2.4907960323616862e-05,0.0625,0.05581474304199219,-16.787372589111328,0.2618389129638672,15.875,0.0004341156454756856,18,0,0,0,23.5,23.375,23.25,1.75,19.5625,-0.00847457627118644,0,0,0,0
suppressor_top20,corrupt,to_clean,v5_qwen35_4b_259,258,17.375,0.0033758552744984627,-5.5,-5.687746047973633,9,0,0.0,0.0003824024461209774,0.125,0.12060356140136719,-16.010149002075195,0.21739959716796875,17.375,0.0029934528283774853,9,0,0,0,23.0,22.875,22.75,1.25,20.0625,0.0,0,0,0,0
suppressor_top20,corrupt,to_clean,v5_qwen35_4b_283,282,17.875,0.008035716600716114,-4.125,-4.815837860107422,12,0,0.0,0.0008433274924755096,0.125,0.11172103881835938,-11.948232650756836,0.12256050109863281,17.875,0.007192389108240604,12,0,0,0,22.125,22.0,22.125,0.5,20.0,0.0,0,0,0,0
suppressor_top20,corrupt,to_clean,v5_qwen35_4b_272,271,20.25,0.02382788434624672,-3.5,-3.7127952575683594,4,0,0.0,-5.89713454246521e-06,0.0,-0.00025177001953125,-10.467759132385254,0.15860462188720703,20.25,0.023833781480789185,4,0,0,0,23.75,23.75,24.0,2.0,22.125,0.0,0,0,0,0
suppressor_top20,corrupt,to_clean,v5_qwen35_4b_043,42,16.625,0.0009004341554827988,-5.75,-7.0117645263671875,24,0,-0.125,-0.00011858862126246095,-0.125,-0.12384223937988281,-6.932032108306885,0.1380786895751953,16.75,0.0010190227767452598,23,0,0,0,22.375,22.375,23.375,1.125,20.0625,-0.018867924528301886,0,0,0,0
suppressor_top20,corrupt,to_clean,v5_qwen35_4b_166,165,19.25,0.01986655779182911,-3.25,-3.8986892700195312,8,0,-0.125,-0.0025282278656959534,-0.125,-0.12237167358398438,-7.934706211090088,0.12333059310913086,19.375,0.022394785657525063,7,0,0,0,22.5,22.5,23.0,1.25,21.1875,-0.034482758620689655,0,0,0,0
suppressor_top20,corrupt,to_clean,v5_qwen35_4b_055,54,19.125,0.00928716454654932,-4.5,-4.669807434082031,5,0,0.0,0.0010526012629270554,0.125,0.12135505676269531,-14.766724586486816,0.09587860107421875,19.125,0.008234563283622265,6,0,0,0,23.75,23.625,23.0,1.25,21.0625,0.0,0,0,0,0
suppressor_top20,corrupt,to_clean,v5_qwen35_4b_130,129,16.625,0.0007563282269984484,-6.625,-7.186298370361328,20,0,0.0,4.4075422920286655e-06,0.0,0.0058498382568359375,-8.7910795211792,0.10264968872070312,16.625,0.0007519206847064197,20,0,0,0,23.25,23.25,22.125,1.375,19.375,0.0,0,0,0,0
suppressor_top20,corrupt,to_clean,v5_qwen35_4b_182,181,15.75,0.00031846010824665427,-7.875,-8.051715850830078,29,0,-0.0625,-1.8326391000300646e-05,-0.0625,-0.05597114562988281,-4.605496406555176,0.12782669067382812,15.8125,0.0003367864992469549,28,0,0,0,23.625,23.625,22.25,0.75,19.03125,-0.009708737864077669,0,0,0,0
suppressor_top20,corrupt,to_clean,v5_qwen35_4b_065,64,18.125,0.012003505602478981,-3.25,-4.410526275634766,10,0,0.0,-0.000372396782040596,0.0,-0.0309295654296875,-6.547070503234863,0.02712869644165039,18.125,0.012375902384519577,10,0,0,0,21.375,21.375,21.25,0.375,19.6875,0.0,0,0,0,0
suppressor_top20,corrupt,to_clean,v5_qwen35_4b_001,0,17.25,0.00482935830950737,-5.0,-5.32823371887207,11,0,-0.25,-0.0007781162858009338,-0.125,-0.15016937255859375,-3.4119536876678467,0.24101638793945312,17.5,0.005607474595308304,11,0,0,0,22.375,22.25,23.375,2.125,20.4375,-0.0425531914893617,0,0,0,0
suppressor_top20,corrupt,to_clean,v5_qwen35_4b_053,52,17.5,0.010405758395791054,-3.625,-4.554988861083984,9,0,0.0,-0.0002304166555404663,0.0,-0.022134780883789062,-9.51844310760498,0.02408313751220703,17.5,0.01063617505133152,8,0,0,0,21.125,21.125,22.375,1.875,19.9375,0.0,0,0,0,0
suppressor_top20,corrupt,to_clean,v5_qwen35_4b_155,154,15.0625,0.0006162924692034721,-6.3125,-7.391229629516602,33,0,-0.0625,-7.49735627323389e-05,-0.1875,-0.11487388610839844,-10.74782943725586,0.03138542175292969,15.125,0.000691266031935811,29,0,0,0,21.25,21.375,22.5,2.125,18.8125,-0.00847457627118644,0,0,0,0
suppressor_top20,corrupt,to_clean,v5_qwen35_4b_120,119,16.0,0.001311271800659597,-5.5,-6.635494232177734,20,0,-0.125,-0.0002214672276750207,-0.125,-0.156280517578125,-11.090075492858887,-0.04356956481933594,16.125,0.0015327390283346176,18,0,0,0,21.5,21.5,22.625,2.25,19.375,-0.019230769230769232,0,0,0,0
suppressor_top20,corrupt,to_clean,v5_qwen35_4b_232,231,16.125,0.0015183030627667904,-5.375,-6.4886932373046875,18,0,0.0,-1.4435965567827225e-05,0.0,-0.009479522705078125,-11.0570707321167,-0.010564804077148438,16.125,0.0015327390283346176,18,0,0,0,21.5,21.5,22.625,2.125,19.375,0.0,0,0,0,0
suppressor_top20,corrupt,to_clean,v5_qwen35_4b_226,225,17.75,0.0015677000628784299,-5.75,-6.456594467163086,8,0,-0.125,-9.902752935886383e-06,0.0,-0.0063076019287109375,-12.541316986083984,0.10839653015136719,17.875,0.0015776028158143163,7,0,0,0,23.625,23.5,23.75,2.0,20.8125,-0.02127659574468085,0,0,0,0
suppressor_top20,corrupt,to_clean,v5_qwen35_4b_123,122,15.6875,0.0007223056745715439,-6.8125,-7.232370376586914,18,0,-0.0625,-3.2508920412510633e-05,-0.0625,-0.044055938720703125,-16.444133758544922,0.16315460205078125,15.75,0.0007548145949840546,18,0,0,0,22.5,22.5,22.625,1.625,19.1875,-0.00909090909090909,0,0,0,0
suppressor_top20,corrupt,to_clean,v5_qwen35_4b_030,29,15.75,0.000706345948856324,-6.875,-7.254728317260742,18,0,-0.0625,2.3189291823655367e-05,0.0625,0.03340339660644531,-16.580121994018555,0.08923149108886719,15.8125,0.0006831566570326686,18,0,0,0,22.75,22.625,21.875,0.75,18.84375,-0.010309278350515464,0,0,0,0
suppressor_top20,corrupt,to_clean,v5_qwen35_4b_205,204,18.0,0.01144679170101881,-4.0,-4.4585723876953125,6,0,0.0,0.0012659598141908646,0.125,0.11848068237304688,-14.093742370605469,0.1286602020263672,18.0,0.010180831886827946,7,0,0,0,22.125,22.0,22.0,1.125,20.0,0.0,0,0,0,0
suppressor_top20,corrupt,to_clean,v5_qwen35_4b_208,207,19.75,0.03007396310567856,-3.0,-3.4735851287841797,4,0,0.125,0.0055211856961250305,0.25,0.2085094451904297,-11.449833869934082,0.2250995635986328,19.625,0.024552777409553528,5,0,0,0,22.875,22.75,22.5,0.25,21.0625,0.043478260869565216,0,0,0,0
suppressor_top20,corrupt,to_clean,v5_qwen35_4b_159,158,15.625,0.0002810313308145851,-8.0,-8.176780700683594,23,0,-0.0625,-1.523687387816608e-05,-0.0625,-0.052814483642578125,-18.4771671295166,0.32424163818359375,15.6875,0.00029626820469275117,23,0,0,0,23.625,23.625,24.0,2.875,19.84375,-0.007518796992481203,0,0,0,0
suppressor_top20,corrupt,to_clean,v5_qwen35_4b_262,261,18.625,0.012409710325300694,-3.875,-4.376813888549805,4,0,0.0,0.001093548722565174,0.125,0.093353271484375,-15.526320457458496,0.18670940399169922,18.625,0.01131616160273552,4,0,0,0,22.625,22.5,23.5,2.625,21.0625,0.0,0,0,0,0
suppressor_top20,corrupt,to_clean,v5_qwen35_4b_281,280,18.625,0.012409710325300694,-3.875,-4.376813888549805,4,0,0.0,0.001093548722565174,0.125,0.093353271484375,-15.526320457458496,0.18670940399169922,18.625,0.01131616160273552,4,0,0,0,22.625,22.5,23.5,2.625,21.0625,0.0,0,0,0,0
suppressor_top20,corrupt,to_clean,v5_qwen35_4b_153,152,15.6875,0.0006671583978459239,-7.1875,-7.311834335327148,19,0,-0.125,-2.7568312361836433e-06,0.0,-0.00412750244140625,-17.09618377685547,0.27010536193847656,15.8125,0.0006699152290821075,19,0,0,0,23.0,22.875,23.0,2.625,19.40625,-0.017391304347826087,0,0,0,0
suppressor_top20,corrupt,to_clean,v5_qwen35_4b_017,16,15.4375,0.0005959594273008406,-7.3125,-7.4247589111328125,19,0,-0.125,-1.6253907233476639e-06,0.0,-0.0027256011962890625,-16.532838821411133,0.2001495361328125,15.5625,0.0005975848180241883,19,0,0,0,22.875,22.75,22.375,1.875,18.96875,-0.01834862385321101,0,0,0,0
suppressor_top20,corrupt,to_clean,v5_qwen35_4b_023,22,15.4375,0.0005959594273008406,-7.3125,-7.4247589111328125,19,0,-0.125,-1.6253907233476639e-06,0.0,-0.0027256011962890625,-16.532838821411133,0.2001495361328125,15.5625,0.0005975848180241883,19,0,0,0,22.875,22.75,22.375,1.875,18.96875,-0.01834862385321101,0,0,0,0
suppressor_top20,corrupt,to_clean,v5_qwen35_4b_027,26,16.375,0.0013503625523298979,-6.375,-6.606052398681641,14,0,-0.125,-0.00017009838484227657,-0.125,-0.11880874633789062,-17.198301315307617,0.15380287170410156,16.5,0.0015204609371721745,13,0,0,0,22.75,22.75,22.375,1.875,19.4375,-0.02127659574468085,0,0,0,0
suppressor_top20,corrupt,to_clean,v5_qwen35_4b_028,27,16.375,0.0013503625523298979,-6.375,-6.606052398681641,14,0,-0.125,-0.00017009838484227657,-0.125,-0.11880874633789062,-17.198301315307617,0.15380287170410156,16.5,0.0015204609371721745,13,0,0,0,22.75,22.75,22.375,1.875,19.4375,-0.02127659574468085,0,0,0,0
suppressor_top20,corrupt,to_clean,v5_qwen35_4b_035,34,16.375,0.0013503625523298979,-6.375,-6.606052398681641,14,0,-0.125,-0.00017009838484227657,-0.125,-0.11880874633789062,-17.198301315307617,0.15380287170410156,16.5,0.0015204609371721745,13,0,0,0,22.75,22.75,22.375,1.875,19.4375,-0.02127659574468085,0,0,0,0
suppressor_top20,corrupt,to_clean,v5_qwen35_4b_046,45,16.375,0.0014953957870602608,-6.25,-6.5038909912109375,13,0,0.0,1.242395956069231e-05,0.0,0.008356094360351562,-16.95093536376953,0.1548595428466797,16.375,0.0014829718274995685,13,0,0,0,22.625,22.625,22.25,1.75,19.3125,0.0,0,0,0,0
suppressor_top20,corrupt,to_clean,v5_qwen35_4b_059,58,17.375,0.007516941986978054,-4.625,-4.883081436157227,6,0,-0.125,-0.0001758183352649212,0.0,-0.023298263549804688,-15.272990226745605,0.19261550903320312,17.5,0.007692760322242975,5,0,0,0,22.125,22.0,22.25,1.75,19.875,-0.02631578947368421,0,0,0,0
suppressor_top20,corrupt,to_clean,v5_qwen35_4b_064,63,17.375,0.007516941986978054,-4.625,-4.883081436157227,6,0,-0.125,-0.0001758183352649212,0.0,-0.023298263549804688,-15.272990226745605,0.19261550903320312,17.5,0.007692760322242975,5,0,0,0,22.125,22.0,22.25,1.75,19.875,-0.02631578947368421,0,0,0,0
suppressor_top20,corrupt,to_clean,v5_qwen35_4b_113,112,16.375,0.001519609591923654,-6.25,-6.487804412841797,13,0,0.0,3.663776442408562e-05,0.0,0.024442672729492188,-16.907085418701172,0.19870948791503906,16.375,0.0014829718274995685,13,0,0,0,22.625,22.625,22.875,2.375,19.625,0.0,0,0,0,0
suppressor_top20,corrupt,to_clean,v5_qwen35_4b_118,117,16.375,0.001519609591923654,-6.25,-6.487804412841797,13,0,0.0,3.663776442408562e-05,0.0,0.024442672729492188,-16.907085418701172,0.19870948791503906,16.375,0.0014829718274995685,13,0,0,0,22.625,22.625,22.875,2.375,19.625,0.0,0,0,0,0
suppressor_top20,corrupt,to_clean,v5_qwen35_4b_149,148,16.375,0.001519609591923654,-6.25,-6.487804412841797,13,0,0.0,3.663776442408562e-05,0.0,0.024442672729492188,-16.907085418701172,0.19870948791503906,16.375,0.0014829718274995685,13,0,0,0,22.625,22.625,22.875,2.375,19.625,0.0,0,0,0,0
suppressor_top20,corrupt,to_clean,v5_qwen35_4b_152,151,15.125,0.0004383690538816154,-7.625,-7.732027053833008,21,0,-0.0625,2.6720750611275434e-05,0.0625,0.06291961669921875,-16.409719467163086,0.2346057891845703,15.1875,0.00041164830327033997,21,0,0,0,22.875,22.75,22.875,2.5,19.03125,-0.008130081300813009,0,0,0,0
suppressor_top20,corrupt,to_clean,v5_qwen35_4b_156,155,15.125,0.0004383690538816154,-7.625,-7.732027053833008,21,0,-0.0625,2.6720750611275434e-05,0.0625,0.06291961669921875,-16.409719467163086,0.2346057891845703,15.1875,0.00041164830327033997,21,0,0,0,22.875,22.75,22.875,2.5,19.03125,-0.008130081300813009,0,0,0,0
suppressor_top20,corrupt,to_clean,v5_qwen35_4b_167,166,15.125,0.0004383690538816154,-7.625,-7.732027053833008,21,0,-0.0625,2.6720750611275434e-05,0.0625,0.06291961669921875,-16.409719467163086,0.2346057891845703,15.1875,0.00041164830327033997,21,0,0,0,22.875,22.75,22.875,2.5,19.03125,-0.008130081300813009,0,0,0,0
suppressor_top20,corrupt,to_clean,v5_qwen35_4b_172,171,15.375,0.0005597038543783128,-7.375,-7.487560272216797,19,0,-0.125,-2.7025816962122917e-07,0.0,-0.000484466552734375,-16.496461868286133,0.2540454864501953,15.5,0.0005599741125479341,19,0,0,0,22.875,22.75,22.875,2.375,19.1875,-0.01694915254237288,0,0,0,0
suppressor_top20,corrupt,to_clean,v5_qwen35_4b_234,233,16.125,0.0011787450639531016,-6.5,-6.742149353027344,14,0,0.0,4.87698707729578e-06,0.0,0.004150390625,-17.01444435119629,0.16979408264160156,16.125,0.0011738680768758059,14,0,0,0,22.625,22.625,22.125,1.625,19.125,0.0,0,0,0,0
suppressor_top20,corrupt,to_clean,v5_qwen35_4b_243,242,16.375,0.0014939851826056838,-6.25,-6.5048370361328125,13,0,0.0,1.1013355106115341e-05,0.0,0.0074100494384765625,-16.963462829589844,0.1423320770263672,16.375,0.0014829718274995685,13,0,0,0,22.625,22.625,22.25,1.625,19.3125,0.0,0,0,0,0
suppressor_top20,corrupt,to_clean,v5_qwen35_4b_251,250,16.375,0.0014939851826056838,-6.25,-6.5048370361328125,13,0,0.0,1.1013355106115341e-05,0.0,0.0074100494384765625,-16.963462829589844,0.1423320770263672,16.375,0.0014829718274995685,13,0,0,0,22.625,22.625,22.25,1.625,19.3125,0.0,0,0,0,0
suppressor_top20,corrupt,to_clean,v5_qwen35_4b_254,253,17.375,0.007519927807152271,-4.625,-4.882680892944336,6,0,-0.125,-0.00017283251509070396,0.0,-0.022897720336914062,-15.28043270111084,0.18517303466796875,17.5,0.007692760322242975,5,0,0,0,22.125,22.0,22.25,1.625,19.875,-0.02631578947368421,0,0,0,0
suppressor_top20,corrupt,to_clean,v5_qwen35_4b_255,254,17.375,0.007519927807152271,-4.625,-4.882680892944336,6,0,-0.125,-0.00017283251509070396,0.0,-0.022897720336914062,-15.28043270111084,0.18517303466796875,17.5,0.007692760322242975,5,0,0,0,22.125,22.0,22.25,1.625,19.875,-0.02631578947368421,0,0,0,0
suppressor_top20,corrupt,to_clean,v5_qwen35_4b_264,263,17.25,0.006625234615057707,-4.75,-5.010251998901367,9,0,-0.125,-0.00010957522317767143,0.0,-0.016513824462890625,-15.176977157592773,0.16274547576904297,17.375,0.006734809838235378,8,0,0,0,22.125,22.0,22.125,1.625,19.75,-0.02631578947368421,0,0,0,0
suppressor_top20,corrupt,to_clean,v5_qwen35_4b_273,272,17.25,0.007447171490639448,-4.625,-4.892477035522461,7,0,-0.125,-3.211246803402901e-05,0.0,-0.0043354034423828125,-15.245332717895508,0.19709110260009766,17.375,0.007479283958673477,6,0,0,0,22.0,21.875,22.25,1.75,19.8125,-0.02564102564102564,0,0,0,0
suppressor_top20,corrupt,to_clean,v5_qwen35_4b_290,289,17.5,0.009564821608364582,-4.375,-4.640085220336914,4,0,0.0,0.0010469118133187294,0.125,0.11697578430175781,-15.300986289978027,0.19797134399414062,17.5,0.008517909795045853,4,0,0,0,22.0,21.875,22.125,1.625,19.8125,0.0,0,0,0,0
suppressor_top20,corrupt,to_clean,v5_qwen35_4b_267,266,17.5,0.0032693580724298954,-5.25,-5.71990966796875,7,0,0.0,0.0001188663300126791,0.0,0.0371551513671875,-16.918453216552734,0.12967681884765625,17.5,0.0031504917424172163,7,0,0,0,22.75,22.75,22.375,1.625,19.9375,0.0,0,0,0,0
suppressor_top20,corrupt,to_clean,v5_qwen35_4b_148,147,15.6875,0.0004141443350818008,-7.1875,-7.788902282714844,16,0,0.125,4.9673719331622124e-05,0.125,0.12781906127929688,-17.91567039489746,0.14886093139648438,15.5625,0.0003644706157501787,16,0,0,0,22.875,22.875,23.75,2.875,19.65625,0.015267175572519083,0,0,0,0
suppressor_top20,corrupt,to_clean,v5_qwen35_4b_180,179,14.5,0.00011591343354666606,-8.875,-9.062568664550781,35,0,0.0,1.0950534488074481e-06,0.0,0.009492874145507812,-18.55493927001953,0.24706649780273438,14.5,0.00011481838009785861,35,0,0,0,23.375,23.375,23.25,2.625,18.875,0.0,0,0,0,0
suppressor_top20,corrupt,to_clean,v5_qwen35_4b_072,71,19.25,0.051279135048389435,-2.125,-2.917879104614258,5,0,0.125,0.0054499804973602295,0.125,0.11808967590332031,-7.569626331329346,0.08235645294189453,19.125,0.045829154551029205,5,0,0,0,21.375,21.375,22.5,1.875,20.8125,0.037037037037037035,0,0,0,0
suppressor_top20,corrupt,to_clean,v5_qwen35_4b_073,72,19.5,0.023000622168183327,-3.25,-3.7489891052246094,5,0,-0.125,-0.0010380987077951431,0.0,-0.04520606994628906,-9.185267448425293,0.2857809066772461,19.625,0.02403872087597847,5,0,0,0,22.875,22.75,23.25,0.25,21.4375,-0.034482758620689655,0,0,0,0
suppressor_top20,corrupt,to_clean,v5_qwen35_4b_270,269,19.625,0.09553822875022888,-1.0,-2.2478771209716797,5,0,0.0,0.0008343011140823364,0.0,0.009691238403320312,-6.682523727416992,0.08447980880737305,19.625,0.09470392763614655,5,0,0,0,20.625,20.625,22.5,1.75,21.0625,0.0,0,0,0,0
suppressor_top20,corrupt,to_clean,v5_qwen35_4b_038,37,17.875,0.0028819937724620104,-5.375,-5.846406936645508,10,0,0.0,0.00012341677211225033,0.0,0.04388999938964844,-9.826739311218262,0.12493896484375,17.875,0.00275857700034976,10,0,0,0,23.25,23.25,23.375,2.375,20.625,0.0,0,0,0,0
suppressor_top20,corrupt,to_clean,v5_qwen35_4b_204,203,20.625,0.05204129219055176,-2.5,-2.9022960662841797,4,0,0.0,0.005763515830039978,0.125,0.12343597412109375,-6.199061870574951,0.2599654197692871,20.625,0.04627777636051178,4,0,0,0,23.25,23.125,24.25,0.875,22.4375,0.0,0,0,0,0
suppressor_top20,corrupt,to_clean,v5_qwen35_4b_007,6,16.125,0.0005354751483537257,-7.25,-7.5318450927734375,24,0,-0.125,-1.2116797734051943e-05,0.0,-0.022386550903320312,-17.62209701538086,0.2585296630859375,16.25,0.0005475919460877776,24,0,0,0,23.5,23.375,23.375,2.0,19.8125,-0.017543859649122806,0,0,0,0
suppressor_top20,corrupt,to_clean,v5_qwen35_4b_014,13,16.125,0.0005354751483537257,-7.25,-7.5318450927734375,24,0,-0.125,-1.2116797734051943e-05,0.0,-0.022386550903320312,-17.62209701538086,0.2585296630859375,16.25,0.0005475919460877776,24,0,0,0,23.5,23.375,23.375,2.0,19.8125,-0.017543859649122806,0,0,0,0
suppressor_top20,corrupt,to_clean,v5_qwen35_4b_018,17,16.125,0.0005354751483537257,-7.25,-7.5318450927734375,24,0,-0.125,-1.2116797734051943e-05,0.0,-0.022386550903320312,-17.62209701538086,0.2585296630859375,16.25,0.0005475919460877776,24,0,0,0,23.5,23.375,23.375,2.0,19.8125,-0.017543859649122806,0,0,0,0
suppressor_top20,corrupt,to_clean,v5_qwen35_4b_020,19,16.125,0.0005354751483537257,-7.25,-7.5318450927734375,24,0,-0.125,-1.2116797734051943e-05,0.0,-0.022386550903320312,-17.62209701538086,0.2585296630859375,16.25,0.0005475919460877776,24,0,0,0,23.5,23.375,23.375,2.0,19.8125,-0.017543859649122806,0,0,0,0
suppressor_top20,corrupt,to_clean,v5_qwen35_4b_021,20,16.125,0.0005354751483537257,-7.25,-7.5318450927734375,24,0,-0.125,-1.2116797734051943e-05,0.0,-0.022386550903320312,-17.62209701538086,0.2585296630859375,16.25,0.0005475919460877776,24,0,0,0,23.5,23.375,23.375,2.0,19.8125,-0.017543859649122806,0,0,0,0
suppressor_top20,corrupt,to_clean,v5_qwen35_4b_024,23,16.125,0.0005354751483537257,-7.25,-7.5318450927734375,24,0,-0.125,-1.2116797734051943e-05,0.0,-0.022386550903320312,-17.62209701538086,0.2585296630859375,16.25,0.0005475919460877776,24,0,0,0,23.5,23.375,23.375,2.0,19.8125,-0.017543859649122806,0,0,0,0
suppressor_top20,corrupt,to_clean,v5_qwen35_4b_025,24,16.375,0.000688986387103796,-7.0,-7.279624938964844,20,0,-0.125,-1.9570172298699617e-05,0.0,-0.028028488159179688,-17.6226863861084,0.26766014099121094,16.5,0.0007085565594024956,19,0,0,0,23.5,23.375,23.375,2.125,19.9375,-0.01818181818181818,0,0,0,0
suppressor_top20,corrupt,to_clean,v5_qwen35_4b_098,97,16.375,0.00069681357126683,-7.0,-7.268321990966797,20,0,-0.125,-1.1742988135665655e-05,0.0,-0.016725540161132812,-17.574338912963867,0.3160076141357422,16.5,0.0007085565594024956,19,0,0,0,23.5,23.375,23.5,2.25,20.0,-0.017857142857142856,0,0,0,0
suppressor_top20,corrupt,to_clean,v5_qwen35_4b_114,113,16.75,0.0010951819131150842,-6.25,-6.815767288208008,10,0,0.0,9.659130591899157e-05,0.125,0.09242820739746094,-17.437541961669922,0.2222614288330078,16.75,0.0009985906071960926,11,0,0,0,23.125,23.0,23.5,2.25,20.125,0.0,0,0,0,0
suppressor_top20,corrupt,to_clean,v5_qwen35_4b_128,127,16.75,0.0010951819131150842,-6.25,-6.815767288208008,10,0,0.0,9.659130591899157e-05,0.125,0.09242820739746094,-17.437541961669922,0.2222614288330078,16.75,0.0009985906071960926,11,0,0,0,23.125,23.0,23.5,2.25,20.125,0.0,0,0,0,0
suppressor_top20,corrupt,to_clean,v5_qwen35_4b_131,130,16.75,0.0010951819131150842,-6.25,-6.815767288208008,10,0,0.0,9.659130591899157e-05,0.125,0.09242820739746094,-17.437541961669922,0.2222614288330078,16.75,0.0009985906071960926,11,0,0,0,23.125,23.0,23.5,2.25,20.125,0.0,0,0,0,0
suppressor_top20,corrupt,to_clean,v5_qwen35_4b_135,134,16.75,0.0010951819131150842,-6.25,-6.815767288208008,10,0,0.0,9.659130591899157e-05,0.125,0.09242820739746094,-17.437541961669922,0.2222614288330078,16.75,0.0009985906071960926,11,0,0,0,23.125,23.0,23.5,2.25,20.125,0.0,0,0,0,0
suppressor_top20,corrupt,to_clean,v5_qwen35_4b_136,135,16.75,0.0010951819131150842,-6.25,-6.815767288208008,10,0,0.0,9.659130591899157e-05,0.125,0.09242820739746094,-17.437541961669922,0.2222614288330078,16.75,0.0009985906071960926,11,0,0,0,23.125,23.0,23.5,2.25,20.125,0.0,0,0,0,0
suppressor_top20,corrupt,to_clean,v5_qwen35_4b_144,143,16.75,0.0010951819131150842,-6.25,-6.815767288208008,10,0,0.0,9.659130591899157e-05,0.125,0.09242820739746094,-17.437541961669922,0.2222614288330078,16.75,0.0009985906071960926,11,0,0,0,23.125,23.0,23.5,2.25,20.125,0.0,0,0,0,0
suppressor_top20,corrupt,to_clean,v5_qwen35_4b_145,144,16.75,0.0010951819131150842,-6.25,-6.815767288208008,10,0,0.0,9.659130591899157e-05,0.125,0.09242820739746094,-17.437541961669922,0.2222614288330078,16.75,0.0009985906071960926,11,0,0,0,23.125,23.0,23.5,2.25,20.125,0.0,0,0,0,0
suppressor_top20,corrupt,to_clean,v5_qwen35_4b_160,159,16.375,0.000698653981089592,-7.0,-7.265682220458984,20,0,-0.125,-9.902578312903643e-06,0.0,-0.014085769653320312,-17.59134864807129,0.2989978790283203,16.5,0.0007085565594024956,19,0,0,0,23.5,23.375,23.25,2.25,19.875,-0.018518518518518517,0,0,0,0
suppressor_top20,corrupt,to_clean,v5_qwen35_4b_164,163,16.375,0.000698653981089592,-7.0,-7.265682220458984,20,0,-0.125,-9.902578312903643e-06,0.0,-0.014085769653320312,-17.59134864807129,0.2989978790283203,16.5,0.0007085565594024956,19,0,0,0,23.5,23.375,23.25,2.25,19.875,-0.018518518518518517,0,0,0,0
suppressor_top20,corrupt,to_clean,v5_qwen35_4b_169,168,16.375,0.000698653981089592,-7.0,-7.265682220458984,20,0,-0.125,-9.902578312903643e-06,0.0,-0.014085769653320312,-17.59134864807129,0.2989978790283203,16.5,0.0007085565594024956,19,0,0,0,23.5,23.375,23.25,2.25,19.875,-0.018518518518518517,0,0,0,0
suppressor_top20,corrupt,to_clean,v5_qwen35_4b_174,173,16.375,0.000698653981089592,-7.0,-7.265682220458984,20,0,-0.125,-9.902578312903643e-06,0.0,-0.014085769653320312,-17.59134864807129,0.2989978790283203,16.5,0.0007085565594024956,19,0,0,0,23.5,23.375,23.25,2.25,19.875,-0.018518518518518517,0,0,0,0
suppressor_top20,corrupt,to_clean,v5_qwen35_4b_187,186,16.375,0.000698653981089592,-7.0,-7.265682220458984,20,0,-0.125,-9.902578312903643e-06,0.0,-0.014085769653320312,-17.59134864807129,0.2989978790283203,16.5,0.0007085565594024956,19,0,0,0,23.5,23.375,23.25,2.25,19.875,-0.018518518518518517,0,0,0,0
suppressor_top20,corrupt,to_clean,v5_qwen35_4b_188,187,16.375,0.000698653981089592,-7.0,-7.265682220458984,20,0,-0.125,-9.902578312903643e-06,0.0,-0.014085769653320312,-17.59134864807129,0.2989978790283203,16.5,0.0007085565594024956,19,0,0,0,23.5,23.375,23.25,2.25,19.875,-0.018518518518518517,0,0,0,0
suppressor_top20,corrupt,to_clean,v5_qwen35_4b_213,212,18.0,0.007615871261805296,-4.375,-4.869913101196289,7,0,0.0,0.000927959568798542,0.125,0.13086509704589844,-15.873004913330078,0.2144641876220703,18.0,0.006687911693006754,7,0,0,0,22.5,22.375,23.25,2.25,20.625,0.0,0,0,0,0
suppressor_top20,corrupt,to_clean,v5_qwen35_4b_214,213,18.0,0.007615871261805296,-4.375,-4.869913101196289,7,0,0.0,0.000927959568798542,0.125,0.13086509704589844,-15.873004913330078,0.2144641876220703,18.0,0.006687911693006754,7,0,0,0,22.5,22.375,23.25,2.25,20.625,0.0,0,0,0,0
suppressor_top20,corrupt,to_clean,v5_qwen35_4b_216,215,18.0,0.007615871261805296,-4.375,-4.869913101196289,7,0,0.0,0.000927959568798542,0.125,0.13086509704589844,-15.873004913330078,0.2144641876220703,18.0,0.006687911693006754,7,0,0,0,22.5,22.375,23.25,2.25,20.625,0.0,0,0,0,0
suppressor_top20,corrupt,to_clean,v5_qwen35_4b_222,221,18.0,0.007615871261805296,-4.375,-4.869913101196289,7,0,0.0,0.000927959568798542,0.125,0.13086509704589844,-15.873004913330078,0.2144641876220703,18.0,0.006687911693006754,7,0,0,0,22.5,22.375,23.25,2.25,20.625,0.0,0,0,0,0
suppressor_top20,corrupt,to_clean,v5_qwen35_4b_224,223,18.0,0.007615871261805296,-4.375,-4.869913101196289,7,0,0.0,0.000927959568798542,0.125,0.13086509704589844,-15.873004913330078,0.2144641876220703,18.0,0.006687911693006754,7,0,0,0,22.5,22.375,23.25,2.25,20.625,0.0,0,0,0,0
suppressor_top20,corrupt,to_clean,v5_qwen35_4b_239,238,16.75,0.0010949705028906465,-6.25,-6.815959930419922,10,0,0.0,9.637989569455385e-05,0.125,0.09223556518554688,-17.447446823120117,0.2123565673828125,16.75,0.0009985906071960926,11,0,0,0,23.125,23.0,23.25,2.125,20.0,0.0,0,0,0,0
suppressor_top20,corrupt,to_clean,v5_qwen35_4b_241,240,16.75,0.0010949705028906465,-6.25,-6.815959930419922,10,0,0.0,9.637989569455385e-05,0.125,0.09223556518554688,-17.447446823120117,0.2123565673828125,16.75,0.0009985906071960926,11,0,0,0,23.125,23.0,23.25,2.125,20.0,0.0,0,0,0,0
suppressor_top20,corrupt,to_clean,v5_qwen35_4b_256,255,18.0,0.0075584216974675655,-4.375,-4.877542495727539,7,0,0.0,0.0008705100044608116,0.125,0.12323570251464844,-15.878501892089844,0.2089672088623047,18.0,0.006687911693006754,7,0,0,0,22.5,22.375,23.25,2.125,20.625,0.0,0,0,0,0
suppressor_top20,corrupt,to_clean,v5_qwen35_4b_269,268,18.0,0.0075584216974675655,-4.375,-4.877542495727539,7,0,0.0,0.0008705100044608116,0.125,0.12323570251464844,-15.878501892089844,0.2089672088623047,18.0,0.006687911693006754,7,0,0,0,22.5,22.375,23.25,2.125,20.625,0.0,0,0,0,0
suppressor_top20,corrupt,to_clean,v5_qwen35_4b_276,275,18.0,0.007772273849695921,-4.375,-4.849424362182617,6,0,0.0,0.0008761049248278141,0.125,0.12047767639160156,-15.93420696258545,0.2200613021850586,18.0,0.006896168924868107,7,0,0,0,22.5,22.375,23.25,2.125,20.625,0.0,0,0,0,0
suppressor_top20,corrupt,to_clean,v5_qwen35_4b_277,276,18.0,0.007772273849695921,-4.375,-4.849424362182617,6,0,0.0,0.0008761049248278141,0.125,0.12047767639160156,-15.93420696258545,0.2200613021850586,18.0,0.006896168924868107,7,0,0,0,22.5,22.375,23.25,2.125,20.625,0.0,0,0,0,0
suppressor_top20,corrupt,to_clean,v5_qwen35_4b_280,279,18.0,0.007772273849695921,-4.375,-4.849424362182617,6,0,0.0,0.0008761049248278141,0.125,0.12047767639160156,-15.93420696258545,0.2200613021850586,18.0,0.006896168924868107,7,0,0,0,22.5,22.375,23.25,2.125,20.625,0.0,0,0,0,0
suppressor_top20,corrupt,to_clean,v5_qwen35_4b_284,283,18.0,0.007772273849695921,-4.375,-4.849424362182617,6,0,0.0,0.0008761049248278141,0.125,0.12047767639160156,-15.93420696258545,0.2200613021850586,18.0,0.006896168924868107,7,0,0,0,22.5,22.375,23.25,2.125,20.625,0.0,0,0,0,0
suppressor_top20,corrupt,to_clean,v5_qwen35_4b_288,287,18.0,0.007772273849695921,-4.375,-4.849424362182617,6,0,0.0,0.0008761049248278141,0.125,0.12047767639160156,-15.93420696258545,0.2200613021850586,18.0,0.006896168924868107,7,0,0,0,22.5,22.375,23.25,2.125,20.625,0.0,0,0,0,0
suppressor_top20,corrupt,to_clean,v5_qwen35_4b_292,291,18.0,0.007772273849695921,-4.375,-4.849424362182617,6,0,0.0,0.0008761049248278141,0.125,0.12047767639160156,-15.93420696258545,0.2200613021850586,18.0,0.006896168924868107,7,0,0,0,22.5,22.375,23.25,2.125,20.625,0.0,0,0,0,0
suppressor_top20,corrupt,to_clean,v5_qwen35_4b_294,293,18.0,0.007772273849695921,-4.375,-4.849424362182617,6,0,0.0,0.0008761049248278141,0.125,0.12047767639160156,-15.93420696258545,0.2200613021850586,18.0,0.006896168924868107,7,0,0,0,22.5,22.375,23.25,2.125,20.625,0.0,0,0,0,0
suppressor_top20,corrupt,to_clean,v5_qwen35_4b_002,1,16.125,0.0005515848170034587,-7.25,-7.502189636230469,26,0,0.0,2.7258647605776787e-06,0.0,0.004955291748046875,-17.798179626464844,0.3046436309814453,16.125,0.0005488589522428811,26,0,0,0,23.375,23.375,23.25,1.875,19.6875,0.0,0,0,0,0
suppressor_top20,corrupt,to_clean,v5_qwen35_4b_012,11,16.125,0.0005548549816012383,-7.25,-7.496274948120117,25,0,-0.125,-6.178126204758883e-05,-0.125,-0.10563468933105469,-17.78660774230957,0.29819297790527344,16.25,0.0006166362436488271,23,0,0,0,23.375,23.375,23.25,2.0,19.75,-0.017857142857142856,0,0,0,0
suppressor_top20,corrupt,to_clean,v5_qwen35_4b_015,14,16.125,0.0005548549816012383,-7.25,-7.496274948120117,25,0,-0.125,-6.178126204758883e-05,-0.125,-0.10563468933105469,-17.78660774230957,0.29819297790527344,16.25,0.0006166362436488271,23,0,0,0,23.375,23.375,23.25,2.0,19.75,-0.017857142857142856,0,0,0,0
suppressor_top20,corrupt,to_clean,v5_qwen35_4b_037,36,16.75,0.0010626479052007198,-6.375,-6.845956802368164,12,0,0.0,1.8311315216124058e-05,0.0,0.017398834228515625,-17.572500228881836,0.18505287170410156,16.75,0.0010443365899845958,12,0,0,0,23.125,23.125,23.25,2.0,20.0,0.0,0,0,0,0
suppressor_top20,corrupt,to_clean,v5_qwen35_4b_042,41,16.75,0.0010626479052007198,-6.375,-6.845956802368164,12,0,0.0,1.8311315216124058e-05,0.0,0.017398834228515625,-17.572500228881836,0.18505287170410156,16.75,0.0010443365899845958,12,0,0,0,23.125,23.125,23.25,2.0,20.0,0.0,0,0,0,0
suppressor_top20,corrupt,to_clean,v5_qwen35_4b_044,43,16.75,0.0010626479052007198,-6.375,-6.845956802368164,12,0,0.0,1.8311315216124058e-05,0.0,0.017398834228515625,-17.572500228881836,0.18505287170410156,16.75,0.0010443365899845958,12,0,0,0,23.125,23.125,23.25,2.0,20.0,0.0,0,0,0,0
suppressor_top20,corrupt,to_clean,v5_qwen35_4b_115,114,16.75,0.0011772599536925554,-6.25,-6.743417739868164,12,0,0.0,0.00013292336370795965,0.125,0.11993789672851562,-17.526554107666016,0.23099899291992188,16.75,0.0010443365899845958,12,0,0,0,23.125,23.0,23.625,2.375,20.1875,0.0,0,0,0,0
suppressor_top20,corrupt,to_clean,v5_qwen35_4b_126,125,16.75,0.0011772599536925554,-6.25,-6.743417739868164,12,0,0.0,0.00013292336370795965,0.125,0.11993789672851562,-17.526554107666016,0.23099899291992188,16.75,0.0010443365899845958,12,0,0,0,23.125,23.0,23.625,2.375,20.1875,0.0,0,0,0,0
suppressor_top20,corrupt,to_clean,v5_qwen35_4b_127,126,16.75,0.0011772599536925554,-6.25,-6.743417739868164,12,0,0.0,0.00013292336370795965,0.125,0.11993789672851562,-17.526554107666016,0.23099899291992188,16.75,0.0010443365899845958,12,0,0,0,23.125,23.0,23.625,2.375,20.1875,0.0,0,0,0,0
suppressor_top20,corrupt,to_clean,v5_qwen35_4b_134,133,16.75,0.0011772599536925554,-6.25,-6.743417739868164,12,0,0.0,0.00013292336370795965,0.125,0.11993789672851562,-17.526554107666016,0.23099899291992188,16.75,0.0010443365899845958,12,0,0,0,23.125,23.0,23.625,2.375,20.1875,0.0,0,0,0,0
suppressor_top20,corrupt,to_clean,v5_qwen35_4b_140,139,16.75,0.0011772599536925554,-6.25,-6.743417739868164,12,0,0.0,0.00013292336370795965,0.125,0.11993789672851562,-17.526554107666016,0.23099899291992188,16.75,0.0010443365899845958,12,0,0,0,23.125,23.0,23.625,2.375,20.1875,0.0,0,0,0,0
suppressor_top20,corrupt,to_clean,v5_qwen35_4b_142,141,16.75,0.0011772599536925554,-6.25,-6.743417739868164,12,0,0.0,0.00013292336370795965,0.125,0.11993789672851562,-17.526554107666016,0.23099899291992188,16.75,0.0010443365899845958,12,0,0,0,23.125,23.0,23.625,2.375,20.1875,0.0,0,0,0,0
suppressor_top20,corrupt,to_clean,v5_qwen35_4b_146,145,16.75,0.0011772599536925554,-6.25,-6.743417739868164,12,0,0.0,0.00013292336370795965,0.125,0.11993789672851562,-17.526554107666016,0.23099899291992188,16.75,0.0010443365899845958,12,0,0,0,23.125,23.0,23.625,2.375,20.1875,0.0,0,0,0,0
suppressor_top20,corrupt,to_clean,v5_qwen35_4b_150,149,16.75,0.0011772599536925554,-6.25,-6.743417739868164,12,0,0.0,0.00013292336370795965,0.125,0.11993789672851562,-17.526554107666016,0.23099899291992188,16.75,0.0010443365899845958,12,0,0,0,23.125,23.0,23.625,2.375,20.1875,0.0,0,0,0,0
suppressor_top20,corrupt,to_clean,v5_qwen35_4b_168,167,16.125,0.0006115497671999037,-7.125,-7.398927688598633,24,0,-0.125,-5.086476448923349e-06,0.0,-0.008287429809570312,-17.75531005859375,0.32949066162109375,16.25,0.0006166362436488271,23,0,0,0,23.375,23.25,23.25,2.125,19.75,-0.017857142857142856,0,0,0,0
suppressor_top20,corrupt,to_clean,v5_qwen35_4b_179,178,16.125,0.0006115497671999037,-7.125,-7.398927688598633,24,0,-0.125,-5.086476448923349e-06,0.0,-0.008287429809570312,-17.75531005859375,0.32949066162109375,16.25,0.0006166362436488271,23,0,0,0,23.375,23.25,23.25,2.125,19.75,-0.017857142857142856,0,0,0,0
suppressor_top20,corrupt,to_clean,v5_qwen35_4b_183,182,16.125,0.0006115497671999037,-7.125,-7.398927688598633,24,0,-0.125,-5.086476448923349e-06,0.0,-0.008287429809570312,-17.75531005859375,0.32949066162109375,16.25,0.0006166362436488271,23,0,0,0,23.375,23.25,23.25,2.125,19.75,-0.017857142857142856,0,0,0,0
suppressor_top20,corrupt,to_clean,v5_qwen35_4b_185,184,16.125,0.0006115497671999037,-7.125,-7.398927688598633,24,0,-0.125,-5.086476448923349e-06,0.0,-0.008287429809570312,-17.75531005859375,0.32949066162109375,16.25,0.0006166362436488271,23,0,0,0,23.375,23.25,23.25,2.125,19.75,-0.017857142857142856,0,0,0,0
suppressor_top20,corrupt,to_clean,v5_qwen35_4b_186,185,16.125,0.0006115497671999037,-7.125,-7.398927688598633,24,0,-0.125,-5.086476448923349e-06,0.0,-0.008287429809570312,-17.75531005859375,0.32949066162109375,16.25,0.0006166362436488271,23,0,0,0,23.375,23.25,23.25,2.125,19.75,-0.017857142857142856,0,0,0,0
suppressor_top20,corrupt,to_clean,v5_qwen35_4b_242,241,16.75,0.0010890354169532657,-6.375,-6.821401596069336,12,0,0.0,4.469882696866989e-05,0.0,0.04195404052734375,-17.567996978759766,0.18955612182617188,16.75,0.0010443365899845958,12,0,0,0,23.125,23.125,23.125,2.0,19.9375,0.0,0,0,0,0
suppressor_top20,corrupt,to_clean,v5_qwen35_4b_249,248,16.75,0.0010890354169532657,-6.375,-6.821401596069336,12,0,0.0,4.469882696866989e-05,0.0,0.04195404052734375,-17.567996978759766,0.18955612182617188,16.75,0.0010443365899845958,12,0,0,0,23.125,23.125,23.125,2.0,19.9375,0.0,0,0,0,0
suppressor_top20,corrupt,to_clean,v5_qwen35_4b_282,281,17.75,0.005623976234346628,-4.75,-5.17510986328125,8,0,-0.125,-2.1155457943677902e-05,0.0,-0.00377655029296875,-16.21305274963379,0.22307586669921875,17.875,0.005645131692290306,8,0,0,0,22.625,22.5,23.125,2.0,20.5,-0.023809523809523808,0,0,0,0
suppressor_top20,corrupt,to_clean,v5_qwen35_4b_286,285,17.75,0.005623976234346628,-4.75,-5.17510986328125,8,0,-0.125,-2.1155457943677902e-05,0.0,-0.00377655029296875,-16.21305274963379,0.22307586669921875,17.875,0.005645131692290306,8,0,0,0,22.625,22.5,23.125,2.0,20.5,-0.023809523809523808,0,0,0,0
suppressor_top20,corrupt,to_clean,v5_qwen35_4b_295,294,17.75,0.005623976234346628,-4.75,-5.17510986328125,8,0,-0.125,-2.1155457943677902e-05,0.0,-0.00377655029296875,-16.21305274963379,0.22307586669921875,17.875,0.005645131692290306,8,0,0,0,22.625,22.5,23.125,2.0,20.5,-0.023809523809523808,0,0,0,0
suppressor_top20,corrupt,to_clean,v5_qwen35_4b_299,298,17.75,0.005623976234346628,-4.75,-5.17510986328125,8,0,-0.125,-2.1155457943677902e-05,0.0,-0.00377655029296875,-16.21305274963379,0.22307586669921875,17.875,0.005645131692290306,8,0,0,0,22.625,22.5,23.125,2.0,20.5,-0.023809523809523808,0,0,0,0
suppressor_top20,corrupt,to_clean,v5_qwen35_4b_008,7,14.4375,0.00034549564588814974,-7.5625,-7.97022819519043,45,0,-0.0625,1.4177261618897319e-05,0.0625,0.04190826416015625,-17.680559158325195,0.21355628967285156,14.5,0.0003313183842692524,43,0,0,0,22.125,22.0,21.625,1.375,18.0625,-0.008771929824561403,0,0,0,0
suppressor_top20,corrupt,to_clean,v5_qwen35_4b_122,121,15.0,0.0004238046531099826,-7.25,-7.765844345092773,26,0,0.0,2.2182735847309232e-05,0.0,0.053783416748046875,-18.804155349731445,0.13216400146484375,15.0,0.0004016219172626734,26,0,0,0,22.25,22.25,22.625,2.125,18.8125,0.0,0,0,0,0
suppressor_top20,corrupt,to_clean,v5_qwen35_4b_158,157,14.5,0.000354412681190297,-7.625,-7.944728851318359,42,0,-0.0625,1.8312857719138265e-05,0.0625,0.05307197570800781,-17.932392120361328,0.25186729431152344,14.5625,0.00033609982347115874,42,0,0,0,22.25,22.125,22.5,2.0,18.53125,-0.007874015748031496,0,0,0,0
suppressor_top20,corrupt,to_clean,v5_qwen35_4b_265,264,16.875,0.004592901561409235,-5.0,-5.378673553466797,7,0,0.0,0.0005179285071790218,0.125,0.12016677856445312,-17.017192840576172,0.11455535888671875,16.875,0.004074973054230213,8,0,0,0,22.0,21.875,22.0,1.25,19.4375,0.0,0,0,0,0
suppressor_top20,corrupt,to_clean,v5_qwen35_4b_003,2,15.375,0.0005395995103754103,-7.25,-7.524173736572266,34,0,-0.1875,-0.00010206812294200063,-0.1875,-0.17334556579589844,-18.12394905090332,0.2837982177734375,15.5625,0.000641667633317411,31,0,0,0,22.625,22.625,22.5,2.0,19.03125,-0.02702702702702703,0,0,0,0
suppressor_top20,corrupt,to_clean,v5_qwen35_4b_011,10,15.375,0.0005631811218336225,-7.25,-7.481376647949219,32,0,-0.1875,-4.413322312757373e-05,-0.0625,-0.07549095153808594,-18.205463409423828,0.26507568359375,15.5625,0.0006073143449611962,29,0,0,0,22.75,22.625,22.25,2.0,18.90625,-0.028037383177570093,0,0,0,0
suppressor_top20,corrupt,to_clean,v5_qwen35_4b_033,32,16.125,0.0014333603903651237,-6.125,-6.546335220336914,18,0,-0.125,-4.8658461309969425e-05,0.0,-0.03343391418457031,-18.245460510253906,0.19567298889160156,16.25,0.0014820188516750932,18,0,0,0,22.375,22.25,22.25,2.0,19.25,-0.020833333333333332,0,0,0,0
suppressor_top20,corrupt,to_clean,v5_qwen35_4b_048,47,16.125,0.0014333603903651237,-6.125,-6.546335220336914,18,0,-0.125,-4.8658461309969425e-05,0.0,-0.03343391418457031,-18.245460510253906,0.19567298889160156,16.25,0.0014820188516750932,18,0,0,0,22.375,22.25,22.25,2.0,19.25,-0.020833333333333332,0,0,0,0
suppressor_top20,corrupt,to_clean,v5_qwen35_4b_070,69,17.5,0.009856424294412136,-4.25,-4.609767913818359,5,0,0.0,0.0010147448629140854,0.125,0.10966873168945312,-16.53181266784668,0.25728607177734375,17.5,0.00884167943149805,5,0,0,0,21.875,21.75,22.25,1.875,19.875,0.0,0,0,0,0
suppressor_top20,corrupt,to_clean,v5_qwen35_4b_124,123,16.25,0.0016506193205714226,-6.0,-6.404989242553711,17,0,-0.125,-0.00017434731125831604,-0.125,-0.10058403015136719,-18.119043350219727,0.23591232299804688,16.375,0.0018249666318297386,15,0,0,0,22.25,22.25,22.625,2.125,19.5,-0.02,0,0,0,0
suppressor_top20,corrupt,to_clean,v5_qwen35_4b_125,124,16.25,0.001512519083917141,-6.0,-6.492502212524414,18,0,-0.125,-5.7909172028303146e-05,0.0,-0.037631988525390625,-18.041446685791016,0.27084922790527344,16.375,0.001570428255945444,18,0,0,0,22.375,22.25,22.625,2.125,19.5,-0.02,0,0,0,0
suppressor_top20,corrupt,to_clean,v5_qwen35_4b_139,138,16.25,0.001512519083917141,-6.0,-6.492502212524414,18,0,-0.125,-5.7909172028303146e-05,0.0,-0.037631988525390625,-18.041446685791016,0.27084922790527344,16.375,0.001570428255945444,18,0,0,0,22.375,22.25,22.625,2.125,19.5,-0.02,0,0,0,0
suppressor_top20,corrupt,to_clean,v5_qwen35_4b_203,202,17.5,0.009304027073085308,-4.25,-4.668004989624023,7,0,-0.125,-2.8283335268497467e-05,0.0,-0.0030651092529296875,-16.41559410095215,0.23421669006347656,17.625,0.009332310408353806,6,0,0,0,21.875,21.75,22.625,2.125,20.125,-0.025,0,0,0,0
suppressor_top20,corrupt,to_clean,v5_qwen35_4b_206,205,17.5,0.009857667610049248,-4.25,-4.609640121459961,5,0,0.0,0.001015988178551197,0.125,0.10979652404785156,-16.53700065612793,0.25209808349609375,17.5,0.00884167943149805,5,0,0,0,21.875,21.75,22.375,2.0,19.9375,0.0,0,0,0,0
suppressor_top20,corrupt,to_clean,v5_qwen35_4b_212,211,17.5,0.009304027073085308,-4.25,-4.668004989624023,7,0,-0.125,-2.8283335268497467e-05,0.0,-0.0030651092529296875,-16.41559410095215,0.23421669006347656,17.625,0.009332310408353806,6,0,0,0,21.875,21.75,22.625,2.125,20.125,-0.025,0,0,0,0
suppressor_top20,corrupt,to_clean,v5_qwen35_4b_228,227,16.375,0.0018307301215827465,-5.875,-6.301246643066406,16,0,0.0,5.763489753007889e-06,0.0,0.0031585693359375,-18.181875228881836,0.1730804443359375,16.375,0.0018249666318297386,15,0,0,0,22.25,22.25,21.75,1.25,19.0625,0.0,0,0,0,0
suppressor_top20,corrupt,to_clean,v5_qwen35_4b_230,229,16.375,0.0018307301215827465,-5.875,-6.301246643066406,16,0,0.0,5.763489753007889e-06,0.0,0.0031585693359375,-18.181875228881836,0.1730804443359375,16.375,0.0018249666318297386,15,0,0,0,22.25,22.25,21.75,1.25,19.0625,0.0,0,0,0,0
suppressor_top20,corrupt,to_clean,v5_qwen35_4b_231,230,16.375,0.0018307301215827465,-5.875,-6.301246643066406,16,0,0.0,5.763489753007889e-06,0.0,0.0031585693359375,-18.181875228881836,0.1730804443359375,16.375,0.0018249666318297386,15,0,0,0,22.25,22.25,21.75,1.25,19.0625,0.0,0,0,0,0
suppressor_top20,corrupt,to_clean,v5_qwen35_4b_236,235,16.375,0.0018307301215827465,-5.875,-6.301246643066406,16,0,0.0,5.763489753007889e-06,0.0,0.0031585693359375,-18.181875228881836,0.1730804443359375,16.375,0.0018249666318297386,15,0,0,0,22.25,22.25,21.75,1.25,19.0625,0.0,0,0,0,0
suppressor_top20,corrupt,to_clean,v5_qwen35_4b_237,236,16.375,0.0018307301215827465,-5.875,-6.301246643066406,16,0,0.0,5.763489753007889e-06,0.0,0.0031585693359375,-18.181875228881836,0.1730804443359375,16.375,0.0018249666318297386,15,0,0,0,22.25,22.25,21.75,1.25,19.0625,0.0,0,0,0,0
suppressor_top20,corrupt,to_clean,v5_qwen35_4b_238,237,16.25,0.00139581598341465,-6.125,-6.572914123535156,18,0,-0.125,-0.00017461227253079414,-0.125,-0.11804389953613281,-18.129863739013672,0.1824321746826172,16.375,0.001570428255945444,18,0,0,0,22.375,22.375,21.875,1.375,19.125,-0.022727272727272728,0,0,0,0
suppressor_top20,corrupt,to_clean,v5_qwen35_4b_247,246,16.375,0.0018307301215827465,-5.875,-6.301246643066406,16,0,0.0,5.763489753007889e-06,0.0,0.0031585693359375,-18.181875228881836,0.1730804443359375,16.375,0.0018249666318297386,15,0,0,0,22.25,22.25,21.75,1.25,19.0625,0.0,0,0,0,0
suppressor_top20,corrupt,to_clean,v5_qwen35_4b_257,256,17.5,0.008894781582057476,-4.375,-4.7133941650390625,5,0,0.0,5.3102150559425354e-05,0.0,0.00604248046875,-16.577096939086914,0.21200180053710938,17.5,0.00884167943149805,5,0,0,0,21.875,21.875,21.75,1.25,19.625,0.0,0,0,0,0
suppressor_top20,corrupt,to_clean,v5_qwen35_4b_291,290,17.5,0.008894781582057476,-4.375,-4.7133941650390625,5,0,0.0,5.3102150559425354e-05,0.0,0.00604248046875,-16.577096939086914,0.21200180053710938,17.5,0.00884167943149805,5,0,0,0,21.875,21.875,21.75,1.25,19.625,0.0,0,0,0,0
suppressor_top20,corrupt,to_clean,v5_qwen35_4b_005,4,15.3125,0.0005812117015011609,-7.1875,-7.4498443603515625,34,0,-0.1875,-0.00011309003457427025,-0.1875,-0.1779022216796875,-18.137367248535156,0.2714195251464844,15.5,0.0006943017360754311,29,0,0,0,22.5,22.5,22.25,1.875,18.875,-0.027777777777777776,0,0,0,0
suppressor_top20,corrupt,to_clean,v5_qwen35_4b_013,12,15.375,0.0006308957817964256,-7.125,-7.367769241333008,30,0,-0.1875,-4.5040505938231945e-05,-0.0625,-0.06900405883789062,-18.19988441467285,0.2865333557128906,15.5625,0.0006759362877346575,27,0,0,0,22.625,22.5,22.125,1.875,18.84375,-0.02857142857142857,0,0,0,0
suppressor_top20,corrupt,to_clean,v5_qwen35_4b_026,25,16.375,0.0018591267289593816,-5.875,-6.285825729370117,17,0,0.0,3.922381438314915e-05,0.0,0.0213623046875,-18.195037841796875,0.17990493774414062,16.375,0.0018199029145762324,17,0,0,0,22.25,22.25,22.125,1.875,19.25,0.0,0,0,0,0
suppressor_top20,corrupt,to_clean,v5_qwen35_4b_041,40,16.25,0.0017932149348780513,-5.875,-6.321990966796875,19,0,-0.125,-3.716105129569769e-05,0.0,-0.020549774169921875,-18.2795352935791,0.18700218200683594,16.375,0.001830375986173749,19,0,0,0,22.25,22.125,22.25,1.875,19.3125,-0.02127659574468085,0,0,0,0
suppressor_top20,corrupt,to_clean,v5_qwen35_4b_045,44,16.25,0.0017932149348780513,-5.875,-6.321990966796875,19,0,-0.125,-3.716105129569769e-05,0.0,-0.020549774169921875,-18.2795352935791,0.18700218200683594,16.375,0.001830375986173749,19,0,0,0,22.25,22.125,22.25,1.875,19.3125,-0.02127659574468085,0,0,0,0
suppressor_top20,corrupt,to_clean,v5_qwen35_4b_049,48,16.375,0.0018591267289593816,-5.875,-6.285825729370117,17,0,0.0,3.922381438314915e-05,0.0,0.0213623046875,-18.195037841796875,0.17990493774414062,16.375,0.0018199029145762324,17,0,0,0,22.25,22.25,22.125,1.875,19.25,0.0,0,0,0,0
suppressor_top20,corrupt,to_clean,v5_qwen35_4b_117,116,16.25,0.0016408449737355113,-6.0,-6.410940170288086,17,0,-0.125,-0.00017905794084072113,-0.125,-0.10375213623046875,-18.164770126342773,0.2101726531982422,16.375,0.0018199029145762324,17,0,0,0,22.25,22.25,22.625,2.25,19.5,-0.02,0,0,0,0
suppressor_top20,corrupt,to_clean,v5_qwen35_4b_137,136,16.25,0.0016408449737355113,-6.0,-6.410940170288086,17,0,-0.125,-0.00017905794084072113,-0.125,-0.10375213623046875,-18.164770126342773,0.2101726531982422,16.375,0.0018199029145762324,17,0,0,0,22.25,22.25,22.625,2.25,19.5,-0.02,0,0,0,0
suppressor_top20,corrupt,to_clean,v5_qwen35_4b_141,140,16.25,0.001795227755792439,-5.875,-6.320865631103516,19,0,-0.125,-3.5148230381309986e-05,0.0,-0.0194244384765625,-18.259214401245117,0.2073230743408203,16.375,0.001830375986173749,19,0,0,0,22.25,22.125,22.625,2.25,19.5,-0.02,0,0,0,0
suppressor_top20,corrupt,to_clean,v5_qwen35_4b_157,156,15.375,0.0006316492217592895,-7.125,-7.366575241088867,30,0,-0.1875,-4.428706597536802e-05,-0.0625,-0.06781005859375,-18.193801879882812,0.2926158905029297,15.5625,0.0006759362877346575,27,0,0,0,22.625,22.5,22.625,2.25,19.09375,-0.02654867256637168,0,0,0,0
suppressor_top20,corrupt,to_clean,v5_qwen35_4b_227,226,16.375,0.001852170331403613,-5.875,-6.289581298828125,17,0,0.0,3.226741682738066e-05,0.0,0.017606735229492188,-18.22816276550293,0.14678001403808594,16.375,0.0018199029145762324,17,0,0,0,22.25,22.25,21.875,1.375,19.125,0.0,0,0,0,0
suppressor_top20,corrupt,to_clean,v5_qwen35_4b_233,232,16.25,0.0016177077777683735,-6.0,-6.425165176391602,19,0,-0.125,-0.00021266820840537548,-0.125,-0.12372398376464844,-18.319671630859375,0.1468658447265625,16.375,0.001830375986173749,19,0,0,0,22.25,22.25,21.75,1.375,19.0625,-0.023255813953488372,0,0,0,0
suppressor_top20,corrupt,to_clean,v5_qwen35_4b_235,234,16.375,0.001852170331403613,-5.875,-6.289581298828125,17,0,0.0,3.226741682738066e-05,0.0,0.017606735229492188,-18.22816276550293,0.14678001403808594,16.375,0.0018199029145762324,17,0,0,0,22.25,22.25,21.875,1.375,19.125,0.0,0,0,0,0
suppressor_top20,corrupt,to_clean,v5_qwen35_4b_248,247,16.375,0.001852170331403613,-5.875,-6.289581298828125,17,0,0.0,3.226741682738066e-05,0.0,0.017606735229492188,-18.22816276550293,0.14678001403808594,16.375,0.0018199029145762324,17,0,0,0,22.25,22.25,21.875,1.375,19.125,0.0,0,0,0,0
suppressor_top20,corrupt,to_clean,v5_qwen35_4b_250,249,16.375,0.001852170331403613,-5.875,-6.289581298828125,17,0,0.0,3.226741682738066e-05,0.0,0.017606735229492188,-18.22816276550293,0.14678001403808594,16.375,0.0018199029145762324,17,0,0,0,22.25,22.25,21.875,1.375,19.125,0.0,0,0,0,0
suppressor_top20,corrupt,to_clean,v5_qwen35_4b_261,260,17.5,0.009809938259422779,-4.25,-4.614543914794922,6,0,-0.125,-0.0010589975863695145,-0.125,-0.10358047485351562,-16.399633407592773,0.16712570190429688,17.625,0.010868935845792294,6,0,0,0,21.75,21.75,21.75,1.375,19.6875,-0.030303030303030304,0,0,0,0
suppressor_top20,corrupt,to_clean,v5_qwen35_4b_274,273,17.5,0.008978785015642643,-4.375,-4.703908920288086,5,0,0.0,0.0009176963940262794,0.125,0.10873794555664062,-16.67750358581543,0.17061233520507812,17.5,0.008061088621616364,5,0,0,0,22.0,21.875,21.875,1.375,19.6875,0.0,0,0,0,0
suppressor_top20,corrupt,to_clean,v5_qwen35_4b_298,297,17.5,0.009687898680567741,-4.25,-4.627185821533203,6,0,0.0,0.0009685289114713669,0.125,0.10630607604980469,-16.687841415405273,0.18094253540039062,17.5,0.008719369769096375,6,0,0,0,21.875,21.75,21.875,1.375,19.6875,0.0,0,0,0,0
suppressor_top20,corrupt,to_clean,v5_qwen35_4b_202,201,20.25,0.09379112720489502,-1.875,-2.2682342529296875,2,0,-0.125,-0.0007527470588684082,0.0,-0.008825302124023438,-6.53997802734375,0.22259044647216797,20.375,0.09454387426376343,2,0,0,0,22.25,22.125,23.375,0.5,21.875,-0.041666666666666664,0,0,0,0
suppressor_top20,corrupt,to_clean,v5_qwen35_4b_221,220,19.375,0.017878049984574318,-3.0,-4.006170272827148,5,0,-0.125,-0.0015328116714954376,-0.125,-0.08382225036621094,-4.009283065795898,0.2796759605407715,19.5,0.019410861656069756,5,0,0,0,22.375,22.375,24.625,0.25,22.0625,-0.024390243902439025,0,0,0,0
suppressor_top20,corrupt,to_clean,v5_qwen35_4b_051,50,19.125,0.029074063524603844,-2.75,-3.5084381103515625,5,0,0.0,0.0014184415340423584,0.0,0.05147743225097656,-7.103102207183838,0.21687078475952148,19.125,0.027655621990561485,5,0,0,0,21.875,21.875,23.625,0.25,21.375,0.0,0,0,0,0
suppressor_top20,corrupt,to_clean,v5_qwen35_4b_278,277,19.375,0.03606059029698372,-2.5,-3.2858619689941406,5,0,0.0,0.0010338760912418365,0.0,0.030162811279296875,-6.903419017791748,0.18722152709960938,19.375,0.03502671420574188,5,0,0,0,21.875,21.875,23.375,0.5,21.375,0.0,0,0,0,0
suppressor_top20,corrupt,to_clean,v5_qwen35_4b_062,61,19.375,0.03565968573093414,-2.625,-3.297456741333008,5,0,-0.125,-0.001046542078256607,0.0,-0.030012130737304688,-7.013789176940918,0.2326955795288086,19.5,0.03670622780919075,5,0,0,0,22.125,22.0,23.75,0.375,21.625,-0.029411764705882353,0,0,0,0
suppressor_top20,corrupt,to_clean,v5_qwen35_4b_068,67,19.375,0.03565968573093414,-2.625,-3.297456741333008,5,0,-0.125,-0.001046542078256607,0.0,-0.030012130737304688,-7.013789176940918,0.2326955795288086,19.5,0.03670622780919075,5,0,0,0,22.125,22.0,23.75,0.375,21.625,-0.029411764705882353,0,0,0,0
suppressor_top20,corrupt,to_clean,v5_qwen35_4b_209,208,19.375,0.034648824483156204,-2.625,-3.327260971069336,5,0,-0.125,-0.0019620954990386963,0.0,-0.057117462158203125,-7.052265644073486,0.22874021530151367,19.5,0.0366109199821949,5,0,0,0,22.125,22.0,23.625,0.125,21.5625,-0.030303030303030304,0,0,0,0
suppressor_top20,corrupt,to_clean,v5_qwen35_4b_220,219,19.375,0.034648824483156204,-2.625,-3.327260971069336,5,0,-0.125,-0.0019620954990386963,0.0,-0.057117462158203125,-7.052265644073486,0.22874021530151367,19.5,0.0366109199821949,5,0,0,0,22.125,22.0,23.625,0.125,21.5625,-0.030303030303030304,0,0,0,0
suppressor_top20,corrupt,to_clean,v5_qwen35_4b_225,224,19.375,0.034648824483156204,-2.625,-3.327260971069336,5,0,-0.125,-0.0019620954990386963,0.0,-0.057117462158203125,-7.052265644073486,0.22874021530151367,19.5,0.0366109199821949,5,0,0,0,22.125,22.0,23.625,0.125,21.5625,-0.030303030303030304,0,0,0,0
suppressor_top20,corrupt,to_clean,v5_qwen35_4b_300,299,19.625,0.0421312116086483,-2.375,-3.1239547729492188,5,0,0.0,0.003186367452144623,0.125,0.08196067810058594,-7.0005340576171875,0.19158506393432617,19.625,0.03894484415650368,5,0,0,0,22.125,22.0,23.375,0.5,21.5,0.0,0,0,0,0
suppressor_top20,corrupt,to_clean,v5_qwen35_4b_293,292,19.375,0.027432391420006752,-3.0,-3.5682411193847656,4,0,0.0,-9.795650839805603e-06,0.0,-0.0003662109375,-8.079117774963379,0.15220260620117188,19.375,0.027442187070846558,4,0,0,0,22.375,22.375,24.75,3.5,22.0625,0.0,0,0,0,0
suppressor_top20,corrupt,to_clean,v5_qwen35_4b_066,65,19.375,0.03626777604222298,-2.5,-3.2799148559570312,5,0,0.0,0.002443566918373108,0.125,0.07228660583496094,-7.571036338806152,0.20955801010131836,19.375,0.03382420912384987,5,0,0,0,22.0,21.875,23.75,0.5,21.5625,0.0,0,0,0,0
suppressor_top20,corrupt,to_clean,v5_qwen35_4b_197,196,19.375,0.03000013157725334,-2.375,-3.47613525390625,7,0,0.0,1.835078001022339e-05,0.0,0.0006313323974609375,-6.234312057495117,0.17148447036743164,19.375,0.02998178079724312,7,0,0,0,21.75,21.75,23.375,0.125,21.375,0.0,0,0,0,0
suppressor_top20,corrupt,to_clean,v5_qwen35_4b_074,73,19.5,0.035443615168333054,-2.625,-3.3037567138671875,5,0,-0.125,-0.0019228942692279816,0.0,-0.054828643798828125,-7.160066604614258,0.2236332893371582,19.625,0.037366509437561035,5,0,0,0,22.25,22.125,24.125,0.625,21.875,-0.027777777777777776,0,0,0,0
suppressor_top20,corrupt,to_clean,v5_qwen35_4b_189,188,19.0,0.014114262536168098,-3.375,-4.246397018432617,7,0,-0.125,-0.0006173271685838699,0.0,-0.04343605041503906,-6.257530689239502,0.1636495590209961,19.125,0.014731589704751968,7,0,0,0,22.5,22.375,23.375,0.25,21.25,-0.029411764705882353,0,0,0,0
suppressor_top20,corrupt,to_clean,v5_qwen35_4b_223,222,19.625,0.04473162069916725,-2.375,-3.0613441467285156,5,0,0.0,0.002376686781644821,0.0,0.05708122253417969,-7.053869247436523,0.25355958938598633,19.625,0.04235493391752243,5,0,0,0,22.0,22.0,23.75,0.25,21.6875,0.0,0,0,0,0
suppressor_top20,corrupt,to_clean,v5_qwen35_4b_266,265,19.375,0.0386800579726696,-2.375,-3.2130203247070312,5,0,-0.125,-0.0012757256627082825,0.0,-0.033779144287109375,-7.031471252441406,0.21236324310302734,19.5,0.039955783635377884,5,0,0,0,21.875,21.75,23.625,0.75,21.5625,-0.030303030303030304,0,0,0,0
suppressor_top20,corrupt,to_clean,v5_qwen35_4b_287,286,19.625,0.04433450102806091,-2.375,-3.070676803588867,5,0,0.0,0.0019795671105384827,0.0,0.047748565673828125,-7.123902320861816,0.18352651596069336,19.625,0.04235493391752243,5,0,0,0,22.0,22.0,23.125,0.25,21.375,0.0,0,0,0,0
suppressor_top20,corrupt,to_clean,v5_qwen35_4b_058,57,19.625,0.037795539945364,-2.75,-3.2370643615722656,4,0,0.0,0.0035892874002456665,0.125,0.10350608825683594,-8.262006759643555,0.19814777374267578,19.625,0.03420625254511833,5,0,0,0,22.5,22.375,23.5,0.25,21.5625,0.0,0,0,0,0
suppressor_top20,corrupt,to_clean,v5_qwen35_4b_060,59,19.5,0.040818989276885986,-2.375,-3.1569671630859375,5,0,0.0,0.0040846094489097595,0.125,0.10968017578125,-6.946752071380615,0.22246932983398438,19.5,0.03673437982797623,5,0,0,0,22.0,21.875,24.0,0.5,21.75,0.0,0,0,0,0
suppressor_top20,corrupt,to_clean,v5_qwen35_4b_201,200,19.5,0.040038857609033585,-2.5,-3.1770763397216797,5,0,-0.125,-0.0008577518165111542,0.0,-0.022092819213867188,-7.18143367767334,0.23667430877685547,19.625,0.04089660942554474,5,0,0,0,22.125,22.0,23.625,0.25,21.625,-0.03125,0,0,0,0
suppressor_top20,corrupt,to_clean,v5_qwen35_4b_217,216,19.5,0.03880411386489868,-2.5,-3.209684371948242,5,0,0.0,0.0030124709010124207,0.125,0.08394050598144531,-7.040985584259033,0.22983741760253906,19.5,0.03579164296388626,5,0,0,0,22.125,22.0,23.75,0.375,21.625,0.0,0,0,0,0
suppressor_top20,corrupt,to_clean,v5_qwen35_4b_218,217,19.625,0.0420529730618,-2.5,-3.125894546508789,5,0,0.0,0.004242755472660065,0.125,0.11076736450195312,-7.245355129241943,0.23002195358276367,19.625,0.03781021758913994,5,0,0,0,22.25,22.125,23.625,0.25,21.625,0.0,0,0,0,0
suppressor_top20,corrupt,to_clean,v5_qwen35_4b_275,274,19.625,0.041983697563409805,-2.5,-3.127614974975586,5,0,0.0,0.004173479974269867,0.125,0.10904693603515625,-7.30217170715332,0.17320537567138672,19.625,0.03781021758913994,5,0,0,0,22.25,22.125,23.25,0.375,21.4375,0.0,0,0,0,0
suppressor_top20,corrupt,to_clean,v5_qwen35_4b_297,296,19.75,0.048273589462041855,-2.375,-2.981426239013672,5,0,0.0,0.0019868947565555573,0.0,0.0441131591796875,-7.218684673309326,0.20848703384399414,19.75,0.0462866947054863,5,0,0,0,22.125,22.125,23.25,0.375,21.5,0.0,0,0,0,0
suppressor_top20,corrupt,to_clean,v5_qwen35_4b_050,49,19.5,0.04201376438140869,-2.5,-3.126871109008789,5,0,-0.125,-0.00032792985439300537,0.0,-0.008119583129882812,-7.22588586807251,0.21290302276611328,19.625,0.0423416942358017,5,0,0,0,22.125,22.0,23.875,0.625,21.75,-0.029411764705882353,0,0,0,0
suppressor_top20,corrupt,to_clean,v5_qwen35_4b_063,62,19.5,0.04201376438140869,-2.5,-3.126871109008789,5,0,-0.125,-0.00032792985439300537,0.0,-0.008119583129882812,-7.22588586807251,0.21290302276611328,19.625,0.0423416942358017,5,0,0,0,22.125,22.0,23.875,0.625,21.75,-0.029411764705882353,0,0,0,0
suppressor_top20,corrupt,to_clean,v5_qwen35_4b_067,66,19.5,0.04201376438140869,-2.5,-3.126871109008789,5,0,-0.125,-0.00032792985439300537,0.0,-0.008119583129882812,-7.22588586807251,0.21290302276611328,19.625,0.0423416942358017,5,0,0,0,22.125,22.0,23.875,0.625,21.75,-0.029411764705882353,0,0,0,0
suppressor_top20,corrupt,to_clean,v5_qwen35_4b_075,74,19.5,0.04201376438140869,-2.5,-3.126871109008789,5,0,-0.125,-0.00032792985439300537,0.0,-0.008119583129882812,-7.22588586807251,0.21290302276611328,19.625,0.0423416942358017,5,0,0,0,22.125,22.0,23.875,0.625,21.75,-0.029411764705882353,0,0,0,0
suppressor_top20,corrupt,to_clean,v5_qwen35_4b_198,197,19.75,0.0451899915933609,-2.0,-3.050680160522461,5,0,-0.125,-0.0025801584124565125,0.0,-0.058231353759765625,-5.636853218078613,0.16167020797729492,19.875,0.04777015000581741,5,0,0,0,21.875,21.75,23.75,0.375,21.8125,-0.03225806451612903,0,0,0,0
suppressor_top20,corrupt,to_clean,v5_qwen35_4b_219,218,19.5,0.04098230600357056,-2.5,-3.152803421020508,5,0,-0.125,-0.0013987421989440918,0.0,-0.035022735595703125,-6.976953029632568,0.25258541107177734,19.625,0.04238104820251465,5,0,0,0,22.125,22.0,23.75,0.375,21.6875,-0.030303030303030304,0,0,0,0
suppressor_top20,corrupt,to_clean,v5_qwen35_4b_253,252,19.5,0.04098472371697426,-2.5,-3.152740478515625,5,0,-0.125,-0.00139632448554039,0.0,-0.03495979309082031,-7.023673057556152,0.20586538314819336,19.625,0.04238104820251465,5,0,0,0,22.125,22.0,23.25,0.5,21.4375,-0.034482758620689655,0,0,0,0
suppressor_top20,corrupt,to_clean,v5_qwen35_4b_200,199,19.75,0.05168521776795387,-2.125,-2.9095516204833984,5,0,0.0,0.004473872482776642,0.125,0.09524345397949219,-5.830241680145264,0.3051791191101074,19.75,0.04721134528517723,5,0,0,0,22.0,21.875,24.125,1.375,21.9375,0.0,0,0,0,0
suppressor_top20,corrupt,to_clean,v5_qwen35_4b_031,30,19.25,0.02440849505364895,-2.875,-3.688159942626953,7,0,0.0,0.0016078315675258636,0.125,0.06978797912597656,-6.774580955505371,0.18656301498413086,19.25,0.022800663486123085,7,0,0,0,22.25,22.125,23.75,0.875,21.5,0.0,0,0,0,0
suppressor_top20,corrupt,to_clean,v5_qwen35_4b_163,162,19.625,0.04001706466078758,-1.875,-3.1776676177978516,6,0,-0.125,-0.00028042495250701904,0.0,-0.0072784423828125,-3.7862939834594727,0.21134042739868164,19.75,0.0402974896132946,6,0,0,0,21.625,21.5,23.5,0.625,21.625,-0.03333333333333333,0,0,0,0
suppressor_top20,corrupt,to_clean,v5_qwen35_4b_184,183,19.875,0.04760008677840233,-1.875,-2.996204376220703,5,0,-0.125,-0.0031529292464256287,-0.125,-0.06745147705078125,-1.9630063772201538,0.19106638431549072,20.0,0.05075301602482796,5,0,0,0,21.75,21.75,23.375,0.25,21.6875,-0.037037037037037035,0,0,0,0
suppressor_top20,corrupt,to_clean,v5_qwen35_4b_191,190,19.25,0.024676602333784103,-2.875,-3.676961898803711,7,0,0.0,0.0018759388476610184,0.125,0.08098602294921875,-6.748160362243652,0.2129836082458496,19.25,0.022800663486123085,7,0,0,0,22.25,22.125,23.5,0.625,21.375,0.0,0,0,0,0
suppressor_top20,corrupt,to_clean,v5_qwen35_4b_192,191,19.25,0.024676602333784103,-2.875,-3.676961898803711,7,0,0.0,0.0018759388476610184,0.125,0.08098602294921875,-6.748160362243652,0.2129836082458496,19.25,0.022800663486123085,7,0,0,0,22.25,22.125,23.5,0.625,21.375,0.0,0,0,0,0
suppressor_top20,corrupt,to_clean,v5_qwen35_4b_022,21,19.5,0.03401658684015274,-2.125,-3.3463592529296875,6,0,-0.125,-0.002404306083917618,-0.125,-0.07078933715820312,-3.805711507797241,0.18678760528564453,19.625,0.03642089292407036,6,0,0,0,21.625,21.625,23.75,0.875,21.6875,-0.030303030303030304,0,0,0,0
suppressor_top20,corrupt,to_clean,v5_qwen35_4b_034,33,19.375,0.022031333297491074,-3.0,-3.7930545806884766,7,0,0.0,0.00040729716420173645,0.0,0.01908111572265625,-6.163675308227539,0.16982603073120117,19.375,0.021624036133289337,7,0,0,0,22.375,22.375,23.25,0.375,21.3125,0.0,0,0,0,0
suppressor_top20,corrupt,to_clean,v5_qwen35_4b_061,60,19.75,0.03742864355444908,-2.875,-3.247201919555664,4,0,0.0,0.00351821631193161,0.125,0.10236167907714844,-8.656048774719238,0.19669818878173828,19.75,0.03391042724251747,4,0,0,0,22.75,22.625,23.75,0.875,21.75,0.0,0,0,0,0
suppressor_top20,corrupt,to_clean,v5_qwen35_4b_069,68,19.75,0.032586779445409775,-3.0,-3.3907470703125,4,0,-0.125,-0.0010388679802417755,0.0,-0.03245735168457031,-8.733996391296387,0.20473861694335938,19.875,0.03362564742565155,4,0,0,0,22.875,22.75,23.25,0.375,21.5625,-0.037037037037037035,0,0,0,0
suppressor_top20,corrupt,to_clean,v5_qwen35_4b_162,161,19.5,0.03472574055194855,-2.125,-3.3249893188476562,6,0,-0.125,-0.001695152372121811,-0.125,-0.049419403076171875,-3.7784078121185303,0.21409130096435547,19.625,0.03642089292407036,6,0,0,0,21.625,21.625,23.625,0.75,21.625,-0.03125,0,0,0,0
suppressor_top20,corrupt,to_clean,v5_qwen35_4b_165,164,19.5,0.029225174337625504,-2.25,-3.503114700317383,7,0,-0.125,-0.0014143027365207672,0.0,-0.04871940612792969,-3.6706600189208984,0.20228934288024902,19.625,0.03063947707414627,7,0,0,0,21.875,21.75,23.375,0.375,21.5,-0.03333333333333333,0,0,0,0
suppressor_top20,corrupt,to_clean,v5_qwen35_4b_176,175,19.5,0.03472574055194855,-2.125,-3.3249893188476562,6,0,-0.125,-0.001695152372121811,-0.125,-0.049419403076171875,-3.7784078121185303,0.21409130096435547,19.625,0.03642089292407036,6,0,0,0,21.625,21.625,23.625,0.75,21.625,-0.03125,0,0,0,0
suppressor_top20,corrupt,to_clean,v5_qwen35_4b_177,176,19.5,0.03472574055194855,-2.125,-3.3249893188476562,6,0,-0.125,-0.001695152372121811,-0.125,-0.049419403076171875,-3.7784078121185303,0.21409130096435547,19.625,0.03642089292407036,6,0,0,0,21.625,21.625,23.625,0.75,21.625,-0.03125,0,0,0,0
suppressor_top20,corrupt,to_clean,v5_qwen35_4b_211,210,19.625,0.03359071910381317,-3.0,-3.3593692779541016,4,0,-0.125,-0.00025520846247673035,0.0,-0.00783538818359375,-8.643030166625977,0.22989845275878906,19.75,0.0338459275662899,4,0,0,0,22.75,22.625,23.625,0.75,21.6875,-0.03225806451612903,0,0,0,0
suppressor_top20,corrupt,to_clean,v5_qwen35_4b_246,245,19.25,0.024500202387571335,-2.875,-3.684314727783203,7,0,-0.125,-0.0016574524343013763,0.0,-0.06715965270996094,-6.721364498138428,0.1429758071899414,19.375,0.02615765482187271,7,0,0,0,22.25,22.125,22.5,0.125,20.9375,-0.04,0,0,0,0
suppressor_top20,corrupt,to_clean,v5_qwen35_4b_268,267,19.625,0.03272859379649162,-3.0,-3.386260986328125,4,0,-0.125,-0.0011173337697982788,0.0,-0.03472709655761719,-8.710840225219727,0.16208839416503906,19.75,0.0338459275662899,4,0,0,0,22.75,22.625,22.5,0.125,21.125,-0.045454545454545456,0,0,0,0
suppressor_top20,corrupt,to_clean,v5_qwen35_4b_032,31,19.5,0.028653686866164207,-2.625,-3.523447036743164,7,0,0.0,0.001737566664814949,0.125,0.06434249877929688,-5.514708995819092,0.16198110580444336,19.5,0.02691612020134926,7,0,0,0,22.25,22.125,23.75,0.5,21.625,0.0,0,0,0,0
suppressor_top20,corrupt,to_clean,v5_qwen35_4b_194,193,19.25,0.021548600867390633,-3.0,-3.815706253051758,7,0,-0.125,-0.0024878382682800293,-0.125,-0.11180305480957031,-6.09511137008667,0.2149524688720703,19.375,0.024036439135670662,7,0,0,0,22.25,22.25,23.5,0.375,21.4375,-0.030303030303030304,0,0,0,0
suppressor_top20,corrupt,to_clean,v5_qwen35_4b_195,194,19.375,0.022483212873339653,-2.625,-3.7722835540771484,7,0,0.0,3.09627503156662e-05,0.0,0.0014095306396484375,-5.722156047821045,0.17619895935058594,19.375,0.022452250123023987,7,0,0,0,22.0,22.0,23.625,0.25,21.5,0.0,0,0,0,0
suppressor_top20,corrupt,to_clean,v5_qwen35_4b_019,18,19.125,0.017832737416028976,-2.875,-4.00877571105957,7,0,-0.125,-0.0021712742745876312,-0.125,-0.11710929870605469,-3.6702799797058105,0.1761307716369629,19.25,0.020004011690616608,7,0,0,0,22.0,22.0,23.25,0.375,21.25,-0.03125,0,0,0,0
suppressor_top20,corrupt,to_clean,v5_qwen35_4b_056,55,19.25,0.019492587074637413,-3.5,-3.9180660247802734,6,0,0.0,0.0016671903431415558,0.125,0.09110832214355469,-8.59080696105957,0.24155521392822266,19.25,0.017825396731495857,6,0,0,0,22.875,22.75,24.25,0.875,21.75,0.0,0,0,0,0
suppressor_top20,corrupt,to_clean,v5_qwen35_4b_057,56,19.375,0.021889280527830124,-3.375,-3.799654006958008,6,0,0.0,0.0021663252264261246,0.125,0.10642623901367188,-8.564647674560547,0.21994972229003906,19.375,0.019722955301404,6,0,0,0,22.875,22.75,24.0,0.625,21.6875,0.0,0,0,0,0
suppressor_top20,corrupt,to_clean,v5_qwen35_4b_190,189,19.25,0.02344224974513054,-2.75,-3.729541778564453,7,0,-0.125,-0.0014021676033735275,0.0,-0.05953407287597656,-5.10144567489624,0.2322087287902832,19.375,0.024844417348504066,7,0,0,0,22.125,22.0,24.25,0.875,21.8125,-0.02564102564102564,0,0,0,0
suppressor_top20,corrupt,to_clean,v5_qwen35_4b_199,198,19.375,0.024170992895960808,-2.75,-3.6981773376464844,7,0,0.0,0.001558469608426094,0.125,0.06824493408203125,-5.462047100067139,0.2250509262084961,19.375,0.022612523287534714,7,0,0,0,22.25,22.125,24.0,0.5,21.6875,0.0,0,0,0,0
suppressor_top20,corrupt,to_clean,v5_qwen35_4b_240,239,19.25,0.023032786324620247,-2.75,-3.7475814819335938,7,0,-0.125,-0.0018116310238838196,0.0,-0.07757377624511719,-5.158204078674316,0.17545032501220703,19.375,0.024844417348504066,7,0,0,0,22.125,22.0,23.75,0.875,21.5625,-0.02857142857142857,0,0,0,0
suppressor_top20,corrupt,to_clean,v5_qwen35_4b_279,278,19.25,0.019636094570159912,-3.5,-3.91058349609375,6,0,0.0,0.0018373634666204453,0.125,0.10011482238769531,-8.604557037353516,0.17383098602294922,19.25,0.017798731103539467,6,0,0,0,22.875,22.75,23.625,0.625,21.4375,0.0,0,0,0,0
suppressor_top20,corrupt,to_clean,v5_qwen35_4b_173,172,19.125,0.01781795546412468,-2.875,-4.009618759155273,7,0,-0.125,-0.0016579050570726395,-0.125,-0.09065628051757812,-3.70577335357666,0.18887972831726074,19.25,0.01947586052119732,7,0,0,0,22.0,22.0,23.5,0.375,21.375,-0.029411764705882353,0,0,0,0
suppressor_top20,corrupt,to_clean,v5_qwen35_4b_193,192,19.375,0.02894597128033638,-2.5,-3.5129928588867188,5,0,0.0,0.00013771280646324158,0.0,0.004909515380859375,-4.0801286697387695,0.20268821716308594,19.375,0.02880825847387314,6,0,0,0,21.875,21.875,24.25,0.875,21.8125,0.0,0,0,0,0
suppressor_top20,corrupt,to_clean,v5_qwen35_4b_196,195,19.75,0.038214195519685745,-2.125,-3.2256240844726562,5,0,0.0,0.001717112958431244,0.125,0.047760009765625,-5.347230434417725,0.20524311065673828,19.75,0.0364970825612545,5,0,0,0,22.0,21.875,23.625,0.25,21.6875,0.0,0,0,0,0
suppressor_top20,corrupt,to_clean,v5_qwen35_4b_207,206,19.625,0.02602428011596203,-3.25,-3.6223831176757812,5,0,-0.125,-0.0003752950578927994,0.0,-0.014705657958984375,-8.678698539733887,0.22249317169189453,19.75,0.026399575173854828,5,0,0,0,23.0,22.875,23.375,0.375,21.5625,-0.034482758620689655,0,0,0,0
suppressor_top20,corrupt,to_clean,v5_qwen35_4b_210,209,19.5,0.032089293003082275,-2.75,-3.406648635864258,5,0,0.0,0.00275474414229393,0.125,0.09259605407714844,-7.738638401031494,0.2394423484802246,19.5,0.029334548860788345,5,0,0,0,22.375,22.25,23.625,0.125,21.5625,0.0,0,0,0,0
suppressor_top20,corrupt,to_clean,v5_qwen35_4b_071,70,19.375,0.02406536042690277,-3.125,-3.702648162841797,5,0,0.0,-0.0016540102660655975,-0.125,-0.06816673278808594,-8.09408187866211,0.10367107391357422,19.375,0.02571937069296837,5,0,0,0,22.375,22.5,23.5,1.25,21.4375,0.0,0,0,0,0
suppressor_top20,corrupt,to_clean,v5_qwen35_4b_170,169,18.75,0.020104408264160156,-2.75,-3.8865623474121094,7,0,-0.125,-0.0012218896299600601,-0.125,-0.06025123596191406,-1.9577986001968384,0.21214568614959717,18.875,0.021326297894120216,7,0,0,0,21.5,21.5,23.375,0.75,21.125,-0.027777777777777776,0,0,0,0
suppressor_top20,corrupt,to_clean,v5_qwen35_4b_178,177,19.75,0.04929392784833908,-1.625,-2.9594573974609375,5,0,-0.125,-0.005786523222923279,-0.125,-0.11709976196289062,-3.0685694217681885,0.21296954154968262,19.875,0.05508045107126236,5,0,0,0,21.375,21.375,23.625,0.625,21.75,-0.03333333333333333,0,0,0,0
suppressor_top20,corrupt,to_clean,v5_qwen35_4b_175,174,18.875,0.017026009038090706,-3.0,-4.055889129638672,7,0,-0.125,-0.0016221832484006882,-0.125,-0.09265708923339844,-2.2732434272766113,0.21944093704223633,19.0,0.018648192286491394,7,0,0,0,21.875,21.875,22.875,0.0,20.9375,-0.03225806451612903,0,0,0,0
suppressor_top20,corrupt,to_clean,v5_qwen35_4b_171,170,19.625,0.04622812569141388,-1.625,-3.0268898010253906,5,0,-0.25,-0.00929952785372734,-0.25,-0.19308853149414062,-2.644456148147583,0.22413992881774902,19.875,0.05552765354514122,5,0,0,0,21.25,21.25,24.125,1.0,22.0,-0.058823529411764705,0,0,0,0
suppressor_top20,corrupt,to_clean,v5_qwen35_4b_009,8,18.875,0.01739639788866043,-3.0,-4.033992767333984,7,0,-0.125,-0.00012969039380550385,0.0,-0.007564544677734375,-2.5521552562713623,0.24184298515319824,19.0,0.017526088282465935,7,0,0,0,22.0,21.875,23.625,0.5,21.3125,-0.02702702702702703,0,0,0,0
suppressor_top20,corrupt,to_clean,v5_qwen35_4b_052,51,20.125,0.039763882756233215,-2.875,-3.184244155883789,3,0,-0.125,-0.004034347832202911,-0.125,-0.10084342956542969,-7.762598991394043,0.24191570281982422,20.25,0.04379823058843613,3,0,0,0,23.0,23.0,23.75,0.875,22.0,-0.03571428571428571,0,0,0,0
suppressor_top20,corrupt,to_clean,v5_qwen35_4b_076,75,15.8125,0.00047602076665498316,-7.3125,-7.64959716796875,30,0,-0.0625,-1.789562520571053e-05,-0.0625,-0.036922454833984375,-12.517838478088379,0.2886638641357422,15.875,0.0004939163918606937,29,0,0,0,23.125,23.125,21.25,0.375,18.5625,-0.011627906976744186,0,0,0,0
suppressor_top20,corrupt,to_clean,v5_qwen35_4b_077,76,15.8125,0.00047602076665498316,-7.3125,-7.64959716796875,30,0,-0.0625,-1.789562520571053e-05,-0.0625,-0.036922454833984375,-12.517838478088379,0.2886638641357422,15.875,0.0004939163918606937,29,0,0,0,23.125,23.125,21.25,0.375,18.5625,-0.011627906976744186,0,0,0,0
suppressor_top20,corrupt,to_clean,v5_qwen35_4b_078,77,15.8125,0.00047602076665498316,-7.3125,-7.64959716796875,30,0,-0.0625,-1.789562520571053e-05,-0.0625,-0.036922454833984375,-12.517838478088379,0.2886638641357422,15.875,0.0004939163918606937,29,0,0,0,23.125,23.125,21.25,0.375,18.5625,-0.011627906976744186,0,0,0,0
suppressor_top20,corrupt,to_clean,v5_qwen35_4b_079,78,15.8125,0.00047602076665498316,-7.3125,-7.64959716796875,30,0,-0.0625,-1.789562520571053e-05,-0.0625,-0.036922454833984375,-12.517838478088379,0.2886638641357422,15.875,0.0004939163918606937,29,0,0,0,23.125,23.125,21.25,0.375,18.5625,-0.011627906976744186,0,0,0,0
suppressor_top20,corrupt,to_clean,v5_qwen35_4b_080,79,15.8125,0.00047602076665498316,-7.3125,-7.64959716796875,30,0,-0.0625,-1.789562520571053e-05,-0.0625,-0.036922454833984375,-12.517838478088379,0.2886638641357422,15.875,0.0004939163918606937,29,0,0,0,23.125,23.125,21.25,0.375,18.5625,-0.011627906976744186,0,0,0,0
suppressor_top20,corrupt,to_clean,v5_qwen35_4b_081,80,15.8125,0.00047602076665498316,-7.3125,-7.64959716796875,30,0,-0.0625,-1.789562520571053e-05,-0.0625,-0.036922454833984375,-12.517838478088379,0.2886638641357422,15.875,0.0004939163918606937,29,0,0,0,23.125,23.125,21.25,0.375,18.5625,-0.011627906976744186,0,0,0,0
suppressor_top20,corrupt,to_clean,v5_qwen35_4b_082,81,15.8125,0.00047602076665498316,-7.3125,-7.64959716796875,30,0,-0.0625,-1.789562520571053e-05,-0.0625,-0.036922454833984375,-12.517838478088379,0.2886638641357422,15.875,0.0004939163918606937,29,0,0,0,23.125,23.125,21.25,0.375,18.5625,-0.011627906976744186,0,0,0,0
suppressor_top20,corrupt,to_clean,v5_qwen35_4b_083,82,15.8125,0.0004735621332656592,-7.3125,-7.654777526855469,30,0,-0.125,-1.4435790944844484e-05,0.0,-0.030042648315429688,-12.529914855957031,0.26195621490478516,15.9375,0.0004879979242105037,29,0,0,0,23.25,23.125,21.25,0.375,18.59375,-0.023529411764705882,0,0,0,0
suppressor_top20,corrupt,to_clean,v5_qwen35_4b_084,83,15.8125,0.0004735621332656592,-7.3125,-7.654777526855469,30,0,-0.125,-1.4435790944844484e-05,0.0,-0.030042648315429688,-12.529914855957031,0.26195621490478516,15.9375,0.0004879979242105037,29,0,0,0,23.25,23.125,21.25,0.375,18.59375,-0.023529411764705882,0,0,0,0
suppressor_top20,corrupt,to_clean,v5_qwen35_4b_087,86,15.8125,0.0004735621332656592,-7.3125,-7.654777526855469,30,0,-0.125,-1.4435790944844484e-05,0.0,-0.030042648315429688,-12.529914855957031,0.26195621490478516,15.9375,0.0004879979242105037,29,0,0,0,23.25,23.125,21.25,0.375,18.59375,-0.023529411764705882,0,0,0,0
suppressor_top20,corrupt,to_clean,v5_qwen35_4b_088,87,15.8125,0.0004735621332656592,-7.3125,-7.654777526855469,30,0,-0.125,-1.4435790944844484e-05,0.0,-0.030042648315429688,-12.529914855957031,0.26195621490478516,15.9375,0.0004879979242105037,29,0,0,0,23.25,23.125,21.25,0.375,18.59375,-0.023529411764705882,0,0,0,0
suppressor_top20,corrupt,to_clean,v5_qwen35_4b_089,88,15.8125,0.0004735621332656592,-7.3125,-7.654777526855469,30,0,-0.125,-1.4435790944844484e-05,0.0,-0.030042648315429688,-12.529914855957031,0.26195621490478516,15.9375,0.0004879979242105037,29,0,0,0,23.25,23.125,21.25,0.375,18.59375,-0.023529411764705882,0,0,0,0
suppressor_top20,corrupt,to_clean,v5_qwen35_4b_090,89,15.8125,0.0004735621332656592,-7.3125,-7.654777526855469,30,0,-0.125,-1.4435790944844484e-05,0.0,-0.030042648315429688,-12.529914855957031,0.26195621490478516,15.9375,0.0004879979242105037,29,0,0,0,23.25,23.125,21.25,0.375,18.59375,-0.023529411764705882,0,0,0,0
suppressor_top20,corrupt,to_clean,v5_qwen35_4b_091,90,15.8125,0.0004735621332656592,-7.3125,-7.654777526855469,30,0,-0.125,-1.4435790944844484e-05,0.0,-0.030042648315429688,-12.529914855957031,0.26195621490478516,15.9375,0.0004879979242105037,29,0,0,0,23.25,23.125,21.25,0.375,18.59375,-0.023529411764705882,0,0,0,0
suppressor_top20,corrupt,to_clean,v5_qwen35_4b_092,91,15.8125,0.0004735621332656592,-7.3125,-7.654777526855469,30,0,-0.125,-1.4435790944844484e-05,0.0,-0.030042648315429688,-12.529914855957031,0.26195621490478516,15.9375,0.0004879979242105037,29,0,0,0,23.25,23.125,21.25,0.375,18.59375,-0.023529411764705882,0,0,0,0
suppressor_top20,corrupt,to_clean,v5_qwen35_4b_093,92,15.8125,0.0004735621332656592,-7.3125,-7.654777526855469,30,0,-0.125,-1.4435790944844484e-05,0.0,-0.030042648315429688,-12.529914855957031,0.26195621490478516,15.9375,0.0004879979242105037,29,0,0,0,23.25,23.125,21.25,0.375,18.59375,-0.023529411764705882,0,0,0,0
suppressor_top20,corrupt,to_clean,v5_qwen35_4b_094,93,15.8125,0.0004735621332656592,-7.3125,-7.654777526855469,30,0,-0.125,-1.4435790944844484e-05,0.0,-0.030042648315429688,-12.529914855957031,0.26195621490478516,15.9375,0.0004879979242105037,29,0,0,0,23.25,23.125,21.25,0.375,18.59375,-0.023529411764705882,0,0,0,0
suppressor_top20,corrupt,to_clean,v5_qwen35_4b_095,94,15.8125,0.0004735621332656592,-7.3125,-7.654777526855469,30,0,-0.125,-1.4435790944844484e-05,0.0,-0.030042648315429688,-12.529914855957031,0.26195621490478516,15.9375,0.0004879979242105037,29,0,0,0,23.25,23.125,21.25,0.375,18.59375,-0.023529411764705882,0,0,0,0
suppressor_top20,corrupt,to_clean,v5_qwen35_4b_096,95,15.8125,0.0004735621332656592,-7.3125,-7.654777526855469,30,0,-0.125,-1.4435790944844484e-05,0.0,-0.030042648315429688,-12.529914855957031,0.26195621490478516,15.9375,0.0004879979242105037,29,0,0,0,23.25,23.125,21.25,0.375,18.59375,-0.023529411764705882,0,0,0,0
suppressor_top20,corrupt,to_clean,v5_qwen35_4b_097,96,15.8125,0.0004735621332656592,-7.3125,-7.654777526855469,30,0,-0.125,-1.4435790944844484e-05,0.0,-0.030042648315429688,-12.529914855957031,0.26195621490478516,15.9375,0.0004879979242105037,29,0,0,0,23.25,23.125,21.25,0.375,18.59375,-0.023529411764705882,0,0,0,0
suppressor_top20,corrupt,to_clean,v5_qwen35_4b_099,98,15.8125,0.0004735621332656592,-7.3125,-7.654777526855469,30,0,-0.125,-1.4435790944844484e-05,0.0,-0.030042648315429688,-12.529914855957031,0.26195621490478516,15.9375,0.0004879979242105037,29,0,0,0,23.25,23.125,21.25,0.375,18.59375,-0.023529411764705882,0,0,0,0
suppressor_top20,corrupt,to_clean,v5_qwen35_4b_100,99,15.8125,0.0004735621332656592,-7.3125,-7.654777526855469,30,0,-0.125,-1.4435790944844484e-05,0.0,-0.030042648315429688,-12.529914855957031,0.26195621490478516,15.9375,0.0004879979242105037,29,0,0,0,23.25,23.125,21.25,0.375,18.59375,-0.023529411764705882,0,0,0,0
suppressor_top20,corrupt,to_clean,v5_qwen35_4b_101,100,15.8125,0.0004735621332656592,-7.3125,-7.654777526855469,30,0,-0.125,-1.4435790944844484e-05,0.0,-0.030042648315429688,-12.529914855957031,0.26195621490478516,15.9375,0.0004879979242105037,29,0,0,0,23.25,23.125,21.25,0.375,18.59375,-0.023529411764705882,0,0,0,0
suppressor_top20,corrupt,to_clean,v5_qwen35_4b_102,101,15.8125,0.0004735621332656592,-7.3125,-7.654777526855469,30,0,-0.125,-1.4435790944844484e-05,0.0,-0.030042648315429688,-12.529914855957031,0.26195621490478516,15.9375,0.0004879979242105037,29,0,0,0,23.25,23.125,21.25,0.375,18.59375,-0.023529411764705882,0,0,0,0
suppressor_top20,corrupt,to_clean,v5_qwen35_4b_103,102,15.8125,0.0004735621332656592,-7.3125,-7.654777526855469,30,0,-0.125,-1.4435790944844484e-05,0.0,-0.030042648315429688,-12.529914855957031,0.26195621490478516,15.9375,0.0004879979242105037,29,0,0,0,23.25,23.125,21.25,0.375,18.59375,-0.023529411764705882,0,0,0,0
suppressor_top20,corrupt,to_clean,v5_qwen35_4b_104,103,15.8125,0.0004735621332656592,-7.3125,-7.654777526855469,30,0,-0.125,-1.4435790944844484e-05,0.0,-0.030042648315429688,-12.529914855957031,0.26195621490478516,15.9375,0.0004879979242105037,29,0,0,0,23.25,23.125,21.25,0.375,18.59375,-0.023529411764705882,0,0,0,0
suppressor_top20,corrupt,to_clean,v5_qwen35_4b_105,104,15.8125,0.0004735621332656592,-7.3125,-7.654777526855469,30,0,-0.125,-1.4435790944844484e-05,0.0,-0.030042648315429688,-12.529914855957031,0.26195621490478516,15.9375,0.0004879979242105037,29,0,0,0,23.25,23.125,21.25,0.375,18.59375,-0.023529411764705882,0,0,0,0
suppressor_top20,corrupt,to_clean,v5_qwen35_4b_106,105,15.8125,0.0004735621332656592,-7.3125,-7.654777526855469,30,0,-0.125,-1.4435790944844484e-05,0.0,-0.030042648315429688,-12.529914855957031,0.26195621490478516,15.9375,0.0004879979242105037,29,0,0,0,23.25,23.125,21.25,0.375,18.59375,-0.023529411764705882,0,0,0,0
suppressor_top20,corrupt,to_clean,v5_qwen35_4b_107,106,15.8125,0.0004735621332656592,-7.3125,-7.654777526855469,30,0,-0.125,-1.4435790944844484e-05,0.0,-0.030042648315429688,-12.529914855957031,0.26195621490478516,15.9375,0.0004879979242105037,29,0,0,0,23.25,23.125,21.25,0.375,18.59375,-0.023529411764705882,0,0,0,0
suppressor_top20,corrupt,to_clean,v5_qwen35_4b_108,107,15.8125,0.0004735621332656592,-7.3125,-7.654777526855469,30,0,-0.125,-1.4435790944844484e-05,0.0,-0.030042648315429688,-12.529914855957031,0.26195621490478516,15.9375,0.0004879979242105037,29,0,0,0,23.25,23.125,21.25,0.375,18.59375,-0.023529411764705882,0,0,0,0
suppressor_top20,corrupt,to_clean,v5_qwen35_4b_109,108,15.8125,0.0004735621332656592,-7.3125,-7.654777526855469,30,0,-0.125,-1.4435790944844484e-05,0.0,-0.030042648315429688,-12.529914855957031,0.26195621490478516,15.9375,0.0004879979242105037,29,0,0,0,23.25,23.125,21.25,0.375,18.59375,-0.023529411764705882,0,0,0,0
suppressor_top20,corrupt,to_clean,v5_qwen35_4b_110,109,15.8125,0.0004735621332656592,-7.3125,-7.654777526855469,30,0,-0.125,-1.4435790944844484e-05,0.0,-0.030042648315429688,-12.529914855957031,0.26195621490478516,15.9375,0.0004879979242105037,29,0,0,0,23.25,23.125,21.25,0.375,18.59375,-0.023529411764705882,0,0,0,0
suppressor_top20,corrupt,to_clean,v5_qwen35_4b_111,110,15.8125,0.0004735621332656592,-7.3125,-7.654777526855469,30,0,-0.125,-1.4435790944844484e-05,0.0,-0.030042648315429688,-12.529914855957031,0.26195621490478516,15.9375,0.0004879979242105037,29,0,0,0,23.25,23.125,21.25,0.375,18.59375,-0.023529411764705882,0,0,0,0
suppressor_top20,corrupt,to_clean,v5_qwen35_4b_112,111,15.8125,0.0004735621332656592,-7.3125,-7.654777526855469,30,0,-0.125,-1.4435790944844484e-05,0.0,-0.030042648315429688,-12.529914855957031,0.26195621490478516,15.9375,0.0004879979242105037,29,0,0,0,23.25,23.125,21.25,0.375,18.59375,-0.023529411764705882,0,0,0,0
suppressor_top20,corrupt,to_clean,v5_qwen35_4b_116,115,16.5,0.0009474863181822002,-6.5,-6.960775375366211,17,0,-0.125,-2.4355249479413033e-05,0.0,-0.025407791137695312,-15.239813804626465,0.22218894958496094,16.625,0.0009718415676616132,16,0,0,0,23.125,23.0,21.25,0.375,18.9375,-0.02702702702702703,0,0,0,0
suppressor_top20,corrupt,to_clean,v5_qwen35_4b_129,128,16.5,0.0009474863181822002,-6.5,-6.960775375366211,17,0,-0.125,-2.4355249479413033e-05,0.0,-0.025407791137695312,-15.239813804626465,0.22218894958496094,16.625,0.0009718415676616132,16,0,0,0,23.125,23.0,21.25,0.375,18.9375,-0.02702702702702703,0,0,0,0
suppressor_top20,corrupt,to_clean,v5_qwen35_4b_132,131,16.5,0.0009474863181822002,-6.5,-6.960775375366211,17,0,-0.125,-2.4355249479413033e-05,0.0,-0.025407791137695312,-15.239813804626465,0.22218894958496094,16.625,0.0009718415676616132,16,0,0,0,23.125,23.0,21.25,0.375,18.9375,-0.02702702702702703,0,0,0,0
suppressor_top20,corrupt,to_clean,v5_qwen35_4b_138,137,16.5,0.0009474863181822002,-6.5,-6.960775375366211,17,0,-0.125,-2.4355249479413033e-05,0.0,-0.025407791137695312,-15.239813804626465,0.22218894958496094,16.625,0.0009718415676616132,16,0,0,0,23.125,23.0,21.25,0.375,18.9375,-0.02702702702702703,0,0,0,0
suppressor_top20,corrupt,to_clean,v5_qwen35_4b_143,142,16.5,0.0009474863181822002,-6.5,-6.960775375366211,17,0,-0.125,-2.4355249479413033e-05,0.0,-0.025407791137695312,-15.239813804626465,0.22218894958496094,16.625,0.0009718415676616132,16,0,0,0,23.125,23.0,21.25,0.375,18.9375,-0.02702702702702703,0,0,0,0
suppressor_top20,corrupt,to_clean,v5_qwen35_4b_029,28,17.5,0.009046017192304134,-3.625,-4.696390151977539,8,0,0.0,-2.3434869945049286e-05,0.0,-0.0026111602783203125,-6.576998710632324,0.05716514587402344,17.5,0.009069452062249184,8,0,0,0,21.125,21.125,21.75,0.875,19.625,0.0,0,0,0,0
suppressor_top20,corrupt,to_clean,v5_qwen35_4b_086,85,15.625,0.00039136287523433566,-7.5,-7.845508575439453,30,0,-0.125,-4.110191366635263e-05,-0.125,-0.09990692138671875,-12.316518783569336,0.2921276092529297,15.75,0.0004324647889006883,30,0,0,0,23.125,23.125,21.5,0.625,18.625,-0.021739130434782608,0,0,0,0
suppressor_top20,corrupt,to_clean,v5_qwen35_4b_258,257,20.125,0.061658333986997604,-2.25,-2.7225303649902344,4,0,0.0,0.000726018100976944,0.0,0.0126190185546875,-7.20715856552124,0.22602319717407227,20.125,0.06093231588602066,4,0,0,0,22.375,22.375,26.25,3.25,23.1875,0.0,0,0,0,0
suppressor_top20,corrupt,to_clean,v5_qwen35_4b_252,251,20.125,0.07886003702878952,-1.625,-2.457996368408203,3,0,-0.125,-0.008263669908046722,-0.125,-0.10866737365722656,-2.3892123699188232,0.12131237983703613,20.25,0.08712370693683624,3,0,0,0,21.75,21.75,24.375,2.125,22.3125,-0.030303030303030304,0,0,0,0
suppressor_top20,corrupt,to_clean,v5_qwen35_4b_006,5,17.375,0.006005693227052689,-4.375,-5.109073638916016,11,0,-0.125,-0.000721354503184557,-0.125,-0.11415481567382812,-3.2461488246917725,0.17612409591674805,17.5,0.0067270477302372456,11,0,0,0,21.75,21.75,24.75,2.75,21.125,-0.017241379310344827,0,0,0,0
suppressor_top20,corrupt,to_clean,v5_qwen35_4b_004,3,16.0,0.0007438206230290234,-6.5,-7.203004837036133,25,0,-0.25,-0.0001476265606470406,-0.125,-0.18119430541992188,-1.3532429933547974,0.3604034185409546,16.25,0.000891447183676064,23,0,0,0,22.625,22.5,25.875,2.25,21.0625,-0.025974025974025976,0,0,0,0
suppressor_top20,corrupt,to_clean,v5_qwen35_4b_154,153,15.0625,0.00045551330549642444,-6.0625,-7.693681716918945,37,0,-0.25,-7.970893057063222e-05,0.0,-0.16134071350097656,-0.47213393449783325,0.3333480954170227,15.3125,0.0005352222360670567,36,0,0,0,21.375,21.125,26.25,3.0,20.78125,-0.022857142857142857,0,0,0,0
suppressor_top20,corrupt,to_clean,v5_qwen35_4b_119,118,18.5,0.004719580058008432,-4.75,-5.351322174072266,8,0,-0.125,-0.0010118009522557259,-0.25,-0.19525146484375,-7.1595587730407715,0.19831514358520508,18.625,0.005731381010264158,7,0,0,0,23.125,23.25,26.875,4.0,22.75,-0.015151515151515152,0,0,0,0
suppressor_top20,corrupt,to_clean,v5_qwen35_4b_010,9,15.9375,0.0009086006321012974,-5.8125,-7.002744674682617,27,0,-0.1875,-0.00011405139230191708,-0.0625,-0.11836433410644531,-5.8282880783081055,0.2239065170288086,16.125,0.0010226520244032145,26,0,0,0,21.875,21.75,21.5,0.125,18.8125,-0.03488372093023256,0,0,0,0
suppressor_top20,corrupt,to_clean,v5_qwen35_4b_151,150,15.5,0.0008568154298700392,-6.375,-7.06147575378418,28,0,-0.1875,-7.054134039208293e-05,-0.0625,-0.07918739318847656,-4.490344047546387,0.3910665512084961,15.6875,0.0009273567702621222,26,0,0,0,22.0,21.875,27.75,5.625,21.71875,-0.015544041450777202,0,0,0,0
suppressor_top20,corrupt,to_clean,v5_qwen35_4b_289,288,19.25,0.018543343991041183,-3.375,-3.9689464569091797,5,0,0.0,0.0013109669089317322,0.125,0.07465553283691406,-8.568902969360352,0.2100076675415039,19.25,0.01723237708210945,5,0,0,0,22.75,22.625,27.375,4.25,23.3125,0.0,0,0,0,0
suppressor_top20,corrupt,to_clean,v5_qwen35_4b_244,243,18.5,0.048565346747636795,-1.875,-2.975128173828125,7,0,-0.25,-0.012369852513074875,-0.25,-0.2399883270263672,0.0003525093197822571,0.22285664826631546,18.75,0.06093519926071167,6,0,0,0,20.375,20.375,25.125,2.75,21.9375,-0.0392156862745098,0,0,0,0
driver_top20,clean,to_corrupt,v5_qwen35_4b_285,284,23.125,0.8691105246543884,3.625,1.8930339813232422,1,1,0.0,0.00108259916305542,0.0,0.009481430053710938,6.276070594787598,-0.0647587776184082,23.125,0.868027925491333,1,1,0,0,19.5,19.5,19.25,-2.625,21.1875,-0.0,0,0,0,0
driver_top20,clean,to_corrupt,v5_qwen35_4b_016,15,21.25,0.4999134838581085,0.625,-0.0004138946533203125,1,1,-0.125,-0.032847315073013306,-0.125,-0.13157081604003906,4.747626781463623,-0.0588374137878418,21.375,0.5327607989311218,1,1,0,0,20.625,20.625,15.0625,-7.1875,18.21875,0.019801980198019802,0,0,0,0
driver_top20,clean,to_corrupt,v5_qwen35_4b_036,35,21.25,0.5048734545707703,0.625,0.0194244384765625,1,1,-0.125,-0.027887344360351562,-0.125,-0.11173248291015625,4.7524094581604,-0.05405473709106445,21.375,0.5327607989311218,1,1,0,0,20.625,20.625,15.6875,-6.3125,18.53125,0.02197802197802198,0,0,0,0
driver_top20,clean,to_corrupt,v5_qwen35_4b_085,84,21.875,0.5975459814071655,1.0,0.3951988220214844,1,1,0.0,0.009420394897460938,0.0,0.039028167724609375,3.508821487426758,-0.027178287506103516,21.875,0.5881255865097046,1,1,0,0,20.875,20.875,15.0,-7.875,18.4375,-0.0,0,0,0,0
driver_top20,clean,to_corrupt,v5_qwen35_4b_133,132,21.875,0.6480177044868469,1.125,0.6102790832519531,1,1,-0.125,-0.010048925876617432,0.0,-0.04435157775878906,6.541632652282715,-0.09294319152832031,22.0,0.6580666303634644,1,1,0,0,20.875,20.75,15.6875,-6.3125,18.84375,0.019801980198019802,0,0,0,0
driver_top20,clean,to_corrupt,v5_qwen35_4b_147,146,21.875,0.6480177044868469,1.125,0.6102790832519531,1,1,-0.125,-0.010048925876617432,0.0,-0.04435157775878906,6.541632652282715,-0.09294319152832031,22.0,0.6580666303634644,1,1,0,0,20.875,20.75,15.6875,-6.3125,18.84375,0.019801980198019802,0,0,0,0
driver_top20,clean,to_corrupt,v5_qwen35_4b_260,259,22.0,0.6069563627243042,1.0,0.4344749450683594,1,1,0.0,-0.00018483400344848633,0.0,-0.000774383544921875,4.671891689300537,-0.056151390075683594,22.0,0.6071411967277527,1,1,0,0,21.0,21.0,17.125,-4.5,19.5625,-0.0,0,0,0,0
driver_top20,clean,to_corrupt,v5_qwen35_4b_263,262,21.625,0.5013566017150879,0.625,0.00537109375,1,1,0.0,0.002605527639389038,0.0,0.0104217529296875,2.375554084777832,-0.0440213680267334,21.625,0.49875107407569885,1,1,0,0,21.0,21.0,16.625,-5.5,19.125,-0.0,0,0,0,0
driver_top20,clean,to_corrupt,v5_qwen35_4b_296,295,22.0,0.602942168712616,1.0,0.4176788330078125,1,1,0.0,0.0001913905143737793,0.0,0.00080108642578125,4.7314887046813965,-0.08729934692382812,22.0,0.6027507781982422,1,1,0,0,21.0,21.0,17.25,-4.375,19.625,-0.0,0,0,0,0
driver_top20,clean,to_corrupt,v5_qwen35_4b_040,39,22.625,0.8367794752120972,2.125,1.6343860626220703,1,1,0.0,-6.002187728881836e-05,0.0,-0.000438690185546875,8.280187606811523,-0.1086874008178711,22.625,0.836839497089386,1,1,0,0,20.5,20.5,16.0,-5.5,19.3125,-0.0,0,0,0,0
driver_top20,clean,to_corrupt,v5_qwen35_4b_054,53,22.625,0.8379032611846924,2.125,1.6426410675048828,1,1,0.0,0.0010637640953063965,0.0,0.007816314697265625,8.284292221069336,-0.1045827865600586,22.625,0.836839497089386,1,1,0,0,20.5,20.5,17.375,-3.25,20.0,-0.0,0,0,0,0
driver_top20,clean,to_corrupt,v5_qwen35_4b_229,228,22.5,0.7778427004814148,1.75,1.253082275390625,1,1,0.0,-0.0002931356430053711,0.0,-0.001697540283203125,8.047945976257324,-0.10941886901855469,22.5,0.7781358361244202,1,1,0,0,20.75,20.75,16.0,-5.5,19.25,-0.0,0,0,0,0
driver_top20,clean,to_corrupt,v5_qwen35_4b_047,46,22.125,0.35482126474380493,0.25,-0.59796142578125,1,1,0.0,0.0032522082328796387,0.0,0.014234542846679688,4.116654872894287,-0.056854248046875,22.125,0.3515690565109253,1,1,0,0,21.875,21.875,17.0,-5.875,19.5625,-0.0,0,0,0,0
driver_top20,clean,to_corrupt,v5_qwen35_4b_271,270,21.875,0.40939071774482727,0.375,-0.36653900146484375,1,1,0.0,0.0010633766651153564,0.0,0.0044002532958984375,0.9354196786880493,-0.021235525608062744,21.875,0.4083273410797119,1,1,0,0,21.5,21.5,19.375,-3.0,20.625,-0.0,0,0,0,0
driver_top20,clean,to_corrupt,v5_qwen35_4b_039,38,22.5,0.38980957865715027,0.625,-0.44815826416015625,1,1,-0.125,-0.0058183372020721436,0.0,-0.024396896362304688,1.1629165410995483,-0.07819676399230957,22.625,0.3956279158592224,1,1,0,0,22.0,21.875,16.5,-6.875,19.5625,0.02040816326530612,0,0,0,0
driver_top20,clean,to_corrupt,v5_qwen35_4b_215,214,22.625,0.44806674122810364,0.625,-0.20853424072265625,1,1,0.0,0.021163493394851685,0.125,0.08601188659667969,6.792282581329346,-0.10611438751220703,22.625,0.42690324783325195,1,1,0,0,22.125,22.0,19.25,-2.875,20.9375,-0.0,0,0,0,0
driver_top20,clean,to_corrupt,v5_qwen35_4b_245,244,21.0,0.3016473054885864,0.25,-0.8395175933837891,1,1,0.0,5.587935447692871e-05,0.0,0.0002651214599609375,0.940220296382904,-0.03687924146652222,21.0,0.3015914261341095,1,1,0,0,20.75,20.75,15.125,-7.875,18.0625,-0.0,0,0,0,0
driver_top20,clean,to_corrupt,v5_qwen35_4b_161,160,23.0,0.8091866374015808,1.875,1.444681167602539,1,1,-0.125,-0.017540454864501953,-0.125,-0.11787033081054688,9.01712703704834,-0.09769344329833984,23.125,0.8267270922660828,1,1,0,0,21.125,21.125,15.6875,-8.0625,19.40625,0.01680672268907563,0,0,0,0
driver_top20,clean,to_corrupt,v5_qwen35_4b_121,120,23.5,0.9037485718727112,3.125,2.2395267486572266,1,1,0.0,0.0027959346771240234,0.0,0.03173065185546875,6.162922382354736,-0.06823873519897461,23.5,0.9009526371955872,1,1,0,0,20.375,20.375,15.875,-7.0,19.6875,-0.0,0,0,0,0
driver_top20,clean,to_corrupt,v5_qwen35_4b_181,180,23.125,0.7954527735710144,1.75,1.3580646514892578,1,1,-0.125,-0.005735814571380615,0.0,-0.03563117980957031,7.08631706237793,-0.0601649284362793,23.25,0.801188588142395,1,1,0,0,21.5,21.375,15.875,-7.625,19.5625,0.01694915254237288,0,0,0,0
driver_top20,clean,to_corrupt,v5_qwen35_4b_259,258,22.75,0.6933168172836304,1.25,0.8156242370605469,1,1,0.0,0.00041413307189941406,0.0,0.0019474029541015625,6.6651482582092285,-0.06980276107788086,22.75,0.692902684211731,1,1,0,0,21.5,21.5,17.375,-5.625,20.0625,-0.0,0,0,0,0
driver_top20,clean,to_corrupt,v5_qwen35_4b_283,282,22.125,0.4684520363807678,0.625,-0.1264190673828125,1,1,0.0,0.020001590251922607,0.125,0.08056831359863281,2.8760058879852295,-0.03555750846862793,22.125,0.4484504461288452,1,1,0,0,21.625,21.5,17.875,-4.25,20.0,-0.0,0,0,0,0
driver_top20,clean,to_corrupt,v5_qwen35_4b_272,271,23.875,0.7294918894767761,1.875,0.9920005798339844,1,1,-0.125,-0.01662355661392212,-0.125,-0.0859527587890625,1.7418104410171509,-0.06736159324645996,24.0,0.7461154460906982,1,1,0,0,22.0,22.0,20.25,-3.5,22.125,0.03333333333333333,0,0,0,0
driver_top20,clean,to_corrupt,v5_qwen35_4b_043,42,23.375,0.7008674144744873,1.25,0.8513851165771484,1,1,0.0,0.019187629222869873,0.125,0.08992576599121094,9.74482250213623,-0.11475658416748047,23.375,0.6816797852516174,1,1,0,0,22.25,22.125,16.75,-5.625,20.0625,-0.0,0,0,0,0
driver_top20,clean,to_corrupt,v5_qwen35_4b_166,165,23.0,0.6111190915107727,1.375,0.45196533203125,1,1,0.0,0.0220259428024292,0.125,0.09180068969726562,-1.2401211261749268,-0.010443329811096191,23.0,0.5890931487083435,1,1,0,0,21.75,21.625,19.375,-3.125,21.1875,-0.0,0,0,0,0
driver_top20,clean,to_corrupt,v5_qwen35_4b_055,54,23.0,0.5923899412155151,1.375,0.3737926483154297,1,1,0.0,0.019535541534423828,0.125,0.08034324645996094,0.6332636475563049,-0.06628948450088501,23.0,0.5728543996810913,1,1,0,0,21.75,21.625,19.125,-4.625,21.0625,-0.0,0,0,0,0
driver_top20,clean,to_corrupt,v5_qwen35_4b_130,129,22.125,0.5279516577720642,1.375,0.11185646057128906,1,1,0.0,0.0017434954643249512,0.0,0.0069942474365234375,6.946365833282471,-0.11738300323486328,22.125,0.5262081623077393,1,1,0,0,20.75,20.75,16.625,-6.625,19.375,-0.0,0,0,0,0
driver_top20,clean,to_corrupt,v5_qwen35_4b_182,181,22.25,0.42749831080436707,0.75,-0.2921276092529297,1,1,0.0,0.0005327463150024414,0.0,0.002178192138671875,5.92380428314209,-0.05789041519165039,22.25,0.4269655644893646,1,1,0,0,21.5,21.5,15.8125,-7.8125,19.03125,-0.0,0,0,0,0
driver_top20,clean,to_corrupt,v5_qwen35_4b_065,64,21.25,0.31639564037323,0.375,-0.7704563140869141,1,1,0.0,-0.007997065782546997,0.0,-0.0367279052734375,4.467039108276367,-0.06751346588134766,21.25,0.324392706155777,1,1,0,0,20.875,20.875,18.125,-3.25,19.6875,-0.0,0,0,0,0
driver_top20,clean,to_corrupt,v5_qwen35_4b_001,0,23.375,0.7618601322174072,2.125,1.1628494262695312,1,1,0.0,0.005926728248596191,0.0,0.0323944091796875,8.049915313720703,-0.0677499771118164,23.375,0.755933403968811,1,1,0,0,21.25,21.25,17.5,-4.875,20.4375,-0.0,0,0,0,0
driver_top20,clean,to_corrupt,v5_qwen35_4b_053,52,22.375,0.7933704257011414,1.875,1.3452949523925781,1,1,0.0,-0.00013691186904907227,0.0,-0.000835418701171875,9.106239318847656,-0.050262451171875,22.375,0.7935073375701904,1,1,0,0,20.5,20.5,17.5,-3.625,19.9375,-0.0,0,0,0,0
driver_top20,clean,to_corrupt,v5_qwen35_4b_155,154,22.5,0.8286409378051758,2.125,1.5759544372558594,1,1,0.0,0.001163184642791748,0.0,0.008169174194335938,7.698832988739014,-0.07620048522949219,22.5,0.827477753162384,1,1,0,0,20.375,20.375,15.125,-6.125,18.8125,-0.0,0,0,0,0
driver_top20,clean,to_corrupt,v5_qwen35_4b_120,119,22.625,0.8513386249542236,2.25,1.7450809478759766,1,1,0.0,-3.921985626220703e-05,0.0,-0.000308990478515625,9.337176322937012,-0.08351802825927734,22.625,0.8513778448104858,1,1,0,0,20.375,20.375,16.125,-5.375,19.375,-0.0,0,0,0,0
driver_top20,clean,to_corrupt,v5_qwen35_4b_232,231,22.625,0.8301916122436523,2.125,1.5869178771972656,1,1,0.0,-0.0013411641120910645,0.0,-0.009542465209960938,7.777310371398926,-0.07337045669555664,22.625,0.8315327763557434,1,1,0,0,20.5,20.5,16.125,-5.375,19.375,-0.0,0,0,0,0
driver_top20,clean,to_corrupt,v5_qwen35_4b_226,225,23.625,0.7481403946876526,1.875,1.088663101196289,1,1,-0.125,-0.02019214630126953,-0.125,-0.11020469665527344,2.907249927520752,-0.07708072662353516,23.75,0.7683325409889221,1,1,0,0,21.75,21.75,17.875,-5.75,20.8125,0.02127659574468085,0,0,0,0
driver_top20,clean,to_corrupt,v5_qwen35_4b_123,122,22.625,0.7825303673744202,1.625,1.2804203033447266,1,1,0.0,0.0011583566665649414,0.0,0.006793975830078125,8.070266723632812,-0.16417312622070312,22.625,0.7813720107078552,1,1,0,0,21.0,21.0,15.75,-6.75,19.1875,-0.0,0,0,0,0
driver_top20,clean,to_corrupt,v5_qwen35_4b_030,29,21.75,0.6041651964187622,0.75,0.4227943420410156,1,1,-0.125,-0.006902933120727539,0.0,-0.028955459594726562,6.223345756530762,-0.18782567977905273,21.875,0.6110681295394897,1,1,0,0,21.125,21.0,15.8125,-6.9375,18.84375,0.020618556701030927,0,0,0,0
driver_top20,clean,to_corrupt,v5_qwen35_4b_205,204,22.0,0.6793792247772217,1.125,0.7508602142333984,1,1,0.0,0.0022984743118286133,0.0,0.010532379150390625,5.724635601043701,-0.12331867218017578,22.0,0.6770807504653931,1,1,0,0,20.875,20.875,18.0,-4.125,20.0,-0.0,0,0,0,0
driver_top20,clean,to_corrupt,v5_qwen35_4b_208,207,22.5,0.43414127826690674,0.25,-0.2650108337402344,1,1,0.0,0.0002308487892150879,0.0,0.0009403228759765625,4.813011646270752,-0.11171579360961914,22.5,0.43391042947769165,1,1,0,0,22.25,22.25,19.625,-3.25,21.0625,-0.0,0,0,0,0
driver_top20,clean,to_corrupt,v5_qwen35_4b_159,158,24.0,0.9166549444198608,3.0,2.3976898193359375,1,1,0.0,0.005707800388336182,0.125,0.07248878479003906,9.248457908630371,-0.07994651794433594,24.0,0.9109471440315247,1,1,0,0,21.125,21.0,15.6875,-7.9375,19.84375,-0.0,0,0,0,0
driver_top20,clean,to_corrupt,v5_qwen35_4b_262,261,23.5,0.8784528374671936,2.75,1.977792739868164,1,1,0.0,0.007909059524536133,0.125,0.07208061218261719,8.106057167053223,-0.125091552734375,23.5,0.8705437779426575,1,1,0,0,20.875,20.75,18.625,-4.0,21.0625,-0.0,0,0,0,0
driver_top20,clean,to_corrupt,v5_qwen35_4b_281,280,23.5,0.8784528374671936,2.75,1.977792739868164,1,1,0.0,0.007909059524536133,0.125,0.07208061218261719,8.106057167053223,-0.125091552734375,23.5,0.8705437779426575,1,1,0,0,20.875,20.75,18.625,-4.0,21.0625,-0.0,0,0,0,0
driver_top20,clean,to_corrupt,v5_qwen35_4b_153,152,23.0,0.8823496103286743,2.75,2.014802932739258,1,1,0.0,0.006826281547546387,0.125,0.06416130065917969,6.699196815490723,-0.0876927375793457,23.0,0.8755233287811279,1,1,0,0,20.375,20.25,15.8125,-7.1875,19.40625,-0.0,0,0,0,0
driver_top20,clean,to_corrupt,v5_qwen35_4b_017,16,22.375,0.7934988737106323,2.0,1.3460750579833984,1,1,0.0,0.014525175094604492,0.125,0.08644485473632812,4.866191864013672,-0.11924934387207031,22.375,0.7789736986160278,1,1,0,0,20.5,20.375,15.5625,-7.3125,18.96875,-0.0,0,0,0,0
driver_top20,clean,to_corrupt,v5_qwen35_4b_023,22,22.375,0.7934988737106323,2.0,1.3460750579833984,1,1,0.0,0.014525175094604492,0.125,0.08644485473632812,4.866191864013672,-0.11924934387207031,22.375,0.7789736986160278,1,1,0,0,20.5,20.375,15.5625,-7.3125,18.96875,-0.0,0,0,0,0
driver_top20,clean,to_corrupt,v5_qwen35_4b_027,26,22.375,0.7935711145401001,2.0,1.3465156555175781,1,1,0.0,0.014597415924072266,0.125,0.08688545227050781,4.872215747833252,-0.11322546005249023,22.375,0.7789736986160278,1,1,0,0,20.5,20.375,16.5,-6.25,19.4375,-0.0,0,0,0,0
driver_top20,clean,to_corrupt,v5_qwen35_4b_028,27,22.375,0.7935711145401001,2.0,1.3465156555175781,1,1,0.0,0.014597415924072266,0.125,0.08688545227050781,4.872215747833252,-0.11322546005249023,22.375,0.7789736986160278,1,1,0,0,20.5,20.375,16.5,-6.25,19.4375,-0.0,0,0,0,0
driver_top20,clean,to_corrupt,v5_qwen35_4b_035,34,22.375,0.7935711145401001,2.0,1.3465156555175781,1,1,0.0,0.014597415924072266,0.125,0.08688545227050781,4.872215747833252,-0.11322546005249023,22.375,0.7789736986160278,1,1,0,0,20.5,20.375,16.5,-6.25,19.4375,-0.0,0,0,0,0
driver_top20,clean,to_corrupt,v5_qwen35_4b_046,45,22.25,0.7722091674804688,1.875,1.2207622528076172,1,1,0.0,0.01268458366394043,0.125,0.07074928283691406,4.883458614349365,-0.12369441986083984,22.25,0.7595245838165283,1,1,0,0,20.5,20.375,16.375,-6.25,19.3125,-0.0,0,0,0,0
driver_top20,clean,to_corrupt,v5_qwen35_4b_059,58,22.25,0.7722069621086121,1.875,1.2207508087158203,1,1,0.0,0.01268237829208374,0.125,0.07073783874511719,4.869226455688477,-0.13792657852172852,22.25,0.7595245838165283,1,1,0,0,20.5,20.375,17.5,-4.625,19.875,-0.0,0,0,0,0
driver_top20,clean,to_corrupt,v5_qwen35_4b_064,63,22.25,0.7722069621086121,1.875,1.2207508087158203,1,1,0.0,0.01268237829208374,0.125,0.07073783874511719,4.869226455688477,-0.13792657852172852,22.25,0.7595245838165283,1,1,0,0,20.5,20.375,17.5,-4.625,19.875,-0.0,0,0,0,0
driver_top20,clean,to_corrupt,v5_qwen35_4b_113,112,22.875,0.8616257905960083,2.5,1.82879638671875,1,1,0.0,0.00873422622680664,0.125,0.07139396667480469,6.1437506675720215,-0.09154081344604492,22.875,0.8528915643692017,1,1,0,0,20.5,20.375,16.375,-6.25,19.625,-0.0,0,0,0,0
driver_top20,clean,to_corrupt,v5_qwen35_4b_118,117,22.875,0.8616257905960083,2.5,1.82879638671875,1,1,0.0,0.00873422622680664,0.125,0.07139396667480469,6.1437506675720215,-0.09154081344604492,22.875,0.8528915643692017,1,1,0,0,20.5,20.375,16.375,-6.25,19.625,-0.0,0,0,0,0
driver_top20,clean,to_corrupt,v5_qwen35_4b_149,148,22.875,0.8616257905960083,2.5,1.82879638671875,1,1,0.0,0.00873422622680664,0.125,0.07139396667480469,6.1437506675720215,-0.09154081344604492,22.875,0.8528915643692017,1,1,0,0,20.5,20.375,16.375,-6.25,19.625,-0.0,0,0,0,0
driver_top20,clean,to_corrupt,v5_qwen35_4b_152,151,22.75,0.8521372675895691,2.375,1.75140380859375,1,1,-0.125,-0.012269318103790283,-0.125,-0.10091400146484375,4.931938648223877,-0.11072206497192383,22.875,0.8644065856933594,1,1,0,0,20.375,20.375,15.1875,-7.6875,19.03125,0.016260162601626018,0,0,0,0
driver_top20,clean,to_corrupt,v5_qwen35_4b_156,155,22.75,0.8521372675895691,2.375,1.75140380859375,1,1,-0.125,-0.012269318103790283,-0.125,-0.10091400146484375,4.931938648223877,-0.11072206497192383,22.875,0.8644065856933594,1,1,0,0,20.375,20.375,15.1875,-7.6875,19.03125,0.016260162601626018,0,0,0,0
driver_top20,clean,to_corrupt,v5_qwen35_4b_167,166,22.75,0.8521372675895691,2.375,1.75140380859375,1,1,-0.125,-0.012269318103790283,-0.125,-0.10091400146484375,4.931938648223877,-0.11072206497192383,22.875,0.8644065856933594,1,1,0,0,20.375,20.375,15.1875,-7.6875,19.03125,0.016260162601626018,0,0,0,0
driver_top20,clean,to_corrupt,v5_qwen35_4b_172,171,22.875,0.8633340001106262,2.5,1.8431987762451172,1,1,0.0,0.008556485176086426,0.125,0.07068443298339844,5.122169494628906,-0.09341144561767578,22.875,0.8547775149345398,1,1,0,0,20.5,20.375,15.5,-7.375,19.1875,-0.0,0,0,0,0
driver_top20,clean,to_corrupt,v5_qwen35_4b_234,233,22.125,0.7048415541648865,1.625,0.8703956604003906,1,1,0.0,0.00097733736038208,0.0,0.004695892333984375,4.673619747161865,-0.0859684944152832,22.125,0.7038642168045044,1,1,0,0,20.5,20.5,16.125,-6.5,19.125,-0.0,0,0,0,0
driver_top20,clean,to_corrupt,v5_qwen35_4b_243,242,22.125,0.7011309862136841,1.625,0.852630615234375,1,1,-0.125,-0.010200321674346924,0.0,-0.04917144775390625,4.4209465980529785,-0.07743597030639648,22.25,0.711331307888031,1,1,0,0,20.625,20.5,16.375,-6.25,19.3125,0.02127659574468085,0,0,0,0
driver_top20,clean,to_corrupt,v5_qwen35_4b_251,250,22.125,0.7011309862136841,1.625,0.852630615234375,1,1,-0.125,-0.010200321674346924,0.0,-0.04917144775390625,4.4209465980529785,-0.07743597030639648,22.25,0.711331307888031,1,1,0,0,20.625,20.5,16.375,-6.25,19.3125,0.02127659574468085,0,0,0,0
driver_top20,clean,to_corrupt,v5_qwen35_4b_254,253,22.125,0.699887752532959,1.625,0.8467044830322266,1,1,-0.125,-0.011443555355072021,0.0,-0.05509757995605469,4.41544771194458,-0.08293485641479492,22.25,0.711331307888031,1,1,0,0,20.625,20.5,17.5,-4.625,19.875,0.02631578947368421,0,0,0,0
driver_top20,clean,to_corrupt,v5_qwen35_4b_255,254,22.125,0.699887752532959,1.625,0.8467044830322266,1,1,-0.125,-0.011443555355072021,0.0,-0.05509757995605469,4.41544771194458,-0.08293485641479492,22.25,0.711331307888031,1,1,0,0,20.625,20.5,17.5,-4.625,19.875,0.02631578947368421,0,0,0,0
driver_top20,clean,to_corrupt,v5_qwen35_4b_264,263,22.125,0.7049263715744019,1.625,0.8708038330078125,1,1,0.0,0.001062154769897461,0.0,0.00510406494140625,4.665037155151367,-0.09455108642578125,22.125,0.7038642168045044,1,1,0,0,20.5,20.5,17.375,-4.75,19.75,-0.0,0,0,0,0
driver_top20,clean,to_corrupt,v5_qwen35_4b_273,272,22.125,0.7040648460388184,1.625,0.8666648864746094,1,1,-0.125,-0.024885714054107666,-0.125,-0.12257766723632812,4.6682305335998535,-0.08622550964355469,22.25,0.728950560092926,1,1,0,0,20.5,20.5,17.375,-4.625,19.8125,0.02564102564102564,0,0,0,0
driver_top20,clean,to_corrupt,v5_qwen35_4b_290,289,22.125,0.6960895657539368,1.625,0.8286819458007812,1,1,0.0,-0.002389192581176758,0.0,-0.011323928833007812,4.550020694732666,-0.09034204483032227,22.125,0.6984787583351135,1,1,0,0,20.5,20.5,17.5,-4.5,19.8125,-0.0,0,0,0,0
driver_top20,clean,to_corrupt,v5_qwen35_4b_267,266,22.375,0.7399923205375671,1.75,1.0458736419677734,1,1,0.0,0.016298115253448486,0.125,0.08306503295898438,6.699978828430176,-0.07479095458984375,22.375,0.7236942052841187,1,1,0,0,20.75,20.625,17.5,-5.25,19.9375,-0.0,0,0,0,0
driver_top20,clean,to_corrupt,v5_qwen35_4b_148,147,23.75,0.913395345211029,2.875,2.355754852294922,1,1,0.0,0.0012416243553161621,0.0,0.015592575073242188,8.359265327453613,-0.08930206298828125,23.75,0.9121537208557129,1,1,0,0,20.875,20.875,15.5625,-7.3125,19.65625,-0.0,0,0,0,0
driver_top20,clean,to_corrupt,v5_qwen35_4b_180,179,23.25,0.8839914798736572,2.625,2.0307235717773438,1,1,0.0,0.0023726224899291992,0.0,0.022932052612304688,6.116371154785156,-0.08987760543823242,23.25,0.881618857383728,1,1,0,0,20.625,20.625,14.5,-8.875,18.875,-0.0,0,0,0,0
driver_top20,clean,to_corrupt,v5_qwen35_4b_072,71,22.5,0.7407228946685791,1.875,1.0496597290039062,1,1,0.0,0.006351828575134277,0.0,0.03281211853027344,2.451355457305908,-0.09246158599853516,22.5,0.7343710660934448,1,1,0,0,20.625,20.625,19.125,-2.25,20.8125,-0.0,0,0,0,0
driver_top20,clean,to_corrupt,v5_qwen35_4b_073,72,23.125,0.49847620725631714,0.25,-0.006122589111328125,1,1,-0.125,-0.009231209754943848,0.0,-0.03692817687988281,5.932337284088135,-0.13312864303588867,23.25,0.507707417011261,1,1,0,0,23.0,22.875,19.625,-3.25,21.4375,0.034482758620689655,0,0,0,0
driver_top20,clean,to_corrupt,v5_qwen35_4b_270,269,22.375,0.6336912512779236,1.75,0.5480136871337891,1,1,-0.125,-0.010099709033966064,0.0,-0.04377174377441406,4.213798522949219,-0.056090354919433594,22.5,0.6437909603118896,1,1,0,0,20.75,20.625,19.625,-1.0,21.0625,0.043478260869565216,0,0,0,0
driver_top20,clean,to_corrupt,v5_qwen35_4b_038,37,23.375,0.7789402008056641,2.5,1.2594337463378906,1,1,0.0,0.017372965812683105,0.125,0.09821128845214844,4.305325508117676,-0.052114009857177734,23.375,0.761567234992981,1,1,0,0,21.0,20.875,17.875,-5.375,20.625,-0.0,0,0,0,0
driver_top20,clean,to_corrupt,v5_qwen35_4b_204,203,24.125,0.6416826844215393,0.75,0.5826549530029297,1,1,-0.125,-0.027903437614440918,-0.125,-0.12363815307617188,6.408138275146484,-0.09139060974121094,24.25,0.6695861220359802,1,1,0,0,23.375,23.375,20.625,-2.625,22.4375,0.034482758620689655,0,0,0,0
driver_top20,clean,to_corrupt,v5_qwen35_4b_007,6,23.25,0.8412186503410339,2.0,1.667276382446289,1,1,-0.125,-0.006552934646606445,0.0,-0.04990577697753906,10.178410530090332,-0.16625022888183594,23.375,0.8477715849876404,1,1,0,0,21.375,21.25,16.25,-7.25,19.8125,0.017543859649122806,0,0,0,0
driver_top20,clean,to_corrupt,v5_qwen35_4b_014,13,23.25,0.8412186503410339,2.0,1.667276382446289,1,1,-0.125,-0.006552934646606445,0.0,-0.04990577697753906,10.178410530090332,-0.16625022888183594,23.375,0.8477715849876404,1,1,0,0,21.375,21.25,16.25,-7.25,19.8125,0.017543859649122806,0,0,0,0
driver_top20,clean,to_corrupt,v5_qwen35_4b_018,17,23.25,0.8412186503410339,2.0,1.667276382446289,1,1,-0.125,-0.006552934646606445,0.0,-0.04990577697753906,10.178410530090332,-0.16625022888183594,23.375,0.8477715849876404,1,1,0,0,21.375,21.25,16.25,-7.25,19.8125,0.017543859649122806,0,0,0,0
driver_top20,clean,to_corrupt,v5_qwen35_4b_020,19,23.25,0.8412186503410339,2.0,1.667276382446289,1,1,-0.125,-0.006552934646606445,0.0,-0.04990577697753906,10.178410530090332,-0.16625022888183594,23.375,0.8477715849876404,1,1,0,0,21.375,21.25,16.25,-7.25,19.8125,0.017543859649122806,0,0,0,0
driver_top20,clean,to_corrupt,v5_qwen35_4b_021,20,23.25,0.8412186503410339,2.0,1.667276382446289,1,1,-0.125,-0.006552934646606445,0.0,-0.04990577697753906,10.178410530090332,-0.16625022888183594,23.375,0.8477715849876404,1,1,0,0,21.375,21.25,16.25,-7.25,19.8125,0.017543859649122806,0,0,0,0
driver_top20,clean,to_corrupt,v5_qwen35_4b_024,23,23.25,0.8412186503410339,2.0,1.667276382446289,1,1,-0.125,-0.006552934646606445,0.0,-0.04990577697753906,10.178410530090332,-0.16625022888183594,23.375,0.8477715849876404,1,1,0,0,21.375,21.25,16.25,-7.25,19.8125,0.017543859649122806,0,0,0,0
driver_top20,clean,to_corrupt,v5_qwen35_4b_025,24,23.375,0.8580134510993958,2.125,1.7988452911376953,1,1,0.0,-0.0020464658737182617,0.0,-0.01689910888671875,10.236799240112305,-0.15269088745117188,23.375,0.860059916973114,1,1,0,0,21.25,21.25,16.5,-7.0,19.9375,-0.0,0,0,0,0
driver_top20,clean,to_corrupt,v5_qwen35_4b_098,97,23.5,0.8799988031387329,2.375,1.9923667907714844,1,1,0.0,0.009562671184539795,0.125,0.08759498596191406,10.763742446899414,-0.15784454345703125,23.5,0.8704361319541931,1,1,0,0,21.25,21.125,16.5,-7.0,20.0,-0.0,0,0,0,0
driver_top20,clean,to_corrupt,v5_qwen35_4b_114,113,23.5,0.8803245425224304,2.375,1.9954566955566406,1,1,0.0,0.009888410568237305,0.125,0.09068489074707031,10.762774467468262,-0.1588125228881836,23.5,0.8704361319541931,1,1,0,0,21.25,21.125,16.75,-6.375,20.125,-0.0,0,0,0,0
driver_top20,clean,to_corrupt,v5_qwen35_4b_128,127,23.5,0.8803245425224304,2.375,1.9954566955566406,1,1,0.0,0.009888410568237305,0.125,0.09068489074707031,10.762774467468262,-0.1588125228881836,23.5,0.8704361319541931,1,1,0,0,21.25,21.125,16.75,-6.375,20.125,-0.0,0,0,0,0
driver_top20,clean,to_corrupt,v5_qwen35_4b_131,130,23.5,0.8803245425224304,2.375,1.9954566955566406,1,1,0.0,0.009888410568237305,0.125,0.09068489074707031,10.762774467468262,-0.1588125228881836,23.5,0.8704361319541931,1,1,0,0,21.25,21.125,16.75,-6.375,20.125,-0.0,0,0,0,0
driver_top20,clean,to_corrupt,v5_qwen35_4b_135,134,23.5,0.8803245425224304,2.375,1.9954566955566406,1,1,0.0,0.009888410568237305,0.125,0.09068489074707031,10.762774467468262,-0.1588125228881836,23.5,0.8704361319541931,1,1,0,0,21.25,21.125,16.75,-6.375,20.125,-0.0,0,0,0,0
driver_top20,clean,to_corrupt,v5_qwen35_4b_136,135,23.5,0.8803245425224304,2.375,1.9954566955566406,1,1,0.0,0.009888410568237305,0.125,0.09068489074707031,10.762774467468262,-0.1588125228881836,23.5,0.8704361319541931,1,1,0,0,21.25,21.125,16.75,-6.375,20.125,-0.0,0,0,0,0
driver_top20,clean,to_corrupt,v5_qwen35_4b_144,143,23.5,0.8803245425224304,2.375,1.9954566955566406,1,1,0.0,0.009888410568237305,0.125,0.09068489074707031,10.762774467468262,-0.1588125228881836,23.5,0.8704361319541931,1,1,0,0,21.25,21.125,16.75,-6.375,20.125,-0.0,0,0,0,0
driver_top20,clean,to_corrupt,v5_qwen35_4b_145,144,23.5,0.8803245425224304,2.375,1.9954566955566406,1,1,0.0,0.009888410568237305,0.125,0.09068489074707031,10.762774467468262,-0.1588125228881836,23.5,0.8704361319541931,1,1,0,0,21.25,21.125,16.75,-6.375,20.125,-0.0,0,0,0,0
driver_top20,clean,to_corrupt,v5_qwen35_4b_160,159,23.25,0.8600978255271912,2.25,1.8160514831542969,1,1,0.0,0.00036406517028808594,0.0,0.0030231475830078125,9.791569709777832,-0.15888500213623047,23.25,0.8597337603569031,1,1,0,0,21.0,21.0,16.5,-7.0,19.875,-0.0,0,0,0,0
driver_top20,clean,to_corrupt,v5_qwen35_4b_164,163,23.25,0.8600978255271912,2.25,1.8160514831542969,1,1,0.0,0.00036406517028808594,0.0,0.0030231475830078125,9.791569709777832,-0.15888500213623047,23.25,0.8597337603569031,1,1,0,0,21.0,21.0,16.5,-7.0,19.875,-0.0,0,0,0,0
driver_top20,clean,to_corrupt,v5_qwen35_4b_169,168,23.25,0.8600978255271912,2.25,1.8160514831542969,1,1,0.0,0.00036406517028808594,0.0,0.0030231475830078125,9.791569709777832,-0.15888500213623047,23.25,0.8597337603569031,1,1,0,0,21.0,21.0,16.5,-7.0,19.875,-0.0,0,0,0,0
driver_top20,clean,to_corrupt,v5_qwen35_4b_174,173,23.25,0.8600978255271912,2.25,1.8160514831542969,1,1,0.0,0.00036406517028808594,0.0,0.0030231475830078125,9.791569709777832,-0.15888500213623047,23.25,0.8597337603569031,1,1,0,0,21.0,21.0,16.5,-7.0,19.875,-0.0,0,0,0,0
driver_top20,clean,to_corrupt,v5_qwen35_4b_187,186,23.25,0.8600978255271912,2.25,1.8160514831542969,1,1,0.0,0.00036406517028808594,0.0,0.0030231475830078125,9.791569709777832,-0.15888500213623047,23.25,0.8597337603569031,1,1,0,0,21.0,21.0,16.5,-7.0,19.875,-0.0,0,0,0,0
driver_top20,clean,to_corrupt,v5_qwen35_4b_188,187,23.25,0.8600978255271912,2.25,1.8160514831542969,1,1,0.0,0.00036406517028808594,0.0,0.0030231475830078125,9.791569709777832,-0.15888500213623047,23.25,0.8597337603569031,1,1,0,0,21.0,21.0,16.5,-7.0,19.875,-0.0,0,0,0,0
driver_top20,clean,to_corrupt,v5_qwen35_4b_213,212,23.25,0.8600663542747498,2.25,1.8157901763916016,1,1,0.0,0.0003325939178466797,0.0,0.0027618408203125,9.80739688873291,-0.14305782318115234,23.25,0.8597337603569031,1,1,0,0,21.0,21.0,18.0,-4.5,20.625,-0.0,0,0,0,0
driver_top20,clean,to_corrupt,v5_qwen35_4b_214,213,23.25,0.8600663542747498,2.25,1.8157901763916016,1,1,0.0,0.0003325939178466797,0.0,0.0027618408203125,9.80739688873291,-0.14305782318115234,23.25,0.8597337603569031,1,1,0,0,21.0,21.0,18.0,-4.5,20.625,-0.0,0,0,0,0
driver_top20,clean,to_corrupt,v5_qwen35_4b_216,215,23.25,0.8600663542747498,2.25,1.8157901763916016,1,1,0.0,0.0003325939178466797,0.0,0.0027618408203125,9.80739688873291,-0.14305782318115234,23.25,0.8597337603569031,1,1,0,0,21.0,21.0,18.0,-4.5,20.625,-0.0,0,0,0,0
driver_top20,clean,to_corrupt,v5_qwen35_4b_222,221,23.25,0.8600663542747498,2.25,1.8157901763916016,1,1,0.0,0.0003325939178466797,0.0,0.0027618408203125,9.80739688873291,-0.14305782318115234,23.25,0.8597337603569031,1,1,0,0,21.0,21.0,18.0,-4.5,20.625,-0.0,0,0,0,0
driver_top20,clean,to_corrupt,v5_qwen35_4b_224,223,23.25,0.8600663542747498,2.25,1.8157901763916016,1,1,0.0,0.0003325939178466797,0.0,0.0027618408203125,9.80739688873291,-0.14305782318115234,23.25,0.8597337603569031,1,1,0,0,21.0,21.0,18.0,-4.5,20.625,-0.0,0,0,0,0
driver_top20,clean,to_corrupt,v5_qwen35_4b_239,238,23.25,0.8566418290138245,2.25,1.7876205444335938,1,1,0.0,0.008274316787719727,0.125,0.065826416015625,9.156375885009766,-0.17770671844482422,23.25,0.8483675122261047,1,1,0,0,21.125,21.0,16.75,-6.375,20.0,-0.0,0,0,0,0
driver_top20,clean,to_corrupt,v5_qwen35_4b_241,240,23.25,0.8566418290138245,2.25,1.7876205444335938,1,1,0.0,0.008274316787719727,0.125,0.065826416015625,9.156375885009766,-0.17770671844482422,23.25,0.8483675122261047,1,1,0,0,21.125,21.0,16.75,-6.375,20.0,-0.0,0,0,0,0
driver_top20,clean,to_corrupt,v5_qwen35_4b_256,255,23.25,0.8565400242805481,2.25,1.7867908477783203,1,1,0.0,0.00817251205444336,0.125,0.06499671936035156,9.170177459716797,-0.16390514373779297,23.25,0.8483675122261047,1,1,0,0,21.125,21.0,18.0,-4.5,20.625,-0.0,0,0,0,0
driver_top20,clean,to_corrupt,v5_qwen35_4b_269,268,23.25,0.8565400242805481,2.25,1.7867908477783203,1,1,0.0,0.00817251205444336,0.125,0.06499671936035156,9.170177459716797,-0.16390514373779297,23.25,0.8483675122261047,1,1,0,0,21.125,21.0,18.0,-4.5,20.625,-0.0,0,0,0,0
driver_top20,clean,to_corrupt,v5_qwen35_4b_276,275,23.25,0.858567476272583,2.25,1.8033866882324219,1,1,0.0,0.012681961059570312,0.125,0.10075950622558594,9.291877746582031,-0.14494895935058594,23.25,0.8458855152130127,1,1,0,0,21.125,21.0,18.0,-4.5,20.625,-0.0,0,0,0,0
driver_top20,clean,to_corrupt,v5_qwen35_4b_277,276,23.25,0.858567476272583,2.25,1.8033866882324219,1,1,0.0,0.012681961059570312,0.125,0.10075950622558594,9.291877746582031,-0.14494895935058594,23.25,0.8458855152130127,1,1,0,0,21.125,21.0,18.0,-4.5,20.625,-0.0,0,0,0,0
driver_top20,clean,to_corrupt,v5_qwen35_4b_280,279,23.25,0.858567476272583,2.25,1.8033866882324219,1,1,0.0,0.012681961059570312,0.125,0.10075950622558594,9.291877746582031,-0.14494895935058594,23.25,0.8458855152130127,1,1,0,0,21.125,21.0,18.0,-4.5,20.625,-0.0,0,0,0,0
driver_top20,clean,to_corrupt,v5_qwen35_4b_284,283,23.25,0.858567476272583,2.25,1.8033866882324219,1,1,0.0,0.012681961059570312,0.125,0.10075950622558594,9.291877746582031,-0.14494895935058594,23.25,0.8458855152130127,1,1,0,0,21.125,21.0,18.0,-4.5,20.625,-0.0,0,0,0,0
driver_top20,clean,to_corrupt,v5_qwen35_4b_288,287,23.25,0.858567476272583,2.25,1.8033866882324219,1,1,0.0,0.012681961059570312,0.125,0.10075950622558594,9.291877746582031,-0.14494895935058594,23.25,0.8458855152130127,1,1,0,0,21.125,21.0,18.0,-4.5,20.625,-0.0,0,0,0,0
driver_top20,clean,to_corrupt,v5_qwen35_4b_292,291,23.25,0.858567476272583,2.25,1.8033866882324219,1,1,0.0,0.012681961059570312,0.125,0.10075950622558594,9.291877746582031,-0.14494895935058594,23.25,0.8458855152130127,1,1,0,0,21.125,21.0,18.0,-4.5,20.625,-0.0,0,0,0,0
driver_top20,clean,to_corrupt,v5_qwen35_4b_294,293,23.25,0.858567476272583,2.25,1.8033866882324219,1,1,0.0,0.012681961059570312,0.125,0.10075950622558594,9.291877746582031,-0.14494895935058594,23.25,0.8458855152130127,1,1,0,0,21.125,21.0,18.0,-4.5,20.625,-0.0,0,0,0,0
driver_top20,clean,to_corrupt,v5_qwen35_4b_002,1,23.25,0.8436480760574341,2.0,1.685577392578125,1,1,0.0,0.01296544075012207,0.125,0.09514999389648438,10.287399291992188,-0.15683555603027344,23.25,0.830682635307312,1,1,0,0,21.375,21.25,16.125,-7.25,19.6875,-0.0,0,0,0,0
driver_top20,clean,to_corrupt,v5_qwen35_4b_012,11,23.25,0.8448513150215149,2.0,1.6947269439697266,1,1,0.0,0.00015306472778320312,0.0,0.0011653900146484375,10.283548355102539,-0.16161346435546875,23.25,0.8446982502937317,1,1,0,0,21.25,21.25,16.25,-7.125,19.75,-0.0,0,0,0,0
driver_top20,clean,to_corrupt,v5_qwen35_4b_015,14,23.25,0.8448513150215149,2.0,1.6947269439697266,1,1,0.0,0.00015306472778320312,0.0,0.0011653900146484375,10.283548355102539,-0.16161346435546875,23.25,0.8446982502937317,1,1,0,0,21.25,21.25,16.25,-7.125,19.75,-0.0,0,0,0,0
driver_top20,clean,to_corrupt,v5_qwen35_4b_037,36,23.25,0.844689130783081,2.0,1.693490982055664,1,1,0.0,-9.119510650634766e-06,0.0,-7.05718994140625e-05,10.28121280670166,-0.16394901275634766,23.25,0.8446982502937317,1,1,0,0,21.25,21.25,16.75,-6.375,20.0,-0.0,0,0,0,0
driver_top20,clean,to_corrupt,v5_qwen35_4b_042,41,23.25,0.844689130783081,2.0,1.693490982055664,1,1,0.0,-9.119510650634766e-06,0.0,-7.05718994140625e-05,10.28121280670166,-0.16394901275634766,23.25,0.8446982502937317,1,1,0,0,21.25,21.25,16.75,-6.375,20.0,-0.0,0,0,0,0
driver_top20,clean,to_corrupt,v5_qwen35_4b_044,43,23.25,0.844689130783081,2.0,1.693490982055664,1,1,0.0,-9.119510650634766e-06,0.0,-7.05718994140625e-05,10.28121280670166,-0.16394901275634766,23.25,0.8446982502937317,1,1,0,0,21.25,21.25,16.75,-6.375,20.0,-0.0,0,0,0,0
driver_top20,clean,to_corrupt,v5_qwen35_4b_115,114,23.625,0.892149031162262,2.5,2.1128292083740234,1,1,0.0,0.009097695350646973,0.125,0.09123039245605469,10.846593856811523,-0.15137100219726562,23.625,0.883051335811615,1,1,0,0,21.25,21.125,16.75,-6.375,20.1875,-0.0,0,0,0,0
driver_top20,clean,to_corrupt,v5_qwen35_4b_126,125,23.625,0.892149031162262,2.5,2.1128292083740234,1,1,0.0,0.009097695350646973,0.125,0.09123039245605469,10.846593856811523,-0.15137100219726562,23.625,0.883051335811615,1,1,0,0,21.25,21.125,16.75,-6.375,20.1875,-0.0,0,0,0,0
driver_top20,clean,to_corrupt,v5_qwen35_4b_127,126,23.625,0.892149031162262,2.5,2.1128292083740234,1,1,0.0,0.009097695350646973,0.125,0.09123039245605469,10.846593856811523,-0.15137100219726562,23.625,0.883051335811615,1,1,0,0,21.25,21.125,16.75,-6.375,20.1875,-0.0,0,0,0,0
driver_top20,clean,to_corrupt,v5_qwen35_4b_134,133,23.625,0.892149031162262,2.5,2.1128292083740234,1,1,0.0,0.009097695350646973,0.125,0.09123039245605469,10.846593856811523,-0.15137100219726562,23.625,0.883051335811615,1,1,0,0,21.25,21.125,16.75,-6.375,20.1875,-0.0,0,0,0,0
driver_top20,clean,to_corrupt,v5_qwen35_4b_140,139,23.625,0.892149031162262,2.5,2.1128292083740234,1,1,0.0,0.009097695350646973,0.125,0.09123039245605469,10.846593856811523,-0.15137100219726562,23.625,0.883051335811615,1,1,0,0,21.25,21.125,16.75,-6.375,20.1875,-0.0,0,0,0,0
driver_top20,clean,to_corrupt,v5_qwen35_4b_142,141,23.625,0.892149031162262,2.5,2.1128292083740234,1,1,0.0,0.009097695350646973,0.125,0.09123039245605469,10.846593856811523,-0.15137100219726562,23.625,0.883051335811615,1,1,0,0,21.25,21.125,16.75,-6.375,20.1875,-0.0,0,0,0,0
driver_top20,clean,to_corrupt,v5_qwen35_4b_146,145,23.625,0.892149031162262,2.5,2.1128292083740234,1,1,0.0,0.009097695350646973,0.125,0.09123039245605469,10.846593856811523,-0.15137100219726562,23.625,0.883051335811615,1,1,0,0,21.25,21.125,16.75,-6.375,20.1875,-0.0,0,0,0,0
driver_top20,clean,to_corrupt,v5_qwen35_4b_150,149,23.625,0.892149031162262,2.5,2.1128292083740234,1,1,0.0,0.009097695350646973,0.125,0.09123039245605469,10.846593856811523,-0.15137100219726562,23.625,0.883051335811615,1,1,0,0,21.25,21.125,16.75,-6.375,20.1875,-0.0,0,0,0,0
driver_top20,clean,to_corrupt,v5_qwen35_4b_168,167,23.25,0.8586847186088562,2.25,1.8043594360351562,1,1,0.0,0.008192062377929688,0.125,0.065948486328125,9.680347442626953,-0.15678119659423828,23.25,0.8504926562309265,1,1,0,0,21.125,21.0,16.25,-7.125,19.75,-0.0,0,0,0,0
driver_top20,clean,to_corrupt,v5_qwen35_4b_179,178,23.25,0.8586847186088562,2.25,1.8043594360351562,1,1,0.0,0.008192062377929688,0.125,0.065948486328125,9.680347442626953,-0.15678119659423828,23.25,0.8504926562309265,1,1,0,0,21.125,21.0,16.25,-7.125,19.75,-0.0,0,0,0,0
driver_top20,clean,to_corrupt,v5_qwen35_4b_183,182,23.25,0.8586847186088562,2.25,1.8043594360351562,1,1,0.0,0.008192062377929688,0.125,0.065948486328125,9.680347442626953,-0.15678119659423828,23.25,0.8504926562309265,1,1,0,0,21.125,21.0,16.25,-7.125,19.75,-0.0,0,0,0,0
driver_top20,clean,to_corrupt,v5_qwen35_4b_185,184,23.25,0.8586847186088562,2.25,1.8043594360351562,1,1,0.0,0.008192062377929688,0.125,0.065948486328125,9.680347442626953,-0.15678119659423828,23.25,0.8504926562309265,1,1,0,0,21.125,21.0,16.25,-7.125,19.75,-0.0,0,0,0,0
driver_top20,clean,to_corrupt,v5_qwen35_4b_186,185,23.25,0.8586847186088562,2.25,1.8043594360351562,1,1,0.0,0.008192062377929688,0.125,0.065948486328125,9.680347442626953,-0.15678119659423828,23.25,0.8504926562309265,1,1,0,0,21.125,21.0,16.25,-7.125,19.75,-0.0,0,0,0,0
driver_top20,clean,to_corrupt,v5_qwen35_4b_242,241,23.125,0.8406757116317749,2.125,1.6632041931152344,1,1,0.0,0.011536240577697754,0.125,0.08372116088867188,9.01014232635498,-0.16457843780517578,23.125,0.8291394710540771,1,1,0,0,21.125,21.0,16.75,-6.375,19.9375,-0.0,0,0,0,0
driver_top20,clean,to_corrupt,v5_qwen35_4b_249,248,23.125,0.8406757116317749,2.125,1.6632041931152344,1,1,0.0,0.011536240577697754,0.125,0.08372116088867188,9.01014232635498,-0.16457843780517578,23.125,0.8291394710540771,1,1,0,0,21.125,21.0,16.75,-6.375,19.9375,-0.0,0,0,0,0
driver_top20,clean,to_corrupt,v5_qwen35_4b_282,281,23.125,0.8408613204956055,2.125,1.6645889282226562,1,1,0.0,0.01172184944152832,0.125,0.08510589599609375,9.010821342468262,-0.16389942169189453,23.125,0.8291394710540771,1,1,0,0,21.125,21.0,17.875,-4.75,20.5,-0.0,0,0,0,0
driver_top20,clean,to_corrupt,v5_qwen35_4b_286,285,23.125,0.8408613204956055,2.125,1.6645889282226562,1,1,0.0,0.01172184944152832,0.125,0.08510589599609375,9.010821342468262,-0.16389942169189453,23.125,0.8291394710540771,1,1,0,0,21.125,21.0,17.875,-4.75,20.5,-0.0,0,0,0,0
driver_top20,clean,to_corrupt,v5_qwen35_4b_295,294,23.125,0.8408613204956055,2.125,1.6645889282226562,1,1,0.0,0.01172184944152832,0.125,0.08510589599609375,9.010821342468262,-0.16389942169189453,23.125,0.8291394710540771,1,1,0,0,21.125,21.0,17.875,-4.75,20.5,-0.0,0,0,0,0
driver_top20,clean,to_corrupt,v5_qwen35_4b_299,298,23.125,0.8408613204956055,2.125,1.6645889282226562,1,1,0.0,0.01172184944152832,0.125,0.08510589599609375,9.010821342468262,-0.16389942169189453,23.125,0.8291394710540771,1,1,0,0,21.125,21.0,17.875,-4.75,20.5,-0.0,0,0,0,0
driver_top20,clean,to_corrupt,v5_qwen35_4b_008,7,21.625,0.6975877285003662,1.375,0.8357734680175781,1,1,0.0,-0.000774681568145752,0.0,-0.003673553466796875,6.880760192871094,-0.17106342315673828,21.625,0.698362410068512,1,1,0,0,20.25,20.25,14.5,-7.625,18.0625,-0.0,0,0,0,0
driver_top20,clean,to_corrupt,v5_qwen35_4b_122,121,22.625,0.8379326462745667,2.125,1.6428508758544922,1,1,0.0,-0.0017213821411132812,0.0,-0.012737274169921875,8.755080223083496,-0.14914703369140625,22.625,0.8396540284156799,1,1,0,0,20.5,20.5,15.0,-7.25,18.8125,-0.0,0,0,0,0
driver_top20,clean,to_corrupt,v5_qwen35_4b_158,157,22.5,0.8201082944869995,2.0,1.517007827758789,1,1,0.0,0.0010638833045959473,0.0,0.00719451904296875,6.724625587463379,-0.1237034797668457,22.5,0.8190444111824036,1,1,0,0,20.5,20.5,14.5625,-7.6875,18.53125,-0.0,0,0,0,0
driver_top20,clean,to_corrupt,v5_qwen35_4b_265,264,22.0,0.6947036385536194,1.25,0.8221435546875,1,1,0.0,0.00528484582901001,0.0,0.024806976318359375,5.767035484313965,-0.14885568618774414,22.0,0.6894187927246094,1,1,0,0,20.75,20.75,16.875,-5.125,19.4375,-0.0,0,0,0,0
driver_top20,clean,to_corrupt,v5_qwen35_4b_003,2,22.375,0.8016626834869385,1.875,1.3966560363769531,1,1,-0.125,-0.017369091510772705,-0.125,-0.11307716369628906,9.154048919677734,-0.15219688415527344,22.5,0.8190317749977112,1,1,0,0,20.5,20.5,15.5625,-7.0625,19.03125,0.018018018018018018,0,0,0,0
driver_top20,clean,to_corrupt,v5_qwen35_4b_011,10,22.25,0.8087678551673889,2.0,1.44195556640625,1,1,0.0,0.0013869404792785645,0.0,0.008947372436523438,8.641374588012695,-0.1510763168334961,22.25,0.8073809146881104,1,1,0,0,20.25,20.25,15.5625,-7.1875,18.90625,-0.0,0,0,0,0
driver_top20,clean,to_corrupt,v5_qwen35_4b_033,32,22.25,0.8083586692810059,2.0,1.4393119812011719,1,1,0.0,0.0009777545928955078,0.0,0.0063037872314453125,8.638832092285156,-0.15361881256103516,22.25,0.8073809146881104,1,1,0,0,20.25,20.25,16.25,-6.125,19.25,-0.0,0,0,0,0
driver_top20,clean,to_corrupt,v5_qwen35_4b_048,47,22.25,0.8083586692810059,2.0,1.4393119812011719,1,1,0.0,0.0009777545928955078,0.0,0.0063037872314453125,8.638832092285156,-0.15361881256103516,22.25,0.8073809146881104,1,1,0,0,20.25,20.25,16.25,-6.125,19.25,-0.0,0,0,0,0
driver_top20,clean,to_corrupt,v5_qwen35_4b_070,69,22.125,0.7878324389457703,1.875,1.3118419647216797,1,1,-0.125,-0.0027351975440979004,0.0,-0.016443252563476562,8.669435501098633,-0.1583099365234375,22.25,0.7905676364898682,1,1,0,0,20.375,20.25,17.5,-4.375,19.875,0.02631578947368421,0,0,0,0
driver_top20,clean,to_corrupt,v5_qwen35_4b_124,123,22.5,0.8307307958602905,2.125,1.5907440185546875,1,1,-0.125,-0.0031584501266479492,0.0,-0.0226287841796875,9.280961036682129,-0.1481151580810547,22.625,0.8338892459869385,1,1,0,0,20.5,20.375,16.375,-5.875,19.5,0.02,0,0,0,0
driver_top20,clean,to_corrupt,v5_qwen35_4b_125,124,22.625,0.8374245166778564,2.125,1.6391143798828125,1,1,0.0,0.000958859920501709,0.0,0.00702667236328125,9.45687198638916,-0.14282798767089844,22.625,0.8364656567573547,1,1,0,0,20.5,20.5,16.375,-6.0,19.5,-0.0,0,0,0,0
driver_top20,clean,to_corrupt,v5_qwen35_4b_139,138,22.625,0.8374245166778564,2.125,1.6391143798828125,1,1,0.0,0.000958859920501709,0.0,0.00702667236328125,9.45687198638916,-0.14282798767089844,22.625,0.8364656567573547,1,1,0,0,20.5,20.5,16.375,-6.0,19.5,-0.0,0,0,0,0
driver_top20,clean,to_corrupt,v5_qwen35_4b_203,202,22.625,0.8392583727836609,2.25,1.6526546478271484,1,1,0.0,0.010300159454345703,0.125,0.07446670532226562,7.935858249664307,-0.13571691513061523,22.625,0.8289582133293152,1,1,0,0,20.5,20.375,17.625,-4.25,20.125,-0.0,0,0,0,0
driver_top20,clean,to_corrupt,v5_qwen35_4b_206,205,22.375,0.8048771023750305,2.0,1.4169921875,1,1,0.0,0.0012000799179077148,0.0,0.007625579833984375,7.758022785186768,-0.13321208953857422,22.375,0.8036770224571228,1,1,0,0,20.375,20.375,17.5,-4.375,19.9375,-0.0,0,0,0,0
driver_top20,clean,to_corrupt,v5_qwen35_4b_212,211,22.625,0.8392583727836609,2.25,1.6526546478271484,1,1,0.0,0.010300159454345703,0.125,0.07446670532226562,7.935858249664307,-0.13571691513061523,22.625,0.8289582133293152,1,1,0,0,20.5,20.375,17.625,-4.25,20.125,-0.0,0,0,0,0
driver_top20,clean,to_corrupt,v5_qwen35_4b_228,227,21.75,0.6764127612113953,1.375,0.7372608184814453,1,1,0.0,0.016713619232177734,0.125,0.07537841796875,6.431354522705078,-0.12418937683105469,21.75,0.6596991419792175,1,1,0,0,20.5,20.375,16.375,-5.875,19.0625,-0.0,0,0,0,0
driver_top20,clean,to_corrupt,v5_qwen35_4b_230,229,21.75,0.6764127612113953,1.375,0.7372608184814453,1,1,0.0,0.016713619232177734,0.125,0.07537841796875,6.431354522705078,-0.12418937683105469,21.75,0.6596991419792175,1,1,0,0,20.5,20.375,16.375,-5.875,19.0625,-0.0,0,0,0,0
driver_top20,clean,to_corrupt,v5_qwen35_4b_231,230,21.75,0.6764127612113953,1.375,0.7372608184814453,1,1,0.0,0.016713619232177734,0.125,0.07537841796875,6.431354522705078,-0.12418937683105469,21.75,0.6596991419792175,1,1,0,0,20.5,20.375,16.375,-5.875,19.0625,-0.0,0,0,0,0
driver_top20,clean,to_corrupt,v5_qwen35_4b_236,235,21.75,0.6764127612113953,1.375,0.7372608184814453,1,1,0.0,0.016713619232177734,0.125,0.07537841796875,6.431354522705078,-0.12418937683105469,21.75,0.6596991419792175,1,1,0,0,20.5,20.375,16.375,-5.875,19.0625,-0.0,0,0,0,0
driver_top20,clean,to_corrupt,v5_qwen35_4b_237,236,21.75,0.6764127612113953,1.375,0.7372608184814453,1,1,0.0,0.016713619232177734,0.125,0.07537841796875,6.431354522705078,-0.12418937683105469,21.75,0.6596991419792175,1,1,0,0,20.5,20.375,16.375,-5.875,19.0625,-0.0,0,0,0,0
driver_top20,clean,to_corrupt,v5_qwen35_4b_238,237,21.875,0.6883116364479065,1.375,0.7921638488769531,1,1,0.0,0.0020514726638793945,0.0,0.009546279907226562,7.00479793548584,-0.14491748809814453,21.875,0.6862601637840271,1,1,0,0,20.5,20.5,16.375,-6.0,19.125,-0.0,0,0,0,0
driver_top20,clean,to_corrupt,v5_qwen35_4b_247,246,21.75,0.6764127612113953,1.375,0.7372608184814453,1,1,0.0,0.016713619232177734,0.125,0.07537841796875,6.431354522705078,-0.12418937683105469,21.75,0.6596991419792175,1,1,0,0,20.5,20.375,16.375,-5.875,19.0625,-0.0,0,0,0,0
driver_top20,clean,to_corrupt,v5_qwen35_4b_257,256,21.75,0.6765996217727661,1.375,0.7381153106689453,1,1,0.0,0.016900479793548584,0.125,0.07623291015625,6.4380269050598145,-0.11751699447631836,21.75,0.6596991419792175,1,1,0,0,20.5,20.375,17.5,-4.375,19.625,-0.0,0,0,0,0
driver_top20,clean,to_corrupt,v5_qwen35_4b_291,290,21.75,0.6765996217727661,1.375,0.7381153106689453,1,1,0.0,0.016900479793548584,0.125,0.07623291015625,6.4380269050598145,-0.11751699447631836,21.75,0.6596991419792175,1,1,0,0,20.5,20.375,17.5,-4.375,19.625,-0.0,0,0,0,0
driver_top20,clean,to_corrupt,v5_qwen35_4b_005,4,22.25,0.8094257712364197,2.0,1.4462089538574219,1,1,0.0,0.012592673301696777,0.125,0.07966041564941406,8.741808891296387,-0.1459207534790039,22.25,0.7968330979347229,1,1,0,0,20.375,20.25,15.5,-7.0,18.875,-0.0,0,0,0,0
driver_top20,clean,to_corrupt,v5_qwen35_4b_013,12,22.125,0.7866913676261902,1.875,1.3050289154052734,1,1,0.0,0.001809239387512207,0.0,0.01074981689453125,8.722516059875488,-0.1611318588256836,22.125,0.784882128238678,1,1,0,0,20.25,20.25,15.5625,-7.0625,18.84375,-0.0,0,0,0,0
driver_top20,clean,to_corrupt,v5_qwen35_4b_026,25,22.125,0.786474883556366,1.875,1.3037395477294922,1,1,0.0,0.0015927553176879883,0.0,0.00946044921875,8.707151412963867,-0.1764965057373047,22.125,0.784882128238678,1,1,0,0,20.25,20.25,16.375,-5.875,19.25,-0.0,0,0,0,0
driver_top20,clean,to_corrupt,v5_qwen35_4b_041,40,22.25,0.8101489543914795,2.0,1.450906753540039,1,1,0.0,0.013315856456756592,0.125,0.08435821533203125,8.733393669128418,-0.15433597564697266,22.25,0.7968330979347229,1,1,0,0,20.375,20.25,16.375,-5.875,19.3125,-0.0,0,0,0,0
driver_top20,clean,to_corrupt,v5_qwen35_4b_045,44,22.25,0.8101489543914795,2.0,1.450906753540039,1,1,0.0,0.013315856456756592,0.125,0.08435821533203125,8.733393669128418,-0.15433597564697266,22.25,0.7968330979347229,1,1,0,0,20.375,20.25,16.375,-5.875,19.3125,-0.0,0,0,0,0
driver_top20,clean,to_corrupt,v5_qwen35_4b_049,48,22.125,0.786474883556366,1.875,1.3037395477294922,1,1,0.0,0.0015927553176879883,0.0,0.00946044921875,8.707151412963867,-0.1764965057373047,22.125,0.784882128238678,1,1,0,0,20.25,20.25,16.375,-5.875,19.25,-0.0,0,0,0,0
driver_top20,clean,to_corrupt,v5_qwen35_4b_117,116,22.5,0.8308517336845398,2.125,1.5916023254394531,1,1,-0.125,-0.016128718852996826,-0.125,-0.11944389343261719,9.306303977966309,-0.15669727325439453,22.625,0.8469804525375366,1,1,0,0,20.375,20.375,16.375,-5.875,19.5,0.02,0,0,0,0
driver_top20,clean,to_corrupt,v5_qwen35_4b_137,136,22.5,0.8308517336845398,2.125,1.5916023254394531,1,1,-0.125,-0.016128718852996826,-0.125,-0.11944389343261719,9.306303977966309,-0.15669727325439453,22.625,0.8469804525375366,1,1,0,0,20.375,20.375,16.375,-5.875,19.5,0.02,0,0,0,0
driver_top20,clean,to_corrupt,v5_qwen35_4b_141,140,22.5,0.8333480358123779,2.125,1.6094703674316406,1,1,-0.125,-0.015876471996307373,-0.125,-0.1190032958984375,9.12231159210205,-0.15506267547607422,22.625,0.8492245078086853,1,1,0,0,20.375,20.375,16.375,-5.875,19.5,0.02,0,0,0,0
driver_top20,clean,to_corrupt,v5_qwen35_4b_157,156,22.5,0.8367037177085876,2.25,1.6338367462158203,1,1,-0.125,-0.0057877302169799805,0.0,-0.042980194091796875,7.922366142272949,-0.1453418731689453,22.625,0.8424914479255676,1,1,0,0,20.375,20.25,15.5625,-7.0625,19.09375,0.017699115044247787,0,0,0,0
driver_top20,clean,to_corrupt,v5_qwen35_4b_227,226,21.875,0.7072242498397827,1.5,0.8818702697753906,1,1,0.0,0.02112370729446411,0.125,0.09999465942382812,6.678280830383301,-0.13083887100219727,21.875,0.6861005425453186,1,1,0,0,20.5,20.375,16.375,-5.875,19.125,-0.0,0,0,0,0
driver_top20,clean,to_corrupt,v5_qwen35_4b_233,232,21.625,0.6590917706489563,1.25,0.6591758728027344,1,1,-0.125,-0.02257460355758667,-0.125,-0.10218620300292969,6.50320291519165,-0.1398468017578125,21.75,0.681666374206543,1,1,0,0,20.375,20.375,16.375,-5.875,19.0625,0.023255813953488372,0,0,0,0
driver_top20,clean,to_corrupt,v5_qwen35_4b_235,234,21.875,0.7072242498397827,1.5,0.8818702697753906,1,1,0.0,0.02112370729446411,0.125,0.09999465942382812,6.678280830383301,-0.13083887100219727,21.875,0.6861005425453186,1,1,0,0,20.5,20.375,16.375,-5.875,19.125,-0.0,0,0,0,0
driver_top20,clean,to_corrupt,v5_qwen35_4b_248,247,21.875,0.7072242498397827,1.5,0.8818702697753906,1,1,0.0,0.02112370729446411,0.125,0.09999465942382812,6.678280830383301,-0.13083887100219727,21.875,0.6861005425453186,1,1,0,0,20.5,20.375,16.375,-5.875,19.125,-0.0,0,0,0,0
driver_top20,clean,to_corrupt,v5_qwen35_4b_250,249,21.875,0.7072242498397827,1.5,0.8818702697753906,1,1,0.0,0.02112370729446411,0.125,0.09999465942382812,6.678280830383301,-0.13083887100219727,21.875,0.6861005425453186,1,1,0,0,20.5,20.375,16.375,-5.875,19.125,-0.0,0,0,0,0
driver_top20,clean,to_corrupt,v5_qwen35_4b_261,260,21.625,0.6593867540359497,1.25,0.6604900360107422,1,1,-0.125,-0.02227962017059326,-0.125,-0.10087203979492188,6.507546424865723,-0.13550329208374023,21.75,0.681666374206543,1,1,0,0,20.375,20.375,17.625,-4.125,19.6875,0.030303030303030304,0,0,0,0
driver_top20,clean,to_corrupt,v5_qwen35_4b_274,273,21.75,0.6750039458274841,1.375,0.7308311462402344,1,1,-0.125,-0.010938167572021484,0.0,-0.050312042236328125,6.625563144683838,-0.11993598937988281,21.875,0.6859421133995056,1,1,0,0,20.5,20.375,17.5,-4.5,19.6875,0.02857142857142857,0,0,0,0
driver_top20,clean,to_corrupt,v5_qwen35_4b_298,297,21.75,0.6792516112327576,1.375,0.7502574920654297,1,1,-0.125,-0.007412075996398926,0.0,-0.03423118591308594,6.696037769317627,-0.12861108779907227,21.875,0.6866636872291565,1,1,0,0,20.5,20.375,17.5,-4.375,19.6875,0.02857142857142857,0,0,0,0
driver_top20,clean,to_corrupt,v5_qwen35_4b_202,201,23.25,0.574304461479187,0.5,0.2994041442871094,1,1,-0.125,-0.0047460198402404785,0.0,-0.019441604614257812,6.665031433105469,-0.09958648681640625,23.375,0.5790504813194275,1,1,0,0,22.875,22.75,20.375,-1.875,21.875,0.041666666666666664,0,0,0,0
driver_top20,clean,to_corrupt,v5_qwen35_4b_221,220,24.625,0.5808229446411133,0.375,0.3261432647705078,1,1,0.0,0.02952396869659424,0.125,0.12023162841796875,7.3401780128479,-0.04813385009765625,24.625,0.551298975944519,1,1,0,0,24.375,24.25,19.5,-2.875,22.0625,-0.0,0,0,0,0
driver_top20,clean,to_corrupt,v5_qwen35_4b_051,50,23.625,0.524500846862793,0.25,0.09806251525878906,1,1,0.0,1.043081283569336e-05,0.0,4.1961669921875e-05,7.102342128753662,-0.10001420974731445,23.625,0.5244904160499573,1,1,0,0,23.375,23.375,19.125,-2.75,21.375,-0.0,0,0,0,0
driver_top20,clean,to_corrupt,v5_qwen35_4b_278,277,23.375,0.5650777220726013,0.5,0.2617664337158203,1,1,0.0,-0.0007458329200744629,0.0,-0.0030345916748046875,6.7924346923828125,-0.08142948150634766,23.375,0.5658235549926758,1,1,0,0,22.875,22.875,19.375,-2.5,21.375,-0.0,0,0,0,0
driver_top20,clean,to_corrupt,v5_qwen35_4b_062,61,23.75,0.5504117608070374,0.375,0.2023143768310547,1,1,0.0,0.00022083520889282227,0.0,0.00089263916015625,7.245922088623047,-0.11007928848266602,23.75,0.5501909255981445,1,1,0,0,23.375,23.375,19.5,-2.625,21.625,-0.0,0,0,0,0
driver_top20,clean,to_corrupt,v5_qwen35_4b_068,67,23.75,0.5504117608070374,0.375,0.2023143768310547,1,1,0.0,0.00022083520889282227,0.0,0.00089263916015625,7.245922088623047,-0.11007928848266602,23.75,0.5501909255981445,1,1,0,0,23.375,23.375,19.5,-2.625,21.625,-0.0,0,0,0,0
driver_top20,clean,to_corrupt,v5_qwen35_4b_209,208,23.625,0.5221763253211975,0.25,0.08874320983886719,1,1,0.0,0.02700945734977722,0.125,0.10809516906738281,6.978983402252197,-0.0987386703491211,23.625,0.4951668679714203,1,1,0,0,23.5,23.375,19.5,-2.625,21.5625,-0.0,0,0,0,0
driver_top20,clean,to_corrupt,v5_qwen35_4b_220,219,23.625,0.5221763253211975,0.25,0.08874320983886719,1,1,0.0,0.02700945734977722,0.125,0.10809516906738281,6.978983402252197,-0.0987386703491211,23.625,0.4951668679714203,1,1,0,0,23.5,23.375,19.5,-2.625,21.5625,-0.0,0,0,0,0
driver_top20,clean,to_corrupt,v5_qwen35_4b_225,224,23.625,0.5221763253211975,0.25,0.08874320983886719,1,1,0.0,0.02700945734977722,0.125,0.10809516906738281,6.978983402252197,-0.0987386703491211,23.625,0.4951668679714203,1,1,0,0,23.5,23.375,19.5,-2.625,21.5625,-0.0,0,0,0,0
driver_top20,clean,to_corrupt,v5_qwen35_4b_300,299,23.25,0.5394458174705505,0.375,0.15808486938476562,1,1,-0.125,-0.03015834093093872,-0.125,-0.12212181091308594,6.8550896644592285,-0.09181976318359375,23.375,0.5696041584014893,1,1,0,0,22.875,22.875,19.625,-2.5,21.5,0.03333333333333333,0,0,0,0
driver_top20,clean,to_corrupt,v5_qwen35_4b_293,292,24.75,0.9469303488731384,3.625,2.881561279296875,1,1,0.0,0.0034331679344177246,0.125,0.06632041931152344,6.608863353729248,-0.10856485366821289,24.75,0.9434971809387207,1,1,0,0,21.25,21.125,19.375,-3.0,22.0625,-0.0,0,0,0,0
driver_top20,clean,to_corrupt,v5_qwen35_4b_066,65,23.625,0.542512834072113,0.375,0.170440673828125,1,1,-0.125,-0.030604958534240723,-0.125,-0.12411880493164062,6.983383655548096,-0.11272668838500977,23.75,0.5731177926063538,1,1,0,0,23.25,23.25,19.375,-2.625,21.5625,0.02857142857142857,0,0,0,0
driver_top20,clean,to_corrupt,v5_qwen35_4b_197,196,23.375,0.5053660869598389,0.25,0.021442413330078125,1,1,0.0,0.0257856547832489,0.125,0.10318756103515625,6.477960586547852,-0.0799856185913086,23.375,0.47958043217658997,1,1,0,0,23.25,23.125,19.375,-2.375,21.375,-0.0,0,0,0,0
driver_top20,clean,to_corrupt,v5_qwen35_4b_074,73,24.125,0.6401735544204712,0.75,0.5760974884033203,1,1,0.0,0.02603989839553833,0.125,0.11139678955078125,7.414111614227295,-0.10617971420288086,24.125,0.6141336560249329,1,1,0,0,23.5,23.375,19.625,-2.625,21.875,-0.0,0,0,0,0
driver_top20,clean,to_corrupt,v5_qwen35_4b_189,188,23.375,0.5368146896362305,0.375,0.14749717712402344,1,1,0.0,0.026615560054779053,0.125,0.10672187805175781,6.287940502166748,-0.07392024993896484,23.375,0.5101991295814514,1,1,0,0,23.125,23.0,19.125,-3.375,21.25,-0.0,0,0,0,0
driver_top20,clean,to_corrupt,v5_qwen35_4b_223,222,23.75,0.5483643412590027,0.375,0.1940441131591797,1,1,0.0,0.026826083660125732,0.125,0.10785675048828125,7.037946701049805,-0.07962274551391602,23.75,0.521538257598877,1,1,0,0,23.5,23.375,19.625,-2.375,21.6875,-0.0,0,0,0,0
driver_top20,clean,to_corrupt,v5_qwen35_4b_266,265,23.5,0.6004641056060791,0.625,0.40736961364746094,1,1,-0.125,-0.028782129287719727,-0.125,-0.12158966064453125,7.0405402183532715,-0.08152627944946289,23.625,0.6292462348937988,1,1,0,0,22.875,22.875,19.5,-2.375,21.5625,0.030303030303030304,0,0,0,0
driver_top20,clean,to_corrupt,v5_qwen35_4b_287,286,23.125,0.5256224274635315,0.375,0.10255050659179688,1,1,0.0,0.0247461199760437,0.125,0.09907150268554688,6.8199992179870605,-0.09353160858154297,23.125,0.5008763074874878,1,1,0,0,22.875,22.75,19.625,-2.375,21.375,-0.0,0,0,0,0
driver_top20,clean,to_corrupt,v5_qwen35_4b_058,57,23.5,0.5242292881011963,0.25,0.09697341918945312,1,1,0.0,0.0011882781982421875,0.0,0.004764556884765625,6.945682525634766,-0.1161341667175293,23.5,0.5230410099029541,1,1,0,0,23.25,23.25,19.625,-2.875,21.5625,-0.0,0,0,0,0
driver_top20,clean,to_corrupt,v5_qwen35_4b_060,59,23.875,0.581353485584259,0.5,0.3283100128173828,1,1,-0.125,-0.003002345561981201,0.0,-0.01235198974609375,7.460841655731201,-0.11241722106933594,24.0,0.5843558311462402,1,1,0,0,23.5,23.375,19.5,-2.5,21.75,0.027777777777777776,0,0,0,0
driver_top20,clean,to_corrupt,v5_qwen35_4b_201,200,23.625,0.5131329298019409,0.25,0.052524566650390625,1,1,0.0,0.0007117986679077148,0.0,0.002849578857421875,6.924366474151611,-0.09738016128540039,23.625,0.5124211311340332,1,1,0,0,23.375,23.375,19.625,-2.5,21.625,-0.0,0,0,0,0
driver_top20,clean,to_corrupt,v5_qwen35_4b_217,216,23.75,0.5791316032409668,0.5,0.3191852569580078,1,1,0.0,0.026511311531066895,0.125,0.10794258117675781,6.837524890899658,-0.0920109748840332,23.75,0.5526202917098999,1,1,0,0,23.375,23.25,19.5,-2.625,21.625,-0.0,0,0,0,0
driver_top20,clean,to_corrupt,v5_qwen35_4b_218,217,23.625,0.5425726771354675,0.375,0.1706829071044922,1,1,0.0,0.02584052085876465,0.125,0.10374832153320312,6.8602800369262695,-0.10169601440429688,23.625,0.5167321562767029,1,1,0,0,23.375,23.25,19.625,-2.625,21.625,-0.0,0,0,0,0
driver_top20,clean,to_corrupt,v5_qwen35_4b_275,274,23.25,0.5547725558280945,0.5,0.2199420928955078,1,1,0.0,0.025439977645874023,0.125,0.10250473022460938,6.769566535949707,-0.09486913681030273,23.25,0.5293325781822205,1,1,0,0,22.875,22.75,19.625,-2.625,21.4375,-0.0,0,0,0,0
driver_top20,clean,to_corrupt,v5_qwen35_4b_297,296,23.25,0.5601742267608643,0.5,0.24184036254882812,1,1,0.0,0.024860858917236328,0.125,0.10037803649902344,6.909904956817627,-0.10611152648925781,23.25,0.5353133678436279,1,1,0,0,22.875,22.75,19.75,-2.375,21.5,-0.0,0,0,0,0
driver_top20,clean,to_corrupt,v5_qwen35_4b_050,49,23.75,0.5817534923553467,0.5,0.3299541473388672,1,1,-0.125,-0.02980339527130127,-0.125,-0.1238861083984375,7.3000102043151855,-0.10424327850341797,23.875,0.611556887626648,1,1,0,0,23.25,23.25,19.625,-2.5,21.75,0.029411764705882353,0,0,0,0
driver_top20,clean,to_corrupt,v5_qwen35_4b_063,62,23.75,0.5817534923553467,0.5,0.3299541473388672,1,1,-0.125,-0.02980339527130127,-0.125,-0.1238861083984375,7.3000102043151855,-0.10424327850341797,23.875,0.611556887626648,1,1,0,0,23.25,23.25,19.625,-2.5,21.75,0.029411764705882353,0,0,0,0
driver_top20,clean,to_corrupt,v5_qwen35_4b_067,66,23.75,0.5817534923553467,0.5,0.3299541473388672,1,1,-0.125,-0.02980339527130127,-0.125,-0.1238861083984375,7.3000102043151855,-0.10424327850341797,23.875,0.611556887626648,1,1,0,0,23.25,23.25,19.625,-2.5,21.75,0.029411764705882353,0,0,0,0
driver_top20,clean,to_corrupt,v5_qwen35_4b_075,74,23.75,0.5817534923553467,0.5,0.3299541473388672,1,1,-0.125,-0.02980339527130127,-0.125,-0.1238861083984375,7.3000102043151855,-0.10424327850341797,23.875,0.611556887626648,1,1,0,0,23.25,23.25,19.625,-2.5,21.75,0.029411764705882353,0,0,0,0
driver_top20,clean,to_corrupt,v5_qwen35_4b_198,197,23.75,0.5830817222595215,0.5,0.3354148864746094,1,1,0.0,0.02641230821609497,0.125,0.10777854919433594,7.142299652099609,-0.04841756820678711,23.75,0.5566694140434265,1,1,0,0,23.375,23.25,19.875,-2.0,21.8125,-0.0,0,0,0,0
driver_top20,clean,to_corrupt,v5_qwen35_4b_219,218,23.75,0.5824659466743469,0.5,0.3328838348388672,1,1,0.0,0.029305577278137207,0.125,0.11945724487304688,7.1694841384887695,-0.08804655075073242,23.75,0.5531603693962097,1,1,0,0,23.375,23.25,19.625,-2.5,21.6875,-0.0,0,0,0,0
driver_top20,clean,to_corrupt,v5_qwen35_4b_253,252,23.125,0.5329113602638245,0.375,0.131805419921875,1,1,-0.125,-0.03051072359085083,-0.125,-0.12322616577148438,6.880281448364258,-0.10393285751342773,23.25,0.5634220838546753,1,1,0,0,22.75,22.75,19.625,-2.5,21.4375,0.034482758620689655,0,0,0,0
driver_top20,clean,to_corrupt,v5_qwen35_4b_200,199,24.125,0.7638594508171082,1.375,1.1739253997802734,1,1,0.0,0.0010003447532653809,0.0,0.0055389404296875,8.027678489685059,-0.09038734436035156,24.125,0.7628591060638428,1,1,0,0,22.75,22.75,19.75,-2.25,21.9375,-0.0,0,0,0,0
driver_top20,clean,to_corrupt,v5_qwen35_4b_031,30,23.75,0.6657354235649109,1.0,0.6889266967773438,1,1,0.0,0.018188834190368652,0.125,0.08068466186523438,6.252434730529785,-0.10698270797729492,23.75,0.6475465893745422,1,1,0,0,22.875,22.75,19.25,-3.0,21.5,-0.0,0,0,0,0
driver_top20,clean,to_corrupt,v5_qwen35_4b_163,162,23.5,0.5874975919723511,0.625,0.35359954833984375,1,1,0.0,9.679794311523438e-05,0.0,0.000400543212890625,5.822290420532227,-0.062474727630615234,23.5,0.5874007940292358,1,1,0,0,22.875,22.875,19.75,-1.875,21.625,-0.0,0,0,0,0
driver_top20,clean,to_corrupt,v5_qwen35_4b_184,183,23.375,0.5431057214736938,0.375,0.17282485961914062,1,1,0.0,0.023595988750457764,0.125,0.09477043151855469,6.764130115509033,-0.056884765625,23.375,0.5195097327232361,1,1,0,0,23.125,23.0,20.0,-1.75,21.6875,-0.0,0,0,0,0
driver_top20,clean,to_corrupt,v5_qwen35_4b_191,190,23.5,0.5875572562217712,0.625,0.35384368896484375,1,1,0.0,0.0001564621925354004,0.0,0.000644683837890625,5.804949760437012,-0.07981538772583008,23.5,0.5874007940292358,1,1,0,0,22.875,22.875,19.25,-3.0,21.375,-0.0,0,0,0,0
driver_top20,clean,to_corrupt,v5_qwen35_4b_192,191,23.5,0.5875572562217712,0.625,0.35384368896484375,1,1,0.0,0.0001564621925354004,0.0,0.000644683837890625,5.804949760437012,-0.07981538772583008,23.5,0.5874007940292358,1,1,0,0,22.875,22.875,19.25,-3.0,21.375,-0.0,0,0,0,0
driver_top20,clean,to_corrupt,v5_qwen35_4b_022,21,23.75,0.6707373857498169,1.0,0.7114887237548828,1,1,0.0,0.021914184093475342,0.125,0.09764862060546875,6.386629581451416,-0.08562421798706055,23.75,0.6488232016563416,1,1,0,0,22.875,22.75,19.625,-2.0,21.6875,-0.0,0,0,0,0
driver_top20,clean,to_corrupt,v5_qwen35_4b_034,33,23.25,0.5521092414855957,0.5,0.2091655731201172,1,1,0.0,0.024457156658172607,0.125,0.09847450256347656,6.118008136749268,-0.08955192565917969,23.25,0.5276520848274231,1,1,0,0,22.875,22.75,19.375,-3.0,21.3125,-0.0,0,0,0,0
driver_top20,clean,to_corrupt,v5_qwen35_4b_061,60,23.75,0.6716447472572327,1.0,0.7156009674072266,1,1,0.0,0.022821545600891113,0.125,0.1017608642578125,6.3423261642456055,-0.1299276351928711,23.75,0.6488232016563416,1,1,0,0,22.875,22.75,19.75,-3.0,21.75,-0.0,0,0,0,0
driver_top20,clean,to_corrupt,v5_qwen35_4b_069,68,23.125,0.5208255648612976,0.375,0.08331871032714844,1,1,-0.125,-0.006826519966125488,0.0,-0.027372360229492188,6.076211929321289,-0.1313481330871582,23.25,0.5276520848274231,1,1,0,0,22.875,22.75,19.875,-3.0,21.5625,0.037037037037037035,0,0,0,0
driver_top20,clean,to_corrupt,v5_qwen35_4b_162,161,23.625,0.6188980340957642,0.75,0.4848442077636719,1,1,0.0,0.0002900362014770508,0.0,0.00122833251953125,6.0835747718811035,-0.06328296661376953,23.625,0.6186079978942871,1,1,0,0,22.875,22.875,19.625,-2.0,21.625,-0.0,0,0,0,0
driver_top20,clean,to_corrupt,v5_qwen35_4b_165,164,23.375,0.5668240189552307,0.5,0.2688732147216797,1,1,0.0,0.02247166633605957,0.125,0.09102630615234375,6.099993705749512,-0.06545019149780273,23.375,0.5443523526191711,1,1,0,0,23.0,22.875,19.625,-2.25,21.5,-0.0,0,0,0,0
driver_top20,clean,to_corrupt,v5_qwen35_4b_176,175,23.625,0.6188980340957642,0.75,0.4848442077636719,1,1,0.0,0.0002900362014770508,0.0,0.00122833251953125,6.0835747718811035,-0.06328296661376953,23.625,0.6186079978942871,1,1,0,0,22.875,22.875,19.625,-2.0,21.625,-0.0,0,0,0,0
driver_top20,clean,to_corrupt,v5_qwen35_4b_177,176,23.625,0.6188980340957642,0.75,0.4848442077636719,1,1,0.0,0.0002900362014770508,0.0,0.00122833251953125,6.0835747718811035,-0.06328296661376953,23.625,0.6186079978942871,1,1,0,0,22.875,22.875,19.625,-2.0,21.625,-0.0,0,0,0,0
driver_top20,clean,to_corrupt,v5_qwen35_4b_211,210,23.625,0.6184743046760559,0.75,0.4830474853515625,1,1,0.0,-0.00041806697845458984,0.0,-0.001773834228515625,6.126825332641602,-0.10691356658935547,23.625,0.6188923716545105,1,1,0,0,22.875,22.875,19.75,-3.0,21.6875,-0.0,0,0,0,0
driver_top20,clean,to_corrupt,v5_qwen35_4b_246,245,22.5,0.40681856870651245,0.125,-0.37717247009277344,1,1,0.0,0.0007879137992858887,0.0,0.0032672882080078125,5.851662635803223,-0.09296941757202148,22.5,0.40603065490722656,1,1,0,0,22.375,22.375,19.375,-2.875,20.9375,-0.0,0,0,0,0
driver_top20,clean,to_corrupt,v5_qwen35_4b_268,267,22.5,0.4322177469730377,0.25,-0.2728538513183594,1,1,0.0,0.026187092065811157,0.125,0.10758590698242188,5.854120254516602,-0.09051179885864258,22.5,0.40603065490722656,1,1,0,0,22.375,22.25,19.75,-3.0,21.125,-0.0,0,0,0,0
driver_top20,clean,to_corrupt,v5_qwen35_4b_032,31,23.75,0.5911442041397095,0.5,0.36867523193359375,1,1,0.0,0.0002772212028503418,0.0,0.0011463165283203125,6.559272289276123,-0.09447860717773438,23.75,0.5908669829368591,1,1,0,0,23.25,23.25,19.5,-2.75,21.625,-0.0,0,0,0,0
driver_top20,clean,to_corrupt,v5_qwen35_4b_194,193,23.5,0.5688015818595886,0.5,0.2769336700439453,1,1,0.0,0.025676071643829346,0.125,0.10402870178222656,5.963314533233643,-0.08414173126220703,23.5,0.5431255102157593,1,1,0,0,23.125,23.0,19.375,-2.875,21.4375,-0.0,0,0,0,0
driver_top20,clean,to_corrupt,v5_qwen35_4b_195,194,23.75,0.5468583703041077,0.375,0.18796348571777344,1,1,0.125,0.028575003147125244,0.125,0.11481857299804688,7.17242956161499,-0.05849266052246094,23.625,0.5182833671569824,1,1,0,0,23.375,23.375,19.375,-2.625,21.5,-0.029411764705882353,0,0,0,0
driver_top20,clean,to_corrupt,v5_qwen35_4b_019,18,23.25,0.5208831429481506,0.375,0.08355140686035156,1,1,0.0,0.00010210275650024414,0.0,0.000408172607421875,6.4094414710998535,-0.0717463493347168,23.25,0.5207810401916504,1,1,0,0,22.875,22.875,19.25,-2.75,21.25,-0.0,0,0,0,0
driver_top20,clean,to_corrupt,v5_qwen35_4b_056,55,24.25,0.7037535905838013,1.0,0.8652153015136719,1,1,0.0,0.024147212505340576,0.125,0.11327171325683594,6.581486225128174,-0.11749887466430664,24.25,0.6796063780784607,1,1,0,0,23.375,23.25,19.25,-3.625,21.75,-0.0,0,0,0,0
driver_top20,clean,to_corrupt,v5_qwen35_4b_057,56,23.875,0.6203340291976929,0.625,0.49094581604003906,1,1,-0.125,-0.0030550360679626465,0.0,-0.01299285888671875,6.444716930389404,-0.11659479141235352,24.0,0.6233890652656555,1,1,0,0,23.375,23.25,19.375,-3.5,21.6875,0.02702702702702703,0,0,0,0
driver_top20,clean,to_corrupt,v5_qwen35_4b_190,189,24.25,0.6796074509620667,0.875,0.7519493103027344,1,1,0.0,0.00010514259338378906,0.0,0.0004825592041015625,6.638252258300781,-0.0804591178894043,24.25,0.6795023083686829,1,1,0,0,23.375,23.375,19.375,-2.75,21.8125,-0.0,0,0,0,0
driver_top20,clean,to_corrupt,v5_qwen35_4b_199,198,24.0,0.5974456071853638,0.5,0.39481544494628906,1,1,0.0,-0.0010532736778259277,0.0,-0.0043811798095703125,6.641389846801758,-0.07647895812988281,24.0,0.5984988808631897,1,1,0,0,23.5,23.5,19.375,-2.875,21.6875,-0.0,0,0,0,0
driver_top20,clean,to_corrupt,v5_qwen35_4b_240,239,23.75,0.6561169028282166,0.875,0.6460113525390625,1,1,0.0,0.001735389232635498,0.0,0.0076847076416015625,6.5048828125,-0.0787801742553711,23.75,0.654381513595581,1,1,0,0,22.875,22.875,19.375,-2.75,21.5625,-0.0,0,0,0,0
driver_top20,clean,to_corrupt,v5_qwen35_4b_279,278,23.625,0.6014841794967651,0.625,0.4116249084472656,1,1,0.0,0.000409543514251709,0.0,0.001708984375,6.423578262329102,-0.08464813232421875,23.625,0.6010746359825134,1,1,0,0,23.0,23.0,19.25,-3.625,21.4375,-0.0,0,0,0,0
driver_top20,clean,to_corrupt,v5_qwen35_4b_173,172,23.5,0.5652456879615784,0.5,0.2624492645263672,1,1,0.0,0.02405107021331787,0.125,0.09732437133789062,6.5611090660095215,-0.04680681228637695,23.5,0.5411946177482605,1,1,0,0,23.125,23.0,19.25,-2.75,21.375,-0.0,0,0,0,0
driver_top20,clean,to_corrupt,v5_qwen35_4b_193,192,24.25,0.674321711063385,0.875,0.7277812957763672,1,1,0.0,0.00015050172805786133,0.0,0.0006866455078125,8.258649826049805,-0.03932666778564453,24.25,0.6741712093353271,1,1,0,0,23.375,23.375,19.375,-2.5,21.8125,-0.0,0,0,0,0
driver_top20,clean,to_corrupt,v5_qwen35_4b_196,195,23.625,0.523949384689331,0.25,0.09584999084472656,1,1,0.0,0.00018072128295898438,0.0,0.00072479248046875,7.313967227935791,-0.07304525375366211,23.625,0.5237686634063721,1,1,0,0,23.375,23.375,19.75,-2.25,21.6875,-0.0,0,0,0,0
driver_top20,clean,to_corrupt,v5_qwen35_4b_207,206,23.375,0.5359570980072021,0.375,0.14404678344726562,1,1,0.0,0.00103682279586792,0.0,0.0041675567626953125,6.428388595581055,-0.0992426872253418,23.375,0.5349202752113342,1,1,0,0,23.0,23.0,19.75,-3.25,21.5625,-0.0,0,0,0,0
driver_top20,clean,to_corrupt,v5_qwen35_4b_210,209,23.625,0.501266598701477,0.125,0.0050487518310546875,1,1,0.0,0.00029468536376953125,0.0,0.001178741455078125,7.114988327026367,-0.09344625473022461,23.625,0.5009719133377075,1,1,0,0,23.5,23.5,19.5,-2.875,21.5625,-0.0,0,0,0,0
driver_top20,clean,to_corrupt,v5_qwen35_4b_071,70,23.5,0.720981240272522,1.375,0.9492988586425781,1,1,0.0,0.01746058464050293,0.125,0.08521080017089844,11.320357322692871,-0.12234783172607422,23.5,0.703520655632019,1,1,0,0,22.25,22.125,19.375,-3.0,21.4375,-0.0,0,0,0,0
driver_top20,clean,to_corrupt,v5_qwen35_4b_170,169,23.375,0.6164994835853577,0.75,0.4746875762939453,1,1,0.0,0.0006603598594665527,0.0,0.0027923583984375,6.485413551330566,-0.0299224853515625,23.375,0.6158391237258911,1,1,0,0,22.625,22.625,18.875,-2.625,21.125,-0.0,0,0,0,0
driver_top20,clean,to_corrupt,v5_qwen35_4b_178,177,23.625,0.6060174107551575,0.625,0.4305763244628906,1,1,0.0,0.00012224912643432617,0.0,0.0005130767822265625,6.176473617553711,-0.04668378829956055,23.625,0.6058951616287231,1,1,0,0,23.0,23.0,19.875,-1.5,21.75,-0.0,0,0,0,0
driver_top20,clean,to_corrupt,v5_qwen35_4b_175,174,22.875,0.4640098810195923,0.125,-0.1442413330078125,1,1,0.0,0.024044543504714966,0.125,0.0970916748046875,5.629720687866211,-0.05192756652832031,22.875,0.4399653375148773,1,0,0,0,22.875,22.75,19.0,-2.875,20.9375,-0.0,0,0,0,0
driver_top20,clean,to_corrupt,v5_qwen35_4b_171,170,24.125,0.6976388096809387,1.0,0.8360557556152344,1,1,0.0,9.34600830078125e-05,0.0,0.0004425048828125,6.749701499938965,-0.048478126525878906,24.125,0.6975453495979309,1,1,0,0,23.125,23.125,19.875,-1.375,22.0,-0.0,0,0,0,0
driver_top20,clean,to_corrupt,v5_qwen35_4b_009,8,23.625,0.6078035235404968,0.625,0.4380626678466797,1,1,0.0,0.025965511798858643,0.125,0.10776329040527344,7.342439651489258,-0.0588231086730957,23.625,0.5818380117416382,1,1,0,0,23.125,23.0,19.0,-3.0,21.3125,-0.0,0,0,0,0
driver_top20,clean,to_corrupt,v5_qwen35_4b_052,51,23.75,0.6477214694023132,0.875,0.6090087890625,1,1,0.0,0.00019216537475585938,0.0,0.0008411407470703125,6.098941326141357,-0.10921144485473633,23.75,0.6475293040275574,1,1,0,0,22.875,22.875,20.25,-2.75,22.0,-0.0,0,0,0,0
driver_top20,clean,to_corrupt,v5_qwen35_4b_076,75,21.125,0.4455172121524811,0.375,-0.2188568115234375,1,1,-0.125,-0.013241767883300781,0.0,-0.05345916748046875,8.246828079223633,-0.13040733337402344,21.25,0.45875898003578186,1,1,0,0,20.875,20.75,15.875,-7.25,18.5625,0.023255813953488372,0,0,0,0
driver_top20,clean,to_corrupt,v5_qwen35_4b_077,76,21.125,0.4455172121524811,0.375,-0.2188568115234375,1,1,-0.125,-0.013241767883300781,0.0,-0.05345916748046875,8.246828079223633,-0.13040733337402344,21.25,0.45875898003578186,1,1,0,0,20.875,20.75,15.875,-7.25,18.5625,0.023255813953488372,0,0,0,0
driver_top20,clean,to_corrupt,v5_qwen35_4b_078,77,21.125,0.4455172121524811,0.375,-0.2188568115234375,1,1,-0.125,-0.013241767883300781,0.0,-0.05345916748046875,8.246828079223633,-0.13040733337402344,21.25,0.45875898003578186,1,1,0,0,20.875,20.75,15.875,-7.25,18.5625,0.023255813953488372,0,0,0,0
driver_top20,clean,to_corrupt,v5_qwen35_4b_079,78,21.125,0.4455172121524811,0.375,-0.2188568115234375,1,1,-0.125,-0.013241767883300781,0.0,-0.05345916748046875,8.246828079223633,-0.13040733337402344,21.25,0.45875898003578186,1,1,0,0,20.875,20.75,15.875,-7.25,18.5625,0.023255813953488372,0,0,0,0
driver_top20,clean,to_corrupt,v5_qwen35_4b_080,79,21.125,0.4455172121524811,0.375,-0.2188568115234375,1,1,-0.125,-0.013241767883300781,0.0,-0.05345916748046875,8.246828079223633,-0.13040733337402344,21.25,0.45875898003578186,1,1,0,0,20.875,20.75,15.875,-7.25,18.5625,0.023255813953488372,0,0,0,0
driver_top20,clean,to_corrupt,v5_qwen35_4b_081,80,21.125,0.4455172121524811,0.375,-0.2188568115234375,1,1,-0.125,-0.013241767883300781,0.0,-0.05345916748046875,8.246828079223633,-0.13040733337402344,21.25,0.45875898003578186,1,1,0,0,20.875,20.75,15.875,-7.25,18.5625,0.023255813953488372,0,0,0,0
driver_top20,clean,to_corrupt,v5_qwen35_4b_082,81,21.125,0.4455172121524811,0.375,-0.2188568115234375,1,1,-0.125,-0.013241767883300781,0.0,-0.05345916748046875,8.246828079223633,-0.13040733337402344,21.25,0.45875898003578186,1,1,0,0,20.875,20.75,15.875,-7.25,18.5625,0.023255813953488372,0,0,0,0
driver_top20,clean,to_corrupt,v5_qwen35_4b_083,82,21.125,0.4457603394985199,0.375,-0.21787452697753906,1,1,-0.125,-0.019864261150360107,0.0,-0.08010482788085938,8.251401901245117,-0.11686515808105469,21.25,0.46562460064888,1,1,0,0,20.875,20.75,15.9375,-7.3125,18.59375,0.023529411764705882,0,0,0,0
driver_top20,clean,to_corrupt,v5_qwen35_4b_084,83,21.125,0.4457603394985199,0.375,-0.21787452697753906,1,1,-0.125,-0.019864261150360107,0.0,-0.08010482788085938,8.251401901245117,-0.11686515808105469,21.25,0.46562460064888,1,1,0,0,20.875,20.75,15.9375,-7.3125,18.59375,0.023529411764705882,0,0,0,0
driver_top20,clean,to_corrupt,v5_qwen35_4b_087,86,21.125,0.4457603394985199,0.375,-0.21787452697753906,1,1,-0.125,-0.019864261150360107,0.0,-0.08010482788085938,8.251401901245117,-0.11686515808105469,21.25,0.46562460064888,1,1,0,0,20.875,20.75,15.9375,-7.3125,18.59375,0.023529411764705882,0,0,0,0
driver_top20,clean,to_corrupt,v5_qwen35_4b_088,87,21.125,0.4457603394985199,0.375,-0.21787452697753906,1,1,-0.125,-0.019864261150360107,0.0,-0.08010482788085938,8.251401901245117,-0.11686515808105469,21.25,0.46562460064888,1,1,0,0,20.875,20.75,15.9375,-7.3125,18.59375,0.023529411764705882,0,0,0,0
driver_top20,clean,to_corrupt,v5_qwen35_4b_089,88,21.125,0.4457603394985199,0.375,-0.21787452697753906,1,1,-0.125,-0.019864261150360107,0.0,-0.08010482788085938,8.251401901245117,-0.11686515808105469,21.25,0.46562460064888,1,1,0,0,20.875,20.75,15.9375,-7.3125,18.59375,0.023529411764705882,0,0,0,0
driver_top20,clean,to_corrupt,v5_qwen35_4b_090,89,21.125,0.4457603394985199,0.375,-0.21787452697753906,1,1,-0.125,-0.019864261150360107,0.0,-0.08010482788085938,8.251401901245117,-0.11686515808105469,21.25,0.46562460064888,1,1,0,0,20.875,20.75,15.9375,-7.3125,18.59375,0.023529411764705882,0,0,0,0
driver_top20,clean,to_corrupt,v5_qwen35_4b_091,90,21.125,0.4457603394985199,0.375,-0.21787452697753906,1,1,-0.125,-0.019864261150360107,0.0,-0.08010482788085938,8.251401901245117,-0.11686515808105469,21.25,0.46562460064888,1,1,0,0,20.875,20.75,15.9375,-7.3125,18.59375,0.023529411764705882,0,0,0,0
driver_top20,clean,to_corrupt,v5_qwen35_4b_092,91,21.125,0.4457603394985199,0.375,-0.21787452697753906,1,1,-0.125,-0.019864261150360107,0.0,-0.08010482788085938,8.251401901245117,-0.11686515808105469,21.25,0.46562460064888,1,1,0,0,20.875,20.75,15.9375,-7.3125,18.59375,0.023529411764705882,0,0,0,0
driver_top20,clean,to_corrupt,v5_qwen35_4b_093,92,21.125,0.4457603394985199,0.375,-0.21787452697753906,1,1,-0.125,-0.019864261150360107,0.0,-0.08010482788085938,8.251401901245117,-0.11686515808105469,21.25,0.46562460064888,1,1,0,0,20.875,20.75,15.9375,-7.3125,18.59375,0.023529411764705882,0,0,0,0
driver_top20,clean,to_corrupt,v5_qwen35_4b_094,93,21.125,0.4457603394985199,0.375,-0.21787452697753906,1,1,-0.125,-0.019864261150360107,0.0,-0.08010482788085938,8.251401901245117,-0.11686515808105469,21.25,0.46562460064888,1,1,0,0,20.875,20.75,15.9375,-7.3125,18.59375,0.023529411764705882,0,0,0,0
driver_top20,clean,to_corrupt,v5_qwen35_4b_095,94,21.125,0.4457603394985199,0.375,-0.21787452697753906,1,1,-0.125,-0.019864261150360107,0.0,-0.08010482788085938,8.251401901245117,-0.11686515808105469,21.25,0.46562460064888,1,1,0,0,20.875,20.75,15.9375,-7.3125,18.59375,0.023529411764705882,0,0,0,0
driver_top20,clean,to_corrupt,v5_qwen35_4b_096,95,21.125,0.4457603394985199,0.375,-0.21787452697753906,1,1,-0.125,-0.019864261150360107,0.0,-0.08010482788085938,8.251401901245117,-0.11686515808105469,21.25,0.46562460064888,1,1,0,0,20.875,20.75,15.9375,-7.3125,18.59375,0.023529411764705882,0,0,0,0
driver_top20,clean,to_corrupt,v5_qwen35_4b_097,96,21.125,0.4457603394985199,0.375,-0.21787452697753906,1,1,-0.125,-0.019864261150360107,0.0,-0.08010482788085938,8.251401901245117,-0.11686515808105469,21.25,0.46562460064888,1,1,0,0,20.875,20.75,15.9375,-7.3125,18.59375,0.023529411764705882,0,0,0,0
driver_top20,clean,to_corrupt,v5_qwen35_4b_099,98,21.125,0.4457603394985199,0.375,-0.21787452697753906,1,1,-0.125,-0.019864261150360107,0.0,-0.08010482788085938,8.251401901245117,-0.11686515808105469,21.25,0.46562460064888,1,1,0,0,20.875,20.75,15.9375,-7.3125,18.59375,0.023529411764705882,0,0,0,0
driver_top20,clean,to_corrupt,v5_qwen35_4b_100,99,21.125,0.4457603394985199,0.375,-0.21787452697753906,1,1,-0.125,-0.019864261150360107,0.0,-0.08010482788085938,8.251401901245117,-0.11686515808105469,21.25,0.46562460064888,1,1,0,0,20.875,20.75,15.9375,-7.3125,18.59375,0.023529411764705882,0,0,0,0
driver_top20,clean,to_corrupt,v5_qwen35_4b_101,100,21.125,0.4457603394985199,0.375,-0.21787452697753906,1,1,-0.125,-0.019864261150360107,0.0,-0.08010482788085938,8.251401901245117,-0.11686515808105469,21.25,0.46562460064888,1,1,0,0,20.875,20.75,15.9375,-7.3125,18.59375,0.023529411764705882,0,0,0,0
driver_top20,clean,to_corrupt,v5_qwen35_4b_102,101,21.125,0.4457603394985199,0.375,-0.21787452697753906,1,1,-0.125,-0.019864261150360107,0.0,-0.08010482788085938,8.251401901245117,-0.11686515808105469,21.25,0.46562460064888,1,1,0,0,20.875,20.75,15.9375,-7.3125,18.59375,0.023529411764705882,0,0,0,0
driver_top20,clean,to_corrupt,v5_qwen35_4b_103,102,21.125,0.4457603394985199,0.375,-0.21787452697753906,1,1,-0.125,-0.019864261150360107,0.0,-0.08010482788085938,8.251401901245117,-0.11686515808105469,21.25,0.46562460064888,1,1,0,0,20.875,20.75,15.9375,-7.3125,18.59375,0.023529411764705882,0,0,0,0
driver_top20,clean,to_corrupt,v5_qwen35_4b_104,103,21.125,0.4457603394985199,0.375,-0.21787452697753906,1,1,-0.125,-0.019864261150360107,0.0,-0.08010482788085938,8.251401901245117,-0.11686515808105469,21.25,0.46562460064888,1,1,0,0,20.875,20.75,15.9375,-7.3125,18.59375,0.023529411764705882,0,0,0,0
driver_top20,clean,to_corrupt,v5_qwen35_4b_105,104,21.125,0.4457603394985199,0.375,-0.21787452697753906,1,1,-0.125,-0.019864261150360107,0.0,-0.08010482788085938,8.251401901245117,-0.11686515808105469,21.25,0.46562460064888,1,1,0,0,20.875,20.75,15.9375,-7.3125,18.59375,0.023529411764705882,0,0,0,0
driver_top20,clean,to_corrupt,v5_qwen35_4b_106,105,21.125,0.4457603394985199,0.375,-0.21787452697753906,1,1,-0.125,-0.019864261150360107,0.0,-0.08010482788085938,8.251401901245117,-0.11686515808105469,21.25,0.46562460064888,1,1,0,0,20.875,20.75,15.9375,-7.3125,18.59375,0.023529411764705882,0,0,0,0
driver_top20,clean,to_corrupt,v5_qwen35_4b_107,106,21.125,0.4457603394985199,0.375,-0.21787452697753906,1,1,-0.125,-0.019864261150360107,0.0,-0.08010482788085938,8.251401901245117,-0.11686515808105469,21.25,0.46562460064888,1,1,0,0,20.875,20.75,15.9375,-7.3125,18.59375,0.023529411764705882,0,0,0,0
driver_top20,clean,to_corrupt,v5_qwen35_4b_108,107,21.125,0.4457603394985199,0.375,-0.21787452697753906,1,1,-0.125,-0.019864261150360107,0.0,-0.08010482788085938,8.251401901245117,-0.11686515808105469,21.25,0.46562460064888,1,1,0,0,20.875,20.75,15.9375,-7.3125,18.59375,0.023529411764705882,0,0,0,0
driver_top20,clean,to_corrupt,v5_qwen35_4b_109,108,21.125,0.4457603394985199,0.375,-0.21787452697753906,1,1,-0.125,-0.019864261150360107,0.0,-0.08010482788085938,8.251401901245117,-0.11686515808105469,21.25,0.46562460064888,1,1,0,0,20.875,20.75,15.9375,-7.3125,18.59375,0.023529411764705882,0,0,0,0
driver_top20,clean,to_corrupt,v5_qwen35_4b_110,109,21.125,0.4457603394985199,0.375,-0.21787452697753906,1,1,-0.125,-0.019864261150360107,0.0,-0.08010482788085938,8.251401901245117,-0.11686515808105469,21.25,0.46562460064888,1,1,0,0,20.875,20.75,15.9375,-7.3125,18.59375,0.023529411764705882,0,0,0,0
driver_top20,clean,to_corrupt,v5_qwen35_4b_111,110,21.125,0.4457603394985199,0.375,-0.21787452697753906,1,1,-0.125,-0.019864261150360107,0.0,-0.08010482788085938,8.251401901245117,-0.11686515808105469,21.25,0.46562460064888,1,1,0,0,20.875,20.75,15.9375,-7.3125,18.59375,0.023529411764705882,0,0,0,0
driver_top20,clean,to_corrupt,v5_qwen35_4b_112,111,21.125,0.4457603394985199,0.375,-0.21787452697753906,1,1,-0.125,-0.019864261150360107,0.0,-0.08010482788085938,8.251401901245117,-0.11686515808105469,21.25,0.46562460064888,1,1,0,0,20.875,20.75,15.9375,-7.3125,18.59375,0.023529411764705882,0,0,0,0
driver_top20,clean,to_corrupt,v5_qwen35_4b_116,115,21.125,0.4457542896270752,0.375,-0.21789932250976562,1,1,-0.125,-0.01987031102180481,0.0,-0.08012962341308594,8.24345874786377,-0.12480831146240234,21.25,0.46562460064888,1,1,0,0,20.875,20.75,16.625,-6.5,18.9375,0.02702702702702703,0,0,0,0
driver_top20,clean,to_corrupt,v5_qwen35_4b_129,128,21.125,0.4457542896270752,0.375,-0.21789932250976562,1,1,-0.125,-0.01987031102180481,0.0,-0.08012962341308594,8.24345874786377,-0.12480831146240234,21.25,0.46562460064888,1,1,0,0,20.875,20.75,16.625,-6.5,18.9375,0.02702702702702703,0,0,0,0
driver_top20,clean,to_corrupt,v5_qwen35_4b_132,131,21.125,0.4457542896270752,0.375,-0.21789932250976562,1,1,-0.125,-0.01987031102180481,0.0,-0.08012962341308594,8.24345874786377,-0.12480831146240234,21.25,0.46562460064888,1,1,0,0,20.875,20.75,16.625,-6.5,18.9375,0.02702702702702703,0,0,0,0
driver_top20,clean,to_corrupt,v5_qwen35_4b_138,137,21.125,0.4457542896270752,0.375,-0.21789932250976562,1,1,-0.125,-0.01987031102180481,0.0,-0.08012962341308594,8.24345874786377,-0.12480831146240234,21.25,0.46562460064888,1,1,0,0,20.875,20.75,16.625,-6.5,18.9375,0.02702702702702703,0,0,0,0
driver_top20,clean,to_corrupt,v5_qwen35_4b_143,142,21.125,0.4457542896270752,0.375,-0.21789932250976562,1,1,-0.125,-0.01987031102180481,0.0,-0.08012962341308594,8.24345874786377,-0.12480831146240234,21.25,0.46562460064888,1,1,0,0,20.875,20.75,16.625,-6.5,18.9375,0.02702702702702703,0,0,0,0
driver_top20,clean,to_corrupt,v5_qwen35_4b_029,28,21.75,0.5886802077293396,0.875,0.35845947265625,1,1,0.0,-0.0017025470733642578,0.0,-0.0070343017578125,2.6345348358154297,-0.09176397323608398,21.75,0.5903827548027039,1,1,0,0,20.875,20.875,17.5,-3.625,19.625,-0.0,0,0,0,0
driver_top20,clean,to_corrupt,v5_qwen35_4b_086,85,21.375,0.5108742117881775,0.625,0.043445587158203125,1,1,-0.125,-0.011904597282409668,0.0,-0.04767608642578125,8.362815856933594,-0.11791610717773438,21.5,0.5227788090705872,1,1,0,0,20.875,20.75,15.75,-7.375,18.625,0.021739130434782608,0,0,0,0
driver_top20,clean,to_corrupt,v5_qwen35_4b_258,257,26.25,0.9663413166999817,3.375,3.3572311401367188,1,1,0.0,0.004254162311553955,0.125,0.12343215942382812,11.252738952636719,-0.014850616455078125,26.25,0.9620871543884277,1,1,0,0,23.0,22.875,20.125,-2.25,23.1875,-0.0,0,0,0,0
driver_top20,clean,to_corrupt,v5_qwen35_4b_252,251,24.375,0.8540785908699036,2.125,1.7669124603271484,1,1,0.0,0.0007675886154174805,0.0,0.006145477294921875,5.47442626953125,-0.062464237213134766,24.375,0.8533110022544861,1,1,0,0,22.25,22.25,20.25,-1.5,22.3125,-0.0,0,0,0,0
driver_top20,clean,to_corrupt,v5_qwen35_4b_006,5,24.75,0.8868554830551147,2.75,2.058971405029297,1,1,0.0,0.0016317367553710938,0.0,0.0161590576171875,6.495022773742676,-0.10086297988891602,24.75,0.8852237462997437,1,1,0,0,22.0,22.0,17.5,-4.25,21.125,-0.0,0,0,0,0
driver_top20,clean,to_corrupt,v5_qwen35_4b_004,3,25.875,0.9041945338249207,2.25,2.244718551635742,1,1,0.0,-1.71661376953125e-05,0.0,-0.0001964569091796875,11.24473762512207,0.019199371337890625,25.875,0.904211699962616,1,1,0,0,23.625,23.625,16.25,-6.375,21.0625,-0.0,0,0,0,0
driver_top20,clean,to_corrupt,v5_qwen35_4b_154,153,26.25,0.9463992714881897,2.875,2.871095657348633,1,1,0.0,-0.005982577800750732,-0.125,-0.12464523315429688,11.66512393951416,0.05757331848144531,26.25,0.9523818492889404,1,1,0,0,23.25,23.375,15.3125,-6.0625,20.78125,-0.0,0,0,0,0
driver_top20,clean,to_corrupt,v5_qwen35_4b_119,118,26.875,0.981835126876831,4.0,3.9899253845214844,1,1,0.0,-1.2516975402832031e-06,0.0,-6.29425048828125e-05,11.838501930236816,-0.0003643035888671875,26.875,0.9818363785743713,1,1,0,0,22.875,22.875,18.625,-4.5,22.75,-0.0,0,0,0,0
driver_top20,clean,to_corrupt,v5_qwen35_4b_010,9,21.5,0.35534152388572693,0.125,-0.5956954956054688,1,1,0.0,-0.00039967894554138184,0.0,-0.001743316650390625,4.303621768951416,-0.054386138916015625,21.5,0.3557412028312683,1,1,0,0,21.375,21.375,16.125,-5.75,18.8125,-0.0,0,0,0,0
driver_top20,clean,to_corrupt,v5_qwen35_4b_151,150,27.875,0.9967785477638245,5.75,5.734682083129883,1,1,0.125,0.0004259943962097168,0.125,0.12465858459472656,11.585067749023438,-0.003945350646972656,27.75,0.9963525533676147,1,1,0,0,22.125,22.125,15.6875,-6.3125,21.71875,-0.010362694300518135,0,0,0,0
driver_top20,clean,to_corrupt,v5_qwen35_4b_289,288,27.375,0.9858594536781311,4.25,4.244455337524414,1,1,0.0,-7.748603820800781e-07,0.0,-5.7220458984375e-05,11.294072151184082,-0.015175819396972656,27.375,0.9858602285385132,1,1,0,0,23.125,23.125,19.25,-3.5,23.3125,-0.0,0,0,0,0
driver_top20,clean,to_corrupt,v5_qwen35_4b_244,243,25.125,0.9364289045333862,2.75,2.689891815185547,1,1,0.0,-8.64863395690918e-05,0.0,-0.0014553070068359375,9.929494857788086,0.014784812927246094,25.125,0.9365153908729553,1,1,0,0,22.375,22.375,18.75,-1.625,21.9375,-0.0,0,0,0,0
random_layer_matched,corrupt,to_clean,v5_qwen35_4b_285,284,19.25,0.026611478999257088,-2.625,-3.5994834899902344,7,0,0.0,0.0,0.0,0.0,-7.982270240783691,0.0,19.25,0.026611478999257088,7,0,0,0,21.875,21.875,23.125,3.625,21.1875,0.0,0,0,0,0
random_layer_matched,corrupt,to_clean,v5_qwen35_4b_016,15,15.0625,0.00036328393616713583,-7.1875,-7.920005798339844,37,0,0.0,0.0,0.0,0.0,-12.965229034423828,0.0,15.0625,0.00036328393616713583,37,0,0,0,22.25,22.25,21.375,0.75,18.21875,0.0,0,0,0,0
random_layer_matched,corrupt,to_clean,v5_qwen35_4b_036,35,15.6875,0.0005659908056259155,-6.3125,-7.476409912109375,24,0,0.0,0.0,0.0,0.0,-14.794962882995605,0.0,15.6875,0.0005659908056259155,24,0,0,0,22.0,22.0,21.375,0.75,18.53125,0.0,0,0,0,0
random_layer_matched,corrupt,to_clean,v5_qwen35_4b_085,84,15.0,0.0002715383598115295,-7.875,-8.211160659790039,32,0,0.0,0.0,0.0,0.0,-13.890664100646973,0.0,15.0,0.0002715383598115295,32,0,0,0,22.875,22.875,21.875,1.0,18.4375,0.0,0,0,0,0
random_layer_matched,corrupt,to_clean,v5_qwen35_4b_133,132,15.6875,0.0005659908056259155,-6.3125,-7.476409912109375,24,0,0.0,0.0,0.0,0.0,-14.794962882995605,0.0,15.6875,0.0005659908056259155,24,0,0,0,22.0,22.0,22.0,1.125,18.84375,0.0,0,0,0,0
random_layer_matched,corrupt,to_clean,v5_qwen35_4b_147,146,15.6875,0.0005659908056259155,-6.3125,-7.476409912109375,24,0,0.0,0.0,0.0,0.0,-14.794962882995605,0.0,15.6875,0.0005659908056259155,24,0,0,0,22.0,22.0,22.0,1.125,18.84375,0.0,0,0,0,0
random_layer_matched,corrupt,to_clean,v5_qwen35_4b_260,259,17.125,0.004728089086711407,-4.5,-5.349544525146484,13,0,0.0,0.0,0.0,0.0,-13.1074857711792,0.0,17.125,0.004728089086711407,13,0,0,0,21.625,21.625,22.0,1.0,19.5625,0.0,0,0,0,0
random_layer_matched,corrupt,to_clean,v5_qwen35_4b_263,262,16.625,0.002541137160733342,-5.5,-5.972635269165039,13,0,0.0,0.0,0.0,0.0,-14.024591445922852,0.0,16.625,0.002541137160733342,13,0,0,0,22.125,22.125,21.625,0.625,19.125,0.0,0,0,0,0
random_layer_matched,corrupt,to_clean,v5_qwen35_4b_296,295,17.25,0.005526520311832428,-4.375,-5.192705154418945,13,0,0.0,0.0,0.0,0.0,-12.948308944702148,0.0,17.25,0.005526520311832428,13,0,0,0,21.625,21.625,22.0,1.0,19.625,0.0,0,0,0,0
random_layer_matched,corrupt,to_clean,v5_qwen35_4b_040,39,16.0,0.0014336265157908201,-5.5,-6.546169281005859,19,0,0.0,0.0,0.0,0.0,-11.373147964477539,0.0,16.0,0.0014336265157908201,19,0,0,0,21.5,21.5,22.625,2.125,19.3125,0.0,0,0,0,0
random_layer_matched,corrupt,to_clean,v5_qwen35_4b_054,53,17.375,0.01076662540435791,-3.25,-4.520547866821289,9,0,0.0,0.0,0.0,0.0,-10.02280044555664,0.0,17.375,0.01076662540435791,9,0,0,0,20.625,20.625,22.625,2.125,20.0,0.0,0,0,0,0
random_layer_matched,corrupt,to_clean,v5_qwen35_4b_229,228,16.0,0.0014336265157908201,-5.5,-6.546169281005859,19,0,0.0,0.0,0.0,0.0,-11.373147964477539,0.0,16.0,0.0014336265157908201,19,0,0,0,21.5,21.5,22.5,1.75,19.25,0.0,0,0,0,0
random_layer_matched,corrupt,to_clean,v5_qwen35_4b_047,46,17.0,0.0016084612580016255,-5.875,-6.430896759033203,14,0,0.0,-3.7868740037083626e-06,0.0,-0.0023555755615234375,-5.790664196014404,-0.004196643829345703,17.0,0.001612248132005334,14,0,0,0,22.875,22.875,22.125,0.25,19.5625,0.0,0,0,0,0
random_layer_matched,corrupt,to_clean,v5_qwen35_4b_271,270,19.375,0.02411150373518467,-3.0,-3.7007007598876953,8,0,0.0,0.0,0.0,0.0,-10.982481002807617,0.0,19.375,0.02411150373518467,8,0,0,0,22.375,22.375,21.875,0.375,20.625,0.0,0,0,0,0
random_layer_matched,corrupt,to_clean,v5_qwen35_4b_039,38,16.5,0.0004487092955969274,-6.875,-7.708703994750977,14,0,0.0,0.0,0.0,0.0,-9.711893081665039,0.0,16.5,0.0004487092955969274,14,0,0,0,23.375,23.375,22.625,0.625,19.5625,0.0,0,0,0,0
random_layer_matched,corrupt,to_clean,v5_qwen35_4b_215,214,19.25,0.026442645117640495,-2.875,-3.606019973754883,7,0,0.0,0.0,0.0,0.0,-7.623354911804199,0.0,19.25,0.026442645117640495,7,0,0,0,22.125,22.125,22.625,0.5,20.9375,0.0,0,0,0,0
random_layer_matched,corrupt,to_clean,v5_qwen35_4b_245,244,15.125,0.00028842315077781677,-7.875,-8.150814056396484,22,0,0.0,0.0,0.0,0.0,-15.525566101074219,0.0,15.125,0.00028842315077781677,22,0,0,0,23.0,23.0,21.0,0.25,18.0625,0.0,0,0,0,0
random_layer_matched,corrupt,to_clean,v5_qwen35_4b_161,160,15.6875,0.00028296676464378834,-8.0625,-8.169912338256836,26,0,0.0,0.0,0.0,0.0,-18.665973663330078,0.0,15.6875,0.00028296676464378834,26,0,0,0,23.75,23.75,23.125,2.0,19.40625,0.0,0,0,0,0
random_layer_matched,corrupt,to_clean,v5_qwen35_4b_121,120,15.875,0.000584287045057863,-7.0,-7.444557189941406,14,0,0.0,0.0,0.0,0.0,-16.424888610839844,0.0,15.875,0.000584287045057863,14,0,0,0,22.875,22.875,23.5,3.125,19.6875,0.0,0,0,0,0
random_layer_matched,corrupt,to_clean,v5_qwen35_4b_181,180,15.875,0.0004341156454756856,-7.625,-7.741781234741211,18,0,0.0,0.0,0.0,0.0,-17.049211502075195,0.0,15.875,0.0004341156454756856,18,0,0,0,23.5,23.5,23.25,1.75,19.5625,0.0,0,0,0,0
random_layer_matched,corrupt,to_clean,v5_qwen35_4b_259,258,17.375,0.0029934528283774853,-5.625,-5.808349609375,9,0,0.0,0.0,0.0,0.0,-16.227548599243164,0.0,17.375,0.0029934528283774853,9,0,0,0,23.0,23.0,22.75,1.25,20.0625,0.0,0,0,0,0
random_layer_matched,corrupt,to_clean,v5_qwen35_4b_283,282,17.875,0.007192389108240604,-4.25,-4.927558898925781,12,0,0.0,0.0,0.0,0.0,-12.070793151855469,0.0,17.875,0.007192389108240604,12,0,0,0,22.125,22.125,22.125,0.5,20.0,0.0,0,0,0,0
random_layer_matched,corrupt,to_clean,v5_qwen35_4b_272,271,20.25,0.023833781480789185,-3.5,-3.712543487548828,4,0,0.0,0.0,0.0,0.0,-10.626363754272461,0.0,20.25,0.023833781480789185,4,0,0,0,23.75,23.75,24.0,2.0,22.125,0.0,0,0,0,0
random_layer_matched,corrupt,to_clean,v5_qwen35_4b_043,42,16.75,0.0010190227767452598,-5.625,-6.887922286987305,23,0,0.0,0.0,0.0,0.0,-7.07011079788208,0.0,16.75,0.0010190227767452598,23,0,0,0,22.375,22.375,23.375,1.125,20.0625,0.0,0,0,0,0
random_layer_matched,corrupt,to_clean,v5_qwen35_4b_166,165,19.375,0.022394785657525063,-3.125,-3.776317596435547,7,0,0.0,0.0,0.0,0.0,-8.058036804199219,0.0,19.375,0.022394785657525063,7,0,0,0,22.5,22.5,23.0,1.25,21.1875,0.0,0,0,0,0
random_layer_matched,corrupt,to_clean,v5_qwen35_4b_055,54,19.125,0.008234563283622265,-4.625,-4.791162490844727,6,0,0.0,0.0,0.0,0.0,-14.862603187561035,0.0,19.125,0.008234563283622265,6,0,0,0,23.75,23.75,23.0,1.25,21.0625,0.0,0,0,0,0
random_layer_matched,corrupt,to_clean,v5_qwen35_4b_130,129,16.625,0.0007519206847064197,-6.625,-7.192148208618164,20,0,0.0,0.0,0.0,0.0,-8.893729209899902,0.0,16.625,0.0007519206847064197,20,0,0,0,23.25,23.25,22.125,1.375,19.375,0.0,0,0,0,0
random_layer_matched,corrupt,to_clean,v5_qwen35_4b_182,181,15.8125,0.0003367864992469549,-7.8125,-7.995744705200195,28,0,0.0,0.0,0.0,0.0,-4.733323097229004,0.0,15.8125,0.0003367864992469549,28,0,0,0,23.625,23.625,22.25,0.75,19.03125,0.0,0,0,0,0
random_layer_matched,corrupt,to_clean,v5_qwen35_4b_065,64,18.125,0.012375902384519577,-3.25,-4.379596710205078,10,0,0.0,0.0,0.0,0.0,-6.574199199676514,0.0,18.125,0.012375902384519577,10,0,0,0,21.375,21.375,21.25,0.375,19.6875,0.0,0,0,0,0
random_layer_matched,corrupt,to_clean,v5_qwen35_4b_001,0,17.5,0.005607474595308304,-4.875,-5.178064346313477,11,0,0.0,0.0,0.0,0.0,-3.6529700756073,0.0,17.5,0.005607474595308304,11,0,0,0,22.375,22.375,23.375,2.125,20.4375,0.0,0,0,0,0
random_layer_matched,corrupt,to_clean,v5_qwen35_4b_053,52,17.5,0.01063617505133152,-3.625,-4.532854080200195,8,0,0.0,0.0,0.0,0.0,-9.542526245117188,0.0,17.5,0.01063617505133152,8,0,0,0,21.125,21.125,22.375,1.875,19.9375,0.0,0,0,0,0
random_layer_matched,corrupt,to_clean,v5_qwen35_4b_155,154,15.125,0.000691266031935811,-6.125,-7.276355743408203,29,0,0.0,0.0,0.0,0.0,-10.779214859008789,0.0,15.125,0.000691266031935811,29,0,0,0,21.25,21.25,22.5,2.125,18.8125,0.0,0,0,0,0
random_layer_matched,corrupt,to_clean,v5_qwen35_4b_120,119,16.125,0.0015327390283346176,-5.375,-6.479213714599609,18,0,0.0,0.0,0.0,0.0,-11.04650592803955,0.0,16.125,0.0015327390283346176,18,0,0,0,21.5,21.5,22.625,2.25,19.375,0.0,0,0,0,0
random_layer_matched,corrupt,to_clean,v5_qwen35_4b_232,231,16.125,0.0015327390283346176,-5.375,-6.479213714599609,18,0,0.0,0.0,0.0,0.0,-11.04650592803955,0.0,16.125,0.0015327390283346176,18,0,0,0,21.5,21.5,22.625,2.125,19.375,0.0,0,0,0,0
random_layer_matched,corrupt,to_clean,v5_qwen35_4b_226,225,17.875,0.0015776028158143163,-5.75,-6.450286865234375,7,0,0.0,0.0,0.0,0.0,-12.649713516235352,0.0,17.875,0.0015776028158143163,7,0,0,0,23.625,23.625,23.75,2.0,20.8125,0.0,0,0,0,0
random_layer_matched,corrupt,to_clean,v5_qwen35_4b_123,122,15.75,0.0007387151708826423,-6.75,-7.209890365600586,18,0,0.0,-1.6099424101412296e-05,0.0,-0.021575927734375,-16.6181697845459,-0.010881423950195312,15.75,0.0007548145949840546,18,0,0,0,22.5,22.5,22.625,1.625,19.1875,0.0,0,0,0,0
random_layer_matched,corrupt,to_clean,v5_qwen35_4b_030,29,15.8125,0.0006836149259470403,-6.9375,-7.2874603271484375,17,0,0.0,4.582689143717289e-07,0.0,0.00067138671875,-16.7104434967041,-0.04109001159667969,15.8125,0.0006831566570326686,18,0,0,0,22.75,22.75,21.875,0.75,18.84375,0.0,0,0,0,0
random_layer_matched,corrupt,to_clean,v5_qwen35_4b_205,204,18.0,0.010180831886827946,-4.125,-4.577053070068359,7,0,0.0,0.0,0.0,0.0,-14.222402572631836,0.0,18.0,0.010180831886827946,7,0,0,0,22.125,22.125,22.0,1.125,20.0,0.0,0,0,0,0
random_layer_matched,corrupt,to_clean,v5_qwen35_4b_208,207,19.625,0.024532606825232506,-3.25,-3.6829376220703125,5,0,0.0,-2.0170584321022034e-05,0.0,-0.000843048095703125,-11.678248405456543,-0.003314971923828125,19.625,0.024552777409553528,5,0,0,0,22.875,22.875,22.5,0.25,21.0625,0.0,0,0,0,0
random_layer_matched,corrupt,to_clean,v5_qwen35_4b_159,158,15.6875,0.00029626820469275117,-7.9375,-8.123966217041016,23,0,0.0,0.0,0.0,0.0,-18.801408767700195,0.0,15.6875,0.00029626820469275117,23,0,0,0,23.625,23.625,24.0,2.875,19.84375,0.0,0,0,0,0
random_layer_matched,corrupt,to_clean,v5_qwen35_4b_262,261,18.625,0.01131616160273552,-4.0,-4.47016716003418,4,0,0.0,0.0,0.0,0.0,-15.713029861450195,0.0,18.625,0.01131616160273552,4,0,0,0,22.625,22.625,23.5,2.625,21.0625,0.0,0,0,0,0
random_layer_matched,corrupt,to_clean,v5_qwen35_4b_281,280,18.625,0.01131616160273552,-4.0,-4.47016716003418,4,0,0.0,0.0,0.0,0.0,-15.713029861450195,0.0,18.625,0.01131616160273552,4,0,0,0,22.625,22.625,23.5,2.625,21.0625,0.0,0,0,0,0
random_layer_matched,corrupt,to_clean,v5_qwen35_4b_153,152,15.8125,0.0006699152290821075,-7.1875,-7.307706832885742,19,0,0.0,0.0,0.0,0.0,-17.366289138793945,0.0,15.8125,0.0006699152290821075,19,0,0,0,23.0,23.0,23.0,2.625,19.40625,0.0,0,0,0,0
random_layer_matched,corrupt,to_clean,v5_qwen35_4b_017,16,15.5625,0.0005975848180241883,-7.3125,-7.422033309936523,19,0,0.0,0.0,0.0,0.0,-16.732988357543945,0.0,15.5625,0.0005975848180241883,19,0,0,0,22.875,22.875,22.375,1.875,18.96875,0.0,0,0,0,0
random_layer_matched,corrupt,to_clean,v5_qwen35_4b_023,22,15.5625,0.0005975848180241883,-7.3125,-7.422033309936523,19,0,0.0,0.0,0.0,0.0,-16.732988357543945,0.0,15.5625,0.0005975848180241883,19,0,0,0,22.875,22.875,22.375,1.875,18.96875,0.0,0,0,0,0
random_layer_matched,corrupt,to_clean,v5_qwen35_4b_027,26,16.5,0.0015204609371721745,-6.25,-6.48724365234375,13,0,0.0,0.0,0.0,0.0,-17.35210418701172,0.0,16.5,0.0015204609371721745,13,0,0,0,22.75,22.75,22.375,1.875,19.4375,0.0,0,0,0,0
random_layer_matched,corrupt,to_clean,v5_qwen35_4b_028,27,16.5,0.0015204609371721745,-6.25,-6.48724365234375,13,0,0.0,0.0,0.0,0.0,-17.35210418701172,0.0,16.5,0.0015204609371721745,13,0,0,0,22.75,22.75,22.375,1.875,19.4375,0.0,0,0,0,0
random_layer_matched,corrupt,to_clean,v5_qwen35_4b_035,34,16.5,0.0015204609371721745,-6.25,-6.48724365234375,13,0,0.0,0.0,0.0,0.0,-17.35210418701172,0.0,16.5,0.0015204609371721745,13,0,0,0,22.75,22.75,22.375,1.875,19.4375,0.0,0,0,0,0
random_layer_matched,corrupt,to_clean,v5_qwen35_4b_046,45,16.375,0.0014829718274995685,-6.25,-6.512247085571289,13,0,0.0,0.0,0.0,0.0,-17.10579490661621,0.0,16.375,0.0014829718274995685,13,0,0,0,22.625,22.625,22.25,1.75,19.3125,0.0,0,0,0,0
random_layer_matched,corrupt,to_clean,v5_qwen35_4b_059,58,17.5,0.007692760322242975,-4.625,-4.859783172607422,5,0,0.0,0.0,0.0,0.0,-15.465605735778809,0.0,17.5,0.007692760322242975,5,0,0,0,22.125,22.125,22.25,1.75,19.875,0.0,0,0,0,0
random_layer_matched,corrupt,to_clean,v5_qwen35_4b_064,63,17.5,0.007692760322242975,-4.625,-4.859783172607422,5,0,0.0,0.0,0.0,0.0,-15.465605735778809,0.0,17.5,0.007692760322242975,5,0,0,0,22.125,22.125,22.25,1.75,19.875,0.0,0,0,0,0
random_layer_matched,corrupt,to_clean,v5_qwen35_4b_113,112,16.375,0.0014829718274995685,-6.25,-6.512247085571289,13,0,0.0,0.0,0.0,0.0,-17.10579490661621,0.0,16.375,0.0014829718274995685,13,0,0,0,22.625,22.625,22.875,2.375,19.625,0.0,0,0,0,0
random_layer_matched,corrupt,to_clean,v5_qwen35_4b_118,117,16.375,0.0014829718274995685,-6.25,-6.512247085571289,13,0,0.0,0.0,0.0,0.0,-17.10579490661621,0.0,16.375,0.0014829718274995685,13,0,0,0,22.625,22.625,22.875,2.375,19.625,0.0,0,0,0,0
random_layer_matched,corrupt,to_clean,v5_qwen35_4b_149,148,16.375,0.0014829718274995685,-6.25,-6.512247085571289,13,0,0.0,0.0,0.0,0.0,-17.10579490661621,0.0,16.375,0.0014829718274995685,13,0,0,0,22.625,22.625,22.875,2.375,19.625,0.0,0,0,0,0
random_layer_matched,corrupt,to_clean,v5_qwen35_4b_152,151,15.1875,0.00041164830327033997,-7.6875,-7.794946670532227,21,0,0.0,0.0,0.0,0.0,-16.644325256347656,0.0,15.1875,0.00041164830327033997,21,0,0,0,22.875,22.875,22.875,2.5,19.03125,0.0,0,0,0,0
random_layer_matched,corrupt,to_clean,v5_qwen35_4b_156,155,15.1875,0.00041164830327033997,-7.6875,-7.794946670532227,21,0,0.0,0.0,0.0,0.0,-16.644325256347656,0.0,15.1875,0.00041164830327033997,21,0,0,0,22.875,22.875,22.875,2.5,19.03125,0.0,0,0,0,0
random_layer_matched,corrupt,to_clean,v5_qwen35_4b_167,166,15.1875,0.00041164830327033997,-7.6875,-7.794946670532227,21,0,0.0,0.0,0.0,0.0,-16.644325256347656,0.0,15.1875,0.00041164830327033997,21,0,0,0,22.875,22.875,22.875,2.5,19.03125,0.0,0,0,0,0
random_layer_matched,corrupt,to_clean,v5_qwen35_4b_172,171,15.5,0.0005599741125479341,-7.375,-7.4870758056640625,19,0,0.0,0.0,0.0,0.0,-16.750507354736328,0.0,15.5,0.0005599741125479341,19,0,0,0,22.875,22.875,22.875,2.375,19.1875,0.0,0,0,0,0
random_layer_matched,corrupt,to_clean,v5_qwen35_4b_234,233,16.125,0.0011738680768758059,-6.5,-6.746299743652344,14,0,0.0,0.0,0.0,0.0,-17.18423843383789,0.0,16.125,0.0011738680768758059,14,0,0,0,22.625,22.625,22.125,1.625,19.125,0.0,0,0,0,0
random_layer_matched,corrupt,to_clean,v5_qwen35_4b_243,242,16.375,0.0014829718274995685,-6.25,-6.512247085571289,13,0,0.0,0.0,0.0,0.0,-17.10579490661621,0.0,16.375,0.0014829718274995685,13,0,0,0,22.625,22.625,22.25,1.625,19.3125,0.0,0,0,0,0
random_layer_matched,corrupt,to_clean,v5_qwen35_4b_251,250,16.375,0.0014829718274995685,-6.25,-6.512247085571289,13,0,0.0,0.0,0.0,0.0,-17.10579490661621,0.0,16.375,0.0014829718274995685,13,0,0,0,22.625,22.625,22.25,1.625,19.3125,0.0,0,0,0,0
random_layer_matched,corrupt,to_clean,v5_qwen35_4b_254,253,17.5,0.007692760322242975,-4.625,-4.859783172607422,5,0,0.0,0.0,0.0,0.0,-15.465605735778809,0.0,17.5,0.007692760322242975,5,0,0,0,22.125,22.125,22.25,1.625,19.875,0.0,0,0,0,0
random_layer_matched,corrupt,to_clean,v5_qwen35_4b_255,254,17.5,0.007692760322242975,-4.625,-4.859783172607422,5,0,0.0,0.0,0.0,0.0,-15.465605735778809,0.0,17.5,0.007692760322242975,5,0,0,0,22.125,22.125,22.25,1.625,19.875,0.0,0,0,0,0
random_layer_matched,corrupt,to_clean,v5_qwen35_4b_264,263,17.375,0.006734809838235378,-4.75,-4.993738174438477,8,0,0.0,0.0,0.0,0.0,-15.339722633361816,0.0,17.375,0.006734809838235378,8,0,0,0,22.125,22.125,22.125,1.625,19.75,0.0,0,0,0,0
random_layer_matched,corrupt,to_clean,v5_qwen35_4b_273,272,17.375,0.007479283958673477,-4.625,-4.888141632080078,6,0,0.0,0.0,0.0,0.0,-15.442423820495605,0.0,17.375,0.007479283958673477,6,0,0,0,22.0,22.0,22.25,1.75,19.8125,0.0,0,0,0,0
random_layer_matched,corrupt,to_clean,v5_qwen35_4b_290,289,17.5,0.008517909795045853,-4.5,-4.757061004638672,4,0,0.0,0.0,0.0,0.0,-15.498957633972168,0.0,17.5,0.008517909795045853,4,0,0,0,22.0,22.0,22.125,1.625,19.8125,0.0,0,0,0,0
random_layer_matched,corrupt,to_clean,v5_qwen35_4b_267,266,17.5,0.0031504917424172163,-5.25,-5.7570648193359375,7,0,0.0,0.0,0.0,0.0,-17.04813003540039,0.0,17.5,0.0031504917424172163,7,0,0,0,22.75,22.75,22.375,1.625,19.9375,0.0,0,0,0,0
random_layer_matched,corrupt,to_clean,v5_qwen35_4b_148,147,15.5625,0.0003644706157501787,-7.3125,-7.916721343994141,16,0,0.0,0.0,0.0,0.0,-18.064531326293945,0.0,15.5625,0.0003644706157501787,16,0,0,0,22.875,22.875,23.75,2.875,19.65625,0.0,0,0,0,0
random_layer_matched,corrupt,to_clean,v5_qwen35_4b_180,179,14.5,0.00011481838009785861,-8.875,-9.072061538696289,35,0,0.0,0.0,0.0,0.0,-18.802005767822266,0.0,14.5,0.00011481838009785861,35,0,0,0,23.375,23.375,23.25,2.625,18.875,0.0,0,0,0,0
random_layer_matched,corrupt,to_clean,v5_qwen35_4b_072,71,19.125,0.04582669585943222,-2.25,-3.0360260009765625,5,0,0.0,-2.4586915969848633e-06,0.0,-5.7220458984375e-05,-7.6568217277526855,-0.0048389434814453125,19.125,0.045829154551029205,5,0,0,0,21.375,21.375,22.5,1.875,20.8125,0.0,0,0,0,0
random_layer_matched,corrupt,to_clean,v5_qwen35_4b_073,72,19.625,0.023640558123588562,-3.25,-3.7208919525146484,5,0,0.0,-0.00039816275238990784,0.0,-0.017108917236328125,-9.462913513183594,0.008134841918945312,19.625,0.02403872087597847,5,0,0,0,22.875,22.875,23.25,0.25,21.4375,0.0,0,0,0,0
random_layer_matched,corrupt,to_clean,v5_qwen35_4b_270,269,19.625,0.0954286977648735,-1.0,-2.2491455078125,5,0,0.0,0.0007247701287269592,0.0,0.0084228515625,-6.762736797332764,0.0042667388916015625,19.625,0.09470392763614655,5,0,0,0,20.625,20.625,22.5,1.75,21.0625,0.0,0,0,0,0
random_layer_matched,corrupt,to_clean,v5_qwen35_4b_038,37,17.875,0.0027585425414144993,-5.375,-5.890310287475586,10,0,0.0,-3.4458935260772705e-08,0.0,-1.33514404296875e-05,-9.955431938171387,-0.003753662109375,17.875,0.00275857700034976,10,0,0,0,23.25,23.25,23.375,2.375,20.625,0.0,0,0,0,0
random_layer_matched,corrupt,to_clean,v5_qwen35_4b_204,203,20.625,0.046244241297245026,-2.625,-3.026491165161133,4,0,0.0,-3.353506326675415e-05,0.0,-0.000759124755859375,-6.473757743835449,-0.014730453491210938,20.625,0.04627777636051178,4,0,0,0,23.25,23.25,24.25,0.875,22.4375,0.0,0,0,0,0
random_layer_matched,corrupt,to_clean,v5_qwen35_4b_007,6,16.25,0.0005475919460877776,-7.25,-7.509458541870117,24,0,0.0,0.0,0.0,0.0,-17.880626678466797,0.0,16.25,0.0005475919460877776,24,0,0,0,23.5,23.5,23.375,2.0,19.8125,0.0,0,0,0,0
random_layer_matched,corrupt,to_clean,v5_qwen35_4b_014,13,16.25,0.0005475919460877776,-7.25,-7.509458541870117,24,0,0.0,0.0,0.0,0.0,-17.880626678466797,0.0,16.25,0.0005475919460877776,24,0,0,0,23.5,23.5,23.375,2.0,19.8125,0.0,0,0,0,0
random_layer_matched,corrupt,to_clean,v5_qwen35_4b_018,17,16.25,0.0005475919460877776,-7.25,-7.509458541870117,24,0,0.0,0.0,0.0,0.0,-17.880626678466797,0.0,16.25,0.0005475919460877776,24,0,0,0,23.5,23.5,23.375,2.0,19.8125,0.0,0,0,0,0
random_layer_matched,corrupt,to_clean,v5_qwen35_4b_020,19,16.25,0.0005475919460877776,-7.25,-7.509458541870117,24,0,0.0,0.0,0.0,0.0,-17.880626678466797,0.0,16.25,0.0005475919460877776,24,0,0,0,23.5,23.5,23.375,2.0,19.8125,0.0,0,0,0,0
random_layer_matched,corrupt,to_clean,v5_qwen35_4b_021,20,16.25,0.0005475919460877776,-7.25,-7.509458541870117,24,0,0.0,0.0,0.0,0.0,-17.880626678466797,0.0,16.25,0.0005475919460877776,24,0,0,0,23.5,23.5,23.375,2.0,19.8125,0.0,0,0,0,0
random_layer_matched,corrupt,to_clean,v5_qwen35_4b_024,23,16.25,0.0005475919460877776,-7.25,-7.509458541870117,24,0,0.0,0.0,0.0,0.0,-17.880626678466797,0.0,16.25,0.0005475919460877776,24,0,0,0,23.5,23.5,23.375,2.0,19.8125,0.0,0,0,0,0
random_layer_matched,corrupt,to_clean,v5_qwen35_4b_025,24,16.5,0.0007085565594024956,-7.0,-7.251596450805664,19,0,0.0,0.0,0.0,0.0,-17.89034652709961,0.0,16.5,0.0007085565594024956,19,0,0,0,23.5,23.5,23.375,2.125,19.9375,0.0,0,0,0,0
random_layer_matched,corrupt,to_clean,v5_qwen35_4b_098,97,16.5,0.0007085565594024956,-7.0,-7.251596450805664,19,0,0.0,0.0,0.0,0.0,-17.89034652709961,0.0,16.5,0.0007085565594024956,19,0,0,0,23.5,23.5,23.5,2.25,20.0,0.0,0,0,0,0
random_layer_matched,corrupt,to_clean,v5_qwen35_4b_114,113,16.75,0.0009985906071960926,-6.375,-6.908195495605469,11,0,0.0,0.0,0.0,0.0,-17.65980339050293,0.0,16.75,0.0009985906071960926,11,0,0,0,23.125,23.125,23.5,2.25,20.125,0.0,0,0,0,0
random_layer_matched,corrupt,to_clean,v5_qwen35_4b_128,127,16.75,0.0009985906071960926,-6.375,-6.908195495605469,11,0,0.0,0.0,0.0,0.0,-17.65980339050293,0.0,16.75,0.0009985906071960926,11,0,0,0,23.125,23.125,23.5,2.25,20.125,0.0,0,0,0,0
random_layer_matched,corrupt,to_clean,v5_qwen35_4b_131,130,16.75,0.0009985906071960926,-6.375,-6.908195495605469,11,0,0.0,0.0,0.0,0.0,-17.65980339050293,0.0,16.75,0.0009985906071960926,11,0,0,0,23.125,23.125,23.5,2.25,20.125,0.0,0,0,0,0
random_layer_matched,corrupt,to_clean,v5_qwen35_4b_135,134,16.75,0.0009985906071960926,-6.375,-6.908195495605469,11,0,0.0,0.0,0.0,0.0,-17.65980339050293,0.0,16.75,0.0009985906071960926,11,0,0,0,23.125,23.125,23.5,2.25,20.125,0.0,0,0,0,0
random_layer_matched,corrupt,to_clean,v5_qwen35_4b_136,135,16.75,0.0009985906071960926,-6.375,-6.908195495605469,11,0,0.0,0.0,0.0,0.0,-17.65980339050293,0.0,16.75,0.0009985906071960926,11,0,0,0,23.125,23.125,23.5,2.25,20.125,0.0,0,0,0,0
random_layer_matched,corrupt,to_clean,v5_qwen35_4b_144,143,16.75,0.0009985906071960926,-6.375,-6.908195495605469,11,0,0.0,0.0,0.0,0.0,-17.65980339050293,0.0,16.75,0.0009985906071960926,11,0,0,0,23.125,23.125,23.5,2.25,20.125,0.0,0,0,0,0
random_layer_matched,corrupt,to_clean,v5_qwen35_4b_145,144,16.75,0.0009985906071960926,-6.375,-6.908195495605469,11,0,0.0,0.0,0.0,0.0,-17.65980339050293,0.0,16.75,0.0009985906071960926,11,0,0,0,23.125,23.125,23.5,2.25,20.125,0.0,0,0,0,0
random_layer_matched,corrupt,to_clean,v5_qwen35_4b_160,159,16.5,0.0007085565594024956,-7.0,-7.251596450805664,19,0,0.0,0.0,0.0,0.0,-17.89034652709961,0.0,16.5,0.0007085565594024956,19,0,0,0,23.5,23.5,23.25,2.25,19.875,0.0,0,0,0,0
random_layer_matched,corrupt,to_clean,v5_qwen35_4b_164,163,16.5,0.0007085565594024956,-7.0,-7.251596450805664,19,0,0.0,0.0,0.0,0.0,-17.89034652709961,0.0,16.5,0.0007085565594024956,19,0,0,0,23.5,23.5,23.25,2.25,19.875,0.0,0,0,0,0
random_layer_matched,corrupt,to_clean,v5_qwen35_4b_169,168,16.5,0.0007085565594024956,-7.0,-7.251596450805664,19,0,0.0,0.0,0.0,0.0,-17.89034652709961,0.0,16.5,0.0007085565594024956,19,0,0,0,23.5,23.5,23.25,2.25,19.875,0.0,0,0,0,0
random_layer_matched,corrupt,to_clean,v5_qwen35_4b_174,173,16.5,0.0007085565594024956,-7.0,-7.251596450805664,19,0,0.0,0.0,0.0,0.0,-17.89034652709961,0.0,16.5,0.0007085565594024956,19,0,0,0,23.5,23.5,23.25,2.25,19.875,0.0,0,0,0,0
random_layer_matched,corrupt,to_clean,v5_qwen35_4b_187,186,16.5,0.0007085565594024956,-7.0,-7.251596450805664,19,0,0.0,0.0,0.0,0.0,-17.89034652709961,0.0,16.5,0.0007085565594024956,19,0,0,0,23.5,23.5,23.25,2.25,19.875,0.0,0,0,0,0
random_layer_matched,corrupt,to_clean,v5_qwen35_4b_188,187,16.5,0.0007085565594024956,-7.0,-7.251596450805664,19,0,0.0,0.0,0.0,0.0,-17.89034652709961,0.0,16.5,0.0007085565594024956,19,0,0,0,23.5,23.5,23.25,2.25,19.875,0.0,0,0,0,0
random_layer_matched,corrupt,to_clean,v5_qwen35_4b_213,212,18.0,0.006687911693006754,-4.5,-5.0007781982421875,7,0,0.0,0.0,0.0,0.0,-16.08746910095215,0.0,18.0,0.006687911693006754,7,0,0,0,22.5,22.5,23.25,2.25,20.625,0.0,0,0,0,0
random_layer_matched,corrupt,to_clean,v5_qwen35_4b_214,213,18.0,0.006687911693006754,-4.5,-5.0007781982421875,7,0,0.0,0.0,0.0,0.0,-16.08746910095215,0.0,18.0,0.006687911693006754,7,0,0,0,22.5,22.5,23.25,2.25,20.625,0.0,0,0,0,0
random_layer_matched,corrupt,to_clean,v5_qwen35_4b_216,215,18.0,0.006687911693006754,-4.5,-5.0007781982421875,7,0,0.0,0.0,0.0,0.0,-16.08746910095215,0.0,18.0,0.006687911693006754,7,0,0,0,22.5,22.5,23.25,2.25,20.625,0.0,0,0,0,0
random_layer_matched,corrupt,to_clean,v5_qwen35_4b_222,221,18.0,0.006687911693006754,-4.5,-5.0007781982421875,7,0,0.0,0.0,0.0,0.0,-16.08746910095215,0.0,18.0,0.006687911693006754,7,0,0,0,22.5,22.5,23.25,2.25,20.625,0.0,0,0,0,0
random_layer_matched,corrupt,to_clean,v5_qwen35_4b_224,223,18.0,0.006687911693006754,-4.5,-5.0007781982421875,7,0,0.0,0.0,0.0,0.0,-16.08746910095215,0.0,18.0,0.006687911693006754,7,0,0,0,22.5,22.5,23.25,2.25,20.625,0.0,0,0,0,0
random_layer_matched,corrupt,to_clean,v5_qwen35_4b_239,238,16.75,0.0009985906071960926,-6.375,-6.908195495605469,11,0,0.0,0.0,0.0,0.0,-17.65980339050293,0.0,16.75,0.0009985906071960926,11,0,0,0,23.125,23.125,23.25,2.125,20.0,0.0,0,0,0,0
random_layer_matched,corrupt,to_clean,v5_qwen35_4b_241,240,16.75,0.0009985906071960926,-6.375,-6.908195495605469,11,0,0.0,0.0,0.0,0.0,-17.65980339050293,0.0,16.75,0.0009985906071960926,11,0,0,0,23.125,23.125,23.25,2.125,20.0,0.0,0,0,0,0
random_layer_matched,corrupt,to_clean,v5_qwen35_4b_256,255,18.0,0.006687911693006754,-4.5,-5.0007781982421875,7,0,0.0,0.0,0.0,0.0,-16.08746910095215,0.0,18.0,0.006687911693006754,7,0,0,0,22.5,22.5,23.25,2.125,20.625,0.0,0,0,0,0
random_layer_matched,corrupt,to_clean,v5_qwen35_4b_269,268,18.0,0.006687911693006754,-4.5,-5.0007781982421875,7,0,0.0,0.0,0.0,0.0,-16.08746910095215,0.0,18.0,0.006687911693006754,7,0,0,0,22.5,22.5,23.25,2.125,20.625,0.0,0,0,0,0
random_layer_matched,corrupt,to_clean,v5_qwen35_4b_276,275,18.0,0.006896168924868107,-4.5,-4.969902038574219,7,0,0.0,0.0,0.0,0.0,-16.154268264770508,0.0,18.0,0.006896168924868107,7,0,0,0,22.5,22.5,23.25,2.125,20.625,0.0,0,0,0,0
random_layer_matched,corrupt,to_clean,v5_qwen35_4b_277,276,18.0,0.006896168924868107,-4.5,-4.969902038574219,7,0,0.0,0.0,0.0,0.0,-16.154268264770508,0.0,18.0,0.006896168924868107,7,0,0,0,22.5,22.5,23.25,2.125,20.625,0.0,0,0,0,0
random_layer_matched,corrupt,to_clean,v5_qwen35_4b_280,279,18.0,0.006896168924868107,-4.5,-4.969902038574219,7,0,0.0,0.0,0.0,0.0,-16.154268264770508,0.0,18.0,0.006896168924868107,7,0,0,0,22.5,22.5,23.25,2.125,20.625,0.0,0,0,0,0
random_layer_matched,corrupt,to_clean,v5_qwen35_4b_284,283,18.0,0.006896168924868107,-4.5,-4.969902038574219,7,0,0.0,0.0,0.0,0.0,-16.154268264770508,0.0,18.0,0.006896168924868107,7,0,0,0,22.5,22.5,23.25,2.125,20.625,0.0,0,0,0,0
random_layer_matched,corrupt,to_clean,v5_qwen35_4b_288,287,18.0,0.006896168924868107,-4.5,-4.969902038574219,7,0,0.0,0.0,0.0,0.0,-16.154268264770508,0.0,18.0,0.006896168924868107,7,0,0,0,22.5,22.5,23.25,2.125,20.625,0.0,0,0,0,0
random_layer_matched,corrupt,to_clean,v5_qwen35_4b_292,291,18.0,0.006896168924868107,-4.5,-4.969902038574219,7,0,0.0,0.0,0.0,0.0,-16.154268264770508,0.0,18.0,0.006896168924868107,7,0,0,0,22.5,22.5,23.25,2.125,20.625,0.0,0,0,0,0
random_layer_matched,corrupt,to_clean,v5_qwen35_4b_294,293,18.0,0.006896168924868107,-4.5,-4.969902038574219,7,0,0.0,0.0,0.0,0.0,-16.154268264770508,0.0,18.0,0.006896168924868107,7,0,0,0,22.5,22.5,23.25,2.125,20.625,0.0,0,0,0,0
random_layer_matched,corrupt,to_clean,v5_qwen35_4b_002,1,16.125,0.0005488589522428811,-7.25,-7.507144927978516,26,0,0.0,0.0,0.0,0.0,-18.10282325744629,0.0,16.125,0.0005488589522428811,26,0,0,0,23.375,23.375,23.25,1.875,19.6875,0.0,0,0,0,0
random_layer_matched,corrupt,to_clean,v5_qwen35_4b_012,11,16.25,0.0006166362436488271,-7.125,-7.3906402587890625,23,0,0.0,0.0,0.0,0.0,-18.084800720214844,0.0,16.25,0.0006166362436488271,23,0,0,0,23.375,23.375,23.25,2.0,19.75,0.0,0,0,0,0
random_layer_matched,corrupt,to_clean,v5_qwen35_4b_015,14,16.25,0.0006166362436488271,-7.125,-7.3906402587890625,23,0,0.0,0.0,0.0,0.0,-18.084800720214844,0.0,16.25,0.0006166362436488271,23,0,0,0,23.375,23.375,23.25,2.0,19.75,0.0,0,0,0,0
random_layer_matched,corrupt,to_clean,v5_qwen35_4b_037,36,16.75,0.0010443365899845958,-6.375,-6.86335563659668,12,0,0.0,0.0,0.0,0.0,-17.757553100585938,0.0,16.75,0.0010443365899845958,12,0,0,0,23.125,23.125,23.25,2.0,20.0,0.0,0,0,0,0
random_layer_matched,corrupt,to_clean,v5_qwen35_4b_042,41,16.75,0.0010443365899845958,-6.375,-6.86335563659668,12,0,0.0,0.0,0.0,0.0,-17.757553100585938,0.0,16.75,0.0010443365899845958,12,0,0,0,23.125,23.125,23.25,2.0,20.0,0.0,0,0,0,0
random_layer_matched,corrupt,to_clean,v5_qwen35_4b_044,43,16.75,0.0010443365899845958,-6.375,-6.86335563659668,12,0,0.0,0.0,0.0,0.0,-17.757553100585938,0.0,16.75,0.0010443365899845958,12,0,0,0,23.125,23.125,23.25,2.0,20.0,0.0,0,0,0,0
random_layer_matched,corrupt,to_clean,v5_qwen35_4b_115,114,16.75,0.0010443365899845958,-6.375,-6.86335563659668,12,0,0.0,0.0,0.0,0.0,-17.757553100585938,0.0,16.75,0.0010443365899845958,12,0,0,0,23.125,23.125,23.625,2.375,20.1875,0.0,0,0,0,0
random_layer_matched,corrupt,to_clean,v5_qwen35_4b_126,125,16.75,0.0010443365899845958,-6.375,-6.86335563659668,12,0,0.0,0.0,0.0,0.0,-17.757553100585938,0.0,16.75,0.0010443365899845958,12,0,0,0,23.125,23.125,23.625,2.375,20.1875,0.0,0,0,0,0
random_layer_matched,corrupt,to_clean,v5_qwen35_4b_127,126,16.75,0.0010443365899845958,-6.375,-6.86335563659668,12,0,0.0,0.0,0.0,0.0,-17.757553100585938,0.0,16.75,0.0010443365899845958,12,0,0,0,23.125,23.125,23.625,2.375,20.1875,0.0,0,0,0,0
random_layer_matched,corrupt,to_clean,v5_qwen35_4b_134,133,16.75,0.0010443365899845958,-6.375,-6.86335563659668,12,0,0.0,0.0,0.0,0.0,-17.757553100585938,0.0,16.75,0.0010443365899845958,12,0,0,0,23.125,23.125,23.625,2.375,20.1875,0.0,0,0,0,0
random_layer_matched,corrupt,to_clean,v5_qwen35_4b_140,139,16.75,0.0010443365899845958,-6.375,-6.86335563659668,12,0,0.0,0.0,0.0,0.0,-17.757553100585938,0.0,16.75,0.0010443365899845958,12,0,0,0,23.125,23.125,23.625,2.375,20.1875,0.0,0,0,0,0
random_layer_matched,corrupt,to_clean,v5_qwen35_4b_142,141,16.75,0.0010443365899845958,-6.375,-6.86335563659668,12,0,0.0,0.0,0.0,0.0,-17.757553100585938,0.0,16.75,0.0010443365899845958,12,0,0,0,23.125,23.125,23.625,2.375,20.1875,0.0,0,0,0,0
random_layer_matched,corrupt,to_clean,v5_qwen35_4b_146,145,16.75,0.0010443365899845958,-6.375,-6.86335563659668,12,0,0.0,0.0,0.0,0.0,-17.757553100585938,0.0,16.75,0.0010443365899845958,12,0,0,0,23.125,23.125,23.625,2.375,20.1875,0.0,0,0,0,0
random_layer_matched,corrupt,to_clean,v5_qwen35_4b_150,149,16.75,0.0010443365899845958,-6.375,-6.86335563659668,12,0,0.0,0.0,0.0,0.0,-17.757553100585938,0.0,16.75,0.0010443365899845958,12,0,0,0,23.125,23.125,23.625,2.375,20.1875,0.0,0,0,0,0
random_layer_matched,corrupt,to_clean,v5_qwen35_4b_168,167,16.25,0.0006166362436488271,-7.125,-7.3906402587890625,23,0,0.0,0.0,0.0,0.0,-18.084800720214844,0.0,16.25,0.0006166362436488271,23,0,0,0,23.375,23.375,23.25,2.125,19.75,0.0,0,0,0,0
random_layer_matched,corrupt,to_clean,v5_qwen35_4b_179,178,16.25,0.0006166362436488271,-7.125,-7.3906402587890625,23,0,0.0,0.0,0.0,0.0,-18.084800720214844,0.0,16.25,0.0006166362436488271,23,0,0,0,23.375,23.375,23.25,2.125,19.75,0.0,0,0,0,0
random_layer_matched,corrupt,to_clean,v5_qwen35_4b_183,182,16.25,0.0006166362436488271,-7.125,-7.3906402587890625,23,0,0.0,0.0,0.0,0.0,-18.084800720214844,0.0,16.25,0.0006166362436488271,23,0,0,0,23.375,23.375,23.25,2.125,19.75,0.0,0,0,0,0
random_layer_matched,corrupt,to_clean,v5_qwen35_4b_185,184,16.25,0.0006166362436488271,-7.125,-7.3906402587890625,23,0,0.0,0.0,0.0,0.0,-18.084800720214844,0.0,16.25,0.0006166362436488271,23,0,0,0,23.375,23.375,23.25,2.125,19.75,0.0,0,0,0,0
random_layer_matched,corrupt,to_clean,v5_qwen35_4b_186,185,16.25,0.0006166362436488271,-7.125,-7.3906402587890625,23,0,0.0,0.0,0.0,0.0,-18.084800720214844,0.0,16.25,0.0006166362436488271,23,0,0,0,23.375,23.375,23.25,2.125,19.75,0.0,0,0,0,0
random_layer_matched,corrupt,to_clean,v5_qwen35_4b_242,241,16.75,0.0010443365899845958,-6.375,-6.86335563659668,12,0,0.0,0.0,0.0,0.0,-17.757553100585938,0.0,16.75,0.0010443365899845958,12,0,0,0,23.125,23.125,23.125,2.0,19.9375,0.0,0,0,0,0
random_layer_matched,corrupt,to_clean,v5_qwen35_4b_249,248,16.75,0.0010443365899845958,-6.375,-6.86335563659668,12,0,0.0,0.0,0.0,0.0,-17.757553100585938,0.0,16.75,0.0010443365899845958,12,0,0,0,23.125,23.125,23.125,2.0,19.9375,0.0,0,0,0,0
random_layer_matched,corrupt,to_clean,v5_qwen35_4b_282,281,17.875,0.005645131692290306,-4.75,-5.171333312988281,8,0,0.0,0.0,0.0,0.0,-16.436128616333008,0.0,17.875,0.005645131692290306,8,0,0,0,22.625,22.625,23.125,2.0,20.5,0.0,0,0,0,0
random_layer_matched,corrupt,to_clean,v5_qwen35_4b_286,285,17.875,0.005645131692290306,-4.75,-5.171333312988281,8,0,0.0,0.0,0.0,0.0,-16.436128616333008,0.0,17.875,0.005645131692290306,8,0,0,0,22.625,22.625,23.125,2.0,20.5,0.0,0,0,0,0
random_layer_matched,corrupt,to_clean,v5_qwen35_4b_295,294,17.875,0.005645131692290306,-4.75,-5.171333312988281,8,0,0.0,0.0,0.0,0.0,-16.436128616333008,0.0,17.875,0.005645131692290306,8,0,0,0,22.625,22.625,23.125,2.0,20.5,0.0,0,0,0,0
random_layer_matched,corrupt,to_clean,v5_qwen35_4b_299,298,17.875,0.005645131692290306,-4.75,-5.171333312988281,8,0,0.0,0.0,0.0,0.0,-16.436128616333008,0.0,17.875,0.005645131692290306,8,0,0,0,22.625,22.625,23.125,2.0,20.5,0.0,0,0,0,0
random_layer_matched,corrupt,to_clean,v5_qwen35_4b_008,7,14.5,0.0003313183842692524,-7.625,-8.012136459350586,43,0,0.0,0.0,0.0,0.0,-17.894115447998047,0.0,14.5,0.0003313183842692524,43,0,0,0,22.125,22.125,21.625,1.375,18.0625,0.0,0,0,0,0
random_layer_matched,corrupt,to_clean,v5_qwen35_4b_122,121,15.0,0.0004016219172626734,-7.25,-7.81962776184082,26,0,0.0,0.0,0.0,0.0,-18.93631935119629,0.0,15.0,0.0004016219172626734,26,0,0,0,22.25,22.25,22.625,2.125,18.8125,0.0,0,0,0,0
random_layer_matched,corrupt,to_clean,v5_qwen35_4b_158,157,14.5625,0.00033609982347115874,-7.6875,-7.997800827026367,42,0,0.0,0.0,0.0,0.0,-18.18425941467285,0.0,14.5625,0.00033609982347115874,42,0,0,0,22.25,22.25,22.5,2.0,18.53125,0.0,0,0,0,0
random_layer_matched,corrupt,to_clean,v5_qwen35_4b_265,264,16.875,0.004074973054230213,-5.125,-5.49884033203125,8,0,0.0,0.0,0.0,0.0,-17.13174819946289,0.0,16.875,0.004074973054230213,8,0,0,0,22.0,22.0,22.0,1.25,19.4375,0.0,0,0,0,0
random_layer_matched,corrupt,to_clean,v5_qwen35_4b_003,2,15.5625,0.000641667633317411,-7.0625,-7.350828170776367,31,0,0.0,0.0,0.0,0.0,-18.407747268676758,0.0,15.5625,0.000641667633317411,31,0,0,0,22.625,22.625,22.5,2.0,19.03125,0.0,0,0,0,0
random_layer_matched,corrupt,to_clean,v5_qwen35_4b_011,10,15.5625,0.0006073143449611962,-7.1875,-7.405885696411133,29,0,0.0,0.0,0.0,0.0,-18.470539093017578,0.0,15.5625,0.0006073143449611962,29,0,0,0,22.75,22.75,22.25,2.0,18.90625,0.0,0,0,0,0
random_layer_matched,corrupt,to_clean,v5_qwen35_4b_033,32,16.25,0.0014820188516750932,-6.125,-6.512901306152344,18,0,0.0,0.0,0.0,0.0,-18.441133499145508,0.0,16.25,0.0014820188516750932,18,0,0,0,22.375,22.375,22.25,2.0,19.25,0.0,0,0,0,0
random_layer_matched,corrupt,to_clean,v5_qwen35_4b_048,47,16.25,0.0014820188516750932,-6.125,-6.512901306152344,18,0,0.0,0.0,0.0,0.0,-18.441133499145508,0.0,16.25,0.0014820188516750932,18,0,0,0,22.375,22.375,22.25,2.0,19.25,0.0,0,0,0,0
random_layer_matched,corrupt,to_clean,v5_qwen35_4b_070,69,17.5,0.00884167943149805,-4.375,-4.7194366455078125,5,0,0.0,0.0,0.0,0.0,-16.789098739624023,0.0,17.5,0.00884167943149805,5,0,0,0,21.875,21.875,22.25,1.875,19.875,0.0,0,0,0,0
random_layer_matched,corrupt,to_clean,v5_qwen35_4b_124,123,16.375,0.0018249666318297386,-5.875,-6.304405212402344,15,0,0.0,0.0,0.0,0.0,-18.354955673217773,0.0,16.375,0.0018249666318297386,15,0,0,0,22.25,22.25,22.625,2.125,19.5,0.0,0,0,0,0
random_layer_matched,corrupt,to_clean,v5_qwen35_4b_125,124,16.375,0.001570428255945444,-6.0,-6.454870223999023,18,0,0.0,0.0,0.0,0.0,-18.31229591369629,0.0,16.375,0.001570428255945444,18,0,0,0,22.375,22.375,22.625,2.125,19.5,0.0,0,0,0,0
random_layer_matched,corrupt,to_clean,v5_qwen35_4b_139,138,16.375,0.001570428255945444,-6.0,-6.454870223999023,18,0,0.0,0.0,0.0,0.0,-18.31229591369629,0.0,16.375,0.001570428255945444,18,0,0,0,22.375,22.375,22.625,2.125,19.5,0.0,0,0,0,0
random_layer_matched,corrupt,to_clean,v5_qwen35_4b_203,202,17.625,0.009332310408353806,-4.25,-4.664939880371094,6,0,0.0,0.0,0.0,0.0,-16.649810791015625,0.0,17.625,0.009332310408353806,6,0,0,0,21.875,21.875,22.625,2.125,20.125,0.0,0,0,0,0
random_layer_matched,corrupt,to_clean,v5_qwen35_4b_206,205,17.5,0.00884167943149805,-4.375,-4.7194366455078125,5,0,0.0,0.0,0.0,0.0,-16.789098739624023,0.0,17.5,0.00884167943149805,5,0,0,0,21.875,21.875,22.375,2.0,19.9375,0.0,0,0,0,0
random_layer_matched,corrupt,to_clean,v5_qwen35_4b_212,211,17.625,0.009332310408353806,-4.25,-4.664939880371094,6,0,0.0,0.0,0.0,0.0,-16.649810791015625,0.0,17.625,0.009332310408353806,6,0,0,0,21.875,21.875,22.625,2.125,20.125,0.0,0,0,0,0
random_layer_matched,corrupt,to_clean,v5_qwen35_4b_228,227,16.375,0.0018249666318297386,-5.875,-6.304405212402344,15,0,0.0,0.0,0.0,0.0,-18.354955673217773,0.0,16.375,0.0018249666318297386,15,0,0,0,22.25,22.25,21.75,1.25,19.0625,0.0,0,0,0,0
random_layer_matched,corrupt,to_clean,v5_qwen35_4b_230,229,16.375,0.0018249666318297386,-5.875,-6.304405212402344,15,0,0.0,0.0,0.0,0.0,-18.354955673217773,0.0,16.375,0.0018249666318297386,15,0,0,0,22.25,22.25,21.75,1.25,19.0625,0.0,0,0,0,0
random_layer_matched,corrupt,to_clean,v5_qwen35_4b_231,230,16.375,0.0018249666318297386,-5.875,-6.304405212402344,15,0,0.0,0.0,0.0,0.0,-18.354955673217773,0.0,16.375,0.0018249666318297386,15,0,0,0,22.25,22.25,21.75,1.25,19.0625,0.0,0,0,0,0
random_layer_matched,corrupt,to_clean,v5_qwen35_4b_236,235,16.375,0.0018249666318297386,-5.875,-6.304405212402344,15,0,0.0,0.0,0.0,0.0,-18.354955673217773,0.0,16.375,0.0018249666318297386,15,0,0,0,22.25,22.25,21.75,1.25,19.0625,0.0,0,0,0,0
random_layer_matched,corrupt,to_clean,v5_qwen35_4b_237,236,16.375,0.0018249666318297386,-5.875,-6.304405212402344,15,0,0.0,0.0,0.0,0.0,-18.354955673217773,0.0,16.375,0.0018249666318297386,15,0,0,0,22.25,22.25,21.75,1.25,19.0625,0.0,0,0,0,0
random_layer_matched,corrupt,to_clean,v5_qwen35_4b_238,237,16.375,0.001570428255945444,-6.0,-6.454870223999023,18,0,0.0,0.0,0.0,0.0,-18.31229591369629,0.0,16.375,0.001570428255945444,18,0,0,0,22.375,22.375,21.875,1.375,19.125,0.0,0,0,0,0
random_layer_matched,corrupt,to_clean,v5_qwen35_4b_247,246,16.375,0.0018249666318297386,-5.875,-6.304405212402344,15,0,0.0,0.0,0.0,0.0,-18.354955673217773,0.0,16.375,0.0018249666318297386,15,0,0,0,22.25,22.25,21.75,1.25,19.0625,0.0,0,0,0,0
random_layer_matched,corrupt,to_clean,v5_qwen35_4b_257,256,17.5,0.00884167943149805,-4.375,-4.7194366455078125,5,0,0.0,0.0,0.0,0.0,-16.789098739624023,0.0,17.5,0.00884167943149805,5,0,0,0,21.875,21.875,21.75,1.25,19.625,0.0,0,0,0,0
random_layer_matched,corrupt,to_clean,v5_qwen35_4b_291,290,17.5,0.00884167943149805,-4.375,-4.7194366455078125,5,0,0.0,0.0,0.0,0.0,-16.789098739624023,0.0,17.5,0.00884167943149805,5,0,0,0,21.875,21.875,21.75,1.25,19.625,0.0,0,0,0,0
random_layer_matched,corrupt,to_clean,v5_qwen35_4b_005,4,15.5,0.0006943017360754311,-7.0,-7.271942138671875,29,0,0.0,0.0,0.0,0.0,-18.40878677368164,0.0,15.5,0.0006943017360754311,29,0,0,0,22.5,22.5,22.25,1.875,18.875,0.0,0,0,0,0
random_layer_matched,corrupt,to_clean,v5_qwen35_4b_013,12,15.5625,0.0006759362877346575,-7.0625,-7.298765182495117,27,0,0.0,0.0,0.0,0.0,-18.486417770385742,0.0,15.5625,0.0006759362877346575,27,0,0,0,22.625,22.625,22.125,1.875,18.84375,0.0,0,0,0,0
random_layer_matched,corrupt,to_clean,v5_qwen35_4b_026,25,16.375,0.0018199029145762324,-5.875,-6.307188034057617,17,0,0.0,0.0,0.0,0.0,-18.374942779541016,0.0,16.375,0.0018199029145762324,17,0,0,0,22.25,22.25,22.125,1.875,19.25,0.0,0,0,0,0
random_layer_matched,corrupt,to_clean,v5_qwen35_4b_041,40,16.375,0.001830375986173749,-5.875,-6.301441192626953,19,0,0.0,0.0,0.0,0.0,-18.466537475585938,0.0,16.375,0.001830375986173749,19,0,0,0,22.25,22.25,22.25,1.875,19.3125,0.0,0,0,0,0
random_layer_matched,corrupt,to_clean,v5_qwen35_4b_045,44,16.375,0.001830375986173749,-5.875,-6.301441192626953,19,0,0.0,0.0,0.0,0.0,-18.466537475585938,0.0,16.375,0.001830375986173749,19,0,0,0,22.25,22.25,22.25,1.875,19.3125,0.0,0,0,0,0
random_layer_matched,corrupt,to_clean,v5_qwen35_4b_049,48,16.375,0.0018199029145762324,-5.875,-6.307188034057617,17,0,0.0,0.0,0.0,0.0,-18.374942779541016,0.0,16.375,0.0018199029145762324,17,0,0,0,22.25,22.25,22.125,1.875,19.25,0.0,0,0,0,0
random_layer_matched,corrupt,to_clean,v5_qwen35_4b_117,116,16.375,0.0018199029145762324,-5.875,-6.307188034057617,17,0,0.0,0.0,0.0,0.0,-18.374942779541016,0.0,16.375,0.0018199029145762324,17,0,0,0,22.25,22.25,22.625,2.25,19.5,0.0,0,0,0,0
random_layer_matched,corrupt,to_clean,v5_qwen35_4b_137,136,16.375,0.0018199029145762324,-5.875,-6.307188034057617,17,0,0.0,0.0,0.0,0.0,-18.374942779541016,0.0,16.375,0.0018199029145762324,17,0,0,0,22.25,22.25,22.625,2.25,19.5,0.0,0,0,0,0
random_layer_matched,corrupt,to_clean,v5_qwen35_4b_141,140,16.375,0.001830375986173749,-5.875,-6.301441192626953,19,0,0.0,0.0,0.0,0.0,-18.466537475585938,0.0,16.375,0.001830375986173749,19,0,0,0,22.25,22.25,22.625,2.25,19.5,0.0,0,0,0,0
random_layer_matched,corrupt,to_clean,v5_qwen35_4b_157,156,15.5625,0.0006759362877346575,-7.0625,-7.298765182495117,27,0,0.0,0.0,0.0,0.0,-18.486417770385742,0.0,15.5625,0.0006759362877346575,27,0,0,0,22.625,22.625,22.625,2.25,19.09375,0.0,0,0,0,0
random_layer_matched,corrupt,to_clean,v5_qwen35_4b_227,226,16.375,0.0018199029145762324,-5.875,-6.307188034057617,17,0,0.0,0.0,0.0,0.0,-18.374942779541016,0.0,16.375,0.0018199029145762324,17,0,0,0,22.25,22.25,21.875,1.375,19.125,0.0,0,0,0,0
random_layer_matched,corrupt,to_clean,v5_qwen35_4b_233,232,16.375,0.001830375986173749,-5.875,-6.301441192626953,19,0,0.0,0.0,0.0,0.0,-18.466537475585938,0.0,16.375,0.001830375986173749,19,0,0,0,22.25,22.25,21.75,1.375,19.0625,0.0,0,0,0,0
random_layer_matched,corrupt,to_clean,v5_qwen35_4b_235,234,16.375,0.0018199029145762324,-5.875,-6.307188034057617,17,0,0.0,0.0,0.0,0.0,-18.374942779541016,0.0,16.375,0.0018199029145762324,17,0,0,0,22.25,22.25,21.875,1.375,19.125,0.0,0,0,0,0
random_layer_matched,corrupt,to_clean,v5_qwen35_4b_248,247,16.375,0.0018199029145762324,-5.875,-6.307188034057617,17,0,0.0,0.0,0.0,0.0,-18.374942779541016,0.0,16.375,0.0018199029145762324,17,0,0,0,22.25,22.25,21.875,1.375,19.125,0.0,0,0,0,0
random_layer_matched,corrupt,to_clean,v5_qwen35_4b_250,249,16.375,0.0018199029145762324,-5.875,-6.307188034057617,17,0,0.0,0.0,0.0,0.0,-18.374942779541016,0.0,16.375,0.0018199029145762324,17,0,0,0,22.25,22.25,21.875,1.375,19.125,0.0,0,0,0,0
random_layer_matched,corrupt,to_clean,v5_qwen35_4b_261,260,17.625,0.010868935845792294,-4.125,-4.510963439941406,6,0,0.0,0.0,0.0,0.0,-16.56675910949707,0.0,17.625,0.010868935845792294,6,0,0,0,21.75,21.75,21.75,1.375,19.6875,0.0,0,0,0,0
random_layer_matched,corrupt,to_clean,v5_qwen35_4b_274,273,17.5,0.008061088621616364,-4.5,-4.812646865844727,5,0,0.0,0.0,0.0,0.0,-16.848115921020508,0.0,17.5,0.008061088621616364,5,0,0,0,22.0,22.0,21.875,1.375,19.6875,0.0,0,0,0,0
random_layer_matched,corrupt,to_clean,v5_qwen35_4b_298,297,17.5,0.008719369769096375,-4.375,-4.733491897583008,6,0,0.0,0.0,0.0,0.0,-16.868783950805664,0.0,17.5,0.008719369769096375,6,0,0,0,21.875,21.875,21.875,1.375,19.6875,0.0,0,0,0,0
random_layer_matched,corrupt,to_clean,v5_qwen35_4b_202,201,20.375,0.09444060921669006,-1.875,-2.2606163024902344,2,0,0.0,-0.00010326504707336426,0.0,-0.0012073516845703125,-6.802384376525879,-0.03981590270996094,20.375,0.09454387426376343,2,0,0,0,22.25,22.25,23.375,0.5,21.875,0.0,0,0,0,0
random_layer_matched,corrupt,to_clean,v5_qwen35_4b_221,220,19.5,0.020038193091750145,-2.875,-3.8899002075195312,5,0,0.0,0.0006273314356803894,0.0,0.03244781494140625,-4.292375087738037,-0.0034160614013671875,19.5,0.019410861656069756,5,0,0,0,22.375,22.375,24.625,0.25,22.0625,0.0,0,0,0,0
random_layer_matched,corrupt,to_clean,v5_qwen35_4b_051,50,19.125,0.026128634810447693,-2.875,-3.6182804107666016,5,0,0.0,-0.0015269871801137924,-0.125,-0.0583648681640625,-7.3455047607421875,-0.025531768798828125,19.125,0.027655621990561485,5,0,0,0,21.875,22.0,23.625,0.25,21.375,0.0,0,0,0,0
random_layer_matched,corrupt,to_clean,v5_qwen35_4b_278,277,19.375,0.033937957137823105,-2.625,-3.348726272583008,5,0,0.0,-0.0010887570679187775,-0.125,-0.03270149230957031,-7.092062950134277,-0.0014224052429199219,19.375,0.03502671420574188,5,0,0,0,21.875,22.0,23.375,0.5,21.375,0.0,0,0,0,0
random_layer_matched,corrupt,to_clean,v5_qwen35_4b_062,61,19.5,0.03666166216135025,-2.625,-3.268705368041992,5,0,0.0,-4.456564784049988e-05,0.0,-0.0012607574462890625,-7.246460437774658,2.4318695068359375e-05,19.5,0.03670622780919075,5,0,0,0,22.125,22.125,23.75,0.375,21.625,0.0,0,0,0,0
random_layer_matched,corrupt,to_clean,v5_qwen35_4b_068,67,19.5,0.03666166216135025,-2.625,-3.268705368041992,5,0,0.0,-4.456564784049988e-05,0.0,-0.0012607574462890625,-7.246460437774658,2.4318695068359375e-05,19.5,0.03670622780919075,5,0,0,0,22.125,22.125,23.75,0.375,21.625,0.0,0,0,0,0
random_layer_matched,corrupt,to_clean,v5_qwen35_4b_209,208,19.5,0.03660667687654495,-2.625,-3.270263671875,5,0,0.0,-4.24310564994812e-06,0.0,-0.0001201629638671875,-7.302534103393555,-0.021528244018554688,19.5,0.0366109199821949,5,0,0,0,22.125,22.125,23.625,0.125,21.5625,0.0,0,0,0,0
random_layer_matched,corrupt,to_clean,v5_qwen35_4b_220,219,19.5,0.03660667687654495,-2.625,-3.270263671875,5,0,0.0,-4.24310564994812e-06,0.0,-0.0001201629638671875,-7.302534103393555,-0.021528244018554688,19.5,0.0366109199821949,5,0,0,0,22.125,22.125,23.625,0.125,21.5625,0.0,0,0,0,0
random_layer_matched,corrupt,to_clean,v5_qwen35_4b_225,224,19.5,0.03660667687654495,-2.625,-3.270263671875,5,0,0.0,-4.24310564994812e-06,0.0,-0.0001201629638671875,-7.302534103393555,-0.021528244018554688,19.5,0.0366109199821949,5,0,0,0,22.125,22.125,23.625,0.125,21.5625,0.0,0,0,0,0
random_layer_matched,corrupt,to_clean,v5_qwen35_4b_300,299,19.625,0.038856055587530136,-2.5,-3.208292007446289,5,0,0.0,-8.878856897354126e-05,0.0,-0.002376556396484375,-7.196494102478027,-0.004374980926513672,19.625,0.03894484415650368,5,0,0,0,22.125,22.125,23.375,0.5,21.5,0.0,0,0,0,0
random_layer_matched,corrupt,to_clean,v5_qwen35_4b_293,292,19.375,0.027442187070846558,-3.0,-3.5678749084472656,4,0,0.0,0.0,0.0,0.0,-8.23132038116455,0.0,19.375,0.027442187070846558,4,0,0,0,22.375,22.375,24.75,3.5,22.0625,0.0,0,0,0,0
random_layer_matched,corrupt,to_clean,v5_qwen35_4b_066,65,19.375,0.03405380994081497,-2.625,-3.3451976776123047,5,0,0.0,0.00022960081696510315,0.0,0.0070037841796875,-7.7930684089660645,-0.01247406005859375,19.375,0.03382420912384987,5,0,0,0,22.0,22.0,23.75,0.5,21.5625,0.0,0,0,0,0
random_layer_matched,corrupt,to_clean,v5_qwen35_4b_197,196,19.375,0.028470445424318314,-2.5,-3.530048370361328,7,0,0.0,-0.0015113353729248047,-0.125,-0.05328178405761719,-6.413849830627441,-0.008053302764892578,19.375,0.02998178079724312,7,0,0,0,21.75,21.875,23.375,0.125,21.375,0.0,0,0,0,0
random_layer_matched,corrupt,to_clean,v5_qwen35_4b_074,73,19.5,0.03317640349268913,-2.75,-3.3722076416015625,5,0,-0.125,-0.0041901059448719025,-0.125,-0.12327957153320312,-7.408864974975586,-0.025165081024169922,19.625,0.037366509437561035,5,0,0,0,22.25,22.25,24.125,0.625,21.875,-0.027777777777777776,0,0,0,0
random_layer_matched,corrupt,to_clean,v5_qwen35_4b_189,188,19.125,0.014710948802530766,-3.375,-4.204383850097656,7,0,0.0,-2.064090222120285e-05,0.0,-0.001422882080078125,-6.428294658660889,-0.007114410400390625,19.125,0.014731589704751968,7,0,0,0,22.5,22.5,23.375,0.25,21.25,0.0,0,0,0,0
random_layer_matched,corrupt,to_clean,v5_qwen35_4b_223,222,19.75,0.04503084346652031,-2.375,-3.054361343383789,5,0,0.125,0.002675909548997879,0.0,0.06406402587890625,-7.315929889678955,-0.008501052856445312,19.625,0.04235493391752243,5,0,0,0,22.0,22.125,23.75,0.25,21.6875,0.030303030303030304,0,0,0,0
random_layer_matched,corrupt,to_clean,v5_qwen35_4b_266,265,19.5,0.038894496858119965,-2.375,-3.2072677612304688,5,0,0.0,-0.0010612867772579193,0.0,-0.028026580810546875,-7.240344524383545,0.003489971160888672,19.5,0.039955783635377884,5,0,0,0,21.875,21.875,23.625,0.75,21.5625,0.0,0,0,0,0
random_layer_matched,corrupt,to_clean,v5_qwen35_4b_287,286,19.75,0.045012082904577255,-2.375,-3.054798126220703,5,0,0.125,0.002657148987054825,0.0,0.06362724304199219,-7.310995101928711,-0.003566265106201172,19.625,0.04235493391752243,5,0,0,0,22.0,22.125,23.125,0.25,21.375,0.03571428571428571,0,0,0,0
random_layer_matched,corrupt,to_clean,v5_qwen35_4b_058,57,19.625,0.034430455416440964,-2.875,-3.3338050842285156,4,0,0.0,0.00022420287132263184,0.0,0.0067653656005859375,-8.482501983642578,-0.022347450256347656,19.625,0.03420625254511833,5,0,0,0,22.5,22.5,23.5,0.25,21.5625,0.0,0,0,0,0
random_layer_matched,corrupt,to_clean,v5_qwen35_4b_060,59,19.5,0.03555044159293175,-2.625,-3.3006362915039062,5,0,0.0,-0.0011839382350444794,-0.125,-0.03398895263671875,-7.166262149810791,0.0029592514038085938,19.5,0.03673437982797623,5,0,0,0,22.0,22.125,24.0,0.5,21.75,0.0,0,0,0,0
random_layer_matched,corrupt,to_clean,v5_qwen35_4b_201,200,19.625,0.040200553834438324,-2.5,-3.1728763580322266,5,0,0.0,-0.0006960555911064148,0.0,-0.017892837524414062,-7.4367356300354,-0.018627643585205078,19.625,0.04089660942554474,5,0,0,0,22.125,22.125,23.625,0.25,21.625,0.0,0,0,0,0
random_layer_matched,corrupt,to_clean,v5_qwen35_4b_217,216,19.625,0.040356602519750595,-2.5,-3.1688385009765625,5,0,0.125,0.004564959555864334,0.125,0.124786376953125,-7.2930097579956055,-0.022186756134033203,19.5,0.03579164296388626,5,0,0,0,22.125,22.125,23.75,0.375,21.625,0.029411764705882353,0,0,0,0
random_layer_matched,corrupt,to_clean,v5_qwen35_4b_218,217,19.625,0.0402810163795948,-2.5,-3.1707916259765625,5,0,0.0,0.0024707987904548645,0.125,0.06587028503417969,-7.481828212738037,-0.006451129913330078,19.625,0.03781021758913994,5,0,0,0,22.25,22.125,23.625,0.25,21.625,0.0,0,0,0,0
random_layer_matched,corrupt,to_clean,v5_qwen35_4b_275,274,19.625,0.04028364643454552,-2.5,-3.1707229614257812,5,0,0.0,0.0024734288454055786,0.125,0.06593894958496094,-7.502374172210693,-0.026997089385986328,19.625,0.03781021758913994,5,0,0,0,22.25,22.125,23.25,0.375,21.4375,0.0,0,0,0,0
random_layer_matched,corrupt,to_clean,v5_qwen35_4b_297,296,19.75,0.04626314714550972,-2.375,-3.026073455810547,5,0,0.0,-2.354755997657776e-05,0.0,-0.0005340576171875,-7.422877311706543,0.004294395446777344,19.75,0.0462866947054863,5,0,0,0,22.125,22.125,23.25,0.375,21.5,0.0,0,0,0,0
random_layer_matched,corrupt,to_clean,v5_qwen35_4b_050,49,19.625,0.042354974895715714,-2.5,-3.1184234619140625,5,0,0.0,1.3280659914016724e-05,0.0,0.00032806396484375,-7.438668727874756,0.0001201629638671875,19.625,0.0423416942358017,5,0,0,0,22.125,22.125,23.875,0.625,21.75,0.0,0,0,0,0
random_layer_matched,corrupt,to_clean,v5_qwen35_4b_063,62,19.625,0.042354974895715714,-2.5,-3.1184234619140625,5,0,0.0,1.3280659914016724e-05,0.0,0.00032806396484375,-7.438668727874756,0.0001201629638671875,19.625,0.0423416942358017,5,0,0,0,22.125,22.125,23.875,0.625,21.75,0.0,0,0,0,0
random_layer_matched,corrupt,to_clean,v5_qwen35_4b_067,66,19.625,0.042354974895715714,-2.5,-3.1184234619140625,5,0,0.0,1.3280659914016724e-05,0.0,0.00032806396484375,-7.438668727874756,0.0001201629638671875,19.625,0.0423416942358017,5,0,0,0,22.125,22.125,23.875,0.625,21.75,0.0,0,0,0,0
random_layer_matched,corrupt,to_clean,v5_qwen35_4b_075,74,19.625,0.042354974895715714,-2.5,-3.1184234619140625,5,0,0.0,1.3280659914016724e-05,0.0,0.00032806396484375,-7.438668727874756,0.0001201629638671875,19.625,0.0423416942358017,5,0,0,0,22.125,22.125,23.875,0.625,21.75,0.0,0,0,0,0
random_layer_matched,corrupt,to_clean,v5_qwen35_4b_198,197,19.875,0.04984318092465401,-1.875,-2.9477882385253906,5,0,0.0,0.0020730309188365936,0.125,0.04466056823730469,-5.813240051269531,-0.014716625213623047,19.875,0.04777015000581741,5,0,0,0,21.875,21.75,23.75,0.375,21.8125,0.0,0,0,0,0
random_layer_matched,corrupt,to_clean,v5_qwen35_4b_219,218,19.625,0.042302198708057404,-2.5,-3.1197261810302734,5,0,0.0,-7.884949445724487e-05,0.0,-0.00194549560546875,-7.246621131896973,-0.017082691192626953,19.625,0.04238104820251465,5,0,0,0,22.125,22.125,23.75,0.375,21.6875,0.0,0,0,0,0
random_layer_matched,corrupt,to_clean,v5_qwen35_4b_253,252,19.625,0.042337168008089066,-2.5,-3.118864059448242,5,0,0.0,-4.3880194425582886e-05,0.0,-0.0010833740234375,-7.247847080230713,-0.018308639526367188,19.625,0.04238104820251465,5,0,0,0,22.125,22.125,23.25,0.5,21.4375,0.0,0,0,0,0
random_layer_matched,corrupt,to_clean,v5_qwen35_4b_200,199,19.875,0.05315956845879555,-2.125,-2.8798675537109375,5,0,0.125,0.005948223173618317,0.125,0.12492752075195312,-6.145059585571289,-0.009638786315917969,19.75,0.04721134528517723,5,0,0,0,22.0,22.0,24.125,1.375,21.9375,0.02857142857142857,0,0,0,0
random_layer_matched,corrupt,to_clean,v5_qwen35_4b_031,30,19.375,0.025734690949320793,-2.875,-3.633890151977539,7,0,0.125,0.002934027463197708,0.125,0.12405776977539062,-6.966518878936768,-0.005374908447265625,19.25,0.022800663486123085,7,0,0,0,22.25,22.25,23.75,0.875,21.5,0.027777777777777776,0,0,0,0
random_layer_matched,corrupt,to_clean,v5_qwen35_4b_163,162,19.75,0.040298689156770706,-1.875,-3.170358657836914,6,0,0.0,1.1995434761047363e-06,0.0,3.0517578125e-05,-4.004175186157227,-0.006540775299072266,19.75,0.0402974896132946,6,0,0,0,21.625,21.625,23.5,0.625,21.625,0.0,0,0,0,0
random_layer_matched,corrupt,to_clean,v5_qwen35_4b_184,183,20.0,0.05081304907798767,-1.75,-2.9275074005126953,5,0,0.0,6.0033053159713745e-05,0.0,0.0012454986572265625,-2.1545934677124023,-0.0005207061767578125,20.0,0.05075301602482796,5,0,0,0,21.75,21.75,23.375,0.25,21.6875,0.0,0,0,0,0
random_layer_matched,corrupt,to_clean,v5_qwen35_4b_191,190,19.375,0.025707341730594635,-2.875,-3.6349830627441406,7,0,0.125,0.00290667824447155,0.125,0.12296485900878906,-6.963975429534912,-0.0028314590454101562,19.25,0.022800663486123085,7,0,0,0,22.25,22.25,23.5,0.625,21.375,0.029411764705882353,0,0,0,0
random_layer_matched,corrupt,to_clean,v5_qwen35_4b_192,191,19.375,0.025707341730594635,-2.875,-3.6349830627441406,7,0,0.125,0.00290667824447155,0.125,0.12296485900878906,-6.963975429534912,-0.0028314590454101562,19.25,0.022800663486123085,7,0,0,0,22.25,22.25,23.5,0.625,21.375,0.029411764705882353,0,0,0,0
random_layer_matched,corrupt,to_clean,v5_qwen35_4b_022,21,19.625,0.03649119287729263,-2.0,-3.2735671997070312,6,0,0.0,7.029995322227478e-05,0.0,0.002002716064453125,-3.995636463165283,-0.003137350082397461,19.625,0.03642089292407036,6,0,0,0,21.625,21.625,23.75,0.875,21.6875,0.0,0,0,0,0
random_layer_matched,corrupt,to_clean,v5_qwen35_4b_034,33,19.375,0.021655354648828506,-3.0,-3.8106555938720703,7,0,0.0,3.131851553916931e-05,0.0,0.0014801025390625,-6.335508346557617,-0.002007007598876953,19.375,0.021624036133289337,7,0,0,0,22.375,22.375,23.25,0.375,21.3125,0.0,0,0,0,0
random_layer_matched,corrupt,to_clean,v5_qwen35_4b_061,60,19.75,0.033887047320604324,-3.0,-3.350278854370117,4,0,0.0,-2.3379921913146973e-05,0.0,-0.0007152557373046875,-8.85179328918457,0.00095367431640625,19.75,0.03391042724251747,4,0,0,0,22.75,22.75,23.75,0.875,21.75,0.0,0,0,0,0
random_layer_matched,corrupt,to_clean,v5_qwen35_4b_069,68,19.875,0.03363031521439552,-3.0,-3.3581466674804688,4,0,0.0,4.667788743972778e-06,0.0,0.0001430511474609375,-8.958961486816406,-0.020226478576660156,19.875,0.03362564742565155,4,0,0,0,22.875,22.875,23.25,0.375,21.5625,0.0,0,0,0,0
random_layer_matched,corrupt,to_clean,v5_qwen35_4b_162,161,19.625,0.03724001720547676,-2.0,-3.2524795532226562,6,0,0.0,0.0008191242814064026,0.0,0.023090362548828125,-3.994658946990967,-0.0021598339080810547,19.625,0.03642089292407036,6,0,0,0,21.625,21.625,23.625,0.75,21.625,0.0,0,0,0,0
random_layer_matched,corrupt,to_clean,v5_qwen35_4b_165,164,19.625,0.030648840591311455,-2.25,-3.454080581665039,7,0,0.0,9.363517165184021e-06,0.0,0.0003147125244140625,-3.872459650039673,0.0004897117614746094,19.625,0.03063947707414627,7,0,0,0,21.875,21.875,23.375,0.375,21.5,0.0,0,0,0,0
random_layer_matched,corrupt,to_clean,v5_qwen35_4b_176,175,19.625,0.03724001720547676,-2.0,-3.2524795532226562,6,0,0.0,0.0008191242814064026,0.0,0.023090362548828125,-3.994658946990967,-0.0021598339080810547,19.625,0.03642089292407036,6,0,0,0,21.625,21.625,23.625,0.75,21.625,0.0,0,0,0,0
random_layer_matched,corrupt,to_clean,v5_qwen35_4b_177,176,19.625,0.03724001720547676,-2.0,-3.2524795532226562,6,0,0.0,0.0008191242814064026,0.0,0.023090362548828125,-3.994658946990967,-0.0021598339080810547,19.625,0.03642089292407036,6,0,0,0,21.625,21.625,23.625,0.75,21.625,0.0,0,0,0,0
random_layer_matched,corrupt,to_clean,v5_qwen35_4b_211,210,19.75,0.03384118899703026,-3.0,-3.3516807556152344,4,0,0.0,-4.738569259643555e-06,0.0,-0.0001468658447265625,-8.879064559936523,-0.0061359405517578125,19.75,0.0338459275662899,4,0,0,0,22.75,22.75,23.625,0.75,21.6875,0.0,0,0,0,0
random_layer_matched,corrupt,to_clean,v5_qwen35_4b_246,245,19.375,0.025885652750730515,-2.875,-3.627887725830078,7,0,0.0,-0.00027200207114219666,0.0,-0.010732650756835938,-6.880086421966553,-0.015746116638183594,19.375,0.02615765482187271,7,0,0,0,22.25,22.25,22.5,0.125,20.9375,0.0,0,0,0,0
random_layer_matched,corrupt,to_clean,v5_qwen35_4b_268,267,19.75,0.033856067806482315,-3.0,-3.351224899291992,4,0,0.0,1.014024019241333e-05,0.0,0.000308990478515625,-8.864666938781738,0.008261680603027344,19.75,0.0338459275662899,4,0,0,0,22.75,22.75,22.5,0.125,21.125,0.0,0,0,0,0
random_layer_matched,corrupt,to_clean,v5_qwen35_4b_032,31,19.5,0.02635989896953106,-2.75,-3.609243392944336,7,0,0.0,-0.0005562212318181992,0.0,-0.021453857421875,-5.678737163543701,-0.0020470619201660156,19.5,0.02691612020134926,7,0,0,0,22.25,22.25,23.75,0.5,21.625,0.0,0,0,0,0
random_layer_matched,corrupt,to_clean,v5_qwen35_4b_194,193,19.375,0.02404930628836155,-2.875,-3.7033538818359375,7,0,0.0,1.2867152690887451e-05,0.0,0.00054931640625,-6.319158554077148,-0.009094715118408203,19.375,0.024036439135670662,7,0,0,0,22.25,22.25,23.5,0.375,21.4375,0.0,0,0,0,0
random_layer_matched,corrupt,to_clean,v5_qwen35_4b_195,194,19.5,0.02534622699022293,-2.5,-3.6494903564453125,7,0,0.125,0.002893976867198944,0.125,0.12420272827148438,-5.899895668029785,-0.0015406608581542969,19.375,0.022452250123023987,7,0,0,0,22.0,22.0,23.625,0.25,21.5,0.029411764705882353,0,0,0,0
random_layer_matched,corrupt,to_clean,v5_qwen35_4b_019,18,19.25,0.01998431794345379,-2.75,-3.892671585083008,7,0,0.0,-1.969374716281891e-05,0.0,-0.0010051727294921875,-3.8526360988616943,-0.0062253475189208984,19.25,0.020004011690616608,7,0,0,0,22.0,22.0,23.25,0.375,21.25,0.0,0,0,0,0
random_layer_matched,corrupt,to_clean,v5_qwen35_4b_056,55,19.375,0.020124927163124084,-3.5,-3.885496139526367,6,0,0.125,0.0022995304316282272,0.125,0.12367820739746094,-8.849091529846191,-0.016729354858398438,19.25,0.017825396731495857,6,0,0,0,22.875,22.875,24.25,0.875,21.75,0.025,0,0,0,0
random_layer_matched,corrupt,to_clean,v5_qwen35_4b_057,56,19.375,0.019803861156105995,-3.5,-3.9019031524658203,6,0,0.0,8.090585470199585e-05,0.0,0.004177093505859375,-8.791217803955078,-0.0066204071044921875,19.375,0.019722955301404,6,0,0,0,22.875,22.875,24.0,0.625,21.6875,0.0,0,0,0,0
random_layer_matched,corrupt,to_clean,v5_qwen35_4b_190,189,19.375,0.02476586401462555,-2.75,-3.6732559204101562,7,0,0.0,-7.855333387851715e-05,0.0,-0.0032482147216796875,-5.333869457244873,-0.00021505355834960938,19.375,0.024844417348504066,7,0,0,0,22.125,22.125,24.25,0.875,21.8125,0.0,0,0,0,0
random_layer_matched,corrupt,to_clean,v5_qwen35_4b_199,198,19.375,0.022638512775301933,-2.875,-3.765247344970703,7,0,0.0,2.5989487767219543e-05,0.0,0.0011749267578125,-5.681426525115967,0.005671501159667969,19.375,0.022612523287534714,7,0,0,0,22.25,22.25,24.0,0.5,21.6875,0.0,0,0,0,0
random_layer_matched,corrupt,to_clean,v5_qwen35_4b_240,239,19.375,0.024842824786901474,-2.75,-3.670074462890625,7,0,0.0,-1.5925616025924683e-06,0.0,-6.67572021484375e-05,-5.3393354415893555,-0.005681037902832031,19.375,0.024844417348504066,7,0,0,0,22.125,22.125,23.75,0.875,21.5625,0.0,0,0,0,0
random_layer_matched,corrupt,to_clean,v5_qwen35_4b_279,278,19.25,0.01778862439095974,-3.625,-4.0112762451171875,6,0,0.0,-1.0106712579727173e-05,0.0,-0.0005779266357421875,-8.787737846374512,-0.009349822998046875,19.25,0.017798731103539467,6,0,0,0,22.875,22.875,23.625,0.625,21.4375,0.0,0,0,0,0
random_layer_matched,corrupt,to_clean,v5_qwen35_4b_173,172,19.25,0.019487369805574417,-2.75,-3.9183597564697266,7,0,0.0,1.1509284377098083e-05,0.0,0.00060272216796875,-3.904193878173828,-0.009540796279907227,19.25,0.01947586052119732,7,0,0,0,22.0,22.0,23.5,0.375,21.375,0.0,0,0,0,0
random_layer_matched,corrupt,to_clean,v5_qwen35_4b_193,192,19.375,0.02880641259253025,-2.5,-3.5179691314697266,6,0,0.0,-1.8458813428878784e-06,0.0,-6.67572021484375e-05,-4.284217357635498,-0.0014004707336425781,19.375,0.02880825847387314,6,0,0,0,21.875,21.875,24.25,0.875,21.8125,0.0,0,0,0,0
random_layer_matched,corrupt,to_clean,v5_qwen35_4b_196,195,19.75,0.03602783754467964,-2.25,-3.2868099212646484,5,0,0.0,-0.0004692450165748596,0.0,-0.013425827026367188,-5.56300687789917,-0.010533332824707031,19.75,0.0364970825612545,5,0,0,0,22.0,22.0,23.625,0.25,21.6875,0.0,0,0,0,0
random_layer_matched,corrupt,to_clean,v5_qwen35_4b_207,206,19.75,0.026451295241713524,-3.25,-3.6056690216064453,5,0,0.0,5.1720067858695984e-05,0.0,0.0020084381103515625,-8.92485237121582,-0.023660659790039062,19.75,0.026399575173854828,5,0,0,0,23.0,23.0,23.375,0.375,21.5625,0.0,0,0,0,0
random_layer_matched,corrupt,to_clean,v5_qwen35_4b_210,209,19.5,0.029360642656683922,-2.875,-3.4983291625976562,5,0,0.0,2.6093795895576477e-05,0.0,0.00091552734375,-7.990336894989014,-0.012256145477294922,19.5,0.029334548860788345,5,0,0,0,22.375,22.375,23.625,0.125,21.5625,0.0,0,0,0,0
random_layer_matched,corrupt,to_clean,v5_qwen35_4b_071,70,19.375,0.02571937069296837,-3.0,-3.634481430053711,5,0,0.0,0.0,0.0,0.0,-8.197752952575684,0.0,19.375,0.02571937069296837,5,0,0,0,22.375,22.375,23.5,1.25,21.4375,0.0,0,0,0,0
random_layer_matched,corrupt,to_clean,v5_qwen35_4b_170,169,18.875,0.02132946439087391,-2.625,-3.8261585235595703,7,0,0.0,3.166496753692627e-06,0.0,0.000152587890625,-2.164656639099121,0.005287647247314453,18.875,0.021326297894120216,7,0,0,0,21.5,21.5,23.375,0.75,21.125,0.0,0,0,0,0
random_layer_matched,corrupt,to_clean,v5_qwen35_4b_178,177,19.75,0.046445637941360474,-1.75,-3.0219669342041016,5,0,-0.125,-0.008634813129901886,-0.25,-0.1796092987060547,-3.2768497467041016,0.004689216613769531,19.875,0.05508045107126236,5,0,0,0,21.375,21.5,23.625,0.625,21.75,-0.03333333333333333,0,0,0,0
random_layer_matched,corrupt,to_clean,v5_qwen35_4b_175,174,19.0,0.01866607926785946,-2.875,-3.9622554779052734,7,0,0.0,1.788698136806488e-05,0.0,0.0009765625,-2.4848668575286865,0.007817506790161133,19.0,0.018648192286491394,7,0,0,0,21.875,21.875,22.875,0.0,20.9375,0.0,0,0,0,0
random_layer_matched,corrupt,to_clean,v5_qwen35_4b_171,170,19.75,0.04934701696038246,-1.5,-2.9583282470703125,5,0,-0.125,-0.0061806365847587585,-0.125,-0.1245269775390625,-2.8757944107055664,-0.007198333740234375,19.875,0.05552765354514122,5,0,0,0,21.25,21.25,24.125,1.0,22.0,-0.029411764705882353,0,0,0,0
random_layer_matched,corrupt,to_clean,v5_qwen35_4b_009,8,19.0,0.017554108053445816,-3.0,-4.024801254272461,7,0,0.0,2.8019770979881287e-05,0.0,0.0016269683837890625,-2.791844606399536,0.002153635025024414,19.0,0.017526088282465935,7,0,0,0,22.0,22.0,23.625,0.5,21.3125,0.0,0,0,0,0
random_layer_matched,corrupt,to_clean,v5_qwen35_4b_052,51,20.25,0.04009849205613136,-2.875,-3.1755142211914062,3,0,0.0,-0.003699738532304764,-0.125,-0.09211349487304688,-8.011636734008789,-0.007122039794921875,20.25,0.04379823058843613,3,0,0,0,23.0,23.125,23.75,0.875,22.0,0.0,0,0,0,0
random_layer_matched,corrupt,to_clean,v5_qwen35_4b_076,75,15.875,0.0004939163918606937,-7.25,-7.612674713134766,29,0,0.0,0.0,0.0,0.0,-12.806502342224121,0.0,15.875,0.0004939163918606937,29,0,0,0,23.125,23.125,21.25,0.375,18.5625,0.0,0,0,0,0
random_layer_matched,corrupt,to_clean,v5_qwen35_4b_077,76,15.875,0.0004939163918606937,-7.25,-7.612674713134766,29,0,0.0,0.0,0.0,0.0,-12.806502342224121,0.0,15.875,0.0004939163918606937,29,0,0,0,23.125,23.125,21.25,0.375,18.5625,0.0,0,0,0,0
random_layer_matched,corrupt,to_clean,v5_qwen35_4b_078,77,15.875,0.0004939163918606937,-7.25,-7.612674713134766,29,0,0.0,0.0,0.0,0.0,-12.806502342224121,0.0,15.875,0.0004939163918606937,29,0,0,0,23.125,23.125,21.25,0.375,18.5625,0.0,0,0,0,0
random_layer_matched,corrupt,to_clean,v5_qwen35_4b_079,78,15.875,0.0004939163918606937,-7.25,-7.612674713134766,29,0,0.0,0.0,0.0,0.0,-12.806502342224121,0.0,15.875,0.0004939163918606937,29,0,0,0,23.125,23.125,21.25,0.375,18.5625,0.0,0,0,0,0
random_layer_matched,corrupt,to_clean,v5_qwen35_4b_080,79,15.875,0.0004939163918606937,-7.25,-7.612674713134766,29,0,0.0,0.0,0.0,0.0,-12.806502342224121,0.0,15.875,0.0004939163918606937,29,0,0,0,23.125,23.125,21.25,0.375,18.5625,0.0,0,0,0,0
random_layer_matched,corrupt,to_clean,v5_qwen35_4b_081,80,15.875,0.0004939163918606937,-7.25,-7.612674713134766,29,0,0.0,0.0,0.0,0.0,-12.806502342224121,0.0,15.875,0.0004939163918606937,29,0,0,0,23.125,23.125,21.25,0.375,18.5625,0.0,0,0,0,0
random_layer_matched,corrupt,to_clean,v5_qwen35_4b_082,81,15.875,0.0004939163918606937,-7.25,-7.612674713134766,29,0,0.0,0.0,0.0,0.0,-12.806502342224121,0.0,15.875,0.0004939163918606937,29,0,0,0,23.125,23.125,21.25,0.375,18.5625,0.0,0,0,0,0
random_layer_matched,corrupt,to_clean,v5_qwen35_4b_083,82,15.9375,0.0004879979242105037,-7.3125,-7.624734878540039,29,0,0.0,0.0,0.0,0.0,-12.791871070861816,0.0,15.9375,0.0004879979242105037,29,0,0,0,23.25,23.25,21.25,0.375,18.59375,0.0,0,0,0,0
random_layer_matched,corrupt,to_clean,v5_qwen35_4b_084,83,15.9375,0.0004879979242105037,-7.3125,-7.624734878540039,29,0,0.0,0.0,0.0,0.0,-12.791871070861816,0.0,15.9375,0.0004879979242105037,29,0,0,0,23.25,23.25,21.25,0.375,18.59375,0.0,0,0,0,0
random_layer_matched,corrupt,to_clean,v5_qwen35_4b_087,86,15.9375,0.0004879979242105037,-7.3125,-7.624734878540039,29,0,0.0,0.0,0.0,0.0,-12.791871070861816,0.0,15.9375,0.0004879979242105037,29,0,0,0,23.25,23.25,21.25,0.375,18.59375,0.0,0,0,0,0
random_layer_matched,corrupt,to_clean,v5_qwen35_4b_088,87,15.9375,0.0004879979242105037,-7.3125,-7.624734878540039,29,0,0.0,0.0,0.0,0.0,-12.791871070861816,0.0,15.9375,0.0004879979242105037,29,0,0,0,23.25,23.25,21.25,0.375,18.59375,0.0,0,0,0,0
random_layer_matched,corrupt,to_clean,v5_qwen35_4b_089,88,15.9375,0.0004879979242105037,-7.3125,-7.624734878540039,29,0,0.0,0.0,0.0,0.0,-12.791871070861816,0.0,15.9375,0.0004879979242105037,29,0,0,0,23.25,23.25,21.25,0.375,18.59375,0.0,0,0,0,0
random_layer_matched,corrupt,to_clean,v5_qwen35_4b_090,89,15.9375,0.0004879979242105037,-7.3125,-7.624734878540039,29,0,0.0,0.0,0.0,0.0,-12.791871070861816,0.0,15.9375,0.0004879979242105037,29,0,0,0,23.25,23.25,21.25,0.375,18.59375,0.0,0,0,0,0
random_layer_matched,corrupt,to_clean,v5_qwen35_4b_091,90,15.9375,0.0004879979242105037,-7.3125,-7.624734878540039,29,0,0.0,0.0,0.0,0.0,-12.791871070861816,0.0,15.9375,0.0004879979242105037,29,0,0,0,23.25,23.25,21.25,0.375,18.59375,0.0,0,0,0,0
random_layer_matched,corrupt,to_clean,v5_qwen35_4b_092,91,15.9375,0.0004879979242105037,-7.3125,-7.624734878540039,29,0,0.0,0.0,0.0,0.0,-12.791871070861816,0.0,15.9375,0.0004879979242105037,29,0,0,0,23.25,23.25,21.25,0.375,18.59375,0.0,0,0,0,0
random_layer_matched,corrupt,to_clean,v5_qwen35_4b_093,92,15.9375,0.0004879979242105037,-7.3125,-7.624734878540039,29,0,0.0,0.0,0.0,0.0,-12.791871070861816,0.0,15.9375,0.0004879979242105037,29,0,0,0,23.25,23.25,21.25,0.375,18.59375,0.0,0,0,0,0
random_layer_matched,corrupt,to_clean,v5_qwen35_4b_094,93,15.9375,0.0004879979242105037,-7.3125,-7.624734878540039,29,0,0.0,0.0,0.0,0.0,-12.791871070861816,0.0,15.9375,0.0004879979242105037,29,0,0,0,23.25,23.25,21.25,0.375,18.59375,0.0,0,0,0,0
random_layer_matched,corrupt,to_clean,v5_qwen35_4b_095,94,15.9375,0.0004879979242105037,-7.3125,-7.624734878540039,29,0,0.0,0.0,0.0,0.0,-12.791871070861816,0.0,15.9375,0.0004879979242105037,29,0,0,0,23.25,23.25,21.25,0.375,18.59375,0.0,0,0,0,0
random_layer_matched,corrupt,to_clean,v5_qwen35_4b_096,95,15.9375,0.0004879979242105037,-7.3125,-7.624734878540039,29,0,0.0,0.0,0.0,0.0,-12.791871070861816,0.0,15.9375,0.0004879979242105037,29,0,0,0,23.25,23.25,21.25,0.375,18.59375,0.0,0,0,0,0
random_layer_matched,corrupt,to_clean,v5_qwen35_4b_097,96,15.9375,0.0004879979242105037,-7.3125,-7.624734878540039,29,0,0.0,0.0,0.0,0.0,-12.791871070861816,0.0,15.9375,0.0004879979242105037,29,0,0,0,23.25,23.25,21.25,0.375,18.59375,0.0,0,0,0,0
random_layer_matched,corrupt,to_clean,v5_qwen35_4b_099,98,15.9375,0.0004879979242105037,-7.3125,-7.624734878540039,29,0,0.0,0.0,0.0,0.0,-12.791871070861816,0.0,15.9375,0.0004879979242105037,29,0,0,0,23.25,23.25,21.25,0.375,18.59375,0.0,0,0,0,0
random_layer_matched,corrupt,to_clean,v5_qwen35_4b_100,99,15.9375,0.0004879979242105037,-7.3125,-7.624734878540039,29,0,0.0,0.0,0.0,0.0,-12.791871070861816,0.0,15.9375,0.0004879979242105037,29,0,0,0,23.25,23.25,21.25,0.375,18.59375,0.0,0,0,0,0
random_layer_matched,corrupt,to_clean,v5_qwen35_4b_101,100,15.9375,0.0004879979242105037,-7.3125,-7.624734878540039,29,0,0.0,0.0,0.0,0.0,-12.791871070861816,0.0,15.9375,0.0004879979242105037,29,0,0,0,23.25,23.25,21.25,0.375,18.59375,0.0,0,0,0,0
random_layer_matched,corrupt,to_clean,v5_qwen35_4b_102,101,15.9375,0.0004879979242105037,-7.3125,-7.624734878540039,29,0,0.0,0.0,0.0,0.0,-12.791871070861816,0.0,15.9375,0.0004879979242105037,29,0,0,0,23.25,23.25,21.25,0.375,18.59375,0.0,0,0,0,0
random_layer_matched,corrupt,to_clean,v5_qwen35_4b_103,102,15.9375,0.0004879979242105037,-7.3125,-7.624734878540039,29,0,0.0,0.0,0.0,0.0,-12.791871070861816,0.0,15.9375,0.0004879979242105037,29,0,0,0,23.25,23.25,21.25,0.375,18.59375,0.0,0,0,0,0
random_layer_matched,corrupt,to_clean,v5_qwen35_4b_104,103,15.9375,0.0004879979242105037,-7.3125,-7.624734878540039,29,0,0.0,0.0,0.0,0.0,-12.791871070861816,0.0,15.9375,0.0004879979242105037,29,0,0,0,23.25,23.25,21.25,0.375,18.59375,0.0,0,0,0,0
random_layer_matched,corrupt,to_clean,v5_qwen35_4b_105,104,15.9375,0.0004879979242105037,-7.3125,-7.624734878540039,29,0,0.0,0.0,0.0,0.0,-12.791871070861816,0.0,15.9375,0.0004879979242105037,29,0,0,0,23.25,23.25,21.25,0.375,18.59375,0.0,0,0,0,0
random_layer_matched,corrupt,to_clean,v5_qwen35_4b_106,105,15.9375,0.0004879979242105037,-7.3125,-7.624734878540039,29,0,0.0,0.0,0.0,0.0,-12.791871070861816,0.0,15.9375,0.0004879979242105037,29,0,0,0,23.25,23.25,21.25,0.375,18.59375,0.0,0,0,0,0
random_layer_matched,corrupt,to_clean,v5_qwen35_4b_107,106,15.9375,0.0004879979242105037,-7.3125,-7.624734878540039,29,0,0.0,0.0,0.0,0.0,-12.791871070861816,0.0,15.9375,0.0004879979242105037,29,0,0,0,23.25,23.25,21.25,0.375,18.59375,0.0,0,0,0,0
random_layer_matched,corrupt,to_clean,v5_qwen35_4b_108,107,15.9375,0.0004879979242105037,-7.3125,-7.624734878540039,29,0,0.0,0.0,0.0,0.0,-12.791871070861816,0.0,15.9375,0.0004879979242105037,29,0,0,0,23.25,23.25,21.25,0.375,18.59375,0.0,0,0,0,0
random_layer_matched,corrupt,to_clean,v5_qwen35_4b_109,108,15.9375,0.0004879979242105037,-7.3125,-7.624734878540039,29,0,0.0,0.0,0.0,0.0,-12.791871070861816,0.0,15.9375,0.0004879979242105037,29,0,0,0,23.25,23.25,21.25,0.375,18.59375,0.0,0,0,0,0
random_layer_matched,corrupt,to_clean,v5_qwen35_4b_110,109,15.9375,0.0004879979242105037,-7.3125,-7.624734878540039,29,0,0.0,0.0,0.0,0.0,-12.791871070861816,0.0,15.9375,0.0004879979242105037,29,0,0,0,23.25,23.25,21.25,0.375,18.59375,0.0,0,0,0,0
random_layer_matched,corrupt,to_clean,v5_qwen35_4b_111,110,15.9375,0.0004879979242105037,-7.3125,-7.624734878540039,29,0,0.0,0.0,0.0,0.0,-12.791871070861816,0.0,15.9375,0.0004879979242105037,29,0,0,0,23.25,23.25,21.25,0.375,18.59375,0.0,0,0,0,0
random_layer_matched,corrupt,to_clean,v5_qwen35_4b_112,111,15.9375,0.0004879979242105037,-7.3125,-7.624734878540039,29,0,0.0,0.0,0.0,0.0,-12.791871070861816,0.0,15.9375,0.0004879979242105037,29,0,0,0,23.25,23.25,21.25,0.375,18.59375,0.0,0,0,0,0
random_layer_matched,corrupt,to_clean,v5_qwen35_4b_116,115,16.625,0.0009718415676616132,-6.5,-6.935367584228516,16,0,0.0,0.0,0.0,0.0,-15.462002754211426,0.0,16.625,0.0009718415676616132,16,0,0,0,23.125,23.125,21.25,0.375,18.9375,0.0,0,0,0,0
random_layer_matched,corrupt,to_clean,v5_qwen35_4b_129,128,16.625,0.0009718415676616132,-6.5,-6.935367584228516,16,0,0.0,0.0,0.0,0.0,-15.462002754211426,0.0,16.625,0.0009718415676616132,16,0,0,0,23.125,23.125,21.25,0.375,18.9375,0.0,0,0,0,0
random_layer_matched,corrupt,to_clean,v5_qwen35_4b_132,131,16.625,0.0009718415676616132,-6.5,-6.935367584228516,16,0,0.0,0.0,0.0,0.0,-15.462002754211426,0.0,16.625,0.0009718415676616132,16,0,0,0,23.125,23.125,21.25,0.375,18.9375,0.0,0,0,0,0
random_layer_matched,corrupt,to_clean,v5_qwen35_4b_138,137,16.625,0.0009718415676616132,-6.5,-6.935367584228516,16,0,0.0,0.0,0.0,0.0,-15.462002754211426,0.0,16.625,0.0009718415676616132,16,0,0,0,23.125,23.125,21.25,0.375,18.9375,0.0,0,0,0,0
random_layer_matched,corrupt,to_clean,v5_qwen35_4b_143,142,16.625,0.0009718415676616132,-6.5,-6.935367584228516,16,0,0.0,0.0,0.0,0.0,-15.462002754211426,0.0,16.625,0.0009718415676616132,16,0,0,0,23.125,23.125,21.25,0.375,18.9375,0.0,0,0,0,0
random_layer_matched,corrupt,to_clean,v5_qwen35_4b_029,28,17.5,0.009069450199604034,-3.625,-4.693778991699219,8,0,0.0,-1.862645149230957e-09,0.0,0.0,-6.636022090911865,-0.0018582344055175781,17.5,0.009069452062249184,8,0,0,0,21.125,21.125,21.75,0.875,19.625,0.0,0,0,0,0
random_layer_matched,corrupt,to_clean,v5_qwen35_4b_086,85,15.75,0.0004324647889006883,-7.375,-7.745601654052734,30,0,0.0,0.0,0.0,0.0,-12.608646392822266,0.0,15.75,0.0004324647889006883,30,0,0,0,23.125,23.125,21.5,0.625,18.625,0.0,0,0,0,0
random_layer_matched,corrupt,to_clean,v5_qwen35_4b_258,257,20.125,0.06093231588602066,-2.25,-2.735149383544922,4,0,0.0,0.0,0.0,0.0,-7.4331817626953125,0.0,20.125,0.06093231588602066,4,0,0,0,22.375,22.375,26.25,3.25,23.1875,0.0,0,0,0,0
random_layer_matched,corrupt,to_clean,v5_qwen35_4b_252,251,20.125,0.08159484714269638,-1.5,-2.4209365844726562,4,0,-0.125,-0.005528859794139862,0.0,-0.07160758972167969,-2.515279531478882,-0.004754781723022461,20.25,0.08712370693683624,3,0,0,0,21.75,21.625,24.375,2.125,22.3125,-0.030303030303030304,0,0,0,0
random_layer_matched,corrupt,to_clean,v5_qwen35_4b_006,5,17.375,0.00594127643853426,-4.375,-5.119922637939453,12,0,-0.125,-0.0007857712917029858,-0.125,-0.12500381469726562,-3.416991710662842,0.005281209945678711,17.5,0.0067270477302372456,11,0,0,0,21.75,21.75,24.75,2.75,21.125,-0.017241379310344827,0,0,0,0
random_layer_matched,corrupt,to_clean,v5_qwen35_4b_004,3,16.25,0.0008916197111830115,-6.375,-7.021617889404297,23,0,0.0,1.725275069475174e-07,0.0,0.0001926422119140625,-1.712411880493164,0.0012345314025878906,16.25,0.000891447183676064,23,0,0,0,22.625,22.625,25.875,2.25,21.0625,0.0,0,0,0,0
random_layer_matched,corrupt,to_clean,v5_qwen35_4b_154,153,15.3125,0.0005304074729792774,-6.0625,-7.5413818359375,36,0,0.0,-4.8147630877792835e-06,0.0,-0.00904083251953125,-0.8123571276664734,-0.006875097751617432,15.3125,0.0005352222360670567,36,0,0,0,21.375,21.375,26.25,3.0,20.78125,0.0,0,0,0,0
random_layer_matched,corrupt,to_clean,v5_qwen35_4b_119,118,18.625,0.005731381010264158,-4.5,-5.156070709228516,7,0,0.0,0.0,0.0,0.0,-7.357873916625977,0.0,18.625,0.005731381010264158,7,0,0,0,23.125,23.125,26.875,4.0,22.75,0.0,0,0,0,0
random_layer_matched,corrupt,to_clean,v5_qwen35_4b_010,9,16.125,0.0010225671576336026,-5.75,-6.884464263916016,25,0,0.0,-8.486676961183548e-08,0.0,-8.392333984375e-05,-6.050469398498535,0.0017251968383789062,16.125,0.0010226520244032145,26,0,0,0,21.875,21.875,21.5,0.125,18.8125,0.0,0,0,0,0
random_layer_matched,corrupt,to_clean,v5_qwen35_4b_151,150,15.625,0.0008155109244398773,-6.5,-7.110921859741211,27,0,-0.0625,-0.00011184584582224488,-0.1875,-0.1286334991455078,-4.888239860534668,-0.006829261779785156,15.6875,0.0009273567702621222,26,0,0,0,22.0,22.125,27.75,5.625,21.71875,-0.0051813471502590676,0,0,0,0
random_layer_matched,corrupt,to_clean,v5_qwen35_4b_289,288,19.25,0.01723237708210945,-3.5,-4.043601989746094,5,0,0.0,0.0,0.0,0.0,-8.778910636901855,0.0,19.25,0.01723237708210945,5,0,0,0,22.75,22.75,27.375,4.25,23.3125,0.0,0,0,0,0
random_layer_matched,corrupt,to_clean,v5_qwen35_4b_244,243,18.625,0.05426740646362305,-1.75,-2.858102798461914,7,0,-0.125,-0.006667792797088623,-0.125,-0.12296295166015625,-0.2194536328315735,0.003050506114959717,18.75,0.06093519926071167,6,0,0,0,20.375,20.375,25.125,2.75,21.9375,-0.0196078431372549,0,0,0,0
