layer,head,mean_clean_attention_to_verb,mean_corrupt_attention_to_verb,delta_attention_clean_minus_corrupt,mean_clean_mu_linear_write,mean_corrupt_mu_linear_write,delta_mu_linear_write_clean_minus_corrupt,pearson_pairwise_delta_attention_write,pearson_p,spearman_pairwise_delta_attention_write,spearman_p,linear_transport_score,linear_transport_rank
20,29,0.010308478572017823,0.03775694062622885,-0.027448462054211024,0.097773662644128,-0.1370446469883124,0.2348183096324404,-0.6428432830828619,not_computed,-0.5918092423249147,not_computed,0.004143383036349173,1
19,29,0.004641293848399073,0.03599093784422924,-0.03134964399583017,0.005033429243291418,-0.1388243006542325,0.1438577298975239,-0.7412451550608578,not_computed,-0.6645118279091989,not_computed,0.0033429330882054206,2
20,14,0.0010384606253743792,0.016360728330134102,-0.015322267704759725,0.4043710206945737,0.22095255345106124,0.18341846724351246,-0.8552994936366167,not_computed,-0.7435251502794475,not_computed,0.0024037224558021725,3
19,31,0.03826578423536072,0.04547792745210851,-0.007212143216747791,0.3273000832895438,-0.3892011713484923,0.716501254638036,-0.44473745808730747,not_computed,-0.4621344681607573,not_computed,0.002298185112355008,4
18,19,0.004631476281016755,0.013508186518447474,-0.008876710237430719,0.21379143834114075,0.010646188507477443,0.2031452498336633,-0.8993891419505889,not_computed,-0.7296623295814398,not_computed,0.0016218338301815067,5
20,21,0.024173478797699013,0.05948793672025204,-0.03531445792255302,-0.003679063015927871,-0.0482453407968084,0.04456627778088053,-0.7513997241718778,not_computed,-0.7644062711807909,not_computed,0.0011825783895036664,6
19,10,0.027770454009684423,0.02175480850817015,0.0060156455015142754,-0.00689813536281387,-0.37344198415676755,0.36654384879395363,0.44861705719683503,not_computed,0.4024458049533884,not_computed,0.0009891996488825725,7
16,7,0.014537192307567845,0.04721079972106963,-0.03267360741350179,-0.025766443636578817,-0.05883183479309082,0.033065391156512004,-0.8127524525381733,not_computed,-0.818355759508439,not_computed,0.0008780697988579738,8
20,17,0.0005007965224406993,0.005553465323561492,-0.005052668801120793,-0.0404668987945964,-0.19347385222713154,0.15300695343253512,-0.7564370696859628,not_computed,-0.3650640562672919,not_computed,0.0005847965514478787,9
20,13,0.002609877948028346,0.0079008453230684,-0.005290967375040054,-0.20635525579253833,-0.06774872767428557,-0.13860652811825275,0.7446683978942206,not_computed,0.7218693541039345,not_computed,0.0005461119660012205,10
19,13,0.0020573396000933522,0.017735340537813803,-0.01567800093772045,0.2631980060040951,0.20158762951691944,0.06161037648717562,-0.5396884035895163,not_computed,-0.4238198202202247,not_computed,0.0005212998922288376,11
20,16,7.88907302694497e-05,0.004101511452317936,-0.004022620722048486,0.3363779753446579,0.2171796568731467,0.1191983184715112,-0.9115584094699595,not_computed,-0.7081229791442127,not_computed,0.0004370828007580967,12
20,8,0.0035645874015366036,0.008276698852423579,-0.004712111450886975,0.3820982652902603,-0.1417964910591642,0.5238947563494245,0.16400456196569232,not_computed,0.17966155179501994,not_computed,0.0004048699406932156,13
17,4,0.0029506735327110315,0.013660554092687864,-0.010709880559976834,0.09933591013153394,0.04294380897656083,0.05639210115497311,-0.6144118141451241,not_computed,-0.47876176401960024,not_computed,0.00037107565433970374,14
20,26,0.08559162353475888,0.03720987576370438,0.04838174777105451,-0.002286880750519534,0.005911325436706344,-0.008198206187225878,-0.9144287949685785,not_computed,-0.733575261947355,not_computed,0.00036270227790382567,15
20,9,0.009634964801371097,0.011463205636634182,-0.0018282408352630834,-0.29138302445411685,0.2543378731360038,-0.5457208975901207,0.3585320805334307,not_computed,0.3121994688829876,not_computed,0.0003577107658668947,16
15,17,0.006628279741465425,0.02991950963623822,-0.023291229894772794,-0.09449252989143134,-0.19309161032239597,0.09859908043096463,0.14346470218865917,not_computed,0.2295247724974722,not_computed,0.0003294658062297153,17
20,7,0.0033888484355217466,0.008906082108151168,-0.005517233672629421,-0.33012866924206413,-0.19290464942653973,-0.13722401981552443,0.3865127437402571,not_computed,0.3119359103990044,not_computed,0.0002926276321071428,18
16,0,0.0052519780420698225,0.009528689238553247,-0.004276711196483423,0.1214929695179065,0.01625300048540036,0.10523996903250615,-0.646880596745076,not_computed,-0.6216686852076134,not_computed,0.000291148636028768,19
17,16,0.006448919635343676,0.01645714754393945,-0.010008227908595775,-0.1992428114513556,-0.23541648626327516,0.03617367481191953,-0.765203570232621,not_computed,-0.5504403382259803,not_computed,0.0002770300015072992,20
20,12,0.0027274681897445892,0.00820474993553944,-0.00547728174579485,0.18848755165934564,0.10976537760347128,0.07872217405587435,-0.637606435380826,not_computed,-0.4659576217513528,not_computed,0.00027492539161066883,21
18,18,0.0003735474956435307,0.005021220709265132,-0.004647673213621601,-0.021646147004018228,-0.14187279224395752,0.1202266452399393,-0.46612371147410003,not_computed,-0.6451600573339704,not_computed,0.0002604578847035428,22
20,18,0.0042918853770243,0.008215062282203386,-0.003923176905179086,-0.2505357966820399,-0.0810682488977909,-0.169467547784249,0.3615783994030556,not_computed,0.20496361070678562,not_computed,0.00024039582176130724,23
18,15,0.0025769622182512347,0.004768226261512609,-0.0021912640432613746,0.2193406842648983,0.10008825278530518,0.11925243147959312,-0.7681326377869917,not_computed,-0.5646573850820564,not_computed,0.00020072347810564685,24
20,3,0.001976230275273944,0.0072459823711930466,-0.0052697520959191025,-0.004063104713956515,-0.06737594513843458,0.06331284042447806,0.5409044364944227,not_computed,0.5843451593906599,not_computed,0.000180468964585126,25
19,14,0.0032536315013809753,0.016861384057750305,-0.01360775255636933,0.16918719952305158,0.13475163117051125,0.03443556835254034,-0.3473111861405819,not_computed,-0.21756597295525507,not_computed,0.0001627467894972753,26
20,15,0.005811878049280494,0.011684086004582544,-0.00587220795530205,0.20569322501619658,0.04427349156389634,0.16141973345230023,-0.1605613968258681,not_computed,-0.18548917210191224,not_computed,0.0001521945814410608,27
18,26,0.012683623431172842,0.017389175898085037,-0.004705552466912195,0.08986344538318614,-0.06509896791695306,0.1549624133001392,-0.19321506934805965,not_computed,-0.022548250536117066,not_computed,0.00014088929195055414,28
17,26,0.0025162078688542046,0.013480852167122066,-0.010964644298267861,0.0465832798058788,0.019415941991222402,0.027167337814656398,0.45274709962520593,not_computed,0.502360248447205,not_computed,0.00013486439462474255,29
6,8,0.014226738265327488,0.039239757884449014,-0.025013019619121526,-0.05659934644276897,-0.06596286242206892,0.009363515979299943,-0.5212247744396893,not_computed,-0.3012962366248514,not_computed,0.00012207595481243555,30
20,19,0.0031550548516679554,0.005279436232134079,-0.0021243813804661233,0.0797153976932168,0.15081595934927464,-0.07110056165605784,0.7939681836611843,not_computed,0.5770259669551884,not_computed,0.00011992469351266528,31
18,14,0.005343514784860114,0.0022097467817366124,0.0031337680031235018,-0.05511590036253134,0.014488676910599073,-0.06960457727313042,0.4941196648400438,not_computed,0.5553461705130057,not_computed,0.00010777965282698499,32
14,7,0.003982756223219136,0.017047385021578522,-0.013064628798359384,0.05673629336059093,0.032509068232029675,0.024227225128561257,-0.33435103601224303,not_computed,-0.39113767930754784,not_computed,0.00010582869065610435,33
20,30,0.0014771151143941096,0.006178018852757911,-0.004700903738363801,0.09905543883641561,0.06529387219498554,0.03376156664143006,-0.5771398433122498,not_computed,-0.4223922488027645,not_computed,9.159779229594686e-05,34
18,23,0.0012266938090033364,0.006761688894281785,-0.005534995085278448,0.08280782451232274,0.05840167785684268,0.024406146655480066,-0.6494541226458934,not_computed,-0.5203360037333749,not_computed,8.773339473623347e-05,35
20,10,0.001264302372437669,0.003591725980125678,-0.002327423607688009,0.16162614539265632,-0.2989922772347927,0.460618422627449,-0.0706891370813476,not_computed,-0.15473371926354737,not_computed,7.578258566334366e-05,36
17,15,0.0015574811924792206,0.012539834945928306,-0.010982353753449085,0.0825643307964007,0.05888273644571503,0.023681594350685675,-0.2825278843221107,not_computed,-0.0549961666240736,not_computed,7.347975231052784e-05,37
13,1,0.00464053568643673,0.015037126440244417,-0.010396590753807687,0.1161525325725476,0.06268065897747874,0.05347187359506885,0.13180158148584356,not_computed,0.17395437727085858,not_computed,7.327181878265039e-05,38
20,11,0.0005202024744357914,0.001137649920298524,-0.0006174474458627325,0.25081530074278513,0.023836056391398113,0.22697924435138703,-0.47342648357532946,not_computed,-0.5531510350115001,not_computed,6.634965868320982e-05,39
19,8,0.009047275929866979,0.016959203142905607,-0.007911927213038628,-0.0050833277932057774,-0.01710903548790763,0.01202570769470185,-0.6785124440090861,not_computed,-0.43384748719430216,not_computed,6.455810051497662e-05,40
20,23,0.014630483197979629,0.029871266223490237,-0.015240783025510608,0.06699719912062088,0.04962100256234407,0.017376196558276814,0.2406162299161412,not_computed,0.26365759619551327,not_computed,6.372163619515942e-05,41
20,0,0.0002916362338267694,0.001781290536406838,-0.0014896543025800686,-0.014819904466470083,-0.09835536365707716,0.08353545919060706,0.45784525595356246,not_computed,0.3660636229291437,not_computed,5.697378575257356e-05,42
19,6,0.005154217806023856,0.00622075140903083,-0.001066533603006974,-0.07970211328317722,-0.2048630196104447,0.12516090632726748,-0.40154784645938,not_computed,-0.24304225602506693,not_computed,5.360194436402287e-05,43
20,4,0.010768134771691014,0.013028301398735493,-0.002260166627044479,-0.3565772557258606,-0.28607488999764125,-0.07050236572821934,0.33294183829687113,not_computed,0.39855776175290836,not_computed,5.305331445243552e-05,44
18,10,0.007342433944965403,0.003243522461464939,0.004098911483500463,-0.012793736920381585,-0.041437704591080544,0.02864396767069896,0.4211167227986898,not_computed,0.36324892498805544,not_computed,4.944293037311004e-05,45
18,5,0.017879982383456082,0.006029959234874696,0.011850023148581386,0.1357205723474423,0.08377179155747096,0.05194878078997135,-0.07825667511877976,not_computed,0.006800075556395071,not_computed,4.817435961083281e-05,46
18,22,0.0018238542017449315,0.004031693565193564,-0.0022078393634486324,-0.2484934175014496,-0.20189491455753644,-0.04659850294391314,0.46580386901345583,not_computed,0.5292734363715152,not_computed,4.7922837880106374e-05,47
17,17,0.013997672692251701,0.020666359413104754,-0.006668686720853051,0.04564375956853231,0.021975886933505537,0.023667872635026774,-0.30032551122793144,not_computed,-0.21365837398193313,not_computed,4.740146500365685e-05,48
19,3,0.006659823299463218,0.013396677302468258,-0.00673685400300504,0.04292457691704234,0.013824428245425225,0.029100148671617112,-0.22006679610553276,not_computed,-0.2287892087689863,not_computed,4.3142654613793654e-05,49
19,4,0.011374465050175786,0.01424855429911986,-0.002874089248944074,-0.04026701285193364,-0.08042810561756293,0.04016109276562929,0.3109004727776021,not_computed,0.291344126045845,not_computed,3.588617361204142e-05,50
18,28,0.015992507631114372,0.0066295310733645845,0.00936297655774979,0.07615544146547715,-0.004060249719768763,0.08021569118524591,-0.04517910707178026,not_computed,-0.046835187057633974,not_computed,3.393211335984758e-05,51
18,9,0.0018811266731427168,0.004089101015512521,-0.0022079743423698045,-0.020241999309509994,-0.04308565336590012,0.022843654056390127,-0.6392857262681941,not_computed,-0.5410384559828443,not_computed,3.224442262438957e-05,52
18,31,0.0038544626409808794,0.0025349266019960245,0.0013195360389848551,-0.31541326294342675,-0.1761660033961137,-0.13924725954731307,-0.14015391946263617,not_computed,-0.10528428093645485,not_computed,2.575213025798428e-05,53
14,16,0.010921304939838592,0.02852811718204369,-0.0176068122422051,-0.018648869035144646,-0.011130369783689578,-0.007518499251455068,-0.19401362343035644,not_computed,-0.17744552717252413,not_computed,2.5682903530903764e-05,54
18,21,0.002541970204183599,0.0036765188392989027,-0.0011345486351153036,0.27251225252946215,0.19792555024226507,0.07458670228719712,-0.28757715052609173,not_computed,-0.1705183390926566,not_computed,2.4335423017769793e-05,55
16,16,0.006595721987541765,0.003789918998566767,0.0028058029889749983,-0.008223460440834364,0.027231546742841603,-0.03545500718367597,0.2344095973524243,not_computed,0.24637651529461438,not_computed,2.331901168885768e-05,56
6,19,0.028925739220964412,0.04569919908962523,-0.016773459868660818,0.015599728498297433,0.007033509719185531,0.008566218779111902,0.14807911837831284,not_computed,0.13837753752819476,not_computed,2.1276766918034515e-05,57
19,2,0.006690268867726748,0.0029701585873651007,0.0037201102803616475,0.033752565092096724,0.057260999400168655,-0.02350843430807193,0.24046656365005517,not_computed,0.30315181279792,not_computed,2.1029755197308946e-05,58
9,23,0.001654393411105654,0.0031585988118119227,-0.001504205400706269,-0.14363643810153007,-0.17347266455491384,0.029836226453383765,-0.45513345144973066,not_computed,-0.48489116545739397,not_computed,2.0426304176487377e-05,59
18,12,0.004231173745550525,0.003423312648956198,0.0008078610965943275,-0.012944534175718824,-0.04446504031618436,0.03152050614046554,-0.7828616796214661,not_computed,-0.769704552272803,not_computed,1.9934939067035845e-05,60
19,15,0.004149236353502298,0.002574771439249162,0.0015744649142531368,-0.0901377937073509,-0.05638328619301319,-0.0337545075143377,-0.33635477051597085,not_computed,-0.382494027711419,not_computed,1.787567107498429e-05,61
19,28,0.0009650052389285217,0.005522738203095893,-0.004557732964167371,0.03481559021087984,0.04651185703929514,-0.011696266828415295,-0.32226052041150943,not_computed,-0.2624206935632618,not_computed,1.7179212346029967e-05,62
18,20,0.0018331679639716943,0.006319549012453838,-0.004486381048482144,-0.14031990714371204,-0.1448688292503357,0.0045489221066236495,-0.7993143669956945,not_computed,-0.7582710919010212,not_computed,1.631256581008292e-05,63
18,7,0.007768945194159945,0.0056990066593668115,0.0020699385347931337,0.01657794726702074,-0.06144670681717495,0.07802465408419569,-0.09839746452478806,not_computed,-0.12106178957543973,not_computed,1.589180433917025e-05,64
15,8,0.005109215835497404,0.01004191224851335,-0.004932696413015946,-0.04497977873931328,-0.037227391966929035,-0.007752386772384246,0.4015985834578834,not_computed,0.5163915154612829,not_computed,1.5357198273647987e-05,65
9,22,0.0032982346933567897,0.007139749097793052,-0.003841514404436263,0.04189608412484328,0.035553680167843896,0.006342403956999382,-0.6172004448502554,not_computed,-0.5385126501405572,not_computed,1.5037740836210202e-05,66
17,24,0.006404277558904142,0.004058047339397793,0.0023462302195063484,-0.06126281727105379,-0.049710730717827875,-0.011552086553225914,0.5488841138012661,not_computed,0.523971599684441,not_computed,1.4876875195995734e-05,67
19,9,0.009744721014673512,0.010677340911934152,-0.0009326198972606411,-0.12493171272178491,-0.0957030364125967,-0.02922867630918821,0.5240909633656196,not_computed,0.44818631318125757,not_computed,1.4286324023265001e-05,68
18,29,0.005079856669763103,0.004812743522537252,0.0002671131472258518,-0.011066482532769442,-0.14109174929559232,0.13002526676282286,-0.40816761489800873,not_computed,-0.35435460394004376,not_computed,1.4176256465178505e-05,69
19,12,0.0018055470219890898,0.023394798217341303,-0.021589251195352214,-0.11787578456103802,-0.114751171246171,-0.0031246133148670197,0.2024287755822978,not_computed,0.0863014033489261,not_computed,1.36554528417918e-05,70
16,2,0.0009872403280072224,0.00459557429208265,-0.0036083339640754276,-0.17365247343977291,-0.182090774277846,0.008438300838073095,-0.43205063650299763,not_computed,-0.3393166590739897,not_computed,1.3155167436412496e-05,71
16,29,0.007528030800943573,0.004401047539043551,0.0031269832619000228,0.05587095512077212,-0.003934724739131828,0.059805679859903954,0.06509597156695729,not_computed,0.10268469649662774,not_computed,1.2173686165997922e-05,72
20,31,0.0005272824059647974,0.0025791655205345404,-0.002051883114569743,0.11944200860957305,0.1042799508323272,0.01516205777724584,-0.3863526095039383,not_computed,-0.2559912887920977,not_computed,1.2019727302706028e-05,73
18,30,0.017992062571380908,0.004104041501996107,0.0138880210693848,0.1957365762939056,0.06960893837114175,0.12612763792276382,0.0064181694543665735,not_computed,-0.03367948532761475,not_computed,1.1242471840845726e-05,74
19,1,0.0031395471473418487,0.009045236494324248,-0.005905689346982399,0.04421268453200658,0.04944965705275536,-0.005236972520748774,0.3475048324807941,not_computed,0.16976677518639097,not_computed,1.0747606115754779e-05,75
20,1,0.0008402155322498098,0.004264822296099737,-0.0034246067638499275,0.07385435483107965,0.062159570573518674,0.011694784257560969,0.25894321110075375,not_computed,0.26286914299047764,not_computed,1.037068525545277e-05,76
13,3,0.0067481758158343536,0.012143914045688386,-0.005395738229854032,-0.07760651723792156,-0.060216570186118284,-0.01738994705180327,0.10296455802624203,not_computed,0.10978344203824487,not_computed,9.661329441442794e-06,77
8,29,0.0030301033232050635,0.014841695107946484,-0.01181159178474142,-0.06648256920278073,-0.06421475861221553,-0.0022678105905652047,-0.35144447076045865,not_computed,-0.36574984166490737,not_computed,9.413950777353833e-06,78
19,30,0.0006708810510463081,0.0013055288774194195,-0.0006346478263731114,-0.12875723265111447,-0.08288171485066415,-0.04587551780045032,0.3215767090989908,not_computed,0.17923354703941155,not_computed,9.36264081623414e-06,79
13,10,0.0017629243746826735,0.005543116428331511,-0.003780192053648837,0.034898788401236135,0.03801850377271573,-0.003119715371479591,-0.7571405611604017,not_computed,-0.5474194157712864,not_computed,8.929051960573104e-06,80
12,18,0.007280645788802455,0.009910226663729796,-0.002629580874927342,-0.041363242054358124,-0.05264715623110533,0.011283914176747203,-0.28872234830910437,not_computed,-0.26212646807186746,not_computed,8.5669593887699e-06,81
16,28,0.0027033311361446977,0.0008522137950058096,0.0018511173411388882,-0.08087408941239119,-0.09569908833752076,0.014824998925129573,-0.30567386976902916,not_computed,-0.32327781419793555,not_computed,8.388550722548518e-06,82
8,6,0.0026333315720936906,0.01033787416119594,-0.0077045425891022505,-0.02708600571534286,-0.02845847756291429,0.0013724718475714326,0.7849637315251007,not_computed,0.5701343348259426,not_computed,8.30041671197064e-06,83
10,24,0.0033525816535499567,0.006484225584232869,-0.0031316439306829126,0.0237657761387527,0.03411171273638805,-0.01034593659763535,-0.2505515651170854,not_computed,-0.25099523328036977,not_computed,8.117817982022201e-06,84
16,31,0.002328523343700605,0.008824220134411007,-0.006495696790710402,0.02349055267870426,0.02571151272704204,-0.0022209600483377775,-0.5139941398376614,not_computed,-0.6452471694129934,not_computed,7.415230549253103e-06,85
16,3,0.0002643707646105516,0.0007544601047508574,-0.0004900893401403058,-0.14215832581122717,-0.16849526492257913,0.026336939111351966,-0.5509718659207147,not_computed,-0.3730308114534606,not_computed,7.111643524520061e-06,86
19,19,0.006264250403425346,0.006870914387206236,-0.0006066639837808908,0.10012284245342017,0.02665407703878979,0.07346876541463038,-0.15938939542476946,not_computed,-0.05425660285114279,not_computed,7.104121458265224e-06,87
16,5,0.0009402806786480747,0.004210949556533402,-0.003270668877885328,0.01007110731676221,0.0011982513529558976,0.008872855963806311,-0.2420750106426793,not_computed,-0.24738763764041824,not_computed,7.0250588957167e-06,88
16,21,0.011507643825219323,0.009440783965401352,0.002066859859817972,0.009075576894295712,0.00025103543419390916,0.008824541460101804,-0.37075129985611266,not_computed,-0.47473105256725073,not_computed,6.762166520405238e-06,89
7,3,0.007563427420876299,0.022242780257171642,-0.014679352836295342,-0.08682576795419057,-0.08746427893638611,0.0006385109821955363,0.7125071912163925,not_computed,0.6118845764952944,not_computed,6.678278600970622e-06,90
18,6,0.0008054701168536363,0.003556553531088866,-0.00275108341423523,0.03766669459020098,0.02007086214299003,0.017595832447210948,0.13639331957311945,not_computed,0.10464960721785797,not_computed,6.602473639176114e-06,91
8,7,0.003510376746417023,0.0026723881661503885,0.0008379885802666347,0.03372666504854957,0.021806915098180373,0.011919749950369199,0.6404045615418489,not_computed,0.6219922443582706,not_computed,6.3967541855651646e-06,92
17,2,0.004761479078636815,0.002852107467285047,0.0019093716113517682,0.027789917029440402,0.02243646839944025,0.005353448630000154,-0.6116515456189101,not_computed,-0.6109672329692553,not_computed,6.2521325721099904e-06,93
13,26,0.004143172178204016,0.00522899446853747,-0.0010858222903334536,-0.03597840139642358,-0.021998965156575043,-0.013979436239848535,-0.37115391447701385,not_computed,-0.35623329148101646,not_computed,5.633813365505099e-06,94
19,0,0.0034826442952423046,0.002260847815584081,0.0012217964796582238,-0.04803775635237495,-0.06230522531395157,0.01426746896157662,0.3025811441259014,not_computed,0.30796342181579794,not_computed,5.274577363449375e-06,95
6,6,0.0634987415994207,0.058729242514818904,0.0047694990846017995,-0.03863377122208476,-0.036694069392979145,-0.0019397018291056156,0.5690575604258794,not_computed,0.4870556339514884,not_computed,5.264582584818895e-06,96
15,16,0.004671950726769864,0.0028421075395696485,0.0018298431872002159,0.013952764713515838,0.006420606908698876,0.007532157804816962,0.3604930186233206,not_computed,0.3782535361504017,not_computed,4.96855546368961e-06,97
18,8,0.011039891261219358,0.0026961074808302026,0.008343783780389155,0.05155282584329446,0.04743000686789552,0.004122818975398938,-0.1429593737764394,not_computed,-0.04593251036122624,not_computed,4.917789605349203e-06,98
17,14,0.0035896000115705345,0.0049713566813928385,-0.0013817566698223042,0.05335349017133315,0.03219592056237161,0.021157569608961542,-0.1668860198767059,not_computed,-0.19705552283914265,not_computed,4.8788481935912735e-06,99
18,27,0.0015507733694297106,0.0005401181876368355,0.001010655181792875,0.0264291238039732,0.052251460440456865,-0.02582233663648367,-0.1764111769986172,not_computed,-0.1594879943110479,not_computed,4.603886868478797e-06,100
8,4,0.0062737128860317175,0.01826251961387849,-0.011988806727846774,-0.027452524236092964,-0.033575398586690425,0.006122874350597461,0.06252254936122659,not_computed,0.008536983744263826,not_computed,4.589527582957977e-06,101
16,4,0.0018948108150895376,0.004112652291466171,-0.0022178414763766342,0.03620206752171119,0.02191632368757079,0.014285743834140401,-0.1386793606147488,not_computed,-0.194412382359804,not_computed,4.3938496294433986e-06,102
19,17,0.006751374105612437,0.004898101818980649,0.0018532722866317877,0.06703457184135914,0.0595074725523591,0.007527099289000035,0.280986999505047,not_computed,0.2795831064789609,not_computed,3.919702473756196e-06,103
12,12,0.0025005732043064197,0.0037299940868494256,-0.0012294208825430056,0.027177052417149145,0.0065889952595656115,0.020588057157583536,0.1513756136948233,not_computed,0.173485927621418,not_computed,3.831526801221466e-06,104
11,0,0.002011566647949318,0.004414123651804403,-0.0024025570038550843,-0.11760100657741229,-0.12210729010403157,0.004506283526619276,-0.332728870917927,not_computed,-0.299923332481472,not_computed,3.602323408116128e-06,105
10,4,0.002238690784094312,0.004181575952873876,-0.0019428851687795638,0.042760632894933225,0.04022951596726974,0.002531116927663485,-0.708335940204937,not_computed,-0.5383122034689274,not_computed,3.4833620766694432e-06,106
19,25,0.0016996763338102028,0.0023292046906620576,-0.0006295283568518547,-0.02553892439852158,-0.008627521426727375,-0.016911402971794207,0.3234427152873922,not_computed,0.19659951777241969,not_computed,3.44343833405306e-06,107
14,8,0.001624368238747896,0.0008366655354620888,0.0007877027032858071,-0.008745288253412581,-0.025106592673497897,0.016361304420085314,-0.24444713982537639,not_computed,-0.2101970021889132,not_computed,3.1503965361107856e-06,108
14,17,0.003936681421861673,0.005755436952846746,-0.0018187555309850723,0.08794648423790932,0.09052310017247994,-0.0025766159345706305,0.5994270494372395,not_computed,0.5383388704318937,not_computed,2.809055708650945e-06,109
17,18,0.002021840483454677,0.0024208991274160025,-0.0003990586439613253,-0.40141388366619746,-0.4281203710039457,0.02670648733774821,0.2570388321434194,not_computed,0.09762730697007745,not_computed,2.7393796896531965e-06,110
19,21,0.005241483885911293,0.00526603742405617,-2.4553538144876558e-05,0.24267359221975007,0.06946706523497899,0.1732065269847711,-0.6439517576324568,not_computed,-0.5470416337959311,not_computed,2.7386193285809055e-06,111
11,5,0.000897247397369938,0.003583913346907745,-0.002686665949537807,0.013094518849005301,0.009162493192901215,0.003932025656104088,-0.2584982038410679,not_computed,-0.22363804042267135,not_computed,2.730785221312366e-06,112
9,27,0.007049106889559577,0.0036516614337839806,0.0033974454557755963,0.02216312090555827,0.02491026128952702,-0.002747140383968751,0.2921256735236559,not_computed,0.31341326014733495,not_computed,2.726484750879413e-06,113
15,7,0.011707284442769984,0.011338102026687315,0.0003691824160826703,0.016224231732388336,-0.016761761711289486,0.03298599344367782,0.218027704241342,not_computed,0.17509038989322104,not_computed,2.655108406961428e-06,114
18,24,0.0009286033178796061,0.0008220585631412784,0.00010654475473832766,0.35995965709288913,0.32441619500517843,0.0355434620877107,-0.6901807066796987,not_computed,-0.5758419537994867,not_computed,2.613693251649021e-06,115
16,10,0.01346108823393782,0.013742790774752696,-0.00028170254081487655,-0.0025279261358082295,-0.01547066824665914,0.01294274211085091,-0.6865316370818234,not_computed,-0.6713403482260915,not_computed,2.503096640263336e-06,116
11,31,0.0047168358659837395,0.004003043748283138,0.0007137921177006016,0.0036813711157689492,0.01051518512579302,-0.006833814010024071,0.5035334987637672,not_computed,0.46845409393437704,not_computed,2.4561974204792032e-06,117
19,5,0.005673055630177259,0.005195464915207898,0.00047759071496936183,-0.04075478554082414,-0.0640769181214273,0.02332213258060316,0.21784725658982176,not_computed,0.22325448060534006,not_computed,2.426477283894951e-06,118
18,17,9.349095222963417e-05,0.0010428595082369915,-0.0009493685560073573,0.06436761813859145,0.05336105337987344,0.011006564758718014,0.230523908489053,not_computed,0.06806208957877309,not_computed,2.4088103629621733e-06,119
17,5,0.004973047213861719,0.006605495937595455,-0.0016324487237337356,0.0325326861673966,0.03521487035167714,-0.0026821841842805346,0.5482425724273645,not_computed,0.5504981166457406,not_computed,2.4004955355505207e-06,120
14,6,0.0025522892057779243,0.003860812687004606,-0.0013085234812266814,0.05229902829354008,-0.012444301576664051,0.06474332987020413,-0.028055544103867867,not_computed,-0.08854631718130201,not_computed,2.376814281551966e-06,121
19,16,0.015659776867056885,0.015979589487736423,-0.00031981262067953744,0.13012789612015088,0.016150312806324413,0.11397758331382647,0.06515687000922625,not_computed,0.055239724885832064,not_computed,2.375063667565821e-06,122
16,20,0.009255091616262992,0.011361630729710063,-0.00210653911344707,0.01740481180449327,0.015542050019527475,0.0018627617849657932,-0.600763926436132,not_computed,-0.5942781586462071,not_computed,2.3573859679228916e-06,123
17,7,0.0029957009906259676,0.005854909945434581,-0.0028592089548086126,-0.11524775957067808,-0.06824103611210983,-0.04700672345856825,-0.01653103500109923,not_computed,-0.03971021900243336,not_computed,2.2218049043111013e-06,124
15,2,0.013950023264624179,0.015952691193670033,-0.002002667929045856,0.01760645323122541,0.020570190840711197,-0.0029637376094857853,-0.3710952360471685,not_computed,-0.31773641929354773,not_computed,2.2025920810365193e-06,125
15,19,0.0034102774132043125,0.002278937294225519,0.0011313401189787934,0.06809070739895105,0.050168725432207184,0.017921981966743866,-0.10485930583883268,not_computed,-0.1414335714841276,not_computed,2.1261123123899456e-06,126
16,19,0.0070042149319003025,0.003489497444437196,0.003514717487463107,-0.015622660637212297,-0.02634061929459373,0.010717958657381435,-0.054971614382512655,not_computed,-0.055965066278514206,not_computed,2.070813516616183e-06,127
14,27,0.001772633928436941,0.002047825119419334,-0.0002751911909823927,-0.02269930546171963,-0.04306142463659247,0.020362119174872836,-0.3695435162655753,not_computed,-0.44807475638618205,not_computed,2.070728160292597e-06,128
17,19,0.0007628176833774584,0.0008873543719528243,-0.0001245366885753659,-0.06910764591147502,-0.03137172705183427,-0.037735918859640755,-0.43868546484009185,not_computed,-0.4350132779253103,not_computed,2.0616051386921586e-06,129
14,4,0.00012120764661328091,0.001052036862007905,-0.000930829215394624,-0.11984488892058531,-0.11362028688192367,-0.006224602038661639,0.3552750807586903,not_computed,0.43875998622206913,not_computed,2.0584785375988127e-06,130
15,9,0.004759860387227187,0.010269955606199801,-0.005510095218972613,0.011908755533707639,0.01046643036417663,0.0014423251695310077,0.25060287769042694,not_computed,0.31466394071045234,not_computed,1.991628534631866e-06,131
14,10,0.0014025105267743735,0.0008152709977245346,0.0005872395290498389,0.025492445438479384,0.010457804206137856,0.015034641232341528,-0.21681535796209997,not_computed,-0.2278220869120768,not_computed,1.914248840498385e-06,132
13,19,0.0024564127401875643,0.0035675119165777384,-0.0011110991763901741,0.024074748748292525,0.03008785570661227,-0.006013106958319744,0.2817643063241193,not_computed,0.30691496572184135,not_computed,1.8825119025470056e-06,133
9,21,0.0019236379344268546,0.0014195725260651671,0.0005040654083616876,0.13217401899397374,0.14298539191484452,-0.01081137292087078,-0.3394684147412248,not_computed,-0.4336417071300792,not_computed,1.8499803483305764e-06,134
17,27,0.002856977387952308,0.004091090891161002,-0.0012341135032086943,0.0923929226398468,0.07881756803641717,0.013575354603429636,0.10979006566011523,not_computed,0.0904538939321548,not_computed,1.8393709860322204e-06,135
18,0,0.0017207903997041286,0.0021093560351437193,-0.00038856563543959054,0.2120250693957011,0.19846386656165124,0.01356120283404986,0.3428175453279913,not_computed,0.4923414704607829,not_computed,1.8064487371896895e-06,136
20,2,0.0022900681680766864,0.005115324538589145,-0.0028252563705124583,-0.03015464291907847,-0.12127278527865808,0.0911181423595796,0.006555482227606965,not_computed,0.0647287192079912,not_computed,1.6875916361501064e-06,137
5,2,0.014683931577019393,0.01837464588228613,-0.003690714305266738,-0.026507809177661934,-0.030466859377920628,0.003959050200258692,0.11030930234625275,not_computed,0.07362437360415115,not_computed,1.611808993301481e-06,138
17,29,0.007244494982684652,0.0044141106759586065,0.002830384306726046,-0.010946972842017809,-0.012178489040428151,0.0012315161984103422,-0.41886142910973456,not_computed,-0.4373270814120157,not_computed,1.4600102553110754e-06,139
20,6,0.002922282801397766,0.004378088130615652,-0.001455805329217886,-0.019210095095137755,-0.03598976658036312,0.01677967148522536,0.0546902349764235,not_computed,0.18001933354815053,not_computed,1.3359695144753241e-06,140
17,1,0.005624655990007644,0.0066160128583821155,-0.0009913568683744718,0.07150140212227901,0.0677650918190678,0.0037363103032112123,0.35203197996621605,not_computed,0.3165661840687119,not_computed,1.3039323966110258e-06,141
13,16,0.0034369729556298504,0.004092332124710083,-0.0006553591690802326,-0.005033320830358813,0.001212661910103634,-0.006245982740462447,0.31322517851351295,not_computed,0.15696041067122968,not_computed,1.2821440616127979e-06,142
11,12,0.00086912429726605,0.001719375097891316,-0.0008502508006252659,-0.014843912661696474,-0.017127695471669237,0.002283782809972763,0.6475749495485611,not_computed,0.6295523283592039,not_computed,1.2574533714514217e-06,143
14,14,0.0009055842350547512,0.00024167740642345355,0.0006639068286312977,-0.021301770557959874,-0.014042492123941581,-0.007259278434018294,0.2547679405790819,not_computed,0.21072278580873122,not_computed,1.2278501466489718e-06,144
20,25,0.015149200142671664,0.012077974721323699,0.003071225421347966,0.018598461841853955,0.01274501216985906,0.005853449671994895,-0.0660555003727019,not_computed,-0.034902165579617554,not_computed,1.1874971315447823e-06,145
15,5,0.0006485539144584132,0.0008242474816021664,-0.00017569356714375317,0.12453614229957263,0.10295255608856678,0.021583586211005847,-0.2793347382619583,not_computed,-0.3233053700596673,not_computed,1.059264493677111e-06,146
17,25,0.0023597803391263977,0.005886590482259635,-0.0035268101431332375,0.1001226493343711,0.0967700952043136,0.0033525541300574936,-0.08851137499336927,not_computed,-0.09287969866331848,not_computed,1.046542735045005e-06,147
16,23,0.008013185369006047,0.0058360132179223,0.0021771721510837477,0.04304155275846521,0.030210859859362244,0.012830692899102965,0.036529609762557994,not_computed,-0.16438538205980066,not_computed,1.0204410326350625e-06,148
17,3,0.0046861599754386895,0.0015218173111012827,0.0031643426643374064,-0.021040509479741256,-0.024609504196171958,0.0035689947164307036,-0.08949521035939731,not_computed,-0.09116190179890887,not_computed,1.010716149461967e-06,149
10,5,0.0005717046385689173,0.00225662096667899,-0.0016849163281100724,0.006166161710085968,0.005152755288096765,0.0010134064219892026,-0.583329019737317,not_computed,-0.4784404271158568,not_computed,9.960372338421571e-07,150
13,18,0.002432442362381456,0.0010151250887429342,0.0014173172736385215,-0.018134193780521553,-0.023466531963398058,0.005332338182876507,0.12990205271956198,not_computed,0.1019486883187591,not_computed,9.817497041741423e-07,151
13,27,0.0024888378207106143,0.0016033843883512114,0.0008854534323594029,0.0998017834375302,0.10322216930488745,-0.003420385867357254,-0.32308173896512093,not_computed,-0.4424102490027667,not_computed,9.784829012262183e-07,152
14,26,0.0005466733682745447,0.0003586147953319596,0.00018805857294258507,0.0030845458215723433,-0.012998704087610046,0.01608324990918239,0.31817774513336133,not_computed,0.39048211646796077,not_computed,9.623581890223423e-07,153
8,5,0.0013510244576900733,0.0004722939087908647,0.0008787305488992085,0.004072513311790924,0.0007365659189720948,0.0033359473928188284,0.32653633019841694,not_computed,0.22448960544006044,not_computed,9.572082337954019e-07,154
19,11,0.0034428109081151583,0.006059358442823092,-0.0026165475347079336,0.09224904259045918,0.08509413552780946,0.007154907062649727,-0.04733684470048809,not_computed,0.15647507194524385,not_computed,8.862003801432366e-07,155
11,6,0.0004831842416994429,0.0015426189071149564,-0.0010594346654155136,0.004973904569633305,0.003928379297722131,0.001045525271911174,-0.7866283493663656,not_computed,-0.5756761741797131,not_computed,8.713212543229031e-07,156
20,20,0.0014367188556934707,0.004462420092895627,-0.0030257012372021564,-0.09258515367905298,-0.0871689796447754,-0.005416174034277598,-0.052536355498440844,not_computed,-0.09688285425393615,not_computed,8.609513189034873e-07,157
20,22,0.0051281468958283465,0.006041561477274323,-0.0009134145814459771,0.04771175814171632,0.04636417796214422,0.0013475801795721054,-0.6830025777323081,not_computed,-0.6827986977633085,not_computed,8.407074533545303e-07,158
14,12,0.003961075288243592,0.004937958975982232,-0.0009768836877386397,0.03921780838320653,0.03757512730235855,0.0016426810808479785,-0.5071467543114649,not_computed,-0.503198479983111,not_computed,8.138226323522001e-07,159
17,13,0.0009873464779229834,0.002879527363111265,-0.0018921808851882814,0.1158118799328804,0.11289726567765077,0.002914614255229632,0.1469303976597935,not_computed,0.17719619106878964,not_computed,8.103178197401555e-07,160
6,10,0.002631019545466794,0.003730153587142316,-0.0010991340416755216,-0.010713956735562533,-0.012749874944953868,0.0020359182093913357,-0.35296797133361285,not_computed,-0.37067345192724366,not_computed,7.898530224807663e-07,161
6,7,0.011448393740380803,0.007818543008955505,0.003629850731425298,-0.026816398948431016,-0.02791383778055509,0.0010974388321240743,0.1953728177610975,not_computed,0.24196402182246468,not_computed,7.782752679048265e-07,162
11,1,0.0003479473542878016,0.0005611019206844503,-0.0002131545663966487,-0.028461898832271498,-0.034808248803019526,0.006346349970748027,-0.5729732843240418,not_computed,-0.47056700630007,not_computed,7.750916021483493e-07,163
10,29,0.00033446765494469827,0.0006179611888001091,-0.00028349353385541084,0.008048092684087654,0.012181805600412189,-0.004133712916324536,-0.6606605172149235,not_computed,-0.5860700674451939,not_computed,7.742154300079074e-07,164
11,2,0.0006207815658611556,0.0012768052482958108,-0.0006560236824346551,0.027690273988991976,0.029763111546635627,-0.002072837557643652,-0.5538705610471366,not_computed,-0.5195644396048845,not_computed,7.531700972808806e-07,165
17,12,0.003233963251889994,0.0025792549480684102,0.0006547083038215836,-0.162752227584521,-0.20474781468510628,0.041995587100585305,-0.02733856049700365,not_computed,-0.03997199968888543,not_computed,7.516698824933791e-07,166
16,24,0.0008624883536928489,0.0012081438582390548,-0.0003456555045462058,0.018645685265461603,0.022970821127916374,-0.004325135862454772,-0.4992554219640674,not_computed,-0.48045778286425406,not_computed,7.46390359994107e-07,167
9,14,0.002924444852784897,0.004084146702371072,-0.001159701849586175,-0.08796366828183333,-0.08634797861178715,-0.0016156896700461705,0.37526781766166595,not_computed,0.34035044833831485,not_computed,7.031461768695639e-07,168
15,20,0.0021619053680963893,0.0014624956617626595,0.0006994097063337298,0.044532391770432396,0.04758652317027251,-0.0030541313998401166,-0.3275748751586196,not_computed,-0.3393944377159746,not_computed,6.997291351539692e-07,169
12,30,0.0022316288833584014,0.0032917164351480704,-0.0010600875517896688,-0.004443050997991425,0.0013828881954153379,-0.005825939193406763,0.11077941611592634,not_computed,0.05151879465327393,not_computed,6.841742961150306e-07,170
16,27,0.00018727206742065998,0.0002542467577283484,-6.697469030768844e-05,-0.0823065481769542,-0.12056140366941691,0.038254855492462714,0.24782317737015616,not_computed,0.2781555350615007,not_computed,6.349495221292672e-07,171
10,9,0.003918483489736294,0.0029872072294044,0.0009312762603318939,-0.06491801331440608,-0.07146795370926459,0.006549940394858519,-0.10383395113996349,not_computed,-0.07125501394459939,not_computed,6.333667501173125e-07,172
18,1,0.001743947746193347,0.0012669601806555874,0.0004769875655377594,-0.022313291529814403,-0.016788070127367972,-0.005525221402446429,0.23721897676453002,not_computed,0.27629284769830775,not_computed,6.251815765981576e-07,173
12,31,0.004929440151123951,0.0031405258157368126,0.001788914335387138,0.016153608978105086,0.013263970264233649,0.0028896387138714393,-0.11770028526897637,not_computed,-0.26111001233347036,not_computed,6.084299818911614e-07,174
18,13,0.002543595841852948,0.0010068655202242855,0.0015367303216286625,0.08047657455007236,0.06536023811747631,0.015116336432596049,0.024638264998158972,not_computed,0.03324214713496817,not_computed,5.723403063517749e-07,175
19,23,0.00468214378876534,0.005283505210536532,-0.0006013614217711923,-0.015535605605691671,-0.013029321141851445,-0.0025062844638402263,0.36966254344550387,not_computed,0.3626809186768742,not_computed,5.571490230482474e-07,176
19,18,0.0002696371154403702,0.0003403888984151611,-7.075178297479093e-05,0.0846182261655728,0.057828602430721125,0.026789623734851678,-0.2912236512776442,not_computed,-0.0850542783808709,not_computed,5.519892822224281e-07,177
16,26,0.0021501290757441893,0.0039469230819183096,-0.0017967940061741198,0.007556639667600393,0.0034890804998576642,0.0040675591677427295,0.0751507015090181,not_computed,-0.05451793908821209,not_computed,5.492438568416693e-07,178
15,10,0.0006682109523292941,0.0009785326504303763,-0.0003103216981010822,-0.013170532545385262,-0.008922748156667997,-0.004247784388717264,0.3981159042859368,not_computed,0.3590191002122246,not_computed,5.24788289213026e-07,179
16,9,0.0025968631368596105,0.005064833330300947,-0.002467970193441336,0.02693005623295903,0.02628044905761878,0.0006496071753402551,0.32105470027383765,not_computed,0.30215224613606817,not_computed,5.147184740142195e-07,180
17,0,0.0006283066216807735,0.0017801265490318958,-0.0011518199273511224,0.03961015277852615,0.0418456440543135,-0.0022354912757873535,0.19814535561602892,not_computed,0.10518027978088645,not_computed,5.102011867391942e-07,181
14,18,0.0017622558670700528,0.001318160793647015,0.0004440950734230379,-0.016326273061955967,-0.02246414645574987,0.0061378733937939006,-0.1812152747017546,not_computed,-0.21627573639707107,not_computed,4.939564753605446e-07,182
16,22,0.010624418544272582,0.008027005221229046,0.0025974133230435353,-0.021402184671411913,-0.015116829483304173,-0.006285355188107739,0.02945147885274778,not_computed,-0.038239535994844386,not_computed,4.808149865064434e-07,183
18,25,0.0004006227351540777,0.0007287318730474605,-0.0003281091378933828,-0.13804101201395194,-0.13497978309790293,-0.0030612289160490036,0.4625477625067183,not_computed,0.4549014989055434,not_computed,4.645909194816826e-07,184
18,2,0.002244700656980664,0.0022788467317877803,-3.4146074807116144e-05,0.18950763394435247,0.16671827976902326,0.022789354175329207,0.5727149785841563,not_computed,0.6521072456360626,not_computed,4.4566789243116526e-07,185
14,30,0.00049813587652352,0.00032433475218567764,0.00017380112433784233,-0.16674505226314068,-0.18129717744886875,0.014552125185728073,-0.17186491389085637,not_computed,-0.1998244424938055,not_computed,4.346765671237551e-07,186
18,11,0.0015742762640972312,0.000927779150661081,0.00064649711343615,-0.1454962399850289,-0.13984693172077337,-0.005649308264255523,0.11649572059546826,not_computed,0.016609073434149267,not_computed,4.2547283358577603e-07,187
16,12,0.0012053623115449834,0.0009856942654975379,0.00021966804604744538,-0.0528639213119944,-0.06578204316397508,0.012918121851980687,-0.1497799426219846,not_computed,-0.14883187590973232,not_computed,4.2503033136371544e-07,188
11,25,0.000357567095355383,0.0009243235315564864,-0.0005667564362011035,0.1583327596882979,0.15164133727550508,0.006691422412792841,-0.11004207528624237,not_computed,-0.1181430904787831,not_computed,4.173243057752553e-07,189
12,10,0.0027412079395920347,0.0025027491839136927,0.00023845875567834204,0.03787065145249168,0.028163454178720713,0.009707197273770968,0.17942023038651647,not_computed,0.21255925065834064,not_computed,4.153158818497328e-07,190
12,4,0.004109377052324514,0.0037600573427819957,0.00034931970954251785,-0.010690135033801198,-0.018166542515779534,0.007476407481978337,-0.13564950678460802,not_computed,-0.1404095601062234,not_computed,3.542699147628719e-07,191
13,0,0.011890945584164002,0.0038239142232365944,0.008067031360927407,-0.06858712156613668,-0.07503174237906933,0.00644462081293265,0.006485514454407922,not_computed,0.1905852287247636,not_computed,3.3717513992249035e-07,192
5,13,0.0008641364241096501,0.002454066545081635,-0.001589930120971985,0.015826754458248615,0.016476819571107627,-0.0006500651128590107,-0.31511953260667974,not_computed,-0.2426898076645296,not_computed,3.2569434650546177e-07,193
5,15,0.004243736162316054,0.003575846217184638,0.0006678899451314161,0.007393311264459044,0.00647875610118111,0.000914555163277934,-0.5273306537092413,not_computed,-0.5631129234769275,not_computed,3.2210526887724937e-07,194
19,22,0.001592079271000936,0.0014089104921974165,0.00018316877880351966,0.005973723003019889,-0.005043028388172388,0.011016751391192276,0.15407219950924,not_computed,0.14307536750408337,not_computed,3.109061275881963e-07,195
11,18,0.0014813826678922244,0.0019649753315752606,-0.000483592663683036,0.10720648370683193,0.10890655380984147,-0.0017000701030095418,0.3770732043127298,not_computed,0.43749286103178925,not_computed,3.100075032432965e-07,196
11,3,0.0007606352807973356,0.001652990750638613,-0.0008923554698412773,-0.05950024704138438,-0.05357675037036339,-0.005923496671020985,0.05741310002137083,not_computed,0.06708741208235647,not_computed,3.0347787613534616e-07,197
15,29,0.0015925298163589712,0.0031235863059797947,-0.0015310564896208233,0.0044261924806050955,0.006682132109223554,-0.0022559396286184587,0.08646602026545454,not_computed,0.1032095912176802,not_computed,2.986511272249559e-07,198
7,1,0.0014857350499369204,0.001096953570183056,0.0003887814797538643,0.03824162079642216,0.0340382178251942,0.004203402971227964,0.15992600201229115,not_computed,0.1306601184457605,not_computed,2.613519084466148e-07,199
17,21,0.00041933896752501215,0.0009021942021596866,-0.00048285523463467445,0.022229517467009526,0.02686644944905614,-0.004636931982046614,0.10973470601188036,not_computed,0.12607740086000954,not_computed,2.456923723664661e-07,200
8,8,0.003242569284241957,0.0026321360273868777,0.0006104332568550793,0.02051551340458294,0.01961607102615138,0.0008994423784315586,0.4419430310865976,not_computed,0.397301303347815,not_computed,2.4264861810967735e-07,201
10,22,0.00014074936058629343,0.00025612563669710656,-0.0001153762761108131,-0.06094782336304585,-0.06743430425723394,0.006486480894188087,-0.3229786652412548,not_computed,-0.17957399526661408,not_computed,2.417127148002356e-07,202
13,30,0.003761655432366145,0.005352483413104589,-0.0015908279807384435,0.0036328416185763975,0.0034067004973379273,0.00022614112123847007,-0.6635621231343307,not_computed,-0.6308376759741775,not_computed,2.3871755093257074e-07,203
12,19,0.002541935916330355,0.0018516773035905014,0.0006902586127398536,0.026183595284819602,0.02306050814377765,0.0031230871410419542,0.09768040798916895,not_computed,0.14224869165212947,not_computed,2.105733475717381e-07,204
6,16,0.010623298691546854,0.011869813778903336,-0.0012465150873564805,8.536956350629528e-05,-0.0006216844489487508,0.0007070540124550461,-0.23545787986829364,not_computed,-0.1973573039700441,not_computed,2.0752162513556986e-07,205
10,28,0.0007660638682864373,0.000603152421329772,0.0001629114469566654,0.0030876743452002606,0.010231431673746556,-0.007143757328546296,0.17567124319966876,not_computed,0.21061700685563173,not_computed,2.0444616527308987e-07,206
13,17,0.0010716579659492708,0.0007409777837650229,0.0003306801821842479,-0.023563314789595703,-0.029802485952774682,0.006239171163178981,0.09876772679781519,not_computed,0.034595051056122844,not_computed,2.0377463627272744e-07,207
14,24,0.0009916946534940508,0.0006978323480385976,0.00029386230545545307,0.03278748754101495,0.03494713537395001,-0.002159647832935055,-0.3161031748314995,not_computed,-0.3385384282047578,not_computed,2.006114315872745e-07,208
11,13,0.00024633890756376787,0.00019773692610518387,4.8601981458584005e-05,0.029651353135704994,0.03823990566655994,-0.008588552530854941,0.4787200276205781,not_computed,0.543238924876943,not_computed,1.998276350838281e-07,209
15,27,0.00024776235596315625,0.00032918076986485783,-8.141841390170157e-05,0.006357209187311431,-0.00882645986819019,0.01518366905550162,0.15884368865348789,not_computed,0.19220613562372915,not_computed,1.9636737320621555e-07,210
8,26,0.002714052871063662,0.004142792063454787,-0.0014287391923911248,-0.037831805820266406,-0.03986143905669451,0.002029633236428102,-0.06412590554009852,not_computed,-0.08048844987166524,not_computed,1.8595336223717453e-07,211
16,1,0.0005490616421836118,0.000828586613497464,-0.0002795249713138522,-0.015586975272744894,0.0412489381680886,-0.05683591344083349,-0.011206560327674139,not_computed,-0.09593484372048579,not_computed,1.7803926353061447e-07,212
5,28,0.0020211681873964454,0.001060960397638458,0.0009602077897579874,0.005943279891895751,0.005475298260183384,0.0004679816317123671,0.37670837203246565,not_computed,0.20222802475583063,not_computed,1.6927752647492715e-07,213
15,4,0.0004658075566840125,0.0006815312550558398,-0.0002157236983718273,0.08531472370028496,0.08114590359230836,0.004168820107976596,-0.18685798923948685,not_computed,-0.16732897032189248,not_computed,1.6804387335342503e-07,214
12,9,0.00019599373061889006,0.0005262865975237218,-0.0003302928669048318,0.02185397365440925,0.019582875793178876,0.002271097861230373,-0.2220533462936709,not_computed,-0.26665096278847544,not_computed,1.665683045586314e-07,215
5,0,0.0016379949011995146,0.0025048442961997353,-0.0008668493950002206,-0.01693246839568019,-0.017421492549280326,0.0004890241536001364,-0.3865145787898096,not_computed,-0.41852376137512637,not_computed,1.6384750783675151e-07,216
14,13,0.002437907771576041,0.0011063185147941112,0.0013315892567819295,0.05405718696614106,0.05371017417560021,0.00034701279054085414,-0.33906604154408926,not_computed,-0.3757010633451483,not_computed,1.5667512918307517e-07,217
18,16,0.0003004211714263268,0.00026870966721617153,3.1711504210155305e-05,-0.023220377663771313,-0.00793446879213055,-0.015285908871640762,0.3182538966873343,not_computed,0.4099974444160491,not_computed,1.5427012767327322e-07,218
12,6,0.00015315402608393925,0.0002539828488443163,-0.00010082882276037709,0.009507861174643039,-0.0016187454449633758,0.011126606619606415,0.13258986699136685,not_computed,0.11913465705174502,not_computed,1.4875027091551935e-07,219
20,27,0.009350290071063985,0.009787683590936165,-0.0004373935198721786,-0.007604846413402508,-0.005999966569749328,-0.0016048798436531797,-0.2019846099511427,not_computed,-0.18234202602251137,not_computed,1.4178593358412e-07,220
12,17,0.0006618345292614928,0.00032578872225712984,0.00033604580700436295,0.018084624152009687,0.017069739969447256,0.0010148841825624306,0.41117667625177434,not_computed,0.3789975444171602,not_computed,1.402308079807355e-07,221
8,27,0.0003667248328323088,0.0010697334308497374,-0.0007030085980174287,-0.0037092841199288765,-0.004372547002664456,0.0006632628827355802,0.3006334910371988,not_computed,0.11353459482883144,not_computed,1.4017923668265822e-07,222
12,25,0.0001066267093422842,8.61999732417947e-05,2.0426736100489506e-05,0.2483037174741427,0.2285536499818166,0.0197500674923261,0.3455915599484326,not_computed,0.3533363704041156,not_computed,1.39421801423147e-07,223
6,27,0.0029763920450932347,0.005396974801454538,-0.002420582756361303,0.0003651658616339167,0.00022203848697245122,0.00014312737466146548,-0.40136311606751063,not_computed,0.033437704863387374,not_computed,1.3905291584516276e-07,224
12,21,0.0018996393741690554,0.0015320988204863776,0.00036754055368267774,0.01002358433480064,0.008038048901750396,0.001985535433050245,0.18871019808909134,not_computed,0.13849576106401182,not_computed,1.3771405853599687e-07,225
6,25,0.0010635608826608707,0.0018675544585372943,-0.0008039935758764235,-0.001446280621845896,-0.0008600440902713065,-0.0005862365315745895,0.28829790676737777,not_computed,0.2447733863709597,not_computed,1.3588356925247199e-07,226
16,14,0.0033749895449727775,0.0036827374959830196,-0.0003077479510102421,0.029210431929677726,0.028305697456623116,0.0009047344730546077,-0.47861156235763724,not_computed,-0.47181457571750796,not_computed,1.3325990359653988e-07,227
15,18,0.00011243297518376494,0.0006644268961827038,-0.0005519939209989389,0.1151979623734951,0.1129654075205326,0.002232554852962494,-0.10303512292323166,not_computed,-0.16301514461271793,not_computed,1.269760248046122e-07,228
20,28,0.004156261715106666,0.003287218660504247,0.0008690430546024194,-0.13650770542522273,-0.1269259678820769,-0.009581737543145815,0.015130960067310954,not_computed,-1.9111323459149544e-05,not_computed,1.2599463388884686e-07,229
6,29,0.002931174430474736,0.004183039883646416,-0.0012518654531716797,-0.026122304281840723,-0.02716512478888035,0.0010428205070396265,-0.09570432034616556,not_computed,-0.24650540561561796,not_computed,1.249392115921991e-07,230
12,27,0.00048113500384109405,0.000732401115722799,-0.000251266111881705,-0.027133293443669874,-0.02428942412137985,-0.002843869322290023,0.16957068813542409,not_computed,0.1847211635684841,not_computed,1.2116978532795155e-07,231
13,14,0.00044122949914405276,0.0007950318633811548,-0.0003538023642371021,0.003428565071274837,0.002325141963859399,0.0011034231074154377,-0.30702834158581493,not_computed,-0.2997873309703441,not_computed,1.1986193155299952e-07,232
11,19,0.00024281244898702426,0.00014995820123431258,9.285424775271167e-05,0.03563040151571234,0.03297835798934102,0.00265204352637132,0.4857981748859501,not_computed,0.612837920421338,not_computed,1.1962950408918306e-07,233
10,18,0.0007292990239026646,0.0005509578491425297,0.0001783411747601349,0.003307346635653327,0.0006185993365943432,0.0026887472990589838,-0.24713206965762302,not_computed,-0.30774519716885745,not_computed,1.1850337422727477e-07,234
11,16,0.0017774520618453,0.0013490408236005655,0.0004284112382447347,-0.06889291826635599,-0.07376001174251239,0.004867093476156394,0.05620051916540313,not_computed,0.05038189313214591,not_computed,1.1718468842473402e-07,235
13,4,0.00013719958001729538,4.291424920779718e-05,9.428533080949819e-05,0.01815628223742048,0.014752333840976158,0.0034039483964443205,0.3633941958659113,not_computed,0.45764597384415384,not_computed,1.1662860559156751e-07,236
18,4,0.0003413976380882862,0.0002170015867947465,0.00012439605129353973,0.19846527909239134,0.20068455127378304,-0.002219272181391716,0.41377249564602303,not_computed,0.3163568484094268,not_computed,1.1422963335948016e-07,237
12,26,0.006638959785923362,0.00842249578020225,-0.001783535994278888,0.012503106921600799,0.012142085802430909,0.00036102111916989086,-0.17074165004235514,not_computed,-0.13039167101856688,not_computed,1.0993955145642005e-07,238
15,22,0.00012034539950263934,0.0002361776807432155,-0.00011583228124057617,-0.03659920960664749,-0.043195318020880225,0.006596108414232731,-0.1438849614377308,not_computed,-0.15278080867565194,not_computed,1.0993419470405476e-07,239
15,12,0.014215775219878803,0.013827982132012645,0.00038779308786615727,0.02401735382154584,0.01721468575609227,0.006802668065453569,-0.04039911030097827,not_computed,-0.05486283180924233,not_computed,1.0657397020453802e-07,240
9,16,0.0009170006217633878,0.000552544361598848,0.00036445626016453996,0.025649795193846026,0.026747154326488574,-0.0010973591326425473,-0.25445092939561,not_computed,-0.06749719441327126,not_computed,1.0176495344165866e-07,241
17,11,0.001129717255923121,0.0014984913275111467,-0.00036877407158802575,-0.03564339205622673,-0.037939507296929756,0.0022961152407030266,-0.11393502472662191,not_computed,-0.11852220580228669,not_computed,9.64742276734409e-08,242
8,24,0.0020370813220506536,0.0036724294867599384,-0.0016353481647092848,0.00452124849272271,0.004113525920547545,0.000407722572175165,-0.14057559352477506,not_computed,-0.02859053989488772,not_computed,9.373135796701705e-08,243
19,26,0.0015169837498979178,0.0015685363791514344,-5.155262925351659e-05,0.02676923807710409,0.03218279178564747,-0.00541355370854338,0.33039128422474684,not_computed,0.33582684252047246,not_computed,9.220656674941814e-08,244
17,8,0.00020634212104293206,0.0004979285030761578,-0.0002915863820332258,0.004538926176416378,0.002936328786114852,0.0016025973903015256,0.187817947039022,not_computed,0.1677009744552717,not_computed,8.776649553699397e-08,245
16,15,0.000998757361958269,0.0010602104201097972,-6.145305815152824e-05,-0.0053161391988396645,-0.009546514662603537,0.0042303754637638726,-0.3308854688312083,not_computed,-0.2923459149546106,not_computed,8.602013299218651e-08,246
11,14,0.000439075788356907,0.0022944841116744404,-0.0018554083233175334,0.008648370803178599,0.008182910013323028,0.0004654607898555696,0.09960079177194629,not_computed,0.05887220969121879,not_computed,8.601721822807597e-08,247
12,3,0.0010253660639864392,0.0019729825330432505,-0.0009476164690568112,-0.004714256067139407,-0.0038021524312595524,-0.0009121036358798544,0.09720646704266374,not_computed,0.06671274125268059,not_computed,8.401792391240865e-08,248
8,25,0.00037314398301532494,0.00045993912114984897,-8.679513813452407e-05,-0.022105562814200917,-0.01955785745754838,-0.002547705356652538,-0.37818206028776435,not_computed,-0.3916350181668685,not_computed,8.362680840596176e-08,249
15,0,0.0034779252371905994,0.002568249639783365,0.0009096755974072342,0.004410677372167508,0.0048920437134802345,-0.00048136634131272634,-0.18591396780350214,not_computed,-0.17267791864354048,not_computed,8.140934942475454e-08,250
6,4,0.0047110656978717694,0.0038955036944632107,0.0008155620034085586,0.013305041290198763,0.01381872440998753,-0.000513683119788766,-0.19246766435374654,not_computed,-0.18217580195335503,not_computed,8.063248689154174e-08,251
16,17,0.0010590927887824365,0.001203734540467849,-0.0001446417516854126,0.018148817278755208,0.023864714882026117,-0.005715897603270908,-0.09503075489520547,not_computed,-0.09274991944354938,not_computed,7.856738380868044e-08,252
7,21,0.0033092903159558772,0.005009013887805243,-0.001699723571849366,0.0011145607362656545,0.0006309160795838882,0.0004836446566817661,0.09327392487466574,not_computed,0.14742830475894175,not_computed,7.667697006407385e-08,253
6,30,0.002837027303952103,0.0021414281376443494,0.0006955991663077536,0.014013550450714925,0.013222932157417138,0.0007906182932977875,0.1387438146399571,not_computed,0.23904532272580806,not_computed,7.630263615393231e-08,254
11,24,0.0007917296631300511,0.0010931347095174714,-0.00030140504638742036,0.08083074470361074,0.08176639604071777,-0.0009356513371070227,-0.2629421335148492,not_computed,-0.25957577306414514,not_computed,7.415232018693682e-08,255
12,7,0.0010976941152087724,0.0005669956305549325,0.0005306984846538399,-0.07158364667246739,-0.07325244589398304,0.0016687992215156555,-0.08168266757285143,not_computed,-0.06611140123779154,not_computed,7.234055701077157e-08,256
15,25,0.0023444354433740954,0.002490426482982002,-0.0001459910396079067,0.046631537762780985,0.03740206041062872,0.009229477352152267,0.05304222076754435,not_computed,0.06854609495661063,not_computed,7.147020181351047e-08,257
17,31,6.34109331167565e-05,7.701217424255447e-05,-1.3601241125797969e-05,-0.051266806026299794,-0.0636693340788285,0.0124025280525287,-0.4081213708611595,not_computed,-0.11827020300225558,not_computed,6.884590206487532e-08,258
19,24,0.000568358733447288,0.0005151634800252699,5.319525342201814e-05,-0.009913401147350669,-0.012267587799578905,0.002354186652228236,-0.5299297354861642,not_computed,-0.4712181246458294,not_computed,6.636392511667828e-08,259
16,6,0.0007104078318904309,0.0011921682518247205,-0.0004817604199342895,-0.04749138452112675,-0.04891185458749533,0.00142047006636858,0.09234841057396935,not_computed,0.10512561250680563,not_computed,6.3196442025882e-08,260
14,9,0.00030233565305631295,0.0003529819618779584,-5.064630882164541e-05,0.026870377414549392,0.020216125526155034,0.006654251888394355,-0.18335676719955252,not_computed,-0.19803864487383194,not_computed,6.179366847921219e-08,261
15,11,0.0009371493870033495,0.0024506709705262135,-0.001513521583522864,0.0324702113866806,0.031369200963526966,0.0011010104231536388,0.03523488404732005,not_computed,-0.0865107390082112,not_computed,5.871551785973009e-08,262
15,1,0.0014635021141536223,0.0014993661838040378,-3.586406965041533e-05,-0.02182422219775617,-0.02990618709474802,0.00808196489699185,-0.202206661629097,not_computed,-0.22416693518816877,not_computed,5.861003601746638e-08,263
5,14,0.0025667767913546413,0.003092188704564857,-0.0005254119132102157,0.00350082960134993,0.0031789481717472276,0.00032188142960270247,0.33070016571674177,not_computed,0.4679731997022189,not_computed,5.592812372144985e-08,264
10,21,0.0017037280947746088,0.0013253141977475026,0.0003784138970271063,0.009300940992931524,0.009940884057432414,-0.0006399430645008882,-0.22772878261867108,not_computed,-0.13729130323670263,not_computed,5.51475646428749e-08,265
6,17,0.001120388476071336,0.0030757226567948237,-0.001955334180723488,-0.010893260237450401,-0.010759700648486614,-0.00013355958896378676,0.20631088481429924,not_computed,0.047126301403348926,not_computed,5.3878836367239555e-08,266
6,1,0.0009706587385592987,0.0017814225295311795,-0.0008107637909718808,0.0017509470736452688,0.002049779302518194,-0.000298832228872925,-0.22078811643829682,not_computed,-0.231740797119968,not_computed,5.349306386736147e-08,267
9,24,2.0894296752279237e-05,5.992660028065681e-05,-3.903230352837757e-05,-0.0038657716490949194,-0.006224104614617924,0.0023583329655230047,0.580547277936502,not_computed,0.5861247347192746,not_computed,5.344005508948565e-08,268
10,12,0.0015570439971634186,0.0018698332668282093,-0.0003127892696647905,-0.014223928585027655,-0.014843052409899731,0.0006191238248720765,-0.2746895726765042,not_computed,-0.28168846320514673,not_computed,5.319508858574796e-08,269
10,25,9.44203596797403e-05,0.00044824224297675147,-0.0003538218832970112,0.05655013993382454,0.05759282028923432,-0.001042680355409781,0.1416118037851341,not_computed,0.19519905776730853,not_computed,5.224386947647106e-08,270
9,15,0.001302697155624628,0.0010754997132365436,0.00022719744238808442,0.01835028494397799,0.017502394736123583,0.00084789020785441,0.26375391075211907,not_computed,0.2543743819375771,not_computed,5.080915421541901e-08,271
6,13,7.677175019201361e-05,0.0007124497173117561,-0.0006356779671197424,0.005314389089277635,0.005124870838286976,0.00018951825099065899,-0.40055230122546787,not_computed,-0.4530810342337137,not_computed,4.8255567760380765e-08,272
12,23,0.00026660312786892364,0.0004367903878786213,-0.00017018726000969764,0.03685740749662121,0.035096038151532415,0.0017613693450887998,0.15752562417461669,not_computed,0.11336925965844065,not_computed,4.722029424594157e-08,273
15,30,0.00019803305997053637,0.00028612445377954526,-8.809139380900888e-05,-0.0047262836992740635,-0.007162418042620023,0.00243613434334596,0.21812129092579333,not_computed,0.26960210669007434,not_computed,4.680936775111312e-08,274
9,12,9.616505818182001e-05,0.00015217622224251195,-5.6011164060691955e-05,-0.015578364605704944,-0.009710251505797109,-0.005868113099907835,0.14056022931532874,not_computed,0.18911232347026077,not_computed,4.6199314464032266e-08,275
7,22,7.592821015956967e-05,0.0009294015275372658,-0.0008534733173776962,0.0010560914480205004,0.001157075710555849,-0.00010098426253534853,0.5328082407695505,not_computed,0.44642762697363303,not_computed,4.592134287718231e-08,276
13,2,0.00503799046719602,0.005014547746007641,2.3442721188378832e-05,-0.01961973526204626,-0.012414254105339447,-0.00720548115670681,-0.2703513073708109,not_computed,-0.2552277247524973,not_computed,4.566668462787942e-08,277
19,20,0.00016161567315391422,8.119662510765124e-05,8.041904804626299e-05,0.03713320188224316,0.03281562109788259,0.0043175807843605675,0.1280078820113109,not_computed,0.0662785142057134,not_computed,4.444635103562537e-08,278
13,7,8.583089359262886e-05,0.0001355682172085911,-4.973732361596224e-05,-0.011678389341880879,-0.015213122349232435,0.0035347330073515573,0.2513197046007346,not_computed,0.23880398671096345,not_computed,4.4184054707582926e-08,279
12,24,0.0014039787440560758,0.000852045907183007,0.0005519328368730688,-0.01722805809850494,-0.021749471398070454,0.004521413299565514,0.016899784229244562,not_computed,0.06235135945954955,not_computed,4.2173689868397654e-08,280
5,3,0.001402740319390432,0.002521389938580493,-0.0011186496191900612,-0.05372542078917225,-0.05408091670523087,0.0003554959160586198,-0.10598938097319067,not_computed,-0.0799235547061634,not_computed,4.214936641356792e-08,281
11,7,0.00019923858613765333,0.0005656711025585537,-0.0003664325164209004,0.024632314729193847,0.025599878014375767,-0.0009675632851819197,0.11448344768697404,not_computed,0.08472805253391705,not_computed,4.058972278753789e-08,282
6,5,0.02620785905358692,0.025882161483168603,0.0003256975704183181,0.026386598913619917,0.026574113983660937,-0.00018751507004102072,-0.658312396029885,not_computed,-0.6049484994277714,not_computed,4.020524642186619e-08,283
14,5,0.0013731361844111234,0.0014236206180066801,-5.0484433595556764e-05,0.0666065771629413,0.07714283647636573,-0.010536259313424428,-0.07463008357639503,not_computed,-0.06303803375593062,not_computed,3.969701640882092e-08,284
11,11,4.660980361829085e-05,0.0003444594178411838,-0.00029784961422289297,-0.0008964080301423868,0.002234289341916641,-0.0031306973720590272,0.04223156949606059,not_computed,-0.054374826386959854,not_computed,3.937996741971301e-08,285
9,13,0.0025521642833094423,0.0021863071949822675,0.00036585708832717503,-0.06517807037880023,-0.06546551138162612,0.00028744100282589597,0.37283528297179863,not_computed,0.33602817809086766,not_computed,3.9208226451971495e-08,286
13,11,0.00036106787505559625,0.0001964066877189907,0.0001646611873366055,0.028953069678197305,0.029308068547397852,-0.00035499886920054756,-0.6702636989657476,not_computed,-0.6310372337470417,not_computed,3.917995305533207e-08,287
9,4,0.0004498178666108288,0.0001997229128149532,0.0002500949537958756,-0.0027646670863032343,-0.004430469792957107,0.001665802706653873,0.09397962979312506,not_computed,0.02782119801331126,not_computed,3.915274558116276e-08,288
6,28,0.00010979752109051333,0.00021536002634093166,-0.00010556250525041833,-0.02459070423617959,-0.02284357523235182,-0.0017471290038277706,-0.21200114917614074,not_computed,-0.047881420904676716,not_computed,3.9099650647688554e-08,289
8,28,5.374051124211595e-05,0.00033977797265833943,-0.0002860374614162235,-0.0699346936121583,-0.06936314797649781,-0.0005715456356604894,0.23586499936574143,not_computed,0.11860131779241992,not_computed,3.8560026827895824e-08,290
16,11,0.0009741058397533683,0.0012472673681622837,-0.00027316152840891543,0.03427369746689995,0.031241984702646733,0.003031712764253219,0.04622031441078206,not_computed,0.0266376293069923,not_computed,3.827722823225196e-08,291
12,16,0.0007138539508741814,0.0007058676222610908,7.98632861309064e-06,0.0021903687451655667,-0.00914110866220047,0.011331477407366038,0.420314865821776,not_computed,0.391771908576762,not_computed,3.8037193325249955e-08,292
8,0,0.0008191114762666985,0.0012790723840104571,-0.00045996090774375867,0.001048395397180381,0.0007859493008193871,0.0002624460963609939,0.3093758285095412,not_computed,0.31709418993544375,not_computed,3.734628603499866e-08,293
9,29,0.0010907285135059888,0.0010305773840930974,6.015112941289165e-05,-0.018464411459863186,-0.016805652296170592,-0.0016587591636925937,-0.37275071047313996,not_computed,-0.4061649573884154,not_computed,3.7191663274851195e-08,294
9,1,0.004838106464400577,0.006094451061993217,-0.0012563445975926394,-0.019890521398435036,-0.019787790508319934,-0.00010273089011510214,0.2781754388326748,not_computed,0.34206735630395896,not_computed,3.590282394985821e-08,295
11,30,0.00014368063000195737,0.00010594771602579082,3.773291397616655e-05,-0.04857751629004876,-0.05052873905748129,0.0019512227674325308,0.48698142996354693,not_computed,0.45805486727630307,not_computed,3.585416402022864e-08,296
14,15,0.0005224704196977351,0.0003398393574752845,0.00018263106222245066,0.009621451736117403,0.006124355411157012,0.0034970963249603905,0.055935259100493344,not_computed,0.10992655473949711,not_computed,3.5724642710036594e-08,297
12,14,0.0002897756588269355,0.0004778469157948469,-0.0001880712569679114,0.00832746557192877,0.008854378810307631,-0.0005269132383788625,-0.3524385707042011,not_computed,-0.4064089600995567,not_computed,3.4925687883503215e-08,298
13,24,0.0017265850717497718,0.0014885766583514245,0.00023800841339834732,-0.0037081998637101305,-0.0028560576890595255,-0.0008521421746506045,0.17193247377196513,not_computed,0.27210569006322294,not_computed,3.487082973282356e-08,299
6,2,0.002360668618202908,0.0030065924003914307,-0.0006459237821885229,0.005940172931489845,0.00608273073953266,-0.00014255780804281432,-0.3753522984308868,not_computed,-0.2564530717007967,not_computed,3.456299461722746e-08,300
14,3,0.00017677078740021556,0.00027481705518141554,-9.804626778119995e-05,-0.1565469157944123,-0.15035212668279807,-0.0061947891116142274,-0.056528280505708475,not_computed,0.2306296736630407,not_computed,3.43339181919047e-08,301
12,28,0.0003051686553832648,0.0003780185091212237,-7.284985373795886e-05,-0.04491010956466198,-0.04798593757053216,0.0030758280058701833,0.1507420606929877,not_computed,0.1372810809008989,not_computed,3.3777319278611825e-08,302
11,10,3.438082094476158e-05,0.0002035385933049838,-0.0001691577723602222,-0.03744463599597414,-0.03928965304046869,0.0018450170444945493,0.10575288270420558,not_computed,0.13525172501916688,not_computed,3.300536610633323e-08,303
7,20,0.0008566568132179479,0.001398023989070983,-0.0005413671758530351,-0.0008792942354921251,-0.0007676549345099678,-0.00011163930098215739,0.5447380062714638,not_computed,0.6147926088067646,not_computed,3.292279559389509e-08,304
7,9,0.0036975825291786653,0.003616388878823879,8.119365035478647e-05,-0.02476714747026563,-0.025524957260737818,0.0007578097904721896,-0.5270089435050385,not_computed,-0.5632378137534861,not_computed,3.2426514134908956e-08,305
17,20,0.000530134664538006,0.0007475913791373992,-0.00021745671459939332,0.07472380429506302,0.07511881612241268,-0.00039501182734966275,0.3773262620392567,not_computed,0.28879743108256756,not_computed,3.2411561522898494e-08,306
14,28,0.00045129433761303516,0.00032078995325719007,0.0001305043843558451,0.005802953134601315,0.007987045617774129,-0.002184092483172814,0.11289171015007363,not_computed,0.10704696718852431,not_computed,3.217793562224537e-08,307
10,17,0.001788449757732451,0.0007261916894761574,0.0010622580682562936,0.0127739459152023,0.012963868863880634,-0.00018992294867833457,-0.14992593239041913,not_computed,-0.1828198091089901,not_computed,3.024713475538647e-08,308
15,13,0.0014366842389184362,0.0008316082171707724,0.0006050760217476636,0.01677450875441233,0.017217726477732263,-0.00044321772331992786,-0.11109670047715375,not_computed,-0.060469116323514704,not_computed,2.9793959438454444e-08,309
17,9,0.0006887630868974763,0.0006497950115832888,3.8968075314187446e-05,0.02578397644062837,0.02163851442436377,0.004145462016264597,-0.17448170622978115,not_computed,-0.16497827753641708,not_computed,2.8185892784793056e-08,310
11,26,0.002990472298115492,0.003116319293427902,-0.0001258469953124101,0.03050600754717986,0.02886005292957028,0.0016459546176095803,-0.13139698449007053,not_computed,-0.041197791086567626,not_computed,2.721736678831151e-08,311
11,22,0.00031963555064824805,0.00013035522738088427,0.0001892803232673638,-0.018194395173341035,-0.016934609177211922,-0.0012597859961291154,-0.11400598606031524,not_computed,-0.16391071011900132,not_computed,2.718503526008002e-08,312
12,11,0.00036826321491389535,0.0009258250831529343,-0.000557561868239039,-0.0005910061610241731,-0.0004597137744228045,-0.0001312923866013686,-0.3686496949274042,not_computed,-0.4138957099523328,not_computed,2.6986495262132252e-08,313
18,3,6.152334628798902e-05,5.585580343601275e-05,5.667542851976274e-06,-0.095000195192794,-0.11201411806046963,0.017013922867675623,0.2798010833574243,not_computed,0.3485358726208069,not_computed,2.698041737884393e-08,314
10,15,0.00020956745365765527,0.0005774374776774493,-0.0003678700240197941,0.018503113615637026,0.01881837232038379,-0.0003152587047467629,0.22919699848049527,not_computed,0.2848218313536817,not_computed,2.6580944795422032e-08,315
7,2,0.0019704146596147137,0.0022309791413620893,-0.00026056448174737547,0.037874242104589936,0.03811335063849886,-0.00023910853390892348,0.42208617300990914,not_computed,0.4572975255280614,not_computed,2.629731554808145e-08,316
13,9,0.0007058637457703299,0.0013195634749596744,-0.0006136997291893446,0.039342836538950605,0.03890081755816936,0.0004420189807812373,-0.09600183083539052,not_computed,0.08979299769997444,not_computed,2.604212181008509e-08,317
10,11,0.0013025538683238361,0.0015207932034536499,-0.0002182393351298136,-0.02080774339536826,-0.020141402383645375,-0.0006663410117228826,0.17896149117837298,not_computed,0.21358281758686207,not_computed,2.6024905643992413e-08,318
15,14,0.0004385247325020221,0.0007533754827697218,-0.0003148507502676997,0.042864752411842344,0.042288867036501566,0.0005758853753407797,-0.13999446483930114,not_computed,-0.14257580639784886,not_computed,2.5383508325244353e-08,319
5,17,0.0012238860487396627,0.0014290824335118184,-0.0002051963847721557,-0.04905714099605878,-0.0496497493237257,0.0005926083276669184,0.20175659271757043,not_computed,0.18047444971610796,not_computed,2.4533820867484457e-08,320
16,18,0.00314664823623995,0.002975952651371093,0.00017069558486885702,0.050758857044080896,0.05238885816186666,-0.0016300011177857717,0.083692457195142,not_computed,0.1073100812231247,not_computed,2.3286086644572133e-08,321
8,1,0.0005117692244918241,0.0006805499789455401,-0.00016878075445371602,0.027174429011841614,0.02648000822092096,0.0006944207909206549,-0.19588365425211396,not_computed,-0.1167644084934277,not_computed,2.2958517252312827e-08,322
7,8,0.0015284905409013543,0.0018166680757227974,-0.00028817753482144324,-0.006626712472643704,-0.006172691767569631,-0.0004540207050740719,-0.17322238235450996,not_computed,-0.22368381870909676,not_computed,2.2664168374193766e-08,323
16,25,0.0016992907542347287,0.001731489967011536,-3.2199212776807446e-05,0.06823892963429291,0.05874468686679999,0.00949424276749293,0.07249940982137576,not_computed,0.03613195702174469,not_computed,2.2163587447503735e-08,324
13,22,0.001300263122684555,0.0008617695711533695,0.0004384935515311857,-0.01120089139789343,-0.010118373016205927,-0.0010825183816875021,-0.04496357849934466,not_computed,-0.06853453927265858,not_computed,2.13431913795997e-08,325
15,15,0.0008225223283322218,0.0011232575687851445,-0.00030073524045292287,0.025665209566553434,0.025436169629295666,0.00022903993725776673,-0.30629231345657537,not_computed,-0.3304658940654896,not_computed,2.1097531127133015e-08,326
16,30,0.0036103113577701153,0.0023775468145807582,0.0012327645431893567,-0.057732233156760536,-0.05790330858280261,0.00017107542604207992,0.09996484582328917,not_computed,0.12130401448904987,not_computed,2.1082158078180324e-08,327
12,1,0.00033370760959466374,0.0005934826524996121,-0.0002597750429049483,-0.030704168267548085,-0.031488829807688794,0.0007846615401407083,0.10187556354099245,not_computed,0.1008131201457794,not_computed,2.076585493009803e-08,328
9,17,0.0006347870659374166,0.0005706267247539169,6.416034118349974e-05,0.0025820379013506076,0.0020680031401570887,0.0005140347611935188,0.6273950156238435,not_computed,0.6469031878131979,not_computed,2.0691892698108067e-08,329
10,19,0.001258481009232734,0.0011337090204566872,0.00012477198877604677,-0.009742338663587967,-0.010898942363758882,0.0011566037001709143,0.13372835101537744,not_computed,0.07393193257702864,not_computed,1.9298571543373494e-08,330
9,11,0.00010164232606863759,0.0002897072414634749,-0.00018806491539483734,-0.011122344634495676,-0.011395579803114135,0.0002732351686184605,-0.34559980582099337,not_computed,-0.3477545306058956,not_computed,1.7758973951097054e-08,331
8,3,0.00021960701873467768,0.00011299472838193954,0.00010661229035273815,-0.040056690375010175,-0.04089960410570105,0.0008429137306908767,-0.19199049606746715,not_computed,-0.2269691885465394,not_computed,1.7253218902006083e-08,332
11,4,0.0003613185631790354,0.0003002953058845984,6.102325729443692e-05,-0.016125970471960804,-0.018037284823755422,0.0019113143517946205,-0.1436007583457819,not_computed,-0.13099701107790088,not_computed,1.674882095264999e-08,333
14,19,0.003015045281208586,0.0029377114289673044,7.733385224128142e-05,0.01807069868159791,0.019136747928957143,-0.001066049247359236,-0.2016486488349819,not_computed,-0.19958621762464027,not_computed,1.6624256399819793e-08,334
17,22,0.0018964615159590419,0.0019435965991578996,-4.7135083198857805e-05,-0.014822188738423088,-0.015684992174307504,0.0008628034358844161,0.4016151427336175,not_computed,0.35430082556472847,not_computed,1.6333009822055677e-08,335
16,8,0.0004899140263538963,0.0005605964051452854,-7.068237879138906e-05,0.02678829339022438,0.027549038318296273,-0.0007607449280718962,0.3035806706322127,not_computed,0.26776830853676153,not_computed,1.6323915526608785e-08,336
17,6,0.005009859352139756,0.006387789814810579,-0.001377930462670823,-0.034691535594562686,-0.08112568770845731,0.04643415211389462,-0.00024435954793590047,not_computed,-0.026765186279847555,not_computed,1.5634864947612492e-08,337
8,30,0.0003126264335393595,0.002348163786518853,-0.0020355373529794937,0.04678096660102407,0.04670007259274522,8.089400827884674e-05,-0.0948246650299575,not_computed,-0.05623173590817676,not_computed,1.56140925281568e-08,338
7,14,0.002604075633086419,0.001816518461710075,0.0007875571713763445,0.006321229494642466,0.005948964367465426,0.0003722651271770398,0.05143723864677197,not_computed,-0.08673118590206558,not_computed,1.5080373255954702e-08,339
6,18,0.0005951934377662838,0.0007226513632728408,-0.00012745792550655704,-0.01502503636603554,-0.014061620871846875,-0.0009634154941886664,-0.12244692684406493,not_computed,-0.14838831542572695,not_computed,1.503586307053077e-08,340
9,25,0.00014951433670527573,0.00035902952310910526,-0.00020951518640382954,0.018629947286099194,0.018852554742867747,-0.00022260745676855247,0.3069780494276743,not_computed,0.3503501150012778,not_computed,1.431734657266941e-08,341
7,10,0.0028714461726485753,0.0036448237817967312,-0.0007733776091481559,-0.025417322631304463,-0.027007846683263777,0.001590524051959316,-0.011396535527629077,not_computed,0.01743574928610318,not_computed,1.4018601286767749e-08,342
10,10,0.0015418210567440837,0.0014681074087760256,7.371364796805816e-05,-0.013081533278649053,-0.011681801962355772,-0.0013997313162932793,-0.13575015028955978,not_computed,-0.1692267691863243,not_computed,1.400660568527591e-08,343
12,22,0.00039640978856368746,0.0007826892139898216,-0.00038627942542613405,0.012151291146874427,0.012808441622182727,-0.000657150475308299,-0.053527039390579075,not_computed,-0.10756697296636629,not_computed,1.3587502158269344e-08,344
15,3,0.004329119547085914,0.005666261565347668,-0.0013371420182617536,0.06480404277642568,0.06644686819364627,-0.0016428254172205926,0.006060327147443996,not_computed,-0.07167857420638007,not_computed,1.331266545965758e-08,345
17,10,0.00023878152134178284,0.00032509684690012363,-8.63153255583408e-05,0.020621700019886096,0.018611699445173144,0.0020100005747129518,0.07447490357969491,not_computed,0.0384946499405549,not_computed,1.2920938046740839e-08,346
8,18,0.00023492387471681772,0.0004922180223244747,-0.000257294147607657,0.011671257369841138,0.01149190948344767,0.00017934788639346758,-0.27725670410338776,not_computed,-0.3188875431949244,not_computed,1.2794055403013894e-08,347
11,28,0.0007254596923303325,0.000739683688467873,-1.4223996137540477e-05,-0.01470674639257292,-0.017556697903200982,0.0028499515106280644,0.3087359837926449,not_computed,0.29505038944877165,not_computed,1.2515446467700895e-08,348
10,30,0.00015999528895311717,0.0004253064543566628,-0.0002653111654035456,0.00987005274432401,0.012142629420074325,-0.002272576675750315,-0.020281290889826074,not_computed,0.07737952643918265,not_computed,1.2228400845880303e-08,349
6,11,0.0017616939541282288,0.002139710378299545,-0.00037801642417131613,-0.010387067482806742,-0.010591455035222073,0.00020438755241533122,0.1528633576353629,not_computed,0.09316859076211959,not_computed,1.1810506069389375e-08,350
12,15,0.0010415893266811811,0.001167785332945641,-0.00012619600626445998,0.017878471032405894,0.015974717553084095,0.0019037534793217977,0.04864805146380137,not_computed,0.038855098389982114,not_computed,1.1687503955825549e-08,351
10,23,0.00011786915206660827,0.00041284174937269806,-0.0002949725973060898,0.02738400621339679,0.026267318576574324,0.001116687636822462,0.03364574640408488,not_computed,0.12804186713185703,not_computed,1.108264819889134e-08,352
15,6,0.0013186553384002763,0.0014643108269471366,-0.0001456554885468601,0.020977814147869745,0.019528170364598432,0.0014496437832713126,-0.05248050875735961,not_computed,0.014494383270925233,not_computed,1.1081184559164634e-08,353
14,23,0.00040835722462361445,0.00037642057068296706,3.1936653940647374e-05,0.03357773452065885,0.03152598879300058,0.002051745727658272,-0.16868649847071832,not_computed,-0.1345454949499439,not_computed,1.1053333496303315e-08,354
6,24,0.0013030466505491252,0.0014270565957122017,-0.00012400994516307642,-0.0047426076737853385,-0.004968287153169513,0.00022567947938417394,-0.3901050643972648,not_computed,-0.23195279947554973,not_computed,1.091767533125623e-08,355
10,1,0.0004400629121694995,0.00028122622039821485,0.0001588366917712847,0.02288411414871613,0.023565814544757206,-0.0006817003960410754,0.09896144254460135,not_computed,0.12623606928965878,not_computed,1.0715449568858476e-08,356
20,5,0.0018269203095890893,0.0019581276227836498,-0.0001312073131945605,0.038079259482522804,0.014520607807983955,0.023558651674538852,0.003451016410039774,not_computed,-0.02094956610629007,not_computed,1.0667324282952074e-08,357
6,12,0.0007732353430280151,0.000736945300110771,3.629004291724413e-05,-0.012501996002780895,-0.013084469068174561,0.0005824730653936664,0.49760991318429443,not_computed,0.2928432538139313,not_computed,1.0518464681155804e-08,358
16,13,0.002595730666847279,0.002157648659776896,0.00043808200707038243,-0.00821540885294477,0.006150461230427027,-0.014365870083371798,-0.0016441560729019116,not_computed,-0.02195979955332837,not_computed,1.0347379837630716e-08,359
5,5,0.0010771390120498836,0.0009068563516484574,0.00017028266040142626,0.025475006519506373,0.02512961263457934,0.00034539388492703437,0.1682637540564555,not_computed,0.16100845564950722,not_computed,9.896363641364462e-09,360
13,23,0.000600409741139932,0.0005324417278946687,6.796801324526313e-05,-0.02429297499669095,-0.023548706121121844,-0.0007442688755691051,0.19245350104012862,not_computed,0.21482727585862066,not_computed,9.735544564043803e-09,361
8,10,0.0006665648370108102,0.0004318399866436569,0.00023472485036715322,0.01013478186291953,0.010444018462051948,-0.00030923659913241865,-0.1328774680719838,not_computed,-0.05327436971521906,not_computed,9.644979380068016e-09,362
6,22,0.0010363439228846497,0.0008775831949848604,0.00015876072789978936,0.008051040435675531,0.00786160128734385,0.00018943914833168188,0.31767991175068755,not_computed,0.46566828520316894,not_computed,9.554381258821434e-09,363
10,3,0.00026575403174774695,0.00011913133655374015,0.00014662269519400675,-0.02356132204644382,-0.023122344898680845,-0.0004389771477629741,0.14684152673326648,not_computed,0.24067778530872566,not_computed,9.451309867110722e-09,364
9,6,0.00015031003023977974,0.00013378598057291432,1.6524049666865418e-05,-0.05050942915802201,-0.05323674154778322,0.0027273123897612094,-0.19934734036162072,not_computed,-0.270582562028467,not_computed,8.983836157677935e-09,365
13,28,0.000686428257128379,0.0009255635614196459,-0.00023913530429126695,0.042807428439458214,0.042740984857082366,6.644358237584431e-05,-0.5651354766171057,not_computed,-0.5730112556806187,not_computed,8.979441142473199e-09,366
8,11,0.001095412841362607,0.0006964619419765465,0.0003989508993860606,0.006335876806018253,0.006274253195151687,6.16236108665665e-05,0.3639190054546711,not_computed,0.3725939177101968,not_computed,8.94687413793123e-09,367
6,21,0.003178921587920437,0.004362150640275407,-0.0011832290523549698,0.009694048115052282,0.009727188917653014,-3.314080260073145e-05,-0.21714047748427445,not_computed,-0.21062456249513883,not_computed,8.514764384984857e-09,368
7,0,0.00038350293906357064,0.0006193456087021332,-0.00023584266963856256,0.005421074611755709,0.005071690838473538,0.00034938377328217027,-0.09735770503797185,not_computed,-0.12022844698274425,not_computed,8.022236129165973e-09,369
9,2,0.0019373905933268059,0.0014781003233899051,0.0004592902699369006,0.01875643487398823,0.018989193653687834,-0.00023275877969960372,0.07323459595308716,not_computed,0.031371459682885364,not_computed,7.829059730244854e-09,370
15,24,0.00033532330324912134,0.00042362520835013127,-8.830190510100995e-05,0.020506430853468677,0.017117257436426978,0.003389173417041699,-0.02481148565710994,not_computed,0.05002455582839809,not_computed,7.425344960168694e-09,371
11,15,0.0003325334604596719,0.0006768680644260408,-0.000344334603966369,0.0429253921409448,0.04315849969784419,-0.00023310755689938864,0.09227922315843598,not_computed,0.07253991711019012,not_computed,7.406976247139468e-09,372
6,15,0.00023220588199156586,0.0003536864798100699,-0.00012148059781850406,-0.03245479281370838,-0.03281051645676295,0.0003557236430545648,-0.17117617296706067,not_computed,-0.09753752819475772,not_computed,7.397125113791411e-09,373
8,31,0.00017887457956627866,0.0005419189881831699,-0.0003630444086168912,0.0033859119199526806,0.0035083121705489855,-0.00012240025059630474,-0.1610805517170505,not_computed,-0.1967021855798398,not_computed,7.157892435986566e-09,374
8,16,0.0003746908392349724,0.0007845274540886749,-0.00040983661485370247,-0.004132088228361681,-0.004345261077396571,0.00021317284903489054,-0.07643455728103254,not_computed,-0.1489532105912288,not_computed,6.677784499152919e-09,375
5,1,0.0006983652420361371,0.0009969324677998278,-0.00029856722576369064,0.028111915259311598,0.027351372813185056,0.0007605424461265405,0.02913806440604452,not_computed,0.04168490761008456,not_computed,6.616469103781034e-09,376
8,19,0.0025132288116340835,0.0031881391175556926,-0.0006749103059216093,0.0019777397982155285,0.0019520760653540493,2.5663732861479122e-05,0.3555546795476191,not_computed,0.07526616962410694,not_computed,6.1584622657159954e-09,377
12,5,1.6442128623263366e-05,5.0643623699215825e-05,-3.4201495075952456e-05,0.02160670381039381,0.022192630612601835,-0.0005859268022080262,-0.3024997697089524,not_computed,-0.3251845020500228,not_computed,6.0619661088432025e-09,378
7,26,0.0005332857112565156,0.0004343097661573362,9.897594509917932e-05,-0.12190695049862067,-0.12225429584582646,0.00034734534720579785,-0.17263645798701832,not_computed,-0.21100856676185292,not_computed,5.935040134158926e-09,379
20,24,0.0005232813983942227,0.0005468587350818174,-2.3577336687594652e-05,0.00414374793957298,0.0037889205190973978,0.0003548274204755823,-0.6549185339234386,not_computed,-0.6297265525172502,not_computed,5.47897350497259e-09,380
10,27,5.7250028006213446e-05,6.086165796811353e-05,-3.611629961900083e-06,0.022542552500963212,0.024976461951931317,-0.0024339094509681068,0.6151140691484084,not_computed,0.6281692018800209,not_computed,5.407086594260681e-09,381
5,25,0.00022274430433337025,0.0006579022858020286,-0.0004351579814686583,0.010121176775234442,0.010098621007055044,2.255576817939679e-05,-0.5423920228032114,not_computed,0.13724019155768397,not_computed,5.3237526531313765e-09,382
14,11,8.862262776650217e-05,0.0001389120035370676,-5.0289375770565433e-05,0.04753098662942648,0.04801842490832011,-0.0004874382788936297,-0.21663865161586895,not_computed,-0.258419760219558,not_computed,5.3104560686425465e-09,383
10,8,4.24372246849695e-05,3.432477843489323e-05,8.11244625007627e-06,0.033081179186701774,0.030833647083491088,0.002247532103210688,-0.2899028701822043,not_computed,-0.3083243147146079,not_computed,5.2857942146052715e-09,384
8,17,0.0005082280453158698,0.0006042251221030407,-9.599707678717095e-05,0.015491096504653494,0.0155786167178303,-8.752021317680676e-05,-0.6186432232879586,not_computed,-0.6959455105056723,not_computed,5.1976452573125685e-09,385
17,23,0.0065246216324158016,0.003652069164866892,0.0028725524675489093,0.06089256233225266,0.06047973200678825,0.0004128303254644076,-0.004341770245264992,not_computed,0.01193613262369582,not_computed,5.148804474935546e-09,386
9,5,0.0004748361797949959,0.0005022203251064638,-2.738414531146797e-05,0.010925738497947653,0.011695077897359928,-0.0007693393994122744,0.2399072609153895,not_computed,0.2765657396193291,not_computed,5.054294658372638e-09,387
11,29,0.013091909184586257,0.013121306196941684,-2.9397012355426947e-05,0.016290952817847332,0.015337669793516397,0.0009532830243309339,-0.17898760299737923,not_computed,-0.17522416915743508,not_computed,5.01589002961537e-09,388
8,2,0.0009390111956842399,0.0007367912736663129,0.00020221992201792697,0.00866647577378899,0.008434761116902034,0.0002317146568869551,0.10540781128863932,not_computed,-0.12330225891398794,not_computed,4.93912752782815e-09,389
13,25,0.0002448963577505007,0.0004977772917906502,-0.00025288093404014946,-0.03382773144791524,-0.03376510967810949,-6.262176980574925e-05,-0.30165864621442134,not_computed,-0.2798791097678863,not_computed,4.777021567291898e-09,390
8,13,0.00047036463834956524,0.0007157378336220669,-0.00024537319527250174,0.008395625549989441,0.008220771617100884,0.00017485393288855752,-0.11102463876056057,not_computed,-0.09462060689563218,not_computed,4.763453085209435e-09,391
12,20,4.8728926391656086e-05,8.01073949575463e-05,-3.1378468565890214e-05,0.017977981629470983,0.017310624675204358,0.0006673569542666277,-0.2242578826449577,not_computed,-0.21165612951255014,not_computed,4.696103410844142e-09,392
19,27,0.00014848299219617425,0.00017049084145279872,-2.2007849256624468e-05,-0.012414266727864743,-0.014973436218375961,0.002559169490511219,-0.08299119094883077,not_computed,-0.10563272925254726,not_computed,4.674214616891496e-09,393
6,3,0.0002273754882950622,0.0002753802609413469,-4.800477264628474e-05,-0.009050810610254605,-0.008271256196312606,-0.0007795544139419993,-0.11842640021722237,not_computed,-0.22551183902043356,not_computed,4.431792114657005e-09,394
10,2,0.00010881914289408693,9.947987291525351e-05,9.339269978833424e-06,0.0018466702041526636,0.004091641136134664,-0.0022449709319820005,0.20980276200900141,not_computed,0.2520401337792642,not_computed,4.398806453397968e-09,395
14,31,0.0004066908551127805,0.0002707237867919806,0.00013596706832079994,0.037660624086856845,0.03751128091166417,0.000149343175192674,-0.21213687126706213,not_computed,-0.19453416149068323,not_computed,4.30759905962772e-09,396
9,30,0.0001399219570657806,0.0002687574550844829,-0.0001288354980187023,0.005331481418882807,0.00529145508694152,4.002633194128672e-05,-0.8094945334053997,not_computed,-0.6207215635729286,not_computed,4.174411455301597e-09,397
14,0,7.382537108317896e-05,4.407570096721732e-05,2.9749670115961635e-05,0.07750788199404876,0.07665218437711398,0.0008556976169347763,-0.1624152589457324,not_computed,-0.2066716296847743,not_computed,4.134560066763453e-09,398
14,25,0.0011687899209694781,0.001169991687008102,-1.201766038623949e-06,-0.06364259180923303,-0.056098873217900594,-0.007543718591332436,-0.4536298175524617,not_computed,-0.49807531194791055,not_computed,4.1125103084226545e-09,399
5,4,0.0001547480545158919,8.477930787516167e-05,6.996874664073023e-05,0.007653473198103408,0.007190013335396846,0.0004634598627065619,0.1189511738125585,not_computed,0.3103870043000478,not_computed,3.8573136584743174e-09,400
5,24,0.0004924754179054011,0.00014016796274056277,0.0003523074551648383,-0.02885978698420028,-0.028418000545352696,-0.00044178643884758154,0.02437408537075175,not_computed,0.054925499172213024,not_computed,3.793696132765534e-09,401
5,29,0.003122667664817224,0.0009465018541474516,0.0021761658106697725,0.012578389469223718,0.012608207324519753,-2.9817855296035608e-05,-0.0581310369596484,not_computed,-0.002970255225058056,not_computed,3.772041444576952e-09,402
9,20,0.0007338288212001014,0.0006327076474068841,0.00010112117379321717,-0.0609079513947169,-0.0610166888559858,0.00010873746126890183,0.34300888144964087,not_computed,0.3428682540917121,not_computed,3.7716089409484645e-09,403
6,26,0.0012755717289595243,0.001373623695593172,-9.805196663364768e-05,0.004369324916042388,0.003912958314952751,0.0004563666010896365,-0.07812179291478107,not_computed,-0.007219635773730819,not_computed,3.495766079773896e-09,404
5,20,0.000379787270212167,0.00026649747236660913,0.0001132897978455579,-0.04243255223458012,-0.04262303428724408,0.00019048205266396204,-0.16114310463990994,not_computed,-0.18143134923721374,not_computed,3.4774155429289685e-09,405
9,7,0.0008102721679703488,0.0004629045716380157,0.000347367596332333,0.003843115009367466,0.003793820792149442,4.929421721802404e-05,0.20182532357768668,not_computed,0.19029411437904867,not_computed,3.455898155401975e-09,406
7,23,3.168142704642681e-05,0.00017795905137973022,-0.00014627762433330342,0.0060276201212157805,0.0059990865814809995,2.8533539734780787e-05,-0.8171466639116789,not_computed,-0.7404931165901844,not_computed,3.4106217864188165e-09,407
13,5,0.00024334974690949215,0.00025336545927226933,-1.001571236277717e-05,-0.01687377117263774,-0.017950330584620436,0.0010765594119826953,-0.2963807871709043,not_computed,-0.37394726608073425,not_computed,3.1957286271645146e-09,408
10,13,9.640681662858696e-05,0.00011821745059175252,-2.1810633963165553e-05,0.01673332664494713,0.015598026321580012,0.0011353003233671188,0.12722326072696377,not_computed,0.08338270425226947,not_computed,3.150254010720801e-09,409
7,11,0.002846413030929398,0.0021879256157747782,0.0006584874151546198,-0.016207586595167717,-0.01596741266393413,-0.0002401739312335849,-0.018525718366985477,not_computed,-0.07994266602962255,not_computed,2.9298703551657074e-09,410
5,19,0.0006159680999996909,0.0008609814775324291,-0.00024501337753273823,-0.0019255284945635747,-0.0017743496076824765,-0.00015117888688109815,0.07480574835926092,not_computed,0.1872887476527517,not_computed,2.7708684806523736e-09,411
9,18,0.00025137759822731215,0.0001977755728584422,5.360202536886997e-05,0.020972492235402266,0.021261591461176673,-0.0002890992257744074,-0.1778273569814166,not_computed,-0.17152768364092935,not_computed,2.7556667893609904e-09,412
11,21,4.924835568090202e-05,6.868862754345174e-05,-1.9440271862549708e-05,0.015542215860138337,0.017021846684316794,-0.0014796308241784573,0.09153461248691537,not_computed,0.13160146223846933,not_computed,2.6329405395592427e-09,413
10,14,0.0006656984087749151,0.0006257620116897064,3.9936397085208836e-05,0.033593852687627074,0.032169462429980436,0.0014243902576466401,-0.043364617180410174,not_computed,0.03881509794553273,not_computed,2.4667968959009115e-09,414
13,31,0.0003586318490609604,0.0004775610283832066,-0.00011892917932224615,0.001865126877479876,0.001897601877960066,-3.247500048018992e-05,-0.6240102672569571,not_computed,-0.6205824509161213,not_computed,2.4100681515515856e-09,415
8,12,0.00017860906017328187,0.0002468027467330103,-6.819368655972842e-05,0.0025300571923920264,0.002795557591986532,-0.00026550039959450565,0.13059418503788303,not_computed,0.10125979177546417,not_computed,2.3644666221929473e-09,416
11,20,0.0002470754182123377,0.00018634999611701156,6.072542209532609e-05,-0.0028627354884520175,-0.0030251275759655984,0.0001623920875135809,0.23150952112022236,not_computed,0.270264336270403,not_computed,2.2829913365955756e-09,417
13,21,4.26812430426556e-05,1.4699451104813004e-05,2.7981791937842596e-05,0.010086878021247685,0.010817554428552588,-0.0007306764073049029,0.1114213040269153,not_computed,0.12975210835675952,not_computed,2.2780793359875756e-09,418
6,14,0.0009643608257526163,0.0011893893218014758,-0.0002250284960488595,0.008409992687714597,0.008315400627131264,9.459206058333317e-05,-0.10355904018437474,not_computed,-0.02172779697552195,not_computed,2.2043483190820033e-09,419
6,23,0.00010982366108729973,0.00018349617083345037,-7.367250974615065e-05,0.0030681522733842334,0.0033413754310458897,-0.0002732231576616565,-0.10026878812582056,not_computed,-0.1487576528628096,not_computed,2.0183140203629072e-09,420
7,12,0.01193416265770793,0.011249480098485946,0.000684682559221983,-0.00901928832133611,-0.009032157429804405,1.2869108468294144e-05,0.2188469415427544,not_computed,0.10748652762808476,not_computed,1.9283160155317915e-09,421
6,20,0.0001392248266150394,0.00028970115849157686,-0.00015047633187653748,-0.03195146847516298,-0.03146806195378304,-0.00048340652137994765,0.02637432299868048,not_computed,0.11173235258169535,not_computed,1.9185009628415988e-09,422
17,30,8.64346952039341e-05,7.641210295029548e-05,1.0022592253638625e-05,0.048590669880310695,0.047404789241651694,0.0011858806386590003,-0.14450164378639707,not_computed,-0.15070878565317392,not_computed,1.7174884632338403e-09,423
15,21,0.00016298773853426005,0.0001304292963542745,3.255844217998553e-05,0.03242375191301108,0.03296468350415428,-0.0005409315911432107,-0.0973185641869933,not_computed,-0.11256969521883577,not_computed,1.7139638409537898e-09,424
11,17,0.00019756039718079894,0.0002909376195960552,-9.337722241525625e-05,-0.1297757091373205,-0.1255786746740341,-0.0041970344632864,0.004215564370904063,not_computed,0.022171801908910098,not_computed,1.6521109588174112e-09,425
5,9,0.0017961340194839674,0.0019108164691715502,-0.00011468244968758275,-0.0011799554938140015,-0.0011047923407750205,-7.516315303898106e-05,0.1906509080526891,not_computed,0.118544872720808,not_computed,1.6433907169373606e-09,426
17,28,0.00015422916225361406,0.00012065506267390447,3.3574099579709584e-05,0.06675543857117494,0.067112835769852,-0.000357397198677063,-0.1367077220750604,not_computed,-0.13176501961132903,not_computed,1.6403954845613623e-09,427
15,26,9.109596665553e-06,1.591253891395657e-05,-6.802942248403573e-06,-0.021243422664701937,-0.02396281828482946,0.002719395620127519,0.08517215482736754,not_computed,0.05253925043611596,not_computed,1.575675610716992e-09,428
15,23,0.00015923498786529915,0.00017715759528300624,-1.7922607417707087e-05,0.027989172004163267,0.027464285114159187,0.0005248868900040786,0.15462839118178284,not_computed,0.1614733497038856,not_computed,1.4546421074579656e-09,429
6,31,0.0005852276132569992,0.0006177390427304393,-3.251142947344003e-05,0.02972196807463964,0.028951204350839057,0.0007707637238005797,0.05269651460106918,not_computed,0.024212713474594163,not_computed,1.3205024852346372e-09,430
10,7,0.0005966511792939855,0.0006173719254366005,-2.07207461426151e-05,-0.009938027161794405,-0.009183717587341865,-0.0007543095744525392,0.08418719611843611,not_computed,0.1605808953432816,not_computed,1.315833853835227e-09,431
13,29,0.00037123334433999846,0.00045534186295602316,-8.410851861602472e-05,0.0009036003557654718,0.000930513374817868,-2.6913019052396218e-05,0.5623706943676988,not_computed,0.6051809464549606,not_computed,1.2729902691790567e-09,432
10,16,0.00017050400908222703,0.00013988627017776404,3.0617738904462995e-05,0.031664622525374095,0.031878424994647506,-0.00021380246927340824,-0.1928766981065485,not_computed,-0.2308772319692441,not_computed,1.2625994465335646e-09,433
12,29,6.127110302259098e-05,0.00011117614061125398,-4.9905037588663015e-05,0.013237547860480845,0.01315181512851268,8.573273196816445e-05,0.2679447115104067,not_computed,0.1869754108378982,not_computed,1.1464001651306316e-09,434
7,28,0.00012900033157199194,8.61046505868046e-05,4.289568098518733e-05,-0.00806664366275072,-0.007974738831010958,-9.190483173976341e-05,0.2864454728202839,not_computed,0.09492149912776808,not_computed,1.1292598147473714e-09,435
7,29,4.756591375117599e-05,3.2643426371237184e-05,1.4922487379938805e-05,0.012721069217659533,0.01237408454840382,0.0003469846692557136,0.21784996393004133,not_computed,0.2147641640462672,not_computed,1.1279997399462228e-09,436
12,8,0.00033404287132725584,0.0003643347314816007,-3.0291860154344854e-05,0.06545462778458992,0.06530404190222422,0.00015058588236570357,-0.24345457173217033,not_computed,-0.20314847942754918,not_computed,1.1105244780290734e-09,437
10,26,0.0004605875085204995,0.0003641159020116902,9.64716065088093e-05,-0.012504630816789965,-0.012534426338970662,2.979552218069633e-05,0.3805362264703355,not_computed,0.35646929410326783,not_computed,1.0938216598905977e-09,438
14,21,0.0002070942968566669,0.00021735292744779145,-1.0258630591124528e-05,-0.013580054948106409,-0.014096809454883138,0.0005167545067767302,0.20338883224127685,not_computed,0.2142579361992911,not_computed,1.078203574023766e-09,439
5,21,0.00011476093551512653,0.00021256032521402328,-9.779938969889674e-05,-0.03406327882781625,-0.03413029858842492,6.70197606086731e-05,0.16049196538451152,not_computed,0.20254669496327737,not_computed,1.0519432526693358e-09,440
12,13,0.00025827442179434003,0.00027322276246801873,-1.494834067367871e-05,0.01872305999820431,0.015671979257216057,0.0030510807409882545,-0.02301726084310778,not_computed,-0.00899832220358004,not_computed,1.0497849125926827e-09,441
10,6,0.00031760742429469245,8.00685712692939e-05,0.00023753885302539856,0.03305958304554224,0.03316151406615973,-0.00010193102061748505,0.04040379193589922,not_computed,0.05670507450082779,not_computed,9.782799526401891e-10,442
7,5,3.7242442786009634e-05,7.208977525957986e-05,-3.484733247357023e-05,-0.00019520603585988284,-9.51510074082762e-05,-0.00010005502845160663,0.2670958045162311,not_computed,0.08537561528461428,not_computed,9.312698117394073e-10,443
9,28,0.0003998800430660291,0.0003429876441441593,5.689239892186985e-05,-0.0061609017080627385,-0.006082909989636391,-7.799171842634678e-05,0.20849210361016918,not_computed,0.16347114967944087,not_computed,9.251078097446903e-10,444
5,31,0.00108948189408693,0.00030337703679833794,0.000786104857288592,-0.024404391702264546,-0.024410028932616113,5.637230351567269e-06,0.20278262487103163,not_computed,0.18001755575061945,not_computed,8.98621906767637e-10,445
7,18,0.00010473552595726687,0.00019863143517644252,-9.389590921917564e-05,-0.013922088087225953,-0.014238777495920658,0.00031668940869470437,0.02851508756200389,not_computed,0.08397159968444094,not_computed,8.479200804592398e-10,446
14,2,8.690141352507416e-05,6.858449288500879e-05,1.831692064006537e-05,0.004254425288333247,0.00402190510649234,0.00023252018184090654,0.19508307287507878,not_computed,0.23567861865131834,not_computed,8.308692868461922e-10,447
5,11,0.0013338385785270173,0.0013441364076182557,-1.0297829091238478e-05,-0.004937436753728737,-0.005122809533495456,0.00018537277976671853,-0.43217019086030434,not_computed,-0.4221340237113746,not_computed,8.249857558818083e-10,448
5,18,0.0006452736305228868,0.0008281016911353708,-0.00018282806061248398,0.010482198849009972,0.010157934166491031,0.0003242646825189392,0.013227446986471618,not_computed,-0.029278991988799876,not_computed,7.841850018898988e-10,449
13,20,0.0009100556669242603,0.0006781536432511832,0.00023190202367307696,0.07424674328416586,0.07420127744476,4.5465839405854543e-05,-0.07159049690568317,not_computed,-0.06798742208246758,not_computed,7.548230068839558e-10,450
5,30,0.0008888611525344459,0.0007479852345386462,0.00014087591799579968,-0.0002984998313089212,-0.0005859825325508913,0.0002874827012419701,-0.018627846633562248,not_computed,-0.04537961532905921,not_computed,7.544164153413506e-10,451
7,24,0.00011347399980725943,0.00018104261224228442,-6.756861243502499e-05,-0.00367889844152766,-0.003817201247050737,0.00013830280552307763,-0.07769300661166242,not_computed,-0.013612595695507728,not_computed,7.26035604560445e-10,452
13,8,0.00019657431560214414,0.00024035643825906543,-4.378212265692128e-05,0.017976562214704853,0.017637443660447994,0.00033911855425685646,-0.04488146929797815,not_computed,0.06522739141546018,not_computed,6.663699917326446e-10,453
7,13,7.79820432983532e-05,8.325691360634362e-05,-5.274870307990416e-06,-0.002733242587807278,-0.003025699156957368,0.0002924565691500902,-0.4307111920521519,not_computed,-0.45535439282658696,not_computed,6.644454383636968e-10,454
15,31,0.0006410709053670871,0.0006258709779892039,1.5199927377883189e-05,0.01287216523506989,0.013993280675883095,-0.0011211154408132036,0.038514809226753044,not_computed,0.05187390971010789,not_computed,6.563259835360031e-10,455
5,22,8.791147235948908e-05,2.21038048967633e-05,6.580766746272578e-05,-0.02193869834765792,-0.022209264654666185,0.00027056630700826644,0.03642766391130528,not_computed,-0.08406182290914344,not_computed,6.486068523980981e-10,456
12,0,0.0001562005371129101,0.000180120699508682,-2.3920162395771884e-05,-0.0082764130916136,-0.0088964290296038,0.0006200159379901986,-0.041657449895670884,not_computed,-0.058974877498638875,not_computed,6.178167206864837e-10,457
13,15,2.4295060326646006e-05,6.197758638033217e-05,-3.768252605368616e-05,0.015188920283690096,0.015295062760512033,-0.00010614247682193915,-0.15286957923353733,not_computed,-0.13091923243591597,not_computed,6.114350010706642e-10,458
7,15,5.8088924312187374e-05,4.298210188191357e-05,1.5106822430273799e-05,-0.028625909108668565,-0.02818392192944884,-0.00044198717921972274,-0.09045876521180056,not_computed,-0.14994611051233903,not_computed,6.039951502990769e-10,459
9,3,0.0007085285192685357,0.0007113615621832044,-2.833042914668719e-06,0.006675775274634361,0.007182956632847588,-0.000507181358213226,0.38870756880325574,not_computed,0.36067867420749117,not_computed,5.585209046427421e-10,460
7,17,9.108844676802619e-05,0.000144927185101551,-5.3838738333524814e-05,0.002921382966451347,0.0028359682035321992,8.541476291914781e-05,-0.12096947768583612,not_computed,-0.30099001100012224,not_computed,5.562930309274281e-10,461
10,20,2.356385312850762e-05,6.818602690600528e-05,-4.462217377749766e-05,0.014017635900527238,0.014132026480510831,-0.00011439057998359203,-0.09614795205476444,not_computed,-0.045240947121634685,not_computed,4.907734085080489e-10,462
12,2,6.932137821993163e-05,8.849928264334691e-05,-1.917790442341527e-05,-0.058525376717249555,-0.05838513746857643,-0.00014023924867312114,0.17837541353310873,not_computed,0.15175413060145113,not_computed,4.79739766314203e-10,463
15,28,0.0003778293337018113,0.0004023021315758039,-2.447279787399263e-05,-0.013619578356544176,-0.013700262292598684,8.068393605450789e-05,0.23667910743989815,not_computed,0.2556903965599618,not_computed,4.673374909756559e-10,464
14,22,4.7352169284901415e-05,5.34391944984236e-05,-6.087025213522187e-06,-0.00041791969444602726,0.0011410387838259339,-0.0015589584782719611,-0.04752862819572411,not_computed,-0.11688174313047922,not_computed,4.5101909425417985e-10,465
6,9,0.0004994401997585858,0.0004536732451742864,4.576695458429943e-05,-0.013161793820715199,-0.01365317436400801,0.0004913805432928105,0.019678434113957054,not_computed,0.017642862698474426,not_computed,4.4254812784995175e-10,466
13,13,2.404984155115623e-05,6.473204263481117e-05,-4.068220108365494e-05,0.0028992384431573252,0.0028673347745401165,3.19036686172088e-05,-0.3378303440150906,not_computed,-0.3329681440904899,not_computed,4.3847387570574474e-10,467
5,12,0.0015651054346138456,0.0015381770443248872,2.6928390288958324e-05,0.0009442208295998474,0.0008653354163592061,7.888541324064136e-05,0.19938602664589478,not_computed,0.2158032867031856,not_computed,4.2354720185443227e-10,468
8,15,0.0002645904080175872,0.00031008465609678147,-4.549424807919422e-05,0.0631280563895901,0.06318533778190613,-5.728139231602351e-05,-0.1434956921348639,not_computed,-0.12054400604451161,not_computed,3.7394602449777885e-10,469
6,0,0.0006602091529627312,0.0006826233407163803,-2.2414187753649155e-05,0.033417399773995084,0.033318735212087634,9.866456190745035e-05,-0.16265689242758297,not_computed,-0.03737597084412049,not_computed,3.5971344288357846e-10,470
8,23,0.00015713536385495293,0.00017165053941425867,-1.4515175559305741e-05,0.01499855735960106,0.014916308578103782,8.22487814972798e-05,0.2904417986162495,not_computed,0.28193468816320183,not_computed,3.4674553957109315e-10,471
10,0,0.00017389627065313108,0.00012522509815729183,4.867117249583922e-05,-9.322362796713908e-06,-0.0004523630967984597,0.0004430407340017458,0.013107435165738231,not_computed,0.09307703418926877,not_computed,2.826397138318873e-10,472
5,26,0.00012839795301132994,0.00020481720394187165,-7.641925093054169e-05,0.0009846335916275468,0.0009801516373408958,4.481954286651065e-06,-0.8168246975089759,not_computed,-0.21146501627795863,not_computed,2.7976865801699013e-10,473
7,31,0.00027482571623409056,0.00026352463286533144,1.130108336875916e-05,0.00045437019260134546,0.0007878834397221604,-0.00033351324712081504,0.0716398953756258,not_computed,0.1159910665674063,not_computed,2.700151364420925e-10,474
9,19,4.902448867151558e-06,1.3298913676429436e-06,3.5725574995086145e-06,0.027741612270474433,0.027537288305660088,0.00020432396481434505,-0.3434945688339156,not_computed,-0.4187988755430616,not_computed,2.5073699072683697e-10,475
19,7,0.001778739094734192,0.002371588882136469,-0.0005928497874022772,0.0278153451004376,0.029419805142097175,-0.0016044600416595736,-0.00023379246499774238,not_computed,0.01170990788786542,not_computed,2.2238427985318012e-10,476
14,20,0.00013081524776983617,0.0001329274854136505,-2.1122376438142965e-06,-0.0060382818011566995,-0.006697663033070664,0.000659381231913964,0.15268130515699355,not_computed,0.19650573895265502,not_computed,2.1264991995824515e-10,477
7,30,2.336040271821105e-05,5.554685254224978e-05,-3.2186449824038735e-05,-0.012914875163696707,-0.013057408536163469,0.00014253337246676286,-0.04131788207281294,not_computed,0.039343992711030125,not_computed,1.895517024300758e-10,478
10,31,8.763028372716993e-05,8.58175998958662e-05,1.8126838313037296e-06,-0.033395875164618095,-0.033735831218461194,0.00033995605384310086,0.2892206616986891,not_computed,0.2135459282880921,not_computed,1.782272703685934e-10,479
9,26,5.200418384371612e-06,2.2762498906558905e-05,-1.7562080522187292e-05,-0.00502099994259576,-0.0049954008730128405,-2.559906958291928e-05,0.39438745994589847,not_computed,0.3605808953432816,not_computed,1.7730592249523925e-10,480
9,8,1.7549943637883796e-05,5.2110500758620524e-05,-3.4560557120736725e-05,0.0028507152812865875,0.002808304022376736,4.241125890985131e-05,-0.10977882959406587,not_computed,-0.0804662274025267,not_computed,1.6090905896046226e-10,481
7,6,2.9721594812504768e-05,9.293792513612212e-05,-6.321633032361736e-05,-0.004179588458500802,-0.0041464018782911205,-3.3186580209682386e-05,0.07332792340725665,not_computed,0.06058422871365238,not_computed,1.538371302352141e-10,482
5,8,6.32237157894148e-05,7.530928278356441e-05,-1.2085566994149606e-05,0.02391461134577791,0.02380744573970636,0.00010716560607155164,-0.08933869451473202,not_computed,-0.2263669596328848,not_computed,1.1570764554595889e-10,483
8,20,0.00018559981162373637,0.00015979484142462753,2.5804970199108842e-05,-0.0071845247658590475,-0.007255920702591539,7.139593673249085e-05,0.06183453127079015,not_computed,0.08646407182302025,not_computed,1.139220865967047e-10,484
14,29,0.00027353218024169716,0.00010060371466048915,0.000172928465581208,0.008357668342456843,0.008368114756885916,-1.0446414429073532e-05,-0.043303796219890896,not_computed,-0.047816086845409396,not_computed,7.822754650583977e-11,485
5,23,0.000420068624104412,0.00045225608519255424,-3.21874610881423e-05,-0.008962824669045707,-0.008943509086966514,-1.9315582079192003e-05,-0.11590662178719568,not_computed,-0.18249491661018455,not_computed,7.206141234185801e-11,486
9,9,0.0004436765818051451,0.0003349718631943688,0.00010870471861077628,0.000142460543429479,0.0001732937110743175,-3.083316764483849e-05,-0.015489290544413099,not_computed,-0.02292692141023789,not_computed,5.1915622598932556e-11,487
11,23,4.7554218109932356e-05,0.00013810754613132302,-9.055332802139067e-05,0.01733098945269982,0.017220132139821848,0.00011085731287797292,-0.00473727950583289,not_computed,-0.055249947221635794,not_computed,4.755517376579372e-11,488
11,8,2.48181763480441e-06,1.0844156696994862e-05,-8.362339062190453e-06,0.020649747774004936,0.020608748483161132,4.099929084380468e-05,0.13662057694486318,not_computed,0.15695196613295703,not_computed,4.684036089071858e-11,489
7,27,8.166775921987816e-05,9.2497479257266e-05,-1.082972003738784e-05,-0.00964879381780823,-0.009678175505250693,2.938168744246165e-05,0.14461549582228467,not_computed,0.18733097034411494,not_computed,4.6015992658486445e-11,490
13,6,2.9335037748599764e-05,3.2792739147377385e-05,-3.4577013987776204e-06,0.09318650156259536,0.09336930560568968,-0.00018280404309431713,-0.06848617968192004,not_computed,-0.11058745097167746,not_computed,4.32888674209291e-11,491
7,7,8.454083801960148e-07,2.7439567870146676e-06,-1.8985484068186526e-06,0.006817059397387008,0.006781705316777031,3.5354080609977244e-05,-0.513547136257706,not_computed,-0.5480043111590128,not_computed,3.447001991261262e-11,492
5,27,0.0003783728095344922,0.0003770556717593839,1.3171377751082976e-06,-0.005074854291354617,-0.005109575485985261,3.4721194630643974e-05,0.630665117799473,not_computed,0.43792531028122533,not_computed,2.8841953702603096e-11,493
11,27,1.8666786136236624e-05,3.598669965981571e-05,-1.731991352357909e-05,0.06660400959352653,0.06658821843564511,1.5791157881418864e-05,-0.10097889681137848,not_computed,0.02845009388993211,not_computed,2.7617878629769833e-11,494
8,22,7.312857440107715e-05,9.990392232187635e-05,-2.67753479207992e-05,0.005406530647693823,0.005408895246994992,-2.364599301169316e-06,0.3678297043330261,not_computed,0.32822320248002756,not_computed,2.3288390661127144e-11,495
9,0,0.0004986652611842146,0.0006340021656554502,-0.00013533690447123565,0.01448794974324604,0.014486583129813274,1.3666134327650071e-06,-0.10526728140166469,not_computed,-0.14361092901032232,not_computed,1.9469523876902902e-11,496
8,21,7.336701135614021e-06,8.581929441788817e-06,-1.245228306174795e-06,0.00927040396258235,0.009357303807822367,-8.689984524001678e-05,0.14917430066864154,not_computed,0.17525083612040135,not_computed,1.6142173018159082e-11,497
7,16,3.127403998926563e-05,5.0980107195452245e-05,-1.9706067206186617e-05,0.001970076410410305,0.0019656893087085336,4.387101701771219e-06,0.160907741576409,not_computed,0.3416904632273692,not_computed,1.3910879903751506e-11,498
7,19,1.6815254220621985e-05,1.1549356233994483e-05,5.265897986627503e-06,0.006662007044069469,0.006641074895548324,2.0932148521145183e-05,-0.11495975742147344,not_computed,-0.1917852420582451,not_computed,1.2671618455681581e-11,499
5,7,4.2372233433904205e-05,4.725281610755398e-05,-4.88058267364977e-06,-0.04196578932305177,-0.04190697548290094,-5.881384015083313e-05,-0.028324575210526916,not_computed,0.04235913732374804,not_computed,8.130450611862491e-12,500
8,14,0.00012319973855483114,0.00015002819570630286,-2.6828457151471715e-05,-0.007069780918148656,-0.007183814579620957,0.00011403366147230069,0.0024791292246899095,not_computed,-0.03044567161857354,not_computed,7.584517053567617e-12,501
9,10,1.3420767907822059e-05,3.188878506989567e-05,-1.846801716207362e-05,0.005507899421888093,0.005495271653247377,1.262776864071687e-05,-0.029304616158824834,not_computed,-0.07834664829609218,not_computed,6.8341250793785785e-12,502
5,6,7.199081864187977e-07,2.2633563673239245e-06,-1.5434481809051271e-06,0.025422602159281573,0.025348803140223027,7.379901905854543e-05,0.05302925217563479,not_computed,0.010745008277869754,not_computed,6.0402949390260856e-12,503
11,9,3.967103207565733e-08,9.269576293509847e-07,-8.872865972753275e-07,0.036216530092060564,0.03618827280898889,2.8257283071676892e-05,-0.18875984961949716,not_computed,-0.25122412471249683,not_computed,4.732645190551582e-12,504
7,25,9.385115817470553e-05,0.0001053816476951397,-1.1530489520434154e-05,0.0011796033219434322,0.0011623130459338426,1.7290276009589433e-05,0.021898528759039745,not_computed,0.0959437327081412,not_computed,4.36580777025069e-12,505
5,10,5.144703294718056e-05,5.169195631727537e-05,-2.4492337009481464e-07,-0.0028747342014685275,-0.0029081190773285926,3.3384875860065224e-05,-0.2699506812881089,not_computed,-0.27014922388026535,not_computed,2.207315536475856e-12,506
5,16,0.0010172405144874357,0.0011042092147412557,-8.696870025381997e-05,0.0007105700716298695,0.0007108455725635092,-2.7550093363970516e-07,-0.08742183915246633,not_computed,-0.08948766097401083,not_computed,2.0946236046355943e-12,507
8,9,7.989050048915184e-05,6.431260748589315e-05,1.5577893003258698e-05,0.018529984693353374,0.018530813309674463,-8.286163210868836e-07,0.08368823992916723,not_computed,0.08078134201491127,not_computed,1.0802558677691434e-12,508
9,31,3.9036058370811586e-06,1.2085785043609575e-05,-8.182179206528417e-06,0.0004935979711202284,0.000498730328399688,-5.1323572794596356e-06,0.009303785474243929,not_computed,0.2047409415660174,not_computed,3.9070192991794396e-13,509
14,1,0.00015655013698581872,0.00014825672514348298,8.293411842335747e-06,0.015217824373394251,0.015218441771964231,-6.173985699812571e-07,-0.061659593141702135,not_computed,-0.1838971544128268,not_computed,3.1571811886581833e-13,510
7,4,3.648316784343741e-08,4.2799096431345165e-08,-6.315928587907749e-09,0.005986400730907917,0.005982660888694227,3.739842213690281e-06,-0.1440198789654313,not_computed,-0.20127112523472482,not_computed,3.401832547267096e-15,511
13,12,6.243697738087898e-08,1.3453194324479039e-07,-7.209496586391139e-08,0.006920535597018897,0.006920000864192843,5.347328260540962e-07,-0.050403833095188574,not_computed,-0.07696218846876077,not_computed,1.943145631711461e-15,512
