group,side,direction,sample_id,pair_index,intervened_tool_logit,intervened_tool_probability,intervened_top1_margin,intervened_log_odds,intervened_tool_rank,intervened_is_tool_top1,tool_logit_delta,tool_probability_delta,top1_margin_delta,log_odds_delta,gate_score,gate_score_delta,baseline_tool_logit,baseline_tool_probability,baseline_tool_rank,baseline_is_tool_top1,baseline_best_non_tool_logit,intervened_best_non_tool_logit,paired_target_tool_logit,paired_target_margin,paired_tool_logit_midpoint,tool_logit_gap_progress,raw_tool_logit_midpoint_flip,raw_tool_logit_reached_paired_target,margin_boundary_flip,top1_flip_same_direction
suppressor_top20,corrupt,ablate,v5_qwen35_4b_285,284,18.875,0.024932999163866043,-2.625,-3.666360855102539,6,0,-0.375,-0.0016784798353910446,0.0,-0.06687736511230469,-7.477533340454102,0.5047369003295898,19.25,0.026611478999257088,7,0,21.875,21.5,23.125,3.625,21.1875,-0.0967741935483871,0,0,0,0
suppressor_top20,corrupt,ablate,v5_qwen35_4b_016,15,14.8125,0.000460309733171016,-7.0625,-7.683197021484375,40,0,-0.25,9.702579700388014e-05,0.125,0.23680877685546875,-12.246203422546387,0.7190256118774414,15.0625,0.00036328393616713583,37,0,22.25,21.875,21.375,0.75,18.21875,-0.039603960396039604,0,0,0,0
suppressor_top20,corrupt,ablate,v5_qwen35_4b_036,35,15.5625,0.0007398041780106723,-6.1875,-7.208431243896484,23,0,-0.125,0.0001738133723847568,0.125,0.2679786682128906,-14.11374568939209,0.6812171936035156,15.6875,0.0005659908056259155,24,0,22.0,21.75,21.375,0.75,18.53125,-0.02197802197802198,0,0,0,0
suppressor_top20,corrupt,ablate,v5_qwen35_4b_085,84,14.6875,0.00029548531165346503,-7.8125,-8.126623153686523,33,0,-0.3125,2.3946951841935515e-05,0.0625,0.08453750610351562,-13.17137622833252,0.7192878723144531,15.0,0.0002715383598115295,32,0,22.875,22.5,21.875,1.0,18.4375,-0.045454545454545456,0,0,0,0
suppressor_top20,corrupt,ablate,v5_qwen35_4b_133,132,15.5625,0.0007398041780106723,-6.1875,-7.208431243896484,23,0,-0.125,0.0001738133723847568,0.125,0.2679786682128906,-14.11374568939209,0.6812171936035156,15.6875,0.0005659908056259155,24,0,22.0,21.75,22.0,1.125,18.84375,-0.019801980198019802,0,0,0,0
suppressor_top20,corrupt,ablate,v5_qwen35_4b_147,146,15.5625,0.0007398041780106723,-6.1875,-7.208431243896484,23,0,-0.125,0.0001738133723847568,0.125,0.2679786682128906,-14.11374568939209,0.6812171936035156,15.6875,0.0005659908056259155,24,0,22.0,21.75,22.0,1.125,18.84375,-0.019801980198019802,0,0,0,0
suppressor_top20,corrupt,ablate,v5_qwen35_4b_260,259,16.875,0.005741087254136801,-4.375,-5.15440559387207,13,0,-0.25,0.001012998167425394,0.125,0.19513893127441406,-12.360496520996094,0.7469892501831055,17.125,0.004728089086711407,13,0,21.625,21.25,22.0,1.0,19.5625,-0.05128205128205128,0,0,0,0
suppressor_top20,corrupt,ablate,v5_qwen35_4b_263,262,16.375,0.0029885699041187763,-5.375,-5.810009002685547,13,0,-0.25,0.00044743274338543415,0.125,0.1626262664794922,-13.288802146911621,0.7357892990112305,16.625,0.002541137160733342,13,0,22.125,21.75,21.625,0.625,19.125,-0.05,0,0,0,0
suppressor_top20,corrupt,ablate,v5_qwen35_4b_296,295,17.0,0.006843099370598793,-4.125,-4.977705001831055,13,0,-0.25,0.001316579058766365,0.25,0.21500015258789062,-12.17985725402832,0.7684516906738281,17.25,0.005526520311832428,13,0,21.625,21.125,22.0,1.0,19.625,-0.05263157894736842,0,0,0,0
suppressor_top20,corrupt,ablate,v5_qwen35_4b_040,39,15.75,0.0017252148827537894,-5.125,-6.360744476318359,19,0,-0.25,0.0002915883669629693,0.375,0.1854248046875,-10.627634048461914,0.745513916015625,16.0,0.0014336265157908201,19,0,21.5,20.875,22.625,2.125,19.3125,-0.03773584905660377,0,0,0,0
suppressor_top20,corrupt,ablate,v5_qwen35_4b_054,53,16.875,0.009802436456084251,-3.25,-4.615346908569336,9,0,-0.5,-0.0009641889482736588,0.0,-0.09479904174804688,-9.258073806762695,0.7647266387939453,17.375,0.01076662540435791,9,0,20.625,20.125,22.625,2.125,20.0,-0.09523809523809523,0,0,0,0
suppressor_top20,corrupt,ablate,v5_qwen35_4b_229,228,15.75,0.0017252148827537894,-5.125,-6.360744476318359,19,0,-0.25,0.0002915883669629693,0.375,0.1854248046875,-10.627634048461914,0.745513916015625,16.0,0.0014336265157908201,19,0,21.5,20.875,22.5,1.75,19.25,-0.038461538461538464,0,0,0,0
suppressor_top20,corrupt,ablate,v5_qwen35_4b_047,46,16.375,0.0013581370003521442,-6.0,-6.600320816040039,15,0,-0.625,-0.00025411113165318966,-0.125,-0.17177963256835938,-5.205648422241211,0.5808191299438477,17.0,0.001612248132005334,14,0,22.875,22.375,22.125,0.25,19.5625,-0.12195121951219512,0,0,0,0
suppressor_top20,corrupt,ablate,v5_qwen35_4b_271,270,18.875,0.02269558422267437,-3.125,-3.7626686096191406,8,0,-0.5,-0.0014159195125102997,-0.125,-0.06196784973144531,-10.375420570373535,0.607060432434082,19.375,0.02411150373518467,8,0,22.375,22.0,21.875,0.375,20.625,-0.2,0,0,0,0
suppressor_top20,corrupt,ablate,v5_qwen35_4b_039,38,15.9375,0.00038198500988073647,-7.0625,-7.869768142700195,21,0,-0.5625,-6.672428571619093e-05,-0.1875,-0.16106414794921875,-9.196958541870117,0.5149345397949219,16.5,0.0004487092955969274,14,0,23.375,23.0,22.625,0.625,19.5625,-0.09183673469387756,0,0,0,0
suppressor_top20,corrupt,ablate,v5_qwen35_4b_215,214,18.625,0.020026465877890587,-3.125,-3.890514373779297,7,0,-0.625,-0.0064161792397499084,-0.25,-0.28449440002441406,-6.991342544555664,0.6320123672485352,19.25,0.026442645117640495,7,0,22.125,21.75,22.625,0.5,20.9375,-0.18518518518518517,0,0,0,0
suppressor_top20,corrupt,ablate,v5_qwen35_4b_245,244,15.0,0.0003702008107211441,-7.625,-7.901119232177734,21,0,-0.125,8.177765994332731e-05,0.25,0.24969482421875,-14.892128944396973,0.6334371566772461,15.125,0.00028842315077781677,22,0,23.0,22.625,21.0,0.25,18.0625,-0.02127659574468085,0,0,0,0
suppressor_top20,corrupt,ablate,v5_qwen35_4b_161,160,15.25,0.00029733439441770315,-8.0,-8.120376586914062,29,0,-0.4375,1.4367629773914814e-05,0.0625,0.04953575134277344,-17.905649185180664,0.7603244781494141,15.6875,0.00028296676464378834,26,0,23.75,23.25,23.125,2.0,19.40625,-0.058823529411764705,0,0,0,0
suppressor_top20,corrupt,ablate,v5_qwen35_4b_121,120,15.6875,0.0007030333508737385,-6.8125,-7.259431838989258,14,0,-0.1875,0.00011874630581587553,0.1875,0.18512535095214844,-15.783802032470703,0.6410865783691406,15.875,0.000584287045057863,14,0,22.875,22.5,23.5,3.125,19.6875,-0.02459016393442623,0,0,0,0
suppressor_top20,corrupt,ablate,v5_qwen35_4b_181,180,15.5625,0.0005112927174195647,-7.4375,-7.578075408935547,16,0,-0.3125,7.717707194387913e-05,0.1875,0.16370582580566406,-16.318206787109375,0.7310047149658203,15.875,0.0004341156454756856,18,0,23.5,23.0,23.25,1.75,19.5625,-0.0423728813559322,0,0,0,0
suppressor_top20,corrupt,ablate,v5_qwen35_4b_259,258,17.0,0.0029709276277571917,-5.625,-5.815929412841797,8,0,-0.375,-2.2525200620293617e-05,0.0,-0.007579803466796875,-15.559467315673828,0.6680812835693359,17.375,0.0029934528283774853,9,0,23.0,22.625,22.75,1.25,20.0625,-0.06976744186046512,0,0,0,0
suppressor_top20,corrupt,ablate,v5_qwen35_4b_283,282,17.625,0.008607510477304459,-4.125,-4.746526718139648,12,0,-0.25,0.0014151213690638542,0.125,0.1810321807861328,-11.325258255004883,0.7455348968505859,17.875,0.007192389108240604,12,0,22.125,21.75,22.125,0.5,20.0,-0.058823529411764705,0,0,0,0
suppressor_top20,corrupt,ablate,v5_qwen35_4b_272,271,19.75,0.021316146478056908,-3.625,-3.826761245727539,4,0,-0.5,-0.002517635002732277,-0.125,-0.11421775817871094,-10.091331481933594,0.5350322723388672,20.25,0.023833781480789185,4,0,23.75,23.375,24.0,2.0,22.125,-0.13333333333333333,0,0,0,0
suppressor_top20,corrupt,ablate,v5_qwen35_4b_043,42,16.125,0.00077245564898476,-5.875,-7.165197372436523,27,0,-0.625,-0.0002465671277604997,-0.25,-0.27727508544921875,-6.494144439697266,0.5759663581848145,16.75,0.0010190227767452598,23,0,22.375,22.0,23.375,1.125,20.0625,-0.09433962264150944,0,0,0,0
suppressor_top20,corrupt,ablate,v5_qwen35_4b_166,165,18.625,0.015808014199137688,-3.5,-4.13134765625,8,0,-0.75,-0.006586771458387375,-0.375,-0.3550300598144531,-7.390196323394775,0.6678404808044434,19.375,0.022394785657525063,7,0,22.5,22.125,23.0,1.25,21.1875,-0.20689655172413793,0,0,0,0
suppressor_top20,corrupt,ablate,v5_qwen35_4b_055,54,18.625,0.008094292134046555,-4.625,-4.808488845825195,5,0,-0.5,-0.0001402711495757103,0.0,-0.01732635498046875,-14.330879211425781,0.5317239761352539,19.125,0.008234563283622265,6,0,23.75,23.25,23.0,1.25,21.0625,-0.12903225806451613,0,0,0,0
suppressor_top20,corrupt,ablate,v5_qwen35_4b_130,129,15.9375,0.0005839539226144552,-6.8125,-7.44512939453125,27,0,-0.6875,-0.00016796676209196448,-0.1875,-0.25298118591308594,-8.293998718261719,0.5997304916381836,16.625,0.0007519206847064197,20,0,23.25,22.75,22.125,1.375,19.375,-0.125,0,0,0,0
suppressor_top20,corrupt,ablate,v5_qwen35_4b_182,181,15.125,0.0003051840467378497,-7.875,-8.094316482543945,30,0,-0.6875,-3.1602452509105206e-05,-0.0625,-0.09857177734375,-4.081573009490967,0.6517500877380371,15.8125,0.0003367864992469549,28,0,23.625,23.0,22.25,0.75,19.03125,-0.10679611650485436,0,0,0,0
suppressor_top20,corrupt,ablate,v5_qwen35_4b_065,64,17.625,0.010588259436190128,-3.375,-4.537420272827148,10,0,-0.5,-0.0017876429483294487,-0.125,-0.1578235626220703,-5.99170446395874,0.5824947357177734,18.125,0.012375902384519577,10,0,21.375,21.0,21.25,0.375,19.6875,-0.16,0,0,0,0
suppressor_top20,corrupt,ablate,v5_qwen35_4b_001,0,16.75,0.0041442736983299255,-5.125,-5.481914520263672,11,0,-0.75,-0.0014632008969783783,-0.25,-0.3038501739501953,-2.9516055583953857,0.7013645172119141,17.5,0.005607474595308304,11,0,22.375,21.875,23.375,2.125,20.4375,-0.1276595744680851,0,0,0,0
suppressor_top20,corrupt,ablate,v5_qwen35_4b_053,52,17.25,0.012872656807303429,-3.375,-4.339756011962891,9,0,-0.25,0.0022364817559719086,0.25,0.1930980682373047,-8.750911712646484,0.7916145324707031,17.5,0.01063617505133152,8,0,21.125,20.625,22.375,1.875,19.9375,-0.05128205128205128,0,0,0,0
suppressor_top20,corrupt,ablate,v5_qwen35_4b_155,154,15.0625,0.0010463078506290913,-5.5625,-6.861505508422852,23,0,-0.0625,0.0003550418186932802,0.5625,0.41485023498535156,-10.074084281921387,0.7051305770874023,15.125,0.000691266031935811,29,0,21.25,20.625,22.5,2.125,18.8125,-0.00847457627118644,0,0,0,0
suppressor_top20,corrupt,ablate,v5_qwen35_4b_120,119,16.0,0.0021120437886565924,-5.0,-6.158042907714844,16,0,-0.125,0.0005793047603219748,0.375,0.3211708068847656,-10.323062896728516,0.7234430313110352,16.125,0.0015327390283346176,18,0,21.5,21.0,22.625,2.25,19.375,-0.019230769230769232,0,0,0,0
suppressor_top20,corrupt,ablate,v5_qwen35_4b_232,231,16.0,0.0021120437886565924,-5.0,-6.158042907714844,16,0,-0.125,0.0005793047603219748,0.375,0.3211708068847656,-10.323062896728516,0.7234430313110352,16.125,0.0015327390283346176,18,0,21.5,21.0,22.625,2.125,19.375,-0.019230769230769232,0,0,0,0
suppressor_top20,corrupt,ablate,v5_qwen35_4b_226,225,17.375,0.0014886901481077075,-5.75,-6.508390426635742,8,0,-0.5,-8.891266770660877e-05,0.0,-0.05810356140136719,-12.066174507141113,0.5835390090942383,17.875,0.0015776028158143163,7,0,23.625,23.125,23.75,2.0,20.8125,-0.0851063829787234,0,0,0,0
suppressor_top20,corrupt,ablate,v5_qwen35_4b_123,122,15.4375,0.0008156615076586604,-6.6875,-7.11073112487793,17,0,-0.3125,6.0846912674605846e-05,0.0625,0.07758331298828125,-15.92007827758789,0.6872100830078125,15.75,0.0007548145949840546,18,0,22.5,22.125,22.625,1.625,19.1875,-0.045454545454545456,0,0,0,0
suppressor_top20,corrupt,ablate,v5_qwen35_4b_030,29,15.5,0.0008045753929764032,-6.75,-7.124425888061523,16,0,-0.3125,0.00012141873594373465,0.1875,0.16370582580566406,-15.987060546875,0.6822929382324219,15.8125,0.0006831566570326686,18,0,22.75,22.25,21.875,0.75,18.84375,-0.05154639175257732,0,0,0,0
suppressor_top20,corrupt,ablate,v5_qwen35_4b_205,204,17.5,0.009767968207597733,-4.125,-4.618873596191406,7,0,-0.5,-0.00041286367923021317,0.0,-0.041820526123046875,-13.540902137756348,0.6815004348754883,18.0,0.010180831886827946,7,0,22.125,21.625,22.0,1.125,20.0,-0.125,0,0,0,0
suppressor_top20,corrupt,ablate,v5_qwen35_4b_208,207,19.25,0.024474063888192177,-3.25,-3.6853904724121094,4,0,-0.375,-7.871352136135101e-05,0.0,-0.0032958984375,-10.925299644470215,0.7496337890625,19.625,0.024552777409553528,5,0,22.875,22.5,22.5,0.25,21.0625,-0.13043478260869565,0,0,0,0
suppressor_top20,corrupt,ablate,v5_qwen35_4b_159,158,15.4375,0.0003417014959268272,-7.8125,-7.981250762939453,23,0,-0.25,4.543329123407602e-05,0.125,0.1427154541015625,-18.080305099487305,0.7211036682128906,15.6875,0.00029626820469275117,23,0,23.625,23.25,24.0,2.875,19.84375,-0.03007518796992481,0,0,0,0
suppressor_top20,corrupt,ablate,v5_qwen35_4b_262,261,18.25,0.011435969732701778,-4.0,-4.4595184326171875,4,0,-0.375,0.000119808129966259,0.0,0.010648727416992188,-15.094534873962402,0.618494987487793,18.625,0.01131616160273552,4,0,22.625,22.25,23.5,2.625,21.0625,-0.07692307692307693,0,0,0,0
suppressor_top20,corrupt,ablate,v5_qwen35_4b_281,280,18.25,0.011435969732701778,-4.0,-4.4595184326171875,4,0,-0.375,0.000119808129966259,0.0,0.010648727416992188,-15.094534873962402,0.618494987487793,18.625,0.01131616160273552,4,0,22.625,22.25,23.5,2.625,21.0625,-0.07692307692307693,0,0,0,0
suppressor_top20,corrupt,ablate,v5_qwen35_4b_153,152,15.375,0.0007057017646729946,-7.125,-7.2556304931640625,17,0,-0.4375,3.578653559088707e-05,0.0625,0.05207633972167969,-16.67942237854004,0.6868667602539062,15.8125,0.0006699152290821075,19,0,23.0,22.5,23.0,2.625,19.40625,-0.06086956521739131,0,0,0,0
suppressor_top20,corrupt,ablate,v5_qwen35_4b_017,16,15.125,0.0005647008656524122,-7.375,-7.478666305541992,18,0,-0.4375,-3.2883952371776104e-05,-0.0625,-0.05663299560546875,-16.057395935058594,0.6755924224853516,15.5625,0.0005975848180241883,19,0,22.875,22.5,22.375,1.875,18.96875,-0.06422018348623854,0,0,0,0
suppressor_top20,corrupt,ablate,v5_qwen35_4b_023,22,15.125,0.0005647008656524122,-7.375,-7.478666305541992,18,0,-0.4375,-3.2883952371776104e-05,-0.0625,-0.05663299560546875,-16.057395935058594,0.6755924224853516,15.5625,0.0005975848180241883,19,0,22.875,22.5,22.375,1.875,18.96875,-0.06422018348623854,0,0,0,0
suppressor_top20,corrupt,ablate,v5_qwen35_4b_027,26,16.0,0.0013502250658348203,-6.375,-6.606157302856445,13,0,-0.5,-0.00017023587133735418,-0.125,-0.11891365051269531,-16.716175079345703,0.6359291076660156,16.5,0.0015204609371721745,13,0,22.75,22.375,22.375,1.875,19.4375,-0.0851063829787234,0,0,0,0
suppressor_top20,corrupt,ablate,v5_qwen35_4b_028,27,16.0,0.0013502250658348203,-6.375,-6.606157302856445,13,0,-0.5,-0.00017023587133735418,-0.125,-0.11891365051269531,-16.716175079345703,0.6359291076660156,16.5,0.0015204609371721745,13,0,22.75,22.375,22.375,1.875,19.4375,-0.0851063829787234,0,0,0,0
suppressor_top20,corrupt,ablate,v5_qwen35_4b_035,34,16.0,0.0013502250658348203,-6.375,-6.606157302856445,13,0,-0.5,-0.00017023587133735418,-0.125,-0.11891365051269531,-16.716175079345703,0.6359291076660156,16.5,0.0015204609371721745,13,0,22.75,22.375,22.375,1.875,19.4375,-0.0851063829787234,0,0,0,0
suppressor_top20,corrupt,ablate,v5_qwen35_4b_046,45,16.0,0.0015146256191655993,-6.25,-6.491098403930664,13,0,-0.375,3.1653791666030884e-05,0.0,0.021148681640625,-16.49285125732422,0.6129436492919922,16.375,0.0014829718274995685,13,0,22.625,22.25,22.25,1.75,19.3125,-0.06382978723404255,0,0,0,0
suppressor_top20,corrupt,ablate,v5_qwen35_4b_059,58,16.875,0.006606786046177149,-4.75,-5.013063430786133,8,0,-0.625,-0.0010859742760658264,-0.125,-0.15328025817871094,-14.767000198364258,0.6986055374145508,17.5,0.007692760322242975,5,0,22.125,21.625,22.25,1.75,19.875,-0.13157894736842105,0,0,0,0
suppressor_top20,corrupt,ablate,v5_qwen35_4b_064,63,16.875,0.006606786046177149,-4.75,-5.013063430786133,8,0,-0.625,-0.0010859742760658264,-0.125,-0.15328025817871094,-14.767000198364258,0.6986055374145508,17.5,0.007692760322242975,5,0,22.125,21.625,22.25,1.75,19.875,-0.13157894736842105,0,0,0,0
suppressor_top20,corrupt,ablate,v5_qwen35_4b_113,112,16.0,0.0015146256191655993,-6.25,-6.491098403930664,13,0,-0.375,3.1653791666030884e-05,0.0,0.021148681640625,-16.49285125732422,0.6129436492919922,16.375,0.0014829718274995685,13,0,22.625,22.25,22.875,2.375,19.625,-0.057692307692307696,0,0,0,0
suppressor_top20,corrupt,ablate,v5_qwen35_4b_118,117,16.0,0.0015146256191655993,-6.25,-6.491098403930664,13,0,-0.375,3.1653791666030884e-05,0.0,0.021148681640625,-16.49285125732422,0.6129436492919922,16.375,0.0014829718274995685,13,0,22.625,22.25,22.875,2.375,19.625,-0.057692307692307696,0,0,0,0
suppressor_top20,corrupt,ablate,v5_qwen35_4b_149,148,16.0,0.0015146256191655993,-6.25,-6.491098403930664,13,0,-0.375,3.1653791666030884e-05,0.0,0.021148681640625,-16.49285125732422,0.6129436492919922,16.375,0.0014829718274995685,13,0,22.625,22.25,22.875,2.375,19.625,-0.057692307692307696,0,0,0,0
suppressor_top20,corrupt,ablate,v5_qwen35_4b_152,151,14.8125,0.0004632965719792992,-7.5625,-7.676698684692383,21,0,-0.375,5.164826870895922e-05,0.125,0.11824798583984375,-15.970062255859375,0.6742630004882812,15.1875,0.00041164830327033997,21,0,22.875,22.375,22.875,2.5,19.03125,-0.04878048780487805,0,0,0,0
suppressor_top20,corrupt,ablate,v5_qwen35_4b_156,155,14.8125,0.0004632965719792992,-7.5625,-7.676698684692383,21,0,-0.375,5.164826870895922e-05,0.125,0.11824798583984375,-15.970062255859375,0.6742630004882812,15.1875,0.00041164830327033997,21,0,22.875,22.375,22.875,2.5,19.03125,-0.04878048780487805,0,0,0,0
suppressor_top20,corrupt,ablate,v5_qwen35_4b_167,166,14.8125,0.0004632965719792992,-7.5625,-7.676698684692383,21,0,-0.375,5.164826870895922e-05,0.125,0.11824798583984375,-15.970062255859375,0.6742630004882812,15.1875,0.00041164830327033997,21,0,22.875,22.375,22.875,2.5,19.03125,-0.04878048780487805,0,0,0,0
suppressor_top20,corrupt,ablate,v5_qwen35_4b_172,171,15.0625,0.0005296922754496336,-7.4375,-7.542701721191406,19,0,-0.4375,-3.0281837098300457e-05,-0.0625,-0.05562591552734375,-16.069072723388672,0.6814346313476562,15.5,0.0005599741125479341,19,0,22.875,22.5,22.875,2.375,19.1875,-0.059322033898305086,0,0,0,0
suppressor_top20,corrupt,ablate,v5_qwen35_4b_234,233,15.6875,0.0011045493884012103,-6.5625,-6.807239532470703,15,0,-0.4375,-6.931868847459555e-05,-0.0625,-0.060939788818359375,-16.528301239013672,0.6559371948242188,16.125,0.0011738680768758059,14,0,22.625,22.25,22.125,1.625,19.125,-0.07291666666666667,0,0,0,0
suppressor_top20,corrupt,ablate,v5_qwen35_4b_243,242,16.0,0.0015146256191655993,-6.25,-6.491098403930664,13,0,-0.375,3.1653791666030884e-05,0.0,0.021148681640625,-16.49285125732422,0.6129436492919922,16.375,0.0014829718274995685,13,0,22.625,22.25,22.25,1.625,19.3125,-0.06382978723404255,0,0,0,0
suppressor_top20,corrupt,ablate,v5_qwen35_4b_251,250,16.0,0.0015146256191655993,-6.25,-6.491098403930664,13,0,-0.375,3.1653791666030884e-05,0.0,0.021148681640625,-16.49285125732422,0.6129436492919922,16.375,0.0014829718274995685,13,0,22.625,22.25,22.25,1.625,19.3125,-0.06382978723404255,0,0,0,0
suppressor_top20,corrupt,ablate,v5_qwen35_4b_254,253,16.875,0.006606786046177149,-4.75,-5.013063430786133,8,0,-0.625,-0.0010859742760658264,-0.125,-0.15328025817871094,-14.767000198364258,0.6986055374145508,17.5,0.007692760322242975,5,0,22.125,21.625,22.25,1.625,19.875,-0.13157894736842105,0,0,0,0
suppressor_top20,corrupt,ablate,v5_qwen35_4b_255,254,16.875,0.006606786046177149,-4.75,-5.013063430786133,8,0,-0.625,-0.0010859742760658264,-0.125,-0.15328025817871094,-14.767000198364258,0.6986055374145508,17.5,0.007692760322242975,5,0,22.125,21.625,22.25,1.625,19.875,-0.13157894736842105,0,0,0,0
suppressor_top20,corrupt,ablate,v5_qwen35_4b_264,263,16.75,0.005805409979075193,-4.875,-5.143177032470703,10,0,-0.625,-0.0009293998591601849,-0.125,-0.14943885803222656,-14.672355651855469,0.6673669815063477,17.375,0.006734809838235378,8,0,22.125,21.625,22.125,1.625,19.75,-0.13157894736842105,0,0,0,0
suppressor_top20,corrupt,ablate,v5_qwen35_4b_273,272,16.875,0.007391613442450762,-4.625,-4.900026321411133,8,0,-0.5,-8.767051622271538e-05,0.0,-0.011884689331054688,-14.751155853271484,0.6912679672241211,17.375,0.007479283958673477,6,0,22.0,21.5,22.25,1.75,19.8125,-0.10256410256410256,0,0,0,0
suppressor_top20,corrupt,ablate,v5_qwen35_4b_290,289,17.0,0.008277950808405876,-4.5,-4.785881042480469,8,0,-0.5,-0.0002399589866399765,0.0,-0.028820037841796875,-14.79037094116211,0.7085866928100586,17.5,0.008517909795045853,4,0,22.0,21.5,22.125,1.625,19.8125,-0.10810810810810811,0,0,0,0
suppressor_top20,corrupt,ablate,v5_qwen35_4b_267,266,17.125,0.003285456681624055,-5.25,-5.714984893798828,8,0,-0.375,0.0001349649392068386,0.0,0.042079925537109375,-16.417659759521484,0.6304702758789062,17.5,0.0031504917424172163,7,0,22.75,22.375,22.375,1.625,19.9375,-0.07692307692307693,0,0,0,0
suppressor_top20,corrupt,ablate,v5_qwen35_4b_148,147,15.4375,0.00046894780825823545,-7.0625,-7.664573669433594,15,0,-0.125,0.00010447719250805676,0.25,0.2521476745605469,-17.533748626708984,0.5307826995849609,15.5625,0.0003644706157501787,16,0,22.875,22.5,23.75,2.875,19.65625,-0.015267175572519083,0,0,0,0
suppressor_top20,corrupt,ablate,v5_qwen35_4b_180,179,14.3125,0.000139787356602028,-8.6875,-8.875268936157227,35,0,-0.1875,2.4968976504169405e-05,0.1875,0.1967926025390625,-18.112150192260742,0.6898555755615234,14.5,0.00011481838009785861,35,0,23.375,23.0,23.25,2.625,18.875,-0.02142857142857143,0,0,0,0
suppressor_top20,corrupt,ablate,v5_qwen35_4b_072,71,18.75,0.03919527679681778,-2.375,-3.1992664337158203,5,0,-0.375,-0.006633877754211426,-0.125,-0.1632976531982422,-7.101377487182617,0.550605297088623,19.125,0.045829154551029205,5,0,21.375,21.125,22.5,1.875,20.8125,-0.1111111111111111,0,0,0,0
suppressor_top20,corrupt,ablate,v5_qwen35_4b_073,72,19.125,0.022690128535032272,-3.25,-3.7629032135009766,5,0,-0.5,-0.0013485923409461975,0.0,-0.05912017822265625,-8.64922046661377,0.8218278884887695,19.625,0.02403872087597847,5,0,22.875,22.375,23.25,0.25,21.4375,-0.13793103448275862,0,0,0,0
suppressor_top20,corrupt,ablate,v5_qwen35_4b_270,269,19.0,0.0813135951757431,-1.125,-2.4247074127197266,5,0,-0.625,-0.013390332460403442,-0.125,-0.16713905334472656,-6.095633029937744,0.6713705062866211,19.625,0.09470392763614655,5,0,20.625,20.125,22.5,1.75,21.0625,-0.21739130434782608,0,0,0,0
suppressor_top20,corrupt,ablate,v5_qwen35_4b_038,37,17.125,0.0018032703083008528,-5.875,-6.316370010375977,12,0,-0.75,-0.0009553066920489073,-0.5,-0.4260730743408203,-9.316734313964844,0.634943962097168,17.875,0.00275857700034976,10,0,23.25,23.0,23.375,2.375,20.625,-0.13636363636363635,0,0,0,0
suppressor_top20,corrupt,ablate,v5_qwen35_4b_204,203,20.0,0.04002484306693077,-2.75,-3.1774330139160156,4,0,-0.625,-0.006252933293581009,-0.125,-0.1517009735107422,-5.7679924964904785,0.6910347938537598,20.625,0.04627777636051178,4,0,23.25,22.75,24.25,0.875,22.4375,-0.1724137931034483,0,0,0,0
suppressor_top20,corrupt,ablate,v5_qwen35_4b_007,6,15.875,0.0006224630051292479,-7.125,-7.381233215332031,25,0,-0.375,7.487105904147029e-05,0.125,0.12822532653808594,-17.11101531982422,0.7696113586425781,16.25,0.0005475919460877776,24,0,23.5,23.0,23.375,2.0,19.8125,-0.05263157894736842,0,0,0,0
suppressor_top20,corrupt,ablate,v5_qwen35_4b_014,13,15.875,0.0006224630051292479,-7.125,-7.381233215332031,25,0,-0.375,7.487105904147029e-05,0.125,0.12822532653808594,-17.11101531982422,0.7696113586425781,16.25,0.0005475919460877776,24,0,23.5,23.0,23.375,2.0,19.8125,-0.05263157894736842,0,0,0,0
suppressor_top20,corrupt,ablate,v5_qwen35_4b_018,17,15.875,0.0006224630051292479,-7.125,-7.381233215332031,25,0,-0.375,7.487105904147029e-05,0.125,0.12822532653808594,-17.11101531982422,0.7696113586425781,16.25,0.0005475919460877776,24,0,23.5,23.0,23.375,2.0,19.8125,-0.05263157894736842,0,0,0,0
suppressor_top20,corrupt,ablate,v5_qwen35_4b_020,19,15.875,0.0006224630051292479,-7.125,-7.381233215332031,25,0,-0.375,7.487105904147029e-05,0.125,0.12822532653808594,-17.11101531982422,0.7696113586425781,16.25,0.0005475919460877776,24,0,23.5,23.0,23.375,2.0,19.8125,-0.05263157894736842,0,0,0,0
suppressor_top20,corrupt,ablate,v5_qwen35_4b_021,20,15.875,0.0006224630051292479,-7.125,-7.381233215332031,25,0,-0.375,7.487105904147029e-05,0.125,0.12822532653808594,-17.11101531982422,0.7696113586425781,16.25,0.0005475919460877776,24,0,23.5,23.0,23.375,2.0,19.8125,-0.05263157894736842,0,0,0,0
suppressor_top20,corrupt,ablate,v5_qwen35_4b_024,23,15.875,0.0006224630051292479,-7.125,-7.381233215332031,25,0,-0.375,7.487105904147029e-05,0.125,0.12822532653808594,-17.11101531982422,0.7696113586425781,16.25,0.0005475919460877776,24,0,23.5,23.0,23.375,2.0,19.8125,-0.05263157894736842,0,0,0,0
suppressor_top20,corrupt,ablate,v5_qwen35_4b_025,24,16.125,0.0007974235923029482,-6.875,-7.133356094360352,20,0,-0.375,8.886703290045261e-05,0.125,0.1182403564453125,-17.115381240844727,0.7749652862548828,16.5,0.0007085565594024956,19,0,23.5,23.0,23.375,2.125,19.9375,-0.05454545454545454,0,0,0,0
suppressor_top20,corrupt,ablate,v5_qwen35_4b_098,97,16.125,0.0007974235923029482,-6.875,-7.133356094360352,20,0,-0.375,8.886703290045261e-05,0.125,0.1182403564453125,-17.115381240844727,0.7749652862548828,16.5,0.0007085565594024956,19,0,23.5,23.0,23.5,2.25,20.0,-0.05357142857142857,0,0,0,0
suppressor_top20,corrupt,ablate,v5_qwen35_4b_114,113,16.5,0.0012754484778270125,-6.125,-6.663213729858398,10,0,-0.25,0.00027685787063091993,0.25,0.2449817657470703,-17.023075103759766,0.6367282867431641,16.75,0.0009985906071960926,11,0,23.125,22.625,23.5,2.25,20.125,-0.037037037037037035,0,0,0,0
suppressor_top20,corrupt,ablate,v5_qwen35_4b_128,127,16.5,0.0012754484778270125,-6.125,-6.663213729858398,10,0,-0.25,0.00027685787063091993,0.25,0.2449817657470703,-17.023075103759766,0.6367282867431641,16.75,0.0009985906071960926,11,0,23.125,22.625,23.5,2.25,20.125,-0.037037037037037035,0,0,0,0
suppressor_top20,corrupt,ablate,v5_qwen35_4b_131,130,16.5,0.0012754484778270125,-6.125,-6.663213729858398,10,0,-0.25,0.00027685787063091993,0.25,0.2449817657470703,-17.023075103759766,0.6367282867431641,16.75,0.0009985906071960926,11,0,23.125,22.625,23.5,2.25,20.125,-0.037037037037037035,0,0,0,0
suppressor_top20,corrupt,ablate,v5_qwen35_4b_135,134,16.5,0.0012754484778270125,-6.125,-6.663213729858398,10,0,-0.25,0.00027685787063091993,0.25,0.2449817657470703,-17.023075103759766,0.6367282867431641,16.75,0.0009985906071960926,11,0,23.125,22.625,23.5,2.25,20.125,-0.037037037037037035,0,0,0,0
suppressor_top20,corrupt,ablate,v5_qwen35_4b_136,135,16.5,0.0012754484778270125,-6.125,-6.663213729858398,10,0,-0.25,0.00027685787063091993,0.25,0.2449817657470703,-17.023075103759766,0.6367282867431641,16.75,0.0009985906071960926,11,0,23.125,22.625,23.5,2.25,20.125,-0.037037037037037035,0,0,0,0
suppressor_top20,corrupt,ablate,v5_qwen35_4b_144,143,16.5,0.0012754484778270125,-6.125,-6.663213729858398,10,0,-0.25,0.00027685787063091993,0.25,0.2449817657470703,-17.023075103759766,0.6367282867431641,16.75,0.0009985906071960926,11,0,23.125,22.625,23.5,2.25,20.125,-0.037037037037037035,0,0,0,0
suppressor_top20,corrupt,ablate,v5_qwen35_4b_145,144,16.5,0.0012754484778270125,-6.125,-6.663213729858398,10,0,-0.25,0.00027685787063091993,0.25,0.2449817657470703,-17.023075103759766,0.6367282867431641,16.75,0.0009985906071960926,11,0,23.125,22.625,23.5,2.25,20.125,-0.037037037037037035,0,0,0,0
suppressor_top20,corrupt,ablate,v5_qwen35_4b_160,159,16.125,0.0007974235923029482,-6.875,-7.133356094360352,20,0,-0.375,8.886703290045261e-05,0.125,0.1182403564453125,-17.115381240844727,0.7749652862548828,16.5,0.0007085565594024956,19,0,23.5,23.0,23.25,2.25,19.875,-0.05555555555555555,0,0,0,0
suppressor_top20,corrupt,ablate,v5_qwen35_4b_164,163,16.125,0.0007974235923029482,-6.875,-7.133356094360352,20,0,-0.375,8.886703290045261e-05,0.125,0.1182403564453125,-17.115381240844727,0.7749652862548828,16.5,0.0007085565594024956,19,0,23.5,23.0,23.25,2.25,19.875,-0.05555555555555555,0,0,0,0
suppressor_top20,corrupt,ablate,v5_qwen35_4b_169,168,16.125,0.0007974235923029482,-6.875,-7.133356094360352,20,0,-0.375,8.886703290045261e-05,0.125,0.1182403564453125,-17.115381240844727,0.7749652862548828,16.5,0.0007085565594024956,19,0,23.5,23.0,23.25,2.25,19.875,-0.05555555555555555,0,0,0,0
suppressor_top20,corrupt,ablate,v5_qwen35_4b_174,173,16.125,0.0007974235923029482,-6.875,-7.133356094360352,20,0,-0.375,8.886703290045261e-05,0.125,0.1182403564453125,-17.115381240844727,0.7749652862548828,16.5,0.0007085565594024956,19,0,23.5,23.0,23.25,2.25,19.875,-0.05555555555555555,0,0,0,0
suppressor_top20,corrupt,ablate,v5_qwen35_4b_187,186,16.125,0.0007974235923029482,-6.875,-7.133356094360352,20,0,-0.375,8.886703290045261e-05,0.125,0.1182403564453125,-17.115381240844727,0.7749652862548828,16.5,0.0007085565594024956,19,0,23.5,23.0,23.25,2.25,19.875,-0.05555555555555555,0,0,0,0
suppressor_top20,corrupt,ablate,v5_qwen35_4b_188,187,16.125,0.0007974235923029482,-6.875,-7.133356094360352,20,0,-0.375,8.886703290045261e-05,0.125,0.1182403564453125,-17.115381240844727,0.7749652862548828,16.5,0.0007085565594024956,19,0,23.5,23.0,23.25,2.25,19.875,-0.05555555555555555,0,0,0,0
suppressor_top20,corrupt,ablate,v5_qwen35_4b_213,212,17.625,0.007760572247207165,-4.375,-4.850948333740234,7,0,-0.375,0.0010726605542004108,0.125,0.14982986450195312,-15.393746376037598,0.6937227249145508,18.0,0.006687911693006754,7,0,22.5,22.0,23.25,2.25,20.625,-0.07142857142857142,0,0,0,0
suppressor_top20,corrupt,ablate,v5_qwen35_4b_214,213,17.625,0.007760572247207165,-4.375,-4.850948333740234,7,0,-0.375,0.0010726605542004108,0.125,0.14982986450195312,-15.393746376037598,0.6937227249145508,18.0,0.006687911693006754,7,0,22.5,22.0,23.25,2.25,20.625,-0.07142857142857142,0,0,0,0
suppressor_top20,corrupt,ablate,v5_qwen35_4b_216,215,17.625,0.007760572247207165,-4.375,-4.850948333740234,7,0,-0.375,0.0010726605542004108,0.125,0.14982986450195312,-15.393746376037598,0.6937227249145508,18.0,0.006687911693006754,7,0,22.5,22.0,23.25,2.25,20.625,-0.07142857142857142,0,0,0,0
suppressor_top20,corrupt,ablate,v5_qwen35_4b_222,221,17.625,0.007760572247207165,-4.375,-4.850948333740234,7,0,-0.375,0.0010726605542004108,0.125,0.14982986450195312,-15.393746376037598,0.6937227249145508,18.0,0.006687911693006754,7,0,22.5,22.0,23.25,2.25,20.625,-0.07142857142857142,0,0,0,0
suppressor_top20,corrupt,ablate,v5_qwen35_4b_224,223,17.625,0.007760572247207165,-4.375,-4.850948333740234,7,0,-0.375,0.0010726605542004108,0.125,0.14982986450195312,-15.393746376037598,0.6937227249145508,18.0,0.006687911693006754,7,0,22.5,22.0,23.25,2.25,20.625,-0.07142857142857142,0,0,0,0
suppressor_top20,corrupt,ablate,v5_qwen35_4b_239,238,16.5,0.0012754484778270125,-6.125,-6.663213729858398,10,0,-0.25,0.00027685787063091993,0.25,0.2449817657470703,-17.023075103759766,0.6367282867431641,16.75,0.0009985906071960926,11,0,23.125,22.625,23.25,2.125,20.0,-0.038461538461538464,0,0,0,0
suppressor_top20,corrupt,ablate,v5_qwen35_4b_241,240,16.5,0.0012754484778270125,-6.125,-6.663213729858398,10,0,-0.25,0.00027685787063091993,0.25,0.2449817657470703,-17.023075103759766,0.6367282867431641,16.75,0.0009985906071960926,11,0,23.125,22.625,23.25,2.125,20.0,-0.038461538461538464,0,0,0,0
suppressor_top20,corrupt,ablate,v5_qwen35_4b_256,255,17.625,0.007760572247207165,-4.375,-4.850948333740234,7,0,-0.375,0.0010726605542004108,0.125,0.14982986450195312,-15.393746376037598,0.6937227249145508,18.0,0.006687911693006754,7,0,22.5,22.0,23.25,2.125,20.625,-0.07142857142857142,0,0,0,0
suppressor_top20,corrupt,ablate,v5_qwen35_4b_269,268,17.625,0.007760572247207165,-4.375,-4.850948333740234,7,0,-0.375,0.0010726605542004108,0.125,0.14982986450195312,-15.393746376037598,0.6937227249145508,18.0,0.006687911693006754,7,0,22.5,22.0,23.25,2.125,20.625,-0.07142857142857142,0,0,0,0
suppressor_top20,corrupt,ablate,v5_qwen35_4b_276,275,17.5,0.006964785046875477,-4.5,-4.959939956665039,8,0,-0.5,6.861612200737e-05,0.0,0.009962081909179688,-15.461938858032227,0.6923294067382812,18.0,0.006896168924868107,7,0,22.5,22.0,23.25,2.125,20.625,-0.09523809523809523,0,0,0,0
suppressor_top20,corrupt,ablate,v5_qwen35_4b_277,276,17.5,0.006964785046875477,-4.5,-4.959939956665039,8,0,-0.5,6.861612200737e-05,0.0,0.009962081909179688,-15.461938858032227,0.6923294067382812,18.0,0.006896168924868107,7,0,22.5,22.0,23.25,2.125,20.625,-0.09523809523809523,0,0,0,0
suppressor_top20,corrupt,ablate,v5_qwen35_4b_280,279,17.5,0.006964785046875477,-4.5,-4.959939956665039,8,0,-0.5,6.861612200737e-05,0.0,0.009962081909179688,-15.461938858032227,0.6923294067382812,18.0,0.006896168924868107,7,0,22.5,22.0,23.25,2.125,20.625,-0.09523809523809523,0,0,0,0
suppressor_top20,corrupt,ablate,v5_qwen35_4b_284,283,17.5,0.006964785046875477,-4.5,-4.959939956665039,8,0,-0.5,6.861612200737e-05,0.0,0.009962081909179688,-15.461938858032227,0.6923294067382812,18.0,0.006896168924868107,7,0,22.5,22.0,23.25,2.125,20.625,-0.09523809523809523,0,0,0,0
suppressor_top20,corrupt,ablate,v5_qwen35_4b_288,287,17.5,0.006964785046875477,-4.5,-4.959939956665039,8,0,-0.5,6.861612200737e-05,0.0,0.009962081909179688,-15.461938858032227,0.6923294067382812,18.0,0.006896168924868107,7,0,22.5,22.0,23.25,2.125,20.625,-0.09523809523809523,0,0,0,0
suppressor_top20,corrupt,ablate,v5_qwen35_4b_292,291,17.5,0.006964785046875477,-4.5,-4.959939956665039,8,0,-0.5,6.861612200737e-05,0.0,0.009962081909179688,-15.461938858032227,0.6923294067382812,18.0,0.006896168924868107,7,0,22.5,22.0,23.25,2.125,20.625,-0.09523809523809523,0,0,0,0
suppressor_top20,corrupt,ablate,v5_qwen35_4b_294,293,17.5,0.006964785046875477,-4.5,-4.959939956665039,8,0,-0.5,6.861612200737e-05,0.0,0.009962081909179688,-15.461938858032227,0.6923294067382812,18.0,0.006896168924868107,7,0,22.5,22.0,23.25,2.125,20.625,-0.09523809523809523,0,0,0,0
suppressor_top20,corrupt,ablate,v5_qwen35_4b_002,1,15.8125,0.0006569768884219229,-7.0625,-7.327236175537109,24,0,-0.3125,0.00010811793617904186,0.1875,0.17990875244140625,-17.320661544799805,0.7821617126464844,16.125,0.0005488589522428811,26,0,23.375,22.875,23.25,1.875,19.6875,-0.043859649122807015,0,0,0,0
suppressor_top20,corrupt,ablate,v5_qwen35_4b_012,11,15.875,0.0007044682279229164,-7.0,-7.257392883300781,22,0,-0.375,8.783198427408934e-05,0.125,0.13324737548828125,-17.301382064819336,0.7834186553955078,16.25,0.0006166362436488271,23,0,23.375,22.875,23.25,2.0,19.75,-0.05357142857142857,0,0,0,0
suppressor_top20,corrupt,ablate,v5_qwen35_4b_015,14,15.875,0.0007044682279229164,-7.0,-7.257392883300781,22,0,-0.375,8.783198427408934e-05,0.125,0.13324737548828125,-17.301382064819336,0.7834186553955078,16.25,0.0006166362436488271,23,0,23.375,22.875,23.25,2.0,19.75,-0.05357142857142857,0,0,0,0
suppressor_top20,corrupt,ablate,v5_qwen35_4b_037,36,16.5,0.0013503669761121273,-6.125,-6.606061935424805,10,0,-0.25,0.00030603038612753153,0.25,0.257293701171875,-17.110084533691406,0.6474685668945312,16.75,0.0010443365899845958,12,0,23.125,22.625,23.25,2.0,20.0,-0.038461538461538464,0,0,0,0
suppressor_top20,corrupt,ablate,v5_qwen35_4b_042,41,16.5,0.0013503669761121273,-6.125,-6.606061935424805,10,0,-0.25,0.00030603038612753153,0.25,0.257293701171875,-17.110084533691406,0.6474685668945312,16.75,0.0010443365899845958,12,0,23.125,22.625,23.25,2.0,20.0,-0.038461538461538464,0,0,0,0
suppressor_top20,corrupt,ablate,v5_qwen35_4b_044,43,16.5,0.0013503669761121273,-6.125,-6.606061935424805,10,0,-0.25,0.00030603038612753153,0.25,0.257293701171875,-17.110084533691406,0.6474685668945312,16.75,0.0010443365899845958,12,0,23.125,22.625,23.25,2.0,20.0,-0.038461538461538464,0,0,0,0
suppressor_top20,corrupt,ablate,v5_qwen35_4b_115,114,16.5,0.0013503669761121273,-6.125,-6.606061935424805,10,0,-0.25,0.00030603038612753153,0.25,0.257293701171875,-17.110084533691406,0.6474685668945312,16.75,0.0010443365899845958,12,0,23.125,22.625,23.625,2.375,20.1875,-0.03636363636363636,0,0,0,0
suppressor_top20,corrupt,ablate,v5_qwen35_4b_126,125,16.5,0.0013503669761121273,-6.125,-6.606061935424805,10,0,-0.25,0.00030603038612753153,0.25,0.257293701171875,-17.110084533691406,0.6474685668945312,16.75,0.0010443365899845958,12,0,23.125,22.625,23.625,2.375,20.1875,-0.03636363636363636,0,0,0,0
suppressor_top20,corrupt,ablate,v5_qwen35_4b_127,126,16.5,0.0013503669761121273,-6.125,-6.606061935424805,10,0,-0.25,0.00030603038612753153,0.25,0.257293701171875,-17.110084533691406,0.6474685668945312,16.75,0.0010443365899845958,12,0,23.125,22.625,23.625,2.375,20.1875,-0.03636363636363636,0,0,0,0
suppressor_top20,corrupt,ablate,v5_qwen35_4b_134,133,16.5,0.0013503669761121273,-6.125,-6.606061935424805,10,0,-0.25,0.00030603038612753153,0.25,0.257293701171875,-17.110084533691406,0.6474685668945312,16.75,0.0010443365899845958,12,0,23.125,22.625,23.625,2.375,20.1875,-0.03636363636363636,0,0,0,0
suppressor_top20,corrupt,ablate,v5_qwen35_4b_140,139,16.5,0.0013503669761121273,-6.125,-6.606061935424805,10,0,-0.25,0.00030603038612753153,0.25,0.257293701171875,-17.110084533691406,0.6474685668945312,16.75,0.0010443365899845958,12,0,23.125,22.625,23.625,2.375,20.1875,-0.03636363636363636,0,0,0,0
suppressor_top20,corrupt,ablate,v5_qwen35_4b_142,141,16.5,0.0013503669761121273,-6.125,-6.606061935424805,10,0,-0.25,0.00030603038612753153,0.25,0.257293701171875,-17.110084533691406,0.6474685668945312,16.75,0.0010443365899845958,12,0,23.125,22.625,23.625,2.375,20.1875,-0.03636363636363636,0,0,0,0
suppressor_top20,corrupt,ablate,v5_qwen35_4b_146,145,16.5,0.0013503669761121273,-6.125,-6.606061935424805,10,0,-0.25,0.00030603038612753153,0.25,0.257293701171875,-17.110084533691406,0.6474685668945312,16.75,0.0010443365899845958,12,0,23.125,22.625,23.625,2.375,20.1875,-0.03636363636363636,0,0,0,0
suppressor_top20,corrupt,ablate,v5_qwen35_4b_150,149,16.5,0.0013503669761121273,-6.125,-6.606061935424805,10,0,-0.25,0.00030603038612753153,0.25,0.257293701171875,-17.110084533691406,0.6474685668945312,16.75,0.0010443365899845958,12,0,23.125,22.625,23.625,2.375,20.1875,-0.03636363636363636,0,0,0,0
suppressor_top20,corrupt,ablate,v5_qwen35_4b_168,167,15.875,0.0007044682279229164,-7.0,-7.257392883300781,22,0,-0.375,8.783198427408934e-05,0.125,0.13324737548828125,-17.301382064819336,0.7834186553955078,16.25,0.0006166362436488271,23,0,23.375,22.875,23.25,2.125,19.75,-0.05357142857142857,0,0,0,0
suppressor_top20,corrupt,ablate,v5_qwen35_4b_179,178,15.875,0.0007044682279229164,-7.0,-7.257392883300781,22,0,-0.375,8.783198427408934e-05,0.125,0.13324737548828125,-17.301382064819336,0.7834186553955078,16.25,0.0006166362436488271,23,0,23.375,22.875,23.25,2.125,19.75,-0.05357142857142857,0,0,0,0
suppressor_top20,corrupt,ablate,v5_qwen35_4b_183,182,15.875,0.0007044682279229164,-7.0,-7.257392883300781,22,0,-0.375,8.783198427408934e-05,0.125,0.13324737548828125,-17.301382064819336,0.7834186553955078,16.25,0.0006166362436488271,23,0,23.375,22.875,23.25,2.125,19.75,-0.05357142857142857,0,0,0,0
suppressor_top20,corrupt,ablate,v5_qwen35_4b_185,184,15.875,0.0007044682279229164,-7.0,-7.257392883300781,22,0,-0.375,8.783198427408934e-05,0.125,0.13324737548828125,-17.301382064819336,0.7834186553955078,16.25,0.0006166362436488271,23,0,23.375,22.875,23.25,2.125,19.75,-0.05357142857142857,0,0,0,0
suppressor_top20,corrupt,ablate,v5_qwen35_4b_186,185,15.875,0.0007044682279229164,-7.0,-7.257392883300781,22,0,-0.375,8.783198427408934e-05,0.125,0.13324737548828125,-17.301382064819336,0.7834186553955078,16.25,0.0006166362436488271,23,0,23.375,22.875,23.25,2.125,19.75,-0.05357142857142857,0,0,0,0
suppressor_top20,corrupt,ablate,v5_qwen35_4b_242,241,16.5,0.0013503669761121273,-6.125,-6.606061935424805,10,0,-0.25,0.00030603038612753153,0.25,0.257293701171875,-17.110084533691406,0.6474685668945312,16.75,0.0010443365899845958,12,0,23.125,22.625,23.125,2.0,19.9375,-0.0392156862745098,0,0,0,0
suppressor_top20,corrupt,ablate,v5_qwen35_4b_249,248,16.5,0.0013503669761121273,-6.125,-6.606061935424805,10,0,-0.25,0.00030603038612753153,0.25,0.257293701171875,-17.110084533691406,0.6474685668945312,16.75,0.0010443365899845958,12,0,23.125,22.625,23.125,2.0,19.9375,-0.0392156862745098,0,0,0,0
suppressor_top20,corrupt,ablate,v5_qwen35_4b_282,281,17.375,0.005699586123228073,-4.75,-5.161684036254883,8,0,-0.5,5.445443093776703e-05,0.0,0.009649276733398438,-15.733484268188477,0.7026443481445312,17.875,0.005645131692290306,8,0,22.625,22.125,23.125,2.0,20.5,-0.09523809523809523,0,0,0,0
suppressor_top20,corrupt,ablate,v5_qwen35_4b_286,285,17.375,0.005699586123228073,-4.75,-5.161684036254883,8,0,-0.5,5.445443093776703e-05,0.0,0.009649276733398438,-15.733484268188477,0.7026443481445312,17.875,0.005645131692290306,8,0,22.625,22.125,23.125,2.0,20.5,-0.09523809523809523,0,0,0,0
suppressor_top20,corrupt,ablate,v5_qwen35_4b_295,294,17.375,0.005699586123228073,-4.75,-5.161684036254883,8,0,-0.5,5.445443093776703e-05,0.0,0.009649276733398438,-15.733484268188477,0.7026443481445312,17.875,0.005645131692290306,8,0,22.625,22.125,23.125,2.0,20.5,-0.09523809523809523,0,0,0,0
suppressor_top20,corrupt,ablate,v5_qwen35_4b_299,298,17.375,0.005699586123228073,-4.75,-5.161684036254883,8,0,-0.5,5.445443093776703e-05,0.0,0.009649276733398438,-15.733484268188477,0.7026443481445312,17.875,0.005645131692290306,8,0,22.625,22.125,23.125,2.0,20.5,-0.09523809523809523,0,0,0,0
suppressor_top20,corrupt,ablate,v5_qwen35_4b_008,7,14.25,0.00042322103399783373,-7.375,-7.767232894897461,42,0,-0.25,9.190264972858131e-05,0.25,0.244903564453125,-17.11998176574707,0.7741336822509766,14.5,0.0003313183842692524,43,0,22.125,21.625,21.625,1.375,18.0625,-0.03508771929824561,0,0,0,0
suppressor_top20,corrupt,ablate,v5_qwen35_4b_122,121,14.75,0.0005158315179869533,-7.0,-7.569250106811523,26,0,-0.25,0.00011420960072427988,0.25,0.2503776550292969,-18.321237564086914,0.615081787109375,15.0,0.0004016219172626734,26,0,22.25,21.75,22.625,2.125,18.8125,-0.03278688524590164,0,0,0,0
suppressor_top20,corrupt,ablate,v5_qwen35_4b_158,157,14.25,0.0004446085658855736,-7.375,-7.717912673950195,41,0,-0.3125,0.00010850874241441488,0.3125,0.2798881530761719,-17.394821166992188,0.7894382476806641,14.5625,0.00033609982347115874,42,0,22.25,21.625,22.5,2.0,18.53125,-0.03937007874015748,0,0,0,0
suppressor_top20,corrupt,ablate,v5_qwen35_4b_265,264,16.5,0.004559953231364489,-5.0,-5.3859100341796875,8,0,-0.375,0.00048498017713427544,0.125,0.1129302978515625,-16.449859619140625,0.6818885803222656,16.875,0.004074973054230213,8,0,22.0,21.5,22.0,1.25,19.4375,-0.07317073170731707,0,0,0,0
suppressor_top20,corrupt,ablate,v5_qwen35_4b_003,2,15.0,0.0005437047220766544,-7.25,-7.516592025756836,34,0,-0.5625,-9.796291124075651e-05,-0.1875,-0.16576385498046875,-17.6376895904541,0.7700576782226562,15.5625,0.000641667633317411,31,0,22.625,22.25,22.5,2.0,19.03125,-0.08108108108108109,0,0,0,0
suppressor_top20,corrupt,ablate,v5_qwen35_4b_011,10,15.0,0.000627156114205718,-7.125,-7.373720169067383,31,0,-0.5625,1.9841769244521856e-05,0.0625,0.03216552734375,-17.6837158203125,0.7868232727050781,15.5625,0.0006073143449611962,29,0,22.75,22.125,22.25,2.0,18.90625,-0.08411214953271028,0,0,0,0
suppressor_top20,corrupt,ablate,v5_qwen35_4b_033,32,15.75,0.0014746923698112369,-6.125,-6.51786994934082,19,0,-0.5,-7.326481863856316e-06,0.0,-0.0049686431884765625,-17.72856330871582,0.7125701904296875,16.25,0.0014820188516750932,18,0,22.375,21.875,22.25,2.0,19.25,-0.08333333333333333,0,0,0,0
suppressor_top20,corrupt,ablate,v5_qwen35_4b_048,47,15.75,0.0014746923698112369,-6.125,-6.51786994934082,19,0,-0.5,-7.326481863856316e-06,0.0,-0.0049686431884765625,-17.72856330871582,0.7125701904296875,16.25,0.0014820188516750932,18,0,22.375,21.875,22.25,2.0,19.25,-0.08333333333333333,0,0,0,0
suppressor_top20,corrupt,ablate,v5_qwen35_4b_070,69,16.875,0.007783669047057629,-4.5,-4.847955703735352,8,0,-0.625,-0.001058010384440422,-0.125,-0.12851905822753906,-15.97951602935791,0.8095827102661133,17.5,0.00884167943149805,5,0,21.875,21.375,22.25,1.875,19.875,-0.13157894736842105,0,0,0,0
suppressor_top20,corrupt,ablate,v5_qwen35_4b_124,123,15.8125,0.0017056247452273965,-5.9375,-6.372159957885742,18,0,-0.5625,-0.00011934188660234213,-0.0625,-0.06775474548339844,-17.62603759765625,0.7289180755615234,16.375,0.0018249666318297386,15,0,22.25,21.75,22.625,2.125,19.5,-0.09,0,0,0,0
suppressor_top20,corrupt,ablate,v5_qwen35_4b_125,124,15.8125,0.0014689731178805232,-6.0625,-6.521762847900391,20,0,-0.5625,-0.0001014551380649209,-0.0625,-0.06689262390136719,-17.558536529541016,0.7537593841552734,16.375,0.001570428255945444,18,0,22.375,21.875,22.625,2.125,19.5,-0.09,0,0,0,0
suppressor_top20,corrupt,ablate,v5_qwen35_4b_139,138,15.8125,0.0014689731178805232,-6.0625,-6.521762847900391,20,0,-0.5625,-0.0001014551380649209,-0.0625,-0.06689262390136719,-17.558536529541016,0.7537593841552734,16.375,0.001570428255945444,18,0,22.375,21.875,22.625,2.125,19.5,-0.09,0,0,0,0
suppressor_top20,corrupt,ablate,v5_qwen35_4b_203,202,17.0,0.00830420944839716,-4.375,-4.78270149230957,9,0,-0.625,-0.001028100959956646,-0.125,-0.11776161193847656,-15.894559860229492,0.7552509307861328,17.625,0.009332310408353806,6,0,21.875,21.375,22.625,2.125,20.125,-0.125,0,0,0,0
suppressor_top20,corrupt,ablate,v5_qwen35_4b_206,205,16.875,0.007783669047057629,-4.5,-4.847955703735352,8,0,-0.625,-0.001058010384440422,-0.125,-0.12851905822753906,-15.97951602935791,0.8095827102661133,17.5,0.00884167943149805,5,0,21.875,21.375,22.375,2.0,19.9375,-0.1282051282051282,0,0,0,0
suppressor_top20,corrupt,ablate,v5_qwen35_4b_212,211,17.0,0.00830420944839716,-4.375,-4.78270149230957,9,0,-0.625,-0.001028100959956646,-0.125,-0.11776161193847656,-15.894559860229492,0.7552509307861328,17.625,0.009332310408353806,6,0,21.875,21.375,22.625,2.125,20.125,-0.125,0,0,0,0
suppressor_top20,corrupt,ablate,v5_qwen35_4b_228,227,15.8125,0.0017056247452273965,-5.9375,-6.372159957885742,18,0,-0.5625,-0.00011934188660234213,-0.0625,-0.06775474548339844,-17.62603759765625,0.7289180755615234,16.375,0.0018249666318297386,15,0,22.25,21.75,21.75,1.25,19.0625,-0.10465116279069768,0,0,0,0
suppressor_top20,corrupt,ablate,v5_qwen35_4b_230,229,15.8125,0.0017056247452273965,-5.9375,-6.372159957885742,18,0,-0.5625,-0.00011934188660234213,-0.0625,-0.06775474548339844,-17.62603759765625,0.7289180755615234,16.375,0.0018249666318297386,15,0,22.25,21.75,21.75,1.25,19.0625,-0.10465116279069768,0,0,0,0
suppressor_top20,corrupt,ablate,v5_qwen35_4b_231,230,15.8125,0.0017056247452273965,-5.9375,-6.372159957885742,18,0,-0.5625,-0.00011934188660234213,-0.0625,-0.06775474548339844,-17.62603759765625,0.7289180755615234,16.375,0.0018249666318297386,15,0,22.25,21.75,21.75,1.25,19.0625,-0.10465116279069768,0,0,0,0
suppressor_top20,corrupt,ablate,v5_qwen35_4b_236,235,15.8125,0.0017056247452273965,-5.9375,-6.372159957885742,18,0,-0.5625,-0.00011934188660234213,-0.0625,-0.06775474548339844,-17.62603759765625,0.7289180755615234,16.375,0.0018249666318297386,15,0,22.25,21.75,21.75,1.25,19.0625,-0.10465116279069768,0,0,0,0
suppressor_top20,corrupt,ablate,v5_qwen35_4b_237,236,15.8125,0.0017056247452273965,-5.9375,-6.372159957885742,18,0,-0.5625,-0.00011934188660234213,-0.0625,-0.06775474548339844,-17.62603759765625,0.7289180755615234,16.375,0.0018249666318297386,15,0,22.25,21.75,21.75,1.25,19.0625,-0.10465116279069768,0,0,0,0
suppressor_top20,corrupt,ablate,v5_qwen35_4b_238,237,15.8125,0.0014689731178805232,-6.0625,-6.521762847900391,20,0,-0.5625,-0.0001014551380649209,-0.0625,-0.06689262390136719,-17.558536529541016,0.7537593841552734,16.375,0.001570428255945444,18,0,22.375,21.875,21.875,1.375,19.125,-0.10227272727272728,0,0,0,0
suppressor_top20,corrupt,ablate,v5_qwen35_4b_247,246,15.8125,0.0017056247452273965,-5.9375,-6.372159957885742,18,0,-0.5625,-0.00011934188660234213,-0.0625,-0.06775474548339844,-17.62603759765625,0.7289180755615234,16.375,0.0018249666318297386,15,0,22.25,21.75,21.75,1.25,19.0625,-0.10465116279069768,0,0,0,0
suppressor_top20,corrupt,ablate,v5_qwen35_4b_257,256,16.875,0.007783669047057629,-4.5,-4.847955703735352,8,0,-0.625,-0.001058010384440422,-0.125,-0.12851905822753906,-15.97951602935791,0.8095827102661133,17.5,0.00884167943149805,5,0,21.875,21.375,21.75,1.25,19.625,-0.14705882352941177,0,0,0,0
suppressor_top20,corrupt,ablate,v5_qwen35_4b_291,290,16.875,0.007783669047057629,-4.5,-4.847955703735352,8,0,-0.625,-0.001058010384440422,-0.125,-0.12851905822753906,-15.97951602935791,0.8095827102661133,17.5,0.00884167943149805,5,0,21.875,21.375,21.75,1.25,19.625,-0.14705882352941177,0,0,0,0
suppressor_top20,corrupt,ablate,v5_qwen35_4b_005,4,15.0,0.0006903088069520891,-7.0,-7.277717590332031,31,0,-0.5,-3.992929123342037e-06,0.0,-0.00577545166015625,-17.62887954711914,0.7799072265625,15.5,0.0006943017360754311,29,0,22.5,22.0,22.25,1.875,18.875,-0.07407407407407407,0,0,0,0
suppressor_top20,corrupt,ablate,v5_qwen35_4b_013,12,15.0,0.0007031881832517684,-7.0,-7.259218215942383,31,0,-0.5625,2.7251895517110825e-05,0.0625,0.039546966552734375,-17.670001983642578,0.8164157867431641,15.5625,0.0006759362877346575,27,0,22.625,22.0,22.125,1.875,18.84375,-0.08571428571428572,0,0,0,0
suppressor_top20,corrupt,ablate,v5_qwen35_4b_026,25,15.875,0.0016873566200956702,-6.0,-6.382944107055664,18,0,-0.5,-0.0001325462944805622,-0.125,-0.07575607299804688,-17.67746353149414,0.697479248046875,16.375,0.0018199029145762324,17,0,22.25,21.875,22.125,1.875,19.25,-0.08695652173913043,0,0,0,0
suppressor_top20,corrupt,ablate,v5_qwen35_4b_041,40,15.8125,0.001702681533060968,-5.9375,-6.373891830444336,19,0,-0.5625,-0.00012769445311278105,-0.0625,-0.07245063781738281,-17.7724609375,0.6940765380859375,16.375,0.001830375986173749,19,0,22.25,21.75,22.25,1.875,19.3125,-0.09574468085106383,0,0,0,0
suppressor_top20,corrupt,ablate,v5_qwen35_4b_045,44,15.8125,0.001702681533060968,-5.9375,-6.373891830444336,19,0,-0.5625,-0.00012769445311278105,-0.0625,-0.07245063781738281,-17.7724609375,0.6940765380859375,16.375,0.001830375986173749,19,0,22.25,21.75,22.25,1.875,19.3125,-0.09574468085106383,0,0,0,0
suppressor_top20,corrupt,ablate,v5_qwen35_4b_049,48,15.875,0.0016873566200956702,-6.0,-6.382944107055664,18,0,-0.5,-0.0001325462944805622,-0.125,-0.07575607299804688,-17.67746353149414,0.697479248046875,16.375,0.0018199029145762324,17,0,22.25,21.875,22.125,1.875,19.25,-0.08695652173913043,0,0,0,0
suppressor_top20,corrupt,ablate,v5_qwen35_4b_117,116,15.875,0.0016873566200956702,-6.0,-6.382944107055664,18,0,-0.5,-0.0001325462944805622,-0.125,-0.07575607299804688,-17.67746353149414,0.697479248046875,16.375,0.0018199029145762324,17,0,22.25,21.875,22.625,2.25,19.5,-0.08,0,0,0,0
suppressor_top20,corrupt,ablate,v5_qwen35_4b_137,136,15.875,0.0016873566200956702,-6.0,-6.382944107055664,18,0,-0.5,-0.0001325462944805622,-0.125,-0.07575607299804688,-17.67746353149414,0.697479248046875,16.375,0.0018199029145762324,17,0,22.25,21.875,22.625,2.25,19.5,-0.08,0,0,0,0
suppressor_top20,corrupt,ablate,v5_qwen35_4b_141,140,15.8125,0.001702681533060968,-5.9375,-6.373891830444336,19,0,-0.5625,-0.00012769445311278105,-0.0625,-0.07245063781738281,-17.7724609375,0.6940765380859375,16.375,0.001830375986173749,19,0,22.25,21.75,22.625,2.25,19.5,-0.09,0,0,0,0
suppressor_top20,corrupt,ablate,v5_qwen35_4b_157,156,15.0,0.0007031881832517684,-7.0,-7.259218215942383,31,0,-0.5625,2.7251895517110825e-05,0.0625,0.039546966552734375,-17.670001983642578,0.8164157867431641,15.5625,0.0006759362877346575,27,0,22.625,22.0,22.625,2.25,19.09375,-0.07964601769911504,0,0,0,0
suppressor_top20,corrupt,ablate,v5_qwen35_4b_227,226,15.875,0.0016873566200956702,-6.0,-6.382944107055664,18,0,-0.5,-0.0001325462944805622,-0.125,-0.07575607299804688,-17.67746353149414,0.697479248046875,16.375,0.0018199029145762324,17,0,22.25,21.875,21.875,1.375,19.125,-0.09090909090909091,0,0,0,0
suppressor_top20,corrupt,ablate,v5_qwen35_4b_233,232,15.8125,0.001702681533060968,-5.9375,-6.373891830444336,19,0,-0.5625,-0.00012769445311278105,-0.0625,-0.07245063781738281,-17.7724609375,0.6940765380859375,16.375,0.001830375986173749,19,0,22.25,21.75,21.75,1.375,19.0625,-0.10465116279069768,0,0,0,0
suppressor_top20,corrupt,ablate,v5_qwen35_4b_235,234,15.875,0.0016873566200956702,-6.0,-6.382944107055664,18,0,-0.5,-0.0001325462944805622,-0.125,-0.07575607299804688,-17.67746353149414,0.697479248046875,16.375,0.0018199029145762324,17,0,22.25,21.875,21.875,1.375,19.125,-0.09090909090909091,0,0,0,0
suppressor_top20,corrupt,ablate,v5_qwen35_4b_248,247,15.875,0.0016873566200956702,-6.0,-6.382944107055664,18,0,-0.5,-0.0001325462944805622,-0.125,-0.07575607299804688,-17.67746353149414,0.697479248046875,16.375,0.0018199029145762324,17,0,22.25,21.875,21.875,1.375,19.125,-0.09090909090909091,0,0,0,0
suppressor_top20,corrupt,ablate,v5_qwen35_4b_250,249,15.875,0.0016873566200956702,-6.0,-6.382944107055664,18,0,-0.5,-0.0001325462944805622,-0.125,-0.07575607299804688,-17.67746353149414,0.697479248046875,16.375,0.0018199029145762324,17,0,22.25,21.875,21.875,1.375,19.125,-0.09090909090909091,0,0,0,0
suppressor_top20,corrupt,ablate,v5_qwen35_4b_261,260,17.0,0.009625855833292007,-4.25,-4.633678436279297,8,0,-0.625,-0.001243080012500286,-0.125,-0.12271499633789062,-15.815191268920898,0.7515678405761719,17.625,0.010868935845792294,6,0,21.75,21.25,21.75,1.375,19.6875,-0.15151515151515152,0,0,0,0
suppressor_top20,corrupt,ablate,v5_qwen35_4b_274,273,16.875,0.007799265906214714,-4.5,-4.845937728881836,10,0,-0.625,-0.0002618227154016495,0.0,-0.033290863037109375,-16.060407638549805,0.7877082824707031,17.5,0.008061088621616364,5,0,22.0,21.375,21.875,1.375,19.6875,-0.14285714285714285,0,0,0,0
suppressor_top20,corrupt,ablate,v5_qwen35_4b_298,297,16.875,0.007708885241299868,-4.5,-4.857690811157227,10,0,-0.625,-0.0010104845277965069,-0.125,-0.12419891357421875,-16.0877742767334,0.7810096740722656,17.5,0.008719369769096375,6,0,21.875,21.375,21.875,1.375,19.6875,-0.14285714285714285,0,0,0,0
suppressor_top20,corrupt,ablate,v5_qwen35_4b_202,201,19.75,0.08180150389671326,-2.0,-2.4181575775146484,3,0,-0.625,-0.012742370367050171,-0.125,-0.15874862670898438,-5.976565361022949,0.7860031127929688,20.375,0.09454387426376343,2,0,22.25,21.75,23.375,0.5,21.875,-0.20833333333333334,0,0,0,0
suppressor_top20,corrupt,ablate,v5_qwen35_4b_221,220,19.0,0.01688067987561226,-3.125,-4.064592361450195,6,0,-0.5,-0.0025301817804574966,-0.25,-0.1422443389892578,-3.5128304958343506,0.7761285305023193,19.5,0.019410861656069756,5,0,22.375,22.125,24.625,0.25,22.0625,-0.0975609756097561,0,0,0,0
suppressor_top20,corrupt,ablate,v5_qwen35_4b_051,50,18.625,0.02510259859263897,-2.875,-3.6594009399414062,5,0,-0.5,-0.002553023397922516,-0.125,-0.09948539733886719,-6.589357852935791,0.7306151390075684,19.125,0.027655621990561485,5,0,21.875,21.5,23.625,0.25,21.375,-0.1111111111111111,0,0,0,0
suppressor_top20,corrupt,ablate,v5_qwen35_4b_278,277,18.875,0.031276267021894455,-2.625,-3.4331588745117188,5,0,-0.5,-0.0037504471838474274,-0.125,-0.11713409423828125,-6.337959289550781,0.7526812553405762,19.375,0.03502671420574188,5,0,21.875,21.5,23.375,0.5,21.375,-0.125,0,0,0,0
suppressor_top20,corrupt,ablate,v5_qwen35_4b_062,61,19.0,0.034952312707901,-2.625,-3.3182315826416016,5,0,-0.5,-0.0017539151012897491,0.0,-0.05078697204589844,-6.488293170928955,0.7581915855407715,19.5,0.03670622780919075,5,0,22.125,21.625,23.75,0.375,21.625,-0.11764705882352941,0,0,0,0
suppressor_top20,corrupt,ablate,v5_qwen35_4b_068,67,19.0,0.034952312707901,-2.625,-3.3182315826416016,5,0,-0.5,-0.0017539151012897491,0.0,-0.05078697204589844,-6.488293170928955,0.7581915855407715,19.5,0.03670622780919075,5,0,22.125,21.625,23.75,0.375,21.625,-0.11764705882352941,0,0,0,0
suppressor_top20,corrupt,ablate,v5_qwen35_4b_209,208,18.875,0.030016062781214714,-2.75,-3.475584030151367,5,0,-0.625,-0.0065948572009801865,-0.125,-0.20544052124023438,-6.534472942352295,0.7465329170227051,19.5,0.0366109199821949,5,0,22.125,21.625,23.625,0.125,21.5625,-0.15151515151515152,0,0,0,0
suppressor_top20,corrupt,ablate,v5_qwen35_4b_220,219,18.875,0.030016062781214714,-2.75,-3.475584030151367,5,0,-0.625,-0.0065948572009801865,-0.125,-0.20544052124023438,-6.534472942352295,0.7465329170227051,19.5,0.0366109199821949,5,0,22.125,21.625,23.625,0.125,21.5625,-0.15151515151515152,0,0,0,0
suppressor_top20,corrupt,ablate,v5_qwen35_4b_225,224,18.875,0.030016062781214714,-2.75,-3.475584030151367,5,0,-0.625,-0.0065948572009801865,-0.125,-0.20544052124023438,-6.534472942352295,0.7465329170227051,19.5,0.0366109199821949,5,0,22.125,21.625,23.625,0.125,21.5625,-0.15151515151515152,0,0,0,0
suppressor_top20,corrupt,ablate,v5_qwen35_4b_300,299,19.125,0.03401503339409828,-2.625,-3.3463802337646484,5,0,-0.5,-0.0049298107624053955,-0.125,-0.14046478271484375,-6.43683385848999,0.7552852630615234,19.625,0.03894484415650368,5,0,22.125,21.75,23.375,0.5,21.5,-0.13333333333333333,0,0,0,0
suppressor_top20,corrupt,ablate,v5_qwen35_4b_293,292,19.0,0.02642163634300232,-3.0,-3.6068267822265625,4,0,-0.375,-0.0010205507278442383,0.0,-0.038951873779296875,-7.6174397468566895,0.6138806343078613,19.375,0.027442187070846558,4,0,22.375,22.0,24.75,3.5,22.0625,-0.06976744186046512,0,0,0,0
suppressor_top20,corrupt,ablate,v5_qwen35_4b_066,65,18.875,0.03022862784564495,-2.75,-3.4683094024658203,5,0,-0.5,-0.003595581278204918,-0.125,-0.11610794067382812,-7.040376663208008,0.7402176856994629,19.375,0.03382420912384987,5,0,22.0,21.625,23.75,0.5,21.5625,-0.11428571428571428,0,0,0,0
suppressor_top20,corrupt,ablate,v5_qwen35_4b_197,196,18.875,0.024929724633693695,-2.625,-3.6664962768554688,7,0,-0.5,-0.005052056163549423,-0.25,-0.1897296905517578,-5.686715602874756,0.719080924987793,19.375,0.02998178079724312,7,0,21.75,21.5,23.375,0.125,21.375,-0.125,0,0,0,0
suppressor_top20,corrupt,ablate,v5_qwen35_4b_074,73,19.0,0.02895248308777809,-2.875,-3.5127525329589844,5,0,-0.625,-0.008414026349782944,-0.25,-0.263824462890625,-6.658473968505859,0.7252259254455566,19.625,0.037366509437561035,5,0,22.25,21.875,24.125,0.625,21.875,-0.1388888888888889,0,0,0,0
suppressor_top20,corrupt,ablate,v5_qwen35_4b_189,188,18.625,0.012669687159359455,-3.5,-4.355836868286133,7,0,-0.5,-0.0020619025453925133,-0.125,-0.1528759002685547,-5.716866970062256,0.7043132781982422,19.125,0.014731589704751968,7,0,22.5,22.125,23.375,0.25,21.25,-0.11764705882352941,0,0,0,0
suppressor_top20,corrupt,ablate,v5_qwen35_4b_223,222,19.125,0.03860822319984436,-2.5,-3.2149524688720703,5,0,-0.5,-0.00374671071767807,-0.125,-0.096527099609375,-6.564692497253418,0.7427363395690918,19.625,0.04235493391752243,5,0,22.0,21.625,23.75,0.25,21.6875,-0.12121212121212122,0,0,0,0
suppressor_top20,corrupt,ablate,v5_qwen35_4b_266,265,19.0,0.03553320840001106,-2.5,-3.301145553588867,5,0,-0.5,-0.004422575235366821,-0.125,-0.12190437316894531,-6.500216484069824,0.7436180114746094,19.5,0.039955783635377884,5,0,21.875,21.5,23.625,0.75,21.5625,-0.12121212121212122,0,0,0,0
suppressor_top20,corrupt,ablate,v5_qwen35_4b_287,286,19.125,0.03860822319984436,-2.5,-3.2149524688720703,5,0,-0.5,-0.00374671071767807,-0.125,-0.096527099609375,-6.564692497253418,0.7427363395690918,19.625,0.04235493391752243,5,0,22.0,21.625,23.125,0.25,21.375,-0.14285714285714285,0,0,0,0
suppressor_top20,corrupt,ablate,v5_qwen35_4b_058,57,19.125,0.030062668025493622,-3.0,-3.473979949951172,5,0,-0.5,-0.00414358451962471,-0.125,-0.1334095001220703,-7.736612319946289,0.7235422134399414,19.625,0.03420625254511833,5,0,22.5,22.125,23.5,0.25,21.5625,-0.12903225806451613,0,0,0,0
suppressor_top20,corrupt,ablate,v5_qwen35_4b_060,59,19.0,0.03346268832683563,-2.625,-3.3633251190185547,5,0,-0.5,-0.0032716915011405945,-0.125,-0.09667778015136719,-6.409292221069336,0.7599291801452637,19.5,0.03673437982797623,5,0,22.0,21.625,24.0,0.5,21.75,-0.1111111111111111,0,0,0,0
suppressor_top20,corrupt,ablate,v5_qwen35_4b_201,200,19.125,0.03657884523272514,-2.625,-3.27105712890625,5,0,-0.5,-0.004317764192819595,-0.125,-0.1160736083984375,-6.6746907234191895,0.7434172630310059,19.625,0.04089660942554474,5,0,22.125,21.75,23.625,0.25,21.625,-0.125,0,0,0,0
suppressor_top20,corrupt,ablate,v5_qwen35_4b_217,216,19.0,0.03385302796959877,-2.625,-3.3513240814208984,5,0,-0.5,-0.0019386149942874908,0.0,-0.05769920349121094,-6.530861854553223,0.7399611473083496,19.5,0.03579164296388626,5,0,22.125,21.625,23.75,0.375,21.625,-0.11764705882352941,0,0,0,0
suppressor_top20,corrupt,ablate,v5_qwen35_4b_218,217,19.125,0.035201046615839005,-2.625,-3.310880661010742,5,0,-0.5,-0.002609170973300934,0.0,-0.07421875,-6.7360310554504395,0.7393460273742676,19.625,0.03781021758913994,5,0,22.25,21.75,23.625,0.25,21.625,-0.125,0,0,0,0
suppressor_top20,corrupt,ablate,v5_qwen35_4b_275,274,19.125,0.035201046615839005,-2.625,-3.310880661010742,5,0,-0.5,-0.002609170973300934,0.0,-0.07421875,-6.7360310554504395,0.7393460273742676,19.625,0.03781021758913994,5,0,22.25,21.75,23.25,0.375,21.4375,-0.13793103448275862,0,0,0,0
suppressor_top20,corrupt,ablate,v5_qwen35_4b_297,296,19.25,0.04219880327582359,-2.5,-3.122285842895508,5,0,-0.5,-0.0040878914296627045,-0.125,-0.09674644470214844,-6.639019966125488,0.788151741027832,19.75,0.0462866947054863,5,0,22.125,21.75,23.25,0.375,21.5,-0.14285714285714285,0,0,0,0
suppressor_top20,corrupt,ablate,v5_qwen35_4b_050,49,19.0,0.035700175911188126,-2.625,-3.296283721923828,5,0,-0.625,-0.006641518324613571,-0.125,-0.17753219604492188,-6.677591323852539,0.761197566986084,19.625,0.0423416942358017,5,0,22.125,21.625,23.875,0.625,21.75,-0.14705882352941177,0,0,0,0
suppressor_top20,corrupt,ablate,v5_qwen35_4b_063,62,19.0,0.035700175911188126,-2.625,-3.296283721923828,5,0,-0.625,-0.006641518324613571,-0.125,-0.17753219604492188,-6.677591323852539,0.761197566986084,19.625,0.0423416942358017,5,0,22.125,21.625,23.875,0.625,21.75,-0.14705882352941177,0,0,0,0
suppressor_top20,corrupt,ablate,v5_qwen35_4b_067,66,19.0,0.035700175911188126,-2.625,-3.296283721923828,5,0,-0.625,-0.006641518324613571,-0.125,-0.17753219604492188,-6.677591323852539,0.761197566986084,19.625,0.0423416942358017,5,0,22.125,21.625,23.875,0.625,21.75,-0.14705882352941177,0,0,0,0
suppressor_top20,corrupt,ablate,v5_qwen35_4b_075,74,19.0,0.035700175911188126,-2.625,-3.296283721923828,5,0,-0.625,-0.006641518324613571,-0.125,-0.17753219604492188,-6.677591323852539,0.761197566986084,19.625,0.0423416942358017,5,0,22.125,21.625,23.875,0.625,21.75,-0.14705882352941177,0,0,0,0
suppressor_top20,corrupt,ablate,v5_qwen35_4b_198,197,19.25,0.03670124709606171,-2.25,-3.267599105834961,5,0,-0.625,-0.011068902909755707,-0.25,-0.2751502990722656,-5.079056262969971,0.7194671630859375,19.875,0.04777015000581741,5,0,21.875,21.5,23.75,0.375,21.8125,-0.16129032258064516,0,0,0,0
suppressor_top20,corrupt,ablate,v5_qwen35_4b_219,218,19.125,0.0403173491358757,-2.5,-3.1698570251464844,5,0,-0.5,-0.0020636990666389465,0.0,-0.05207633972167969,-6.464032173156738,0.7655062675476074,19.625,0.04238104820251465,5,0,22.125,21.625,23.75,0.375,21.6875,-0.12121212121212122,0,0,0,0
suppressor_top20,corrupt,ablate,v5_qwen35_4b_253,252,19.125,0.0403173491358757,-2.5,-3.1698570251464844,5,0,-0.5,-0.0020636990666389465,0.0,-0.05207633972167969,-6.464032173156738,0.7655062675476074,19.625,0.04238104820251465,5,0,22.125,21.625,23.25,0.5,21.4375,-0.13793103448275862,0,0,0,0
suppressor_top20,corrupt,ablate,v5_qwen35_4b_200,199,19.25,0.04513491690158844,-2.25,-3.0519561767578125,5,0,-0.5,-0.002076428383588791,0.0,-0.047161102294921875,-5.3588643074035645,0.7765564918518066,19.75,0.04721134528517723,5,0,22.0,21.5,24.125,1.375,21.9375,-0.11428571428571428,0,0,0,0
suppressor_top20,corrupt,ablate,v5_qwen35_4b_031,30,18.75,0.020292110741138458,-3.125,-3.8770751953125,7,0,-0.5,-0.0025085527449846268,-0.125,-0.11912727355957031,-6.236316680908203,0.7248272895812988,19.25,0.022800663486123085,7,0,22.25,21.875,23.75,0.875,21.5,-0.1111111111111111,0,0,0,0
suppressor_top20,corrupt,ablate,v5_qwen35_4b_163,162,19.125,0.03417666256427765,-2.125,-3.3414993286132812,6,0,-0.625,-0.0061208270490169525,-0.25,-0.1711101531982422,-3.2382423877716064,0.7593920230865479,19.75,0.0402974896132946,6,0,21.625,21.25,23.5,0.625,21.625,-0.16666666666666666,0,0,0,0
suppressor_top20,corrupt,ablate,v5_qwen35_4b_184,183,19.375,0.04136313498020172,-2.0,-3.1431808471679688,5,0,-0.625,-0.009389881044626236,-0.25,-0.21442794799804688,-1.3817905187606812,0.7722822427749634,20.0,0.05075301602482796,5,0,21.75,21.375,23.375,0.25,21.6875,-0.18518518518518517,0,0,0,0
suppressor_top20,corrupt,ablate,v5_qwen35_4b_191,190,18.75,0.020292110741138458,-3.125,-3.8770751953125,7,0,-0.5,-0.0025085527449846268,-0.125,-0.11912727355957031,-6.236316680908203,0.7248272895812988,19.25,0.022800663486123085,7,0,22.25,21.875,23.5,0.625,21.375,-0.11764705882352941,0,0,0,0
suppressor_top20,corrupt,ablate,v5_qwen35_4b_192,191,18.75,0.020292110741138458,-3.125,-3.8770751953125,7,0,-0.5,-0.0025085527449846268,-0.125,-0.11912727355957031,-6.236316680908203,0.7248272895812988,19.25,0.022800663486123085,7,0,22.25,21.875,23.5,0.625,21.375,-0.11764705882352941,0,0,0,0
suppressor_top20,corrupt,ablate,v5_qwen35_4b_022,21,19.0,0.030183393508195877,-2.25,-3.469877243041992,6,0,-0.625,-0.006237499415874481,-0.25,-0.1943073272705078,-3.238356828689575,0.7541422843933105,19.625,0.03642089292407036,6,0,21.625,21.25,23.75,0.875,21.6875,-0.15151515151515152,0,0,0,0
suppressor_top20,corrupt,ablate,v5_qwen35_4b_034,33,18.875,0.019387036561965942,-3.125,-3.9236221313476562,8,0,-0.5,-0.0022369995713233948,-0.125,-0.11148643493652344,-5.610329627990723,0.7231717109680176,19.375,0.021624036133289337,7,0,22.375,22.0,23.25,0.375,21.3125,-0.12903225806451613,0,0,0,0
suppressor_top20,corrupt,ablate,v5_qwen35_4b_061,60,19.25,0.03254243731498718,-3.0,-3.392162322998047,4,0,-0.5,-0.0013679899275302887,0.0,-0.042598724365234375,-8.145828247070312,0.7069187164306641,19.75,0.03391042724251747,4,0,22.75,22.25,23.75,0.875,21.75,-0.125,0,0,0,0
suppressor_top20,corrupt,ablate,v5_qwen35_4b_069,68,19.375,0.0295565165579319,-3.125,-3.4914798736572266,5,0,-0.5,-0.00406913086771965,-0.125,-0.13319015502929688,-8.20848274230957,0.7302522659301758,19.875,0.03362564742565155,4,0,22.875,22.5,23.25,0.375,21.5625,-0.14814814814814814,0,0,0,0
suppressor_top20,corrupt,ablate,v5_qwen35_4b_162,161,19.0,0.030183393508195877,-2.25,-3.469877243041992,6,0,-0.625,-0.006237499415874481,-0.25,-0.1943073272705078,-3.238356828689575,0.7541422843933105,19.625,0.03642089292407036,6,0,21.625,21.25,23.625,0.75,21.625,-0.15625,0,0,0,0
suppressor_top20,corrupt,ablate,v5_qwen35_4b_165,164,19.0,0.024945735931396484,-2.5,-3.665843963623047,7,0,-0.625,-0.005693741142749786,-0.25,-0.21144866943359375,-3.1173715591430664,0.755577802658081,19.625,0.03063947707414627,7,0,21.875,21.5,23.375,0.375,21.5,-0.16666666666666666,0,0,0,0
suppressor_top20,corrupt,ablate,v5_qwen35_4b_176,175,19.0,0.030183393508195877,-2.25,-3.469877243041992,6,0,-0.625,-0.006237499415874481,-0.25,-0.1943073272705078,-3.238356828689575,0.7541422843933105,19.625,0.03642089292407036,6,0,21.625,21.25,23.625,0.75,21.625,-0.15625,0,0,0,0
suppressor_top20,corrupt,ablate,v5_qwen35_4b_177,176,19.0,0.030183393508195877,-2.25,-3.469877243041992,6,0,-0.625,-0.006237499415874481,-0.25,-0.1943073272705078,-3.238356828689575,0.7541422843933105,19.625,0.03642089292407036,6,0,21.625,21.25,23.625,0.75,21.625,-0.15625,0,0,0,0
suppressor_top20,corrupt,ablate,v5_qwen35_4b_211,210,19.125,0.02872316911816597,-3.125,-3.5209426879882812,4,0,-0.625,-0.005122758448123932,-0.125,-0.16940879821777344,-8.157238006591797,0.7156906127929688,19.75,0.0338459275662899,4,0,22.75,22.25,23.625,0.75,21.6875,-0.16129032258064516,0,0,0,0
suppressor_top20,corrupt,ablate,v5_qwen35_4b_246,245,18.75,0.02184458076953888,-3.0,-3.801769256591797,7,0,-0.625,-0.004313074052333832,-0.125,-0.1846141815185547,-6.1453328132629395,0.7190074920654297,19.375,0.02615765482187271,7,0,22.25,21.75,22.5,0.125,20.9375,-0.2,0,0,0,0
suppressor_top20,corrupt,ablate,v5_qwen35_4b_268,267,19.125,0.02872316911816597,-3.125,-3.5209426879882812,4,0,-0.625,-0.005122758448123932,-0.125,-0.16940879821777344,-8.157238006591797,0.7156906127929688,19.75,0.0338459275662899,4,0,22.75,22.25,22.5,0.125,21.125,-0.22727272727272727,0,0,0,0
suppressor_top20,corrupt,ablate,v5_qwen35_4b_032,31,19.0,0.02351311407983303,-2.875,-3.7264556884765625,7,0,-0.5,-0.0034030061215162277,-0.125,-0.13866615295410156,-4.970032215118408,0.706657886505127,19.5,0.02691612020134926,7,0,22.25,21.875,23.75,0.5,21.625,-0.11764705882352941,0,0,0,0
suppressor_top20,corrupt,ablate,v5_qwen35_4b_194,193,18.75,0.01864496059715748,-3.125,-3.963409423828125,8,0,-0.625,-0.005391478538513184,-0.25,-0.2595062255859375,-5.598197937011719,0.7118659019470215,19.375,0.024036439135670662,7,0,22.25,21.875,23.5,0.375,21.4375,-0.15151515151515152,0,0,0,0
suppressor_top20,corrupt,ablate,v5_qwen35_4b_195,194,19.0,0.02324865572154522,-2.625,-3.738027572631836,7,0,-0.375,0.0007964055985212326,0.0,0.03566551208496094,-5.174333572387695,0.7240214347839355,19.375,0.022452250123023987,7,0,22.0,21.625,23.625,0.25,21.5,-0.08823529411764706,0,0,0,0
suppressor_top20,corrupt,ablate,v5_qwen35_4b_019,18,18.625,0.016012322157621384,-3.0,-4.118307113647461,7,0,-0.625,-0.003991689532995224,-0.25,-0.2266407012939453,-3.091013193130493,0.7553975582122803,19.25,0.020004011690616608,7,0,22.0,21.625,23.25,0.375,21.25,-0.15625,0,0,0,0
suppressor_top20,corrupt,ablate,v5_qwen35_4b_056,55,18.875,0.01765301078557968,-3.625,-4.019069671630859,6,0,-0.375,-0.00017238594591617584,0.0,-0.00989532470703125,-8.12881851196289,0.7035436630249023,19.25,0.017825396731495857,6,0,22.875,22.5,24.25,0.875,21.75,-0.075,0,0,0,0
suppressor_top20,corrupt,ablate,v5_qwen35_4b_057,56,18.875,0.01890232414007187,-3.5,-3.9494190216064453,6,0,-0.5,-0.0008206311613321304,0.0,-0.043338775634765625,-8.064360618591309,0.7202367782592773,19.375,0.019722955301404,6,0,22.875,22.375,24.0,0.625,21.6875,-0.10810810810810811,0,0,0,0
suppressor_top20,corrupt,ablate,v5_qwen35_4b_190,189,18.875,0.02177358604967594,-2.875,-3.805093765258789,7,0,-0.5,-0.003070831298828125,-0.125,-0.1350860595703125,-4.607729434967041,0.7259249687194824,19.375,0.024844417348504066,7,0,22.125,21.75,24.25,0.875,21.8125,-0.10256410256410256,0,0,0,0
suppressor_top20,corrupt,ablate,v5_qwen35_4b_199,198,18.875,0.019740937277674675,-3.0,-3.905170440673828,7,0,-0.5,-0.0028715860098600388,-0.125,-0.1387481689453125,-4.953783988952637,0.733314037322998,19.375,0.022612523287534714,7,0,22.25,21.875,24.0,0.5,21.6875,-0.10810810810810811,0,0,0,0
suppressor_top20,corrupt,ablate,v5_qwen35_4b_240,239,18.875,0.02177358604967594,-2.875,-3.805093765258789,7,0,-0.5,-0.003070831298828125,-0.125,-0.1350860595703125,-4.607729434967041,0.7259249687194824,19.375,0.024844417348504066,7,0,22.125,21.75,23.75,0.875,21.5625,-0.11428571428571428,0,0,0,0
suppressor_top20,corrupt,ablate,v5_qwen35_4b_279,278,18.875,0.017826061695814133,-3.625,-4.009138107299805,6,0,-0.375,2.7330592274665833e-05,0.0,0.001560211181640625,-8.113471031188965,0.6649169921875,19.25,0.017798731103539467,6,0,22.875,22.5,23.625,0.625,21.4375,-0.08571428571428572,0,0,0,0
suppressor_top20,corrupt,ablate,v5_qwen35_4b_173,172,18.625,0.015969498082995415,-3.0,-4.121028900146484,7,0,-0.625,-0.0035063624382019043,-0.25,-0.20206642150878906,-3.1463656425476074,0.7482874393463135,19.25,0.01947586052119732,7,0,22.0,21.625,23.5,0.375,21.375,-0.14705882352941177,0,0,0,0
suppressor_top20,corrupt,ablate,v5_qwen35_4b_193,192,18.875,0.024018587544560432,-2.625,-3.7046585083007812,6,0,-0.5,-0.004789670929312706,-0.125,-0.18675613403320312,-3.57685923576355,0.7059576511383057,19.375,0.02880825847387314,6,0,21.875,21.5,24.25,0.875,21.8125,-0.10256410256410256,0,0,0,0
suppressor_top20,corrupt,ablate,v5_qwen35_4b_196,195,19.25,0.031385183334350586,-2.375,-3.429576873779297,5,0,-0.5,-0.005111899226903915,-0.125,-0.15619277954101562,-4.828126907348633,0.7243466377258301,19.75,0.0364970825612545,5,0,22.0,21.625,23.625,0.25,21.6875,-0.12903225806451613,0,0,0,0
suppressor_top20,corrupt,ablate,v5_qwen35_4b_207,206,19.125,0.022218674421310425,-3.375,-3.7843856811523438,5,0,-0.625,-0.004180900752544403,-0.125,-0.17670822143554688,-8.215819358825684,0.6853723526000977,19.75,0.026399575173854828,5,0,23.0,22.5,23.375,0.375,21.5625,-0.1724137931034483,0,0,0,0
suppressor_top20,corrupt,ablate,v5_qwen35_4b_210,209,19.0,0.02549470029771328,-3.0,-3.643491744995117,5,0,-0.5,-0.0038398485630750656,-0.125,-0.14424705505371094,-7.213906288146973,0.7641744613647461,19.5,0.029334548860788345,5,0,22.375,22.0,23.625,0.125,21.5625,-0.12121212121212122,0,0,0,0
suppressor_top20,corrupt,ablate,v5_qwen35_4b_071,70,19.0,0.020564163103699684,-3.25,-3.8634567260742188,5,0,-0.375,-0.005155207589268684,-0.25,-0.2289752960205078,-7.690978050231934,0.50677490234375,19.375,0.02571937069296837,5,0,22.375,22.25,23.5,1.25,21.4375,-0.09090909090909091,0,0,0,0
suppressor_top20,corrupt,ablate,v5_qwen35_4b_170,169,18.25,0.018085697665810585,-2.875,-3.994443893432617,7,0,-0.625,-0.0032406002283096313,-0.25,-0.16813278198242188,-1.34916090965271,0.8207833766937256,18.875,0.021326297894120216,7,0,21.5,21.125,23.375,0.75,21.125,-0.1388888888888889,0,0,0,0
suppressor_top20,corrupt,ablate,v5_qwen35_4b_178,177,19.125,0.03833519294857979,-2.0,-3.2223587036132812,5,0,-0.75,-0.01674525812268257,-0.5,-0.3800010681152344,-2.490955352783203,0.790583610534668,19.875,0.05508045107126236,5,0,21.375,21.125,23.625,0.625,21.75,-0.2,0,0,0,0
suppressor_top20,corrupt,ablate,v5_qwen35_4b_175,174,18.375,0.01540434081107378,-3.125,-4.1576385498046875,7,0,-0.625,-0.003243851475417614,-0.25,-0.19440650939941406,-1.6741206645965576,0.81856369972229,19.0,0.018648192286491394,7,0,21.875,21.5,22.875,0.0,20.9375,-0.16129032258064516,0,0,0,0
suppressor_top20,corrupt,ablate,v5_qwen35_4b_171,170,19.125,0.04055982083082199,-1.875,-3.16363525390625,5,0,-0.75,-0.014967832714319229,-0.5,-0.329833984375,-2.070955514907837,0.7976405620574951,19.875,0.05552765354514122,5,0,21.25,21.0,24.125,1.0,22.0,-0.17647058823529413,0,0,0,0
suppressor_top20,corrupt,ablate,v5_qwen35_4b_009,8,18.375,0.01561057474464178,-3.125,-4.144126892089844,7,0,-0.625,-0.001915513537824154,-0.125,-0.11769866943359375,-1.947064995765686,0.8469332456588745,19.0,0.017526088282465935,7,0,22.0,21.5,23.625,0.5,21.3125,-0.13513513513513514,0,0,0,0
suppressor_top20,corrupt,ablate,v5_qwen35_4b_052,51,19.625,0.034135714173316956,-3.0,-3.3427066802978516,4,0,-0.625,-0.009662516415119171,-0.25,-0.2593059539794922,-7.241610050201416,0.7629046440124512,20.25,0.04379823058843613,3,0,23.0,22.625,23.75,0.875,22.0,-0.17857142857142858,0,0,0,0
suppressor_top20,corrupt,ablate,v5_qwen35_4b_076,75,15.4375,0.0005437994841486216,-7.1875,-7.516414642333984,31,0,-0.4375,4.9883092287927866e-05,0.0625,0.09626007080078125,-11.936150550842285,0.8703517913818359,15.875,0.0004939163918606937,29,0,23.125,22.625,21.25,0.375,18.5625,-0.08139534883720931,0,0,0,0
suppressor_top20,corrupt,ablate,v5_qwen35_4b_077,76,15.4375,0.0005437994841486216,-7.1875,-7.516414642333984,31,0,-0.4375,4.9883092287927866e-05,0.0625,0.09626007080078125,-11.936150550842285,0.8703517913818359,15.875,0.0004939163918606937,29,0,23.125,22.625,21.25,0.375,18.5625,-0.08139534883720931,0,0,0,0
suppressor_top20,corrupt,ablate,v5_qwen35_4b_078,77,15.4375,0.0005437994841486216,-7.1875,-7.516414642333984,31,0,-0.4375,4.9883092287927866e-05,0.0625,0.09626007080078125,-11.936150550842285,0.8703517913818359,15.875,0.0004939163918606937,29,0,23.125,22.625,21.25,0.375,18.5625,-0.08139534883720931,0,0,0,0
suppressor_top20,corrupt,ablate,v5_qwen35_4b_079,78,15.4375,0.0005437994841486216,-7.1875,-7.516414642333984,31,0,-0.4375,4.9883092287927866e-05,0.0625,0.09626007080078125,-11.936150550842285,0.8703517913818359,15.875,0.0004939163918606937,29,0,23.125,22.625,21.25,0.375,18.5625,-0.08139534883720931,0,0,0,0
suppressor_top20,corrupt,ablate,v5_qwen35_4b_080,79,15.4375,0.0005437994841486216,-7.1875,-7.516414642333984,31,0,-0.4375,4.9883092287927866e-05,0.0625,0.09626007080078125,-11.936150550842285,0.8703517913818359,15.875,0.0004939163918606937,29,0,23.125,22.625,21.25,0.375,18.5625,-0.08139534883720931,0,0,0,0
suppressor_top20,corrupt,ablate,v5_qwen35_4b_081,80,15.4375,0.0005437994841486216,-7.1875,-7.516414642333984,31,0,-0.4375,4.9883092287927866e-05,0.0625,0.09626007080078125,-11.936150550842285,0.8703517913818359,15.875,0.0004939163918606937,29,0,23.125,22.625,21.25,0.375,18.5625,-0.08139534883720931,0,0,0,0
suppressor_top20,corrupt,ablate,v5_qwen35_4b_082,81,15.4375,0.0005437994841486216,-7.1875,-7.516414642333984,31,0,-0.4375,4.9883092287927866e-05,0.0625,0.09626007080078125,-11.936150550842285,0.8703517913818359,15.875,0.0004939163918606937,29,0,23.125,22.625,21.25,0.375,18.5625,-0.08139534883720931,0,0,0,0
suppressor_top20,corrupt,ablate,v5_qwen35_4b_083,82,15.4375,0.0005926573649048805,-7.0625,-7.430332183837891,31,0,-0.5,0.00010465944069437683,0.25,0.19440269470214844,-11.935190200805664,0.8566808700561523,15.9375,0.0004879979242105037,29,0,23.25,22.5,21.25,0.375,18.59375,-0.09411764705882353,0,0,0,0
suppressor_top20,corrupt,ablate,v5_qwen35_4b_084,83,15.4375,0.0005926573649048805,-7.0625,-7.430332183837891,31,0,-0.5,0.00010465944069437683,0.25,0.19440269470214844,-11.935190200805664,0.8566808700561523,15.9375,0.0004879979242105037,29,0,23.25,22.5,21.25,0.375,18.59375,-0.09411764705882353,0,0,0,0
suppressor_top20,corrupt,ablate,v5_qwen35_4b_087,86,15.4375,0.0005926573649048805,-7.0625,-7.430332183837891,31,0,-0.5,0.00010465944069437683,0.25,0.19440269470214844,-11.935190200805664,0.8566808700561523,15.9375,0.0004879979242105037,29,0,23.25,22.5,21.25,0.375,18.59375,-0.09411764705882353,0,0,0,0
suppressor_top20,corrupt,ablate,v5_qwen35_4b_088,87,15.4375,0.0005926573649048805,-7.0625,-7.430332183837891,31,0,-0.5,0.00010465944069437683,0.25,0.19440269470214844,-11.935190200805664,0.8566808700561523,15.9375,0.0004879979242105037,29,0,23.25,22.5,21.25,0.375,18.59375,-0.09411764705882353,0,0,0,0
suppressor_top20,corrupt,ablate,v5_qwen35_4b_089,88,15.4375,0.0005926573649048805,-7.0625,-7.430332183837891,31,0,-0.5,0.00010465944069437683,0.25,0.19440269470214844,-11.935190200805664,0.8566808700561523,15.9375,0.0004879979242105037,29,0,23.25,22.5,21.25,0.375,18.59375,-0.09411764705882353,0,0,0,0
suppressor_top20,corrupt,ablate,v5_qwen35_4b_090,89,15.4375,0.0005926573649048805,-7.0625,-7.430332183837891,31,0,-0.5,0.00010465944069437683,0.25,0.19440269470214844,-11.935190200805664,0.8566808700561523,15.9375,0.0004879979242105037,29,0,23.25,22.5,21.25,0.375,18.59375,-0.09411764705882353,0,0,0,0
suppressor_top20,corrupt,ablate,v5_qwen35_4b_091,90,15.4375,0.0005926573649048805,-7.0625,-7.430332183837891,31,0,-0.5,0.00010465944069437683,0.25,0.19440269470214844,-11.935190200805664,0.8566808700561523,15.9375,0.0004879979242105037,29,0,23.25,22.5,21.25,0.375,18.59375,-0.09411764705882353,0,0,0,0
suppressor_top20,corrupt,ablate,v5_qwen35_4b_092,91,15.4375,0.0005926573649048805,-7.0625,-7.430332183837891,31,0,-0.5,0.00010465944069437683,0.25,0.19440269470214844,-11.935190200805664,0.8566808700561523,15.9375,0.0004879979242105037,29,0,23.25,22.5,21.25,0.375,18.59375,-0.09411764705882353,0,0,0,0
suppressor_top20,corrupt,ablate,v5_qwen35_4b_093,92,15.4375,0.0005926573649048805,-7.0625,-7.430332183837891,31,0,-0.5,0.00010465944069437683,0.25,0.19440269470214844,-11.935190200805664,0.8566808700561523,15.9375,0.0004879979242105037,29,0,23.25,22.5,21.25,0.375,18.59375,-0.09411764705882353,0,0,0,0
suppressor_top20,corrupt,ablate,v5_qwen35_4b_094,93,15.4375,0.0005926573649048805,-7.0625,-7.430332183837891,31,0,-0.5,0.00010465944069437683,0.25,0.19440269470214844,-11.935190200805664,0.8566808700561523,15.9375,0.0004879979242105037,29,0,23.25,22.5,21.25,0.375,18.59375,-0.09411764705882353,0,0,0,0
suppressor_top20,corrupt,ablate,v5_qwen35_4b_095,94,15.4375,0.0005926573649048805,-7.0625,-7.430332183837891,31,0,-0.5,0.00010465944069437683,0.25,0.19440269470214844,-11.935190200805664,0.8566808700561523,15.9375,0.0004879979242105037,29,0,23.25,22.5,21.25,0.375,18.59375,-0.09411764705882353,0,0,0,0
suppressor_top20,corrupt,ablate,v5_qwen35_4b_096,95,15.4375,0.0005926573649048805,-7.0625,-7.430332183837891,31,0,-0.5,0.00010465944069437683,0.25,0.19440269470214844,-11.935190200805664,0.8566808700561523,15.9375,0.0004879979242105037,29,0,23.25,22.5,21.25,0.375,18.59375,-0.09411764705882353,0,0,0,0
suppressor_top20,corrupt,ablate,v5_qwen35_4b_097,96,15.4375,0.0005926573649048805,-7.0625,-7.430332183837891,31,0,-0.5,0.00010465944069437683,0.25,0.19440269470214844,-11.935190200805664,0.8566808700561523,15.9375,0.0004879979242105037,29,0,23.25,22.5,21.25,0.375,18.59375,-0.09411764705882353,0,0,0,0
suppressor_top20,corrupt,ablate,v5_qwen35_4b_099,98,15.4375,0.0005926573649048805,-7.0625,-7.430332183837891,31,0,-0.5,0.00010465944069437683,0.25,0.19440269470214844,-11.935190200805664,0.8566808700561523,15.9375,0.0004879979242105037,29,0,23.25,22.5,21.25,0.375,18.59375,-0.09411764705882353,0,0,0,0
suppressor_top20,corrupt,ablate,v5_qwen35_4b_100,99,15.4375,0.0005926573649048805,-7.0625,-7.430332183837891,31,0,-0.5,0.00010465944069437683,0.25,0.19440269470214844,-11.935190200805664,0.8566808700561523,15.9375,0.0004879979242105037,29,0,23.25,22.5,21.25,0.375,18.59375,-0.09411764705882353,0,0,0,0
suppressor_top20,corrupt,ablate,v5_qwen35_4b_101,100,15.4375,0.0005926573649048805,-7.0625,-7.430332183837891,31,0,-0.5,0.00010465944069437683,0.25,0.19440269470214844,-11.935190200805664,0.8566808700561523,15.9375,0.0004879979242105037,29,0,23.25,22.5,21.25,0.375,18.59375,-0.09411764705882353,0,0,0,0
suppressor_top20,corrupt,ablate,v5_qwen35_4b_102,101,15.4375,0.0005926573649048805,-7.0625,-7.430332183837891,31,0,-0.5,0.00010465944069437683,0.25,0.19440269470214844,-11.935190200805664,0.8566808700561523,15.9375,0.0004879979242105037,29,0,23.25,22.5,21.25,0.375,18.59375,-0.09411764705882353,0,0,0,0
suppressor_top20,corrupt,ablate,v5_qwen35_4b_103,102,15.4375,0.0005926573649048805,-7.0625,-7.430332183837891,31,0,-0.5,0.00010465944069437683,0.25,0.19440269470214844,-11.935190200805664,0.8566808700561523,15.9375,0.0004879979242105037,29,0,23.25,22.5,21.25,0.375,18.59375,-0.09411764705882353,0,0,0,0
suppressor_top20,corrupt,ablate,v5_qwen35_4b_104,103,15.4375,0.0005926573649048805,-7.0625,-7.430332183837891,31,0,-0.5,0.00010465944069437683,0.25,0.19440269470214844,-11.935190200805664,0.8566808700561523,15.9375,0.0004879979242105037,29,0,23.25,22.5,21.25,0.375,18.59375,-0.09411764705882353,0,0,0,0
suppressor_top20,corrupt,ablate,v5_qwen35_4b_105,104,15.4375,0.0005926573649048805,-7.0625,-7.430332183837891,31,0,-0.5,0.00010465944069437683,0.25,0.19440269470214844,-11.935190200805664,0.8566808700561523,15.9375,0.0004879979242105037,29,0,23.25,22.5,21.25,0.375,18.59375,-0.09411764705882353,0,0,0,0
suppressor_top20,corrupt,ablate,v5_qwen35_4b_106,105,15.4375,0.0005926573649048805,-7.0625,-7.430332183837891,31,0,-0.5,0.00010465944069437683,0.25,0.19440269470214844,-11.935190200805664,0.8566808700561523,15.9375,0.0004879979242105037,29,0,23.25,22.5,21.25,0.375,18.59375,-0.09411764705882353,0,0,0,0
suppressor_top20,corrupt,ablate,v5_qwen35_4b_107,106,15.4375,0.0005926573649048805,-7.0625,-7.430332183837891,31,0,-0.5,0.00010465944069437683,0.25,0.19440269470214844,-11.935190200805664,0.8566808700561523,15.9375,0.0004879979242105037,29,0,23.25,22.5,21.25,0.375,18.59375,-0.09411764705882353,0,0,0,0
suppressor_top20,corrupt,ablate,v5_qwen35_4b_108,107,15.4375,0.0005926573649048805,-7.0625,-7.430332183837891,31,0,-0.5,0.00010465944069437683,0.25,0.19440269470214844,-11.935190200805664,0.8566808700561523,15.9375,0.0004879979242105037,29,0,23.25,22.5,21.25,0.375,18.59375,-0.09411764705882353,0,0,0,0
suppressor_top20,corrupt,ablate,v5_qwen35_4b_109,108,15.4375,0.0005926573649048805,-7.0625,-7.430332183837891,31,0,-0.5,0.00010465944069437683,0.25,0.19440269470214844,-11.935190200805664,0.8566808700561523,15.9375,0.0004879979242105037,29,0,23.25,22.5,21.25,0.375,18.59375,-0.09411764705882353,0,0,0,0
suppressor_top20,corrupt,ablate,v5_qwen35_4b_110,109,15.4375,0.0005926573649048805,-7.0625,-7.430332183837891,31,0,-0.5,0.00010465944069437683,0.25,0.19440269470214844,-11.935190200805664,0.8566808700561523,15.9375,0.0004879979242105037,29,0,23.25,22.5,21.25,0.375,18.59375,-0.09411764705882353,0,0,0,0
suppressor_top20,corrupt,ablate,v5_qwen35_4b_111,110,15.4375,0.0005926573649048805,-7.0625,-7.430332183837891,31,0,-0.5,0.00010465944069437683,0.25,0.19440269470214844,-11.935190200805664,0.8566808700561523,15.9375,0.0004879979242105037,29,0,23.25,22.5,21.25,0.375,18.59375,-0.09411764705882353,0,0,0,0
suppressor_top20,corrupt,ablate,v5_qwen35_4b_112,111,15.4375,0.0005926573649048805,-7.0625,-7.430332183837891,31,0,-0.5,0.00010465944069437683,0.25,0.19440269470214844,-11.935190200805664,0.8566808700561523,15.9375,0.0004879979242105037,29,0,23.25,22.5,21.25,0.375,18.59375,-0.09411764705882353,0,0,0,0
suppressor_top20,corrupt,ablate,v5_qwen35_4b_116,115,16.125,0.0010837959125638008,-6.375,-6.826229095458984,15,0,-0.5,0.00011195434490218759,0.125,0.10913848876953125,-14.667617797851562,0.7943849563598633,16.625,0.0009718415676616132,16,0,23.125,22.5,21.25,0.375,18.9375,-0.10810810810810811,0,0,0,0
suppressor_top20,corrupt,ablate,v5_qwen35_4b_129,128,16.125,0.0010837959125638008,-6.375,-6.826229095458984,15,0,-0.5,0.00011195434490218759,0.125,0.10913848876953125,-14.667617797851562,0.7943849563598633,16.625,0.0009718415676616132,16,0,23.125,22.5,21.25,0.375,18.9375,-0.10810810810810811,0,0,0,0
suppressor_top20,corrupt,ablate,v5_qwen35_4b_132,131,16.125,0.0010837959125638008,-6.375,-6.826229095458984,15,0,-0.5,0.00011195434490218759,0.125,0.10913848876953125,-14.667617797851562,0.7943849563598633,16.625,0.0009718415676616132,16,0,23.125,22.5,21.25,0.375,18.9375,-0.10810810810810811,0,0,0,0
suppressor_top20,corrupt,ablate,v5_qwen35_4b_138,137,16.125,0.0010837959125638008,-6.375,-6.826229095458984,15,0,-0.5,0.00011195434490218759,0.125,0.10913848876953125,-14.667617797851562,0.7943849563598633,16.625,0.0009718415676616132,16,0,23.125,22.5,21.25,0.375,18.9375,-0.10810810810810811,0,0,0,0
suppressor_top20,corrupt,ablate,v5_qwen35_4b_143,142,16.125,0.0010837959125638008,-6.375,-6.826229095458984,15,0,-0.5,0.00011195434490218759,0.125,0.10913848876953125,-14.667617797851562,0.7943849563598633,16.625,0.0009718415676616132,16,0,23.125,22.5,21.25,0.375,18.9375,-0.10810810810810811,0,0,0,0
suppressor_top20,corrupt,ablate,v5_qwen35_4b_029,28,17.0,0.007412046194076538,-3.875,-4.897260665893555,10,0,-0.5,-0.0016574058681726456,-0.25,-0.20348167419433594,-6.075754165649414,0.5584096908569336,17.5,0.009069452062249184,8,0,21.125,20.875,21.75,0.875,19.625,-0.11764705882352941,0,0,0,0
suppressor_top20,corrupt,ablate,v5_qwen35_4b_086,85,15.25,0.0004482319636736065,-7.375,-7.709779739379883,31,0,-0.5,1.5767174772918224e-05,0.0,0.03582191467285156,-11.728428840637207,0.8802175521850586,15.75,0.0004324647889006883,30,0,23.125,22.625,21.5,0.625,18.625,-0.08695652173913043,0,0,0,0
suppressor_top20,corrupt,ablate,v5_qwen35_4b_258,257,19.75,0.052311886101961136,-2.375,-2.896831512451172,4,0,-0.375,-0.008620429784059525,-0.125,-0.16168212890625,-6.871898174285889,0.5612835884094238,20.125,0.06093231588602066,4,0,22.375,22.125,26.25,3.25,23.1875,-0.061224489795918366,0,0,0,0
suppressor_top20,corrupt,ablate,v5_qwen35_4b_252,251,19.75,0.0715666338801384,-1.75,-2.5629310607910156,4,0,-0.5,-0.015557073056697845,-0.25,-0.21360206604003906,-1.7754634618759155,0.7350612878799438,20.25,0.08712370693683624,3,0,21.75,21.5,24.375,2.125,22.3125,-0.12121212121212122,0,0,0,0
suppressor_top20,corrupt,ablate,v5_qwen35_4b_006,5,16.875,0.005563533399254084,-4.375,-5.185998916625977,11,0,-0.625,-0.001163514330983162,-0.125,-0.19108009338378906,-2.746619939804077,0.6756529808044434,17.5,0.0067270477302372456,11,0,21.75,21.25,24.75,2.75,21.125,-0.08620689655172414,0,0,0,0
suppressor_top20,corrupt,ablate,v5_qwen35_4b_004,3,15.5625,0.0006220859359018505,-6.6875,-7.3818511962890625,28,0,-0.6875,-0.00026936124777421355,-0.3125,-0.36004066467285156,-0.9166527986526489,0.796993613243103,16.25,0.000891447183676064,23,0,22.625,22.25,25.875,2.25,21.0625,-0.07142857142857142,0,0,0,0
suppressor_top20,corrupt,ablate,v5_qwen35_4b_154,153,14.5625,0.0003651769948191941,-6.3125,-7.914815902709961,40,0,-0.75,-0.00017004524124786258,-0.25,-0.3824748992919922,-0.06089473515748978,0.7445872947573662,15.3125,0.0005352222360670567,36,0,21.375,20.875,26.25,3.0,20.78125,-0.06857142857142857,0,0,0,0
suppressor_top20,corrupt,ablate,v5_qwen35_4b_119,118,18.25,0.004943701438605785,-4.625,-5.304706573486328,8,0,-0.375,-0.0007876795716583729,-0.125,-0.1486358642578125,-6.741179466247559,0.616694450378418,18.625,0.005731381010264158,7,0,23.125,22.875,26.875,4.0,22.75,-0.045454545454545456,0,0,0,0
suppressor_top20,corrupt,ablate,v5_qwen35_4b_010,9,15.5625,0.0010047913528978825,-5.8125,-6.9020233154296875,24,0,-0.5625,-1.7860671505331993e-05,-0.0625,-0.017642974853515625,-5.194535732269287,0.857658863067627,16.125,0.0010226520244032145,26,0,21.875,21.375,21.5,0.125,18.8125,-0.10465116279069768,0,0,0,0
suppressor_top20,corrupt,ablate,v5_qwen35_4b_151,150,15.1875,0.0007947228732518852,-6.4375,-7.136770248413086,30,0,-0.5,-0.00013263389701023698,-0.125,-0.1544818878173828,-4.052423477172852,0.8289871215820312,15.6875,0.0009273567702621222,26,0,22.0,21.625,27.75,5.625,21.71875,-0.04145077720207254,0,0,0,0
suppressor_top20,corrupt,ablate,v5_qwen35_4b_289,288,19.125,0.01895442232489586,-3.375,-3.946603775024414,5,0,-0.125,0.0017220452427864075,0.125,0.09699821472167969,-8.260733604431152,0.5181770324707031,19.25,0.01723237708210945,5,0,22.75,22.5,27.375,4.25,23.3125,-0.015384615384615385,0,0,0,0
suppressor_top20,corrupt,ablate,v5_qwen35_4b_244,243,18.125,0.039940886199474335,-2.0,-3.1796646118164062,8,0,-0.625,-0.020994313061237335,-0.375,-0.44452476501464844,0.5144319534301758,0.736936092376709,18.75,0.06093519926071167,6,0,20.375,20.125,25.125,2.75,21.9375,-0.09803921568627451,0,0,0,0
driver_top20,clean,ablate,v5_qwen35_4b_285,284,23.125,0.8708707690238953,3.625,1.9085979461669922,1,1,0.0,0.002842843532562256,0.0,0.025045394897460938,6.277153491973877,-0.0636758804321289,23.125,0.868027925491333,1,1,19.5,19.5,19.25,-2.625,21.1875,-0.0,0,0,0,0
driver_top20,clean,ablate,v5_qwen35_4b_016,15,21.25,0.5048734545707703,0.625,0.0194244384765625,1,1,-0.125,-0.027887344360351562,-0.125,-0.11173248291015625,4.7524094581604,-0.05405473709106445,21.375,0.5327607989311218,1,1,20.625,20.625,15.0625,-7.1875,18.21875,0.019801980198019802,0,0,0,0
driver_top20,clean,ablate,v5_qwen35_4b_036,35,21.25,0.5048734545707703,0.625,0.0194244384765625,1,1,-0.125,-0.027887344360351562,-0.125,-0.11173248291015625,4.7524094581604,-0.05405473709106445,21.375,0.5327607989311218,1,1,20.625,20.625,15.6875,-6.3125,18.53125,0.02197802197802198,0,0,0,0
driver_top20,clean,ablate,v5_qwen35_4b_085,84,21.875,0.5985965728759766,1.0,0.3995685577392578,1,1,0.0,0.010470986366271973,0.0,0.04339790344238281,3.5235769748687744,-0.012422800064086914,21.875,0.5881255865097046,1,1,20.875,20.875,15.0,-7.875,18.4375,-0.0,0,0,0,0
driver_top20,clean,ablate,v5_qwen35_4b_133,132,21.875,0.6480177044868469,1.125,0.6102790832519531,1,1,-0.125,-0.010048925876617432,0.0,-0.04435157775878906,6.541632652282715,-0.09294319152832031,22.0,0.6580666303634644,1,1,20.875,20.75,15.6875,-6.3125,18.84375,0.019801980198019802,0,0,0,0
driver_top20,clean,ablate,v5_qwen35_4b_147,146,21.875,0.6480177044868469,1.125,0.6102790832519531,1,1,-0.125,-0.010048925876617432,0.0,-0.04435157775878906,6.541632652282715,-0.09294319152832031,22.0,0.6580666303634644,1,1,20.875,20.75,15.6875,-6.3125,18.84375,0.019801980198019802,0,0,0,0
driver_top20,clean,ablate,v5_qwen35_4b_260,259,22.0,0.6071400046348572,1.0,0.4352455139160156,1,1,0.0,-1.1920928955078125e-06,0.0,-3.814697265625e-06,4.671894550323486,-0.056148529052734375,22.0,0.6071411967277527,1,1,21.0,21.0,17.125,-4.5,19.5625,-0.0,0,0,0,0
driver_top20,clean,ablate,v5_qwen35_4b_263,262,21.625,0.5000734925270081,0.625,0.000240325927734375,1,1,0.0,0.001322418451309204,0.0,0.005290985107421875,2.394038200378418,-0.02553725242614746,21.625,0.49875107407569885,1,1,21.0,21.0,16.625,-5.5,19.125,-0.0,0,0,0,0
driver_top20,clean,ablate,v5_qwen35_4b_296,295,22.0,0.6026738286018372,1.0,0.41655731201171875,1,1,0.0,-7.69495964050293e-05,0.0,-0.0003204345703125,4.734925270080566,-0.0838627815246582,22.0,0.6027507781982422,1,1,21.0,21.0,17.25,-4.375,19.625,-0.0,0,0,0,0
driver_top20,clean,ablate,v5_qwen35_4b_040,39,22.625,0.8367794752120972,2.125,1.6343860626220703,1,1,0.0,-6.002187728881836e-05,0.0,-0.000438690185546875,8.280187606811523,-0.1086874008178711,22.625,0.836839497089386,1,1,20.5,20.5,16.0,-5.5,19.3125,-0.0,0,0,0,0
driver_top20,clean,ablate,v5_qwen35_4b_054,53,22.625,0.8367794752120972,2.125,1.6343860626220703,1,1,0.0,-6.002187728881836e-05,0.0,-0.000438690185546875,8.280187606811523,-0.1086874008178711,22.625,0.836839497089386,1,1,20.5,20.5,17.375,-3.25,20.0,-0.0,0,0,0,0
driver_top20,clean,ablate,v5_qwen35_4b_229,228,22.5,0.7778427004814148,1.75,1.253082275390625,1,1,0.0,-0.0002931356430053711,0.0,-0.001697540283203125,8.047945976257324,-0.10941886901855469,22.5,0.7781358361244202,1,1,20.75,20.75,16.0,-5.5,19.25,-0.0,0,0,0,0
driver_top20,clean,ablate,v5_qwen35_4b_047,46,22.125,0.35537105798721313,0.25,-0.5955581665039062,1,1,0.0,0.003802001476287842,0.0,0.016637802124023438,4.074713230133057,-0.09879589080810547,22.125,0.3515690565109253,1,1,21.875,21.875,17.0,-5.875,19.5625,-0.0,0,0,0,0
driver_top20,clean,ablate,v5_qwen35_4b_271,270,21.875,0.41384801268577576,0.375,-0.34813499450683594,1,1,0.0,0.005520671606063843,0.0,0.02280426025390625,0.9046046733856201,-0.05205053091049194,21.875,0.4083273410797119,1,1,21.5,21.5,19.375,-3.0,20.625,-0.0,0,0,0,0
driver_top20,clean,ablate,v5_qwen35_4b_039,38,22.5,0.38993602991104126,0.625,-0.44762611389160156,1,1,-0.125,-0.005691885948181152,0.0,-0.02386474609375,1.1299968957901,-0.11111640930175781,22.625,0.3956279158592224,1,1,22.0,21.875,16.5,-6.875,19.5625,0.02040816326530612,0,0,0,0
driver_top20,clean,ablate,v5_qwen35_4b_215,214,22.625,0.4482446014881134,0.625,-0.20781517028808594,1,1,0.0,0.02134135365486145,0.125,0.08673095703125,6.7859272956848145,-0.11246967315673828,22.625,0.42690324783325195,1,1,22.125,22.0,19.25,-2.875,20.9375,-0.0,0,0,0,0
driver_top20,clean,ablate,v5_qwen35_4b_245,244,21.0,0.30185315012931824,0.25,-0.8385391235351562,1,1,0.0,0.00026172399520874023,0.0,0.00124359130859375,0.9294783473014832,-0.047621190547943115,21.0,0.3015914261341095,1,1,20.75,20.75,15.125,-7.875,18.0625,-0.0,0,0,0,0
driver_top20,clean,ablate,v5_qwen35_4b_161,160,23.125,0.8294482231140137,2.0,1.5816650390625,1,1,0.0,0.002721130847930908,0.0,0.019113540649414062,9.024462699890137,-0.09035778045654297,23.125,0.8267270922660828,1,1,21.125,21.125,15.6875,-8.0625,19.40625,-0.0,0,0,0,0
driver_top20,clean,ablate,v5_qwen35_4b_121,120,23.5,0.9037984609603882,3.125,2.240100860595703,1,1,0.0,0.0028458237648010254,0.0,0.03230476379394531,6.171667098999023,-0.0594940185546875,23.5,0.9009526371955872,1,1,20.375,20.375,15.875,-7.0,19.6875,-0.0,0,0,0,0
driver_top20,clean,ablate,v5_qwen35_4b_181,180,23.125,0.7954438328742981,1.75,1.3580093383789062,1,1,-0.125,-0.005744755268096924,0.0,-0.035686492919921875,7.089134693145752,-0.05734729766845703,23.25,0.801188588142395,1,1,21.5,21.375,15.875,-7.625,19.5625,0.01694915254237288,0,0,0,0
driver_top20,clean,ablate,v5_qwen35_4b_259,258,22.75,0.7099695205688477,1.375,0.8951835632324219,1,1,0.0,0.0170668363571167,0.125,0.08150672912597656,6.682973861694336,-0.05197715759277344,22.75,0.692902684211731,1,1,21.5,21.375,17.375,-5.625,20.0625,-0.0,0,0,0,0
driver_top20,clean,ablate,v5_qwen35_4b_283,282,22.125,0.4693615436553955,0.625,-0.12276649475097656,1,1,0.0,0.020911097526550293,0.125,0.08422088623046875,2.8708558082580566,-0.04070758819580078,22.125,0.4484504461288452,1,1,21.625,21.5,17.875,-4.25,20.0,-0.0,0,0,0,0
driver_top20,clean,ablate,v5_qwen35_4b_272,271,23.875,0.732388973236084,1.875,1.0067291259765625,1,1,-0.125,-0.013726472854614258,-0.125,-0.07122421264648438,1.725956916809082,-0.08321511745452881,24.0,0.7461154460906982,1,1,22.0,22.0,20.25,-3.5,22.125,0.03333333333333333,0,0,0,0
driver_top20,clean,ablate,v5_qwen35_4b_043,42,23.375,0.7024418711662292,1.25,0.8589057922363281,1,1,0.0,0.020762085914611816,0.125,0.09744644165039062,9.701886177062988,-0.15769290924072266,23.375,0.6816797852516174,1,1,22.25,22.125,16.75,-5.625,20.0625,-0.0,0,0,0,0
driver_top20,clean,ablate,v5_qwen35_4b_166,165,23.0,0.6109524965286255,1.375,0.451263427734375,1,1,0.0,0.021859347820281982,0.125,0.09109878540039062,-1.271174430847168,-0.0414966344833374,23.0,0.5890931487083435,1,1,21.75,21.625,19.375,-3.125,21.1875,-0.0,0,0,0,0
driver_top20,clean,ablate,v5_qwen35_4b_055,54,23.0,0.5924862623214722,1.375,0.3741912841796875,1,1,0.0,0.01963186264038086,0.125,0.08074188232421875,0.6194866895675659,-0.08006644248962402,23.0,0.5728543996810913,1,1,21.75,21.625,19.125,-4.625,21.0625,-0.0,0,0,0,0
driver_top20,clean,ablate,v5_qwen35_4b_130,129,22.125,0.5473763346672058,1.5,0.19001007080078125,1,1,0.0,0.021168172359466553,0.125,0.08514785766601562,6.924602031707764,-0.1391468048095703,22.125,0.5262081623077393,1,1,20.75,20.625,16.625,-6.625,19.375,-0.0,0,0,0,0
driver_top20,clean,ablate,v5_qwen35_4b_182,181,22.25,0.42753297090530396,0.75,-0.29198646545410156,1,1,0.0,0.0005674064159393311,0.0,0.0023193359375,5.88258171081543,-0.09911298751831055,22.25,0.4269655644893646,1,1,21.5,21.5,15.8125,-7.8125,19.03125,-0.0,0,0,0,0
driver_top20,clean,ablate,v5_qwen35_4b_065,64,21.25,0.32555174827575684,0.375,-0.7284469604492188,1,1,0.0,0.0011590421199798584,0.0,0.0052814483642578125,4.454117298126221,-0.08043527603149414,21.25,0.324392706155777,1,1,20.875,20.875,18.125,-3.25,19.6875,-0.0,0,0,0,0
driver_top20,clean,ablate,v5_qwen35_4b_001,0,23.375,0.7707089185714722,2.25,1.212259292602539,1,1,0.0,0.014775514602661133,0.125,0.08180427551269531,8.007675170898438,-0.10999011993408203,23.375,0.755933403968811,1,1,21.25,21.125,17.5,-4.875,20.4375,-0.0,0,0,0,0
driver_top20,clean,ablate,v5_qwen35_4b_053,52,22.375,0.7924671769142151,1.875,1.3397941589355469,1,1,0.0,-0.0010401606559753418,0.0,-0.006336212158203125,9.09421157836914,-0.062290191650390625,22.375,0.7935073375701904,1,1,20.5,20.5,17.5,-3.625,19.9375,-0.0,0,0,0,0
driver_top20,clean,ablate,v5_qwen35_4b_155,154,22.5,0.827475905418396,2.125,1.5677738189697266,1,1,0.0,-1.8477439880371094e-06,0.0,-1.1444091796875e-05,7.702594757080078,-0.07243871688842773,22.5,0.827477753162384,1,1,20.375,20.375,15.125,-6.125,18.8125,-0.0,0,0,0,0
driver_top20,clean,ablate,v5_qwen35_4b_120,119,22.625,0.8513386249542236,2.25,1.7450809478759766,1,1,0.0,-3.921985626220703e-05,0.0,-0.000308990478515625,9.337176322937012,-0.08351802825927734,22.625,0.8513778448104858,1,1,20.375,20.375,16.125,-5.375,19.375,-0.0,0,0,0,0
driver_top20,clean,ablate,v5_qwen35_4b_232,231,22.625,0.8301916122436523,2.125,1.5869178771972656,1,1,0.0,-0.0013411641120910645,0.0,-0.009542465209960938,7.777310371398926,-0.07337045669555664,22.625,0.8315327763557434,1,1,20.5,20.5,16.125,-5.375,19.375,-0.0,0,0,0,0
driver_top20,clean,ablate,v5_qwen35_4b_226,225,23.625,0.7589502930641174,2.0,1.1468734741210938,1,1,-0.125,-0.009382247924804688,0.0,-0.05199432373046875,2.896397113800049,-0.08793354034423828,23.75,0.7683325409889221,1,1,21.75,21.625,17.875,-5.75,20.8125,0.02127659574468085,0,0,0,0
driver_top20,clean,ablate,v5_qwen35_4b_123,122,22.625,0.7793065905570984,1.625,1.2615776062011719,1,1,0.0,-0.002065420150756836,0.0,-0.012048721313476562,8.070296287536621,-0.16414356231689453,22.625,0.7813720107078552,1,1,21.0,21.0,15.75,-6.75,19.1875,-0.0,0,0,0,0
driver_top20,clean,ablate,v5_qwen35_4b_030,29,21.75,0.6056709289550781,0.75,0.4290962219238281,1,1,-0.125,-0.005397200584411621,0.0,-0.022653579711914062,6.229846954345703,-0.18132448196411133,21.875,0.6110681295394897,1,1,21.125,21.0,15.8125,-6.9375,18.84375,0.020618556701030927,0,0,0,0
driver_top20,clean,ablate,v5_qwen35_4b_205,204,22.0,0.6793606877326965,1.125,0.7507743835449219,1,1,0.0,0.002279937267303467,0.0,0.010446548461914062,5.718545913696289,-0.1294083595275879,22.0,0.6770807504653931,1,1,20.875,20.875,18.0,-4.125,20.0,-0.0,0,0,0,0
driver_top20,clean,ablate,v5_qwen35_4b_208,207,22.5,0.45296019315719604,0.375,-0.18875694274902344,1,1,0.0,0.019049763679504395,0.125,0.0771942138671875,4.776040077209473,-0.14868736267089844,22.5,0.43391042947769165,1,1,22.25,22.125,19.625,-3.25,21.0625,-0.0,0,0,0,0
driver_top20,clean,ablate,v5_qwen35_4b_159,158,24.0,0.9110546708106995,2.875,2.326528549194336,1,1,0.0,0.00010752677917480469,0.0,0.0013275146484375,9.236248016357422,-0.09215641021728516,24.0,0.9109471440315247,1,1,21.125,21.125,15.6875,-7.9375,19.84375,-0.0,0,0,0,0
driver_top20,clean,ablate,v5_qwen35_4b_262,261,23.5,0.8784834742546082,2.75,1.9780807495117188,1,1,0.0,0.007939696311950684,0.125,0.07236862182617188,8.112516403198242,-0.11863231658935547,23.5,0.8705437779426575,1,1,20.875,20.75,18.625,-4.0,21.0625,-0.0,0,0,0,0
driver_top20,clean,ablate,v5_qwen35_4b_281,280,23.5,0.8784834742546082,2.75,1.9780807495117188,1,1,0.0,0.007939696311950684,0.125,0.07236862182617188,8.112516403198242,-0.11863231658935547,23.5,0.8705437779426575,1,1,20.875,20.75,18.625,-4.0,21.0625,-0.0,0,0,0,0
driver_top20,clean,ablate,v5_qwen35_4b_153,152,23.0,0.8825481534004211,2.75,2.0167179107666016,1,1,0.0,0.007024824619293213,0.125,0.06607627868652344,6.686103820800781,-0.10078573226928711,23.0,0.8755233287811279,1,1,20.375,20.25,15.8125,-7.1875,19.40625,-0.0,0,0,0,0
driver_top20,clean,ablate,v5_qwen35_4b_017,16,22.375,0.7935996651649475,2.0,1.3466911315917969,1,1,0.0,0.014625966548919678,0.125,0.08706092834472656,4.874134540557861,-0.11130666732788086,22.375,0.7789736986160278,1,1,20.5,20.375,15.5625,-7.3125,18.96875,-0.0,0,0,0,0
driver_top20,clean,ablate,v5_qwen35_4b_023,22,22.375,0.7935996651649475,2.0,1.3466911315917969,1,1,0.0,0.014625966548919678,0.125,0.08706092834472656,4.874134540557861,-0.11130666732788086,22.375,0.7789736986160278,1,1,20.5,20.375,15.5625,-7.3125,18.96875,-0.0,0,0,0,0
driver_top20,clean,ablate,v5_qwen35_4b_027,26,22.375,0.7935996651649475,2.0,1.3466911315917969,1,1,0.0,0.014625966548919678,0.125,0.08706092834472656,4.874134540557861,-0.11130666732788086,22.375,0.7789736986160278,1,1,20.5,20.375,16.5,-6.25,19.4375,-0.0,0,0,0,0
driver_top20,clean,ablate,v5_qwen35_4b_028,27,22.375,0.7935996651649475,2.0,1.3466911315917969,1,1,0.0,0.014625966548919678,0.125,0.08706092834472656,4.874134540557861,-0.11130666732788086,22.375,0.7789736986160278,1,1,20.5,20.375,16.5,-6.25,19.4375,-0.0,0,0,0,0
driver_top20,clean,ablate,v5_qwen35_4b_035,34,22.375,0.7935996651649475,2.0,1.3466911315917969,1,1,0.0,0.014625966548919678,0.125,0.08706092834472656,4.874134540557861,-0.11130666732788086,22.375,0.7789736986160278,1,1,20.5,20.375,16.5,-6.25,19.4375,-0.0,0,0,0,0
driver_top20,clean,ablate,v5_qwen35_4b_046,45,22.25,0.7744066715240479,1.875,1.233297348022461,1,1,0.0,0.014882087707519531,0.125,0.08328437805175781,4.879308223724365,-0.12784481048583984,22.25,0.7595245838165283,1,1,20.5,20.375,16.375,-6.25,19.3125,-0.0,0,0,0,0
driver_top20,clean,ablate,v5_qwen35_4b_059,58,22.25,0.7744066715240479,1.875,1.233297348022461,1,1,0.0,0.014882087707519531,0.125,0.08328437805175781,4.879308223724365,-0.12784481048583984,22.25,0.7595245838165283,1,1,20.5,20.375,17.5,-4.625,19.875,-0.0,0,0,0,0
driver_top20,clean,ablate,v5_qwen35_4b_064,63,22.25,0.7744066715240479,1.875,1.233297348022461,1,1,0.0,0.014882087707519531,0.125,0.08328437805175781,4.879308223724365,-0.12784481048583984,22.25,0.7595245838165283,1,1,20.5,20.375,17.5,-4.625,19.875,-0.0,0,0,0,0
driver_top20,clean,ablate,v5_qwen35_4b_113,112,22.875,0.8637336492538452,2.5,1.8465900421142578,1,1,0.0,0.010842084884643555,0.125,0.0891876220703125,6.128505229949951,-0.10678625106811523,22.875,0.8528915643692017,1,1,20.5,20.375,16.375,-6.25,19.625,-0.0,0,0,0,0
driver_top20,clean,ablate,v5_qwen35_4b_118,117,22.875,0.8637336492538452,2.5,1.8465900421142578,1,1,0.0,0.010842084884643555,0.125,0.0891876220703125,6.128505229949951,-0.10678625106811523,22.875,0.8528915643692017,1,1,20.5,20.375,16.375,-6.25,19.625,-0.0,0,0,0,0
driver_top20,clean,ablate,v5_qwen35_4b_149,148,22.875,0.8637336492538452,2.5,1.8465900421142578,1,1,0.0,0.010842084884643555,0.125,0.0891876220703125,6.128505229949951,-0.10678625106811523,22.875,0.8528915643692017,1,1,20.5,20.375,16.375,-6.25,19.625,-0.0,0,0,0,0
driver_top20,clean,ablate,v5_qwen35_4b_152,151,22.75,0.8498361110687256,2.375,1.7332572937011719,1,1,-0.125,-0.014570474624633789,-0.125,-0.11906051635742188,4.932435989379883,-0.11022472381591797,22.875,0.8644065856933594,1,1,20.375,20.375,15.1875,-7.6875,19.03125,0.016260162601626018,0,0,0,0
driver_top20,clean,ablate,v5_qwen35_4b_156,155,22.75,0.8498361110687256,2.375,1.7332572937011719,1,1,-0.125,-0.014570474624633789,-0.125,-0.11906051635742188,4.932435989379883,-0.11022472381591797,22.875,0.8644065856933594,1,1,20.375,20.375,15.1875,-7.6875,19.03125,0.016260162601626018,0,0,0,0
driver_top20,clean,ablate,v5_qwen35_4b_167,166,22.75,0.8498361110687256,2.375,1.7332572937011719,1,1,-0.125,-0.014570474624633789,-0.125,-0.11906051635742188,4.932435989379883,-0.11022472381591797,22.875,0.8644065856933594,1,1,20.375,20.375,15.1875,-7.6875,19.03125,0.016260162601626018,0,0,0,0
driver_top20,clean,ablate,v5_qwen35_4b_172,171,22.875,0.8634353876113892,2.5,1.8440570831298828,1,1,0.0,0.008657872676849365,0.125,0.07154273986816406,5.1058454513549805,-0.10973548889160156,22.875,0.8547775149345398,1,1,20.5,20.375,15.5,-7.375,19.1875,-0.0,0,0,0,0
driver_top20,clean,ablate,v5_qwen35_4b_234,233,22.125,0.708681046962738,1.625,0.8889274597167969,1,1,0.0,0.004816830158233643,0.0,0.023227691650390625,4.669477462768555,-0.09011077880859375,22.125,0.7038642168045044,1,1,20.5,20.5,16.125,-6.5,19.125,-0.0,0,0,0,0
driver_top20,clean,ablate,v5_qwen35_4b_243,242,22.125,0.6998980045318604,1.625,0.8467540740966797,1,1,-0.125,-0.011433303356170654,0.0,-0.05504798889160156,4.414154052734375,-0.084228515625,22.25,0.711331307888031,1,1,20.625,20.5,16.375,-6.25,19.3125,0.02127659574468085,0,0,0,0
driver_top20,clean,ablate,v5_qwen35_4b_251,250,22.125,0.6998980045318604,1.625,0.8467540740966797,1,1,-0.125,-0.011433303356170654,0.0,-0.05504798889160156,4.414154052734375,-0.084228515625,22.25,0.711331307888031,1,1,20.625,20.5,16.375,-6.25,19.3125,0.02127659574468085,0,0,0,0
driver_top20,clean,ablate,v5_qwen35_4b_254,253,22.125,0.6998980045318604,1.625,0.8467540740966797,1,1,-0.125,-0.011433303356170654,0.0,-0.05504798889160156,4.414154052734375,-0.084228515625,22.25,0.711331307888031,1,1,20.625,20.5,17.5,-4.625,19.875,0.02631578947368421,0,0,0,0
driver_top20,clean,ablate,v5_qwen35_4b_255,254,22.125,0.6998980045318604,1.625,0.8467540740966797,1,1,-0.125,-0.011433303356170654,0.0,-0.05504798889160156,4.414154052734375,-0.084228515625,22.25,0.711331307888031,1,1,20.625,20.5,17.5,-4.625,19.875,0.02631578947368421,0,0,0,0
driver_top20,clean,ablate,v5_qwen35_4b_264,263,22.125,0.708681046962738,1.625,0.8889274597167969,1,1,0.0,0.004816830158233643,0.0,0.023227691650390625,4.669477462768555,-0.09011077880859375,22.125,0.7038642168045044,1,1,20.5,20.5,17.375,-4.75,19.75,-0.0,0,0,0,0
driver_top20,clean,ablate,v5_qwen35_4b_273,272,22.125,0.707853376865387,1.625,0.8849220275878906,1,1,-0.125,-0.021097183227539062,-0.125,-0.10432052612304688,4.671759605407715,-0.08269643783569336,22.25,0.728950560092926,1,1,20.5,20.5,17.375,-4.625,19.8125,0.02564102564102564,0,0,0,0
driver_top20,clean,ablate,v5_qwen35_4b_290,289,22.125,0.6997516751289368,1.625,0.8460578918457031,1,1,0.0,0.0012729167938232422,0.0,0.0060520172119140625,4.558289051055908,-0.08207368850708008,22.125,0.6984787583351135,1,1,20.5,20.5,17.5,-4.5,19.8125,-0.0,0,0,0,0
driver_top20,clean,ablate,v5_qwen35_4b_267,266,22.375,0.7400242686271667,1.75,1.0460395812988281,1,1,0.0,0.016330063343048096,0.125,0.08323097229003906,6.699174880981445,-0.07559490203857422,22.375,0.7236942052841187,1,1,20.75,20.625,17.5,-5.25,19.9375,-0.0,0,0,0,0
driver_top20,clean,ablate,v5_qwen35_4b_148,147,23.75,0.913395345211029,2.875,2.355754852294922,1,1,0.0,0.0012416243553161621,0.0,0.015592575073242188,8.359265327453613,-0.08930206298828125,23.75,0.9121537208557129,1,1,20.875,20.875,15.5625,-7.3125,19.65625,-0.0,0,0,0,0
driver_top20,clean,ablate,v5_qwen35_4b_180,179,23.25,0.8838104009628296,2.625,2.028959274291992,1,1,0.0,0.0021915435791015625,0.0,0.021167755126953125,6.128377437591553,-0.07787132263183594,23.25,0.881618857383728,1,1,20.625,20.625,14.5,-8.875,18.875,-0.0,0,0,0,0
driver_top20,clean,ablate,v5_qwen35_4b_072,71,22.5,0.7385043501853943,1.875,1.0381412506103516,1,1,0.0,0.004133284091949463,0.0,0.02129364013671875,2.4337804317474365,-0.11003661155700684,22.5,0.7343710660934448,1,1,20.625,20.625,19.125,-2.25,20.8125,-0.0,0,0,0,0
driver_top20,clean,ablate,v5_qwen35_4b_073,72,23.25,0.5327104926109314,0.375,0.13100051879882812,1,1,0.0,0.02500307559967041,0.125,0.10019493103027344,5.908527374267578,-0.1569385528564453,23.25,0.507707417011261,1,1,23.0,22.875,19.625,-3.25,21.4375,-0.0,0,0,0,0
driver_top20,clean,ablate,v5_qwen35_4b_270,269,22.5,0.6686978340148926,1.875,0.7022285461425781,1,1,0.0,0.02490687370300293,0.125,0.110443115234375,4.21322774887085,-0.056661128997802734,22.5,0.6437909603118896,1,1,20.75,20.625,19.625,-1.0,21.0625,-0.0,0,0,0,0
driver_top20,clean,ablate,v5_qwen35_4b_038,37,23.375,0.7796596884727478,2.5,1.2636165618896484,1,1,0.0,0.018092453479766846,0.125,0.10239410400390625,4.2907609939575195,-0.06667852401733398,23.375,0.761567234992981,1,1,21.0,20.875,17.875,-5.375,20.625,-0.0,0,0,0,0
driver_top20,clean,ablate,v5_qwen35_4b_204,203,24.125,0.6420916318893433,0.75,0.5844345092773438,1,1,-0.125,-0.027494490146636963,-0.125,-0.12185859680175781,6.383763313293457,-0.11576557159423828,24.25,0.6695861220359802,1,1,23.375,23.375,20.625,-2.625,22.4375,0.034482758620689655,0,0,0,0
driver_top20,clean,ablate,v5_qwen35_4b_007,6,23.25,0.8412584066390991,2.0,1.667572021484375,1,1,-0.125,-0.00651317834854126,0.0,-0.049610137939453125,10.189263343811035,-0.1553974151611328,23.375,0.8477715849876404,1,1,21.375,21.25,16.25,-7.25,19.8125,0.017543859649122806,0,0,0,0
driver_top20,clean,ablate,v5_qwen35_4b_014,13,23.25,0.8412584066390991,2.0,1.667572021484375,1,1,-0.125,-0.00651317834854126,0.0,-0.049610137939453125,10.189263343811035,-0.1553974151611328,23.375,0.8477715849876404,1,1,21.375,21.25,16.25,-7.25,19.8125,0.017543859649122806,0,0,0,0
driver_top20,clean,ablate,v5_qwen35_4b_018,17,23.25,0.8412584066390991,2.0,1.667572021484375,1,1,-0.125,-0.00651317834854126,0.0,-0.049610137939453125,10.189263343811035,-0.1553974151611328,23.375,0.8477715849876404,1,1,21.375,21.25,16.25,-7.25,19.8125,0.017543859649122806,0,0,0,0
driver_top20,clean,ablate,v5_qwen35_4b_020,19,23.25,0.8412584066390991,2.0,1.667572021484375,1,1,-0.125,-0.00651317834854126,0.0,-0.049610137939453125,10.189263343811035,-0.1553974151611328,23.375,0.8477715849876404,1,1,21.375,21.25,16.25,-7.25,19.8125,0.017543859649122806,0,0,0,0
driver_top20,clean,ablate,v5_qwen35_4b_021,20,23.25,0.8412584066390991,2.0,1.667572021484375,1,1,-0.125,-0.00651317834854126,0.0,-0.049610137939453125,10.189263343811035,-0.1553974151611328,23.375,0.8477715849876404,1,1,21.375,21.25,16.25,-7.25,19.8125,0.017543859649122806,0,0,0,0
driver_top20,clean,ablate,v5_qwen35_4b_024,23,23.25,0.8412584066390991,2.0,1.667572021484375,1,1,-0.125,-0.00651317834854126,0.0,-0.049610137939453125,10.189263343811035,-0.1553974151611328,23.375,0.8477715849876404,1,1,21.375,21.25,16.25,-7.25,19.8125,0.017543859649122806,0,0,0,0
driver_top20,clean,ablate,v5_qwen35_4b_025,24,23.375,0.8580167293548584,2.125,1.7988719940185547,1,1,0.0,-0.0020431876182556152,0.0,-0.016872406005859375,10.234440803527832,-0.15504932403564453,23.375,0.860059916973114,1,1,21.25,21.25,16.5,-7.0,19.9375,-0.0,0,0,0,0
driver_top20,clean,ablate,v5_qwen35_4b_098,97,23.5,0.8802995085716248,2.375,1.995218276977539,1,1,0.0,0.00986337661743164,0.125,0.09044647216796875,10.77170181274414,-0.1498851776123047,23.5,0.8704361319541931,1,1,21.25,21.125,16.5,-7.0,20.0,-0.0,0,0,0,0
driver_top20,clean,ablate,v5_qwen35_4b_114,113,23.5,0.8802995085716248,2.375,1.995218276977539,1,1,0.0,0.00986337661743164,0.125,0.09044647216796875,10.77170181274414,-0.1498851776123047,23.5,0.8704361319541931,1,1,21.25,21.125,16.75,-6.375,20.125,-0.0,0,0,0,0
driver_top20,clean,ablate,v5_qwen35_4b_128,127,23.5,0.8802995085716248,2.375,1.995218276977539,1,1,0.0,0.00986337661743164,0.125,0.09044647216796875,10.77170181274414,-0.1498851776123047,23.5,0.8704361319541931,1,1,21.25,21.125,16.75,-6.375,20.125,-0.0,0,0,0,0
driver_top20,clean,ablate,v5_qwen35_4b_131,130,23.5,0.8802995085716248,2.375,1.995218276977539,1,1,0.0,0.00986337661743164,0.125,0.09044647216796875,10.77170181274414,-0.1498851776123047,23.5,0.8704361319541931,1,1,21.25,21.125,16.75,-6.375,20.125,-0.0,0,0,0,0
driver_top20,clean,ablate,v5_qwen35_4b_135,134,23.5,0.8802995085716248,2.375,1.995218276977539,1,1,0.0,0.00986337661743164,0.125,0.09044647216796875,10.77170181274414,-0.1498851776123047,23.5,0.8704361319541931,1,1,21.25,21.125,16.75,-6.375,20.125,-0.0,0,0,0,0
driver_top20,clean,ablate,v5_qwen35_4b_136,135,23.5,0.8802995085716248,2.375,1.995218276977539,1,1,0.0,0.00986337661743164,0.125,0.09044647216796875,10.77170181274414,-0.1498851776123047,23.5,0.8704361319541931,1,1,21.25,21.125,16.75,-6.375,20.125,-0.0,0,0,0,0
driver_top20,clean,ablate,v5_qwen35_4b_144,143,23.5,0.8802995085716248,2.375,1.995218276977539,1,1,0.0,0.00986337661743164,0.125,0.09044647216796875,10.77170181274414,-0.1498851776123047,23.5,0.8704361319541931,1,1,21.25,21.125,16.75,-6.375,20.125,-0.0,0,0,0,0
driver_top20,clean,ablate,v5_qwen35_4b_145,144,23.5,0.8802995085716248,2.375,1.995218276977539,1,1,0.0,0.00986337661743164,0.125,0.09044647216796875,10.77170181274414,-0.1498851776123047,23.5,0.8704361319541931,1,1,21.25,21.125,16.75,-6.375,20.125,-0.0,0,0,0,0
driver_top20,clean,ablate,v5_qwen35_4b_160,159,23.25,0.8599002361297607,2.25,1.8144111633300781,1,1,0.0,0.00016647577285766602,0.0,0.0013828277587890625,9.78819465637207,-0.1622600555419922,23.25,0.8597337603569031,1,1,21.0,21.0,16.5,-7.0,19.875,-0.0,0,0,0,0
driver_top20,clean,ablate,v5_qwen35_4b_164,163,23.25,0.8599002361297607,2.25,1.8144111633300781,1,1,0.0,0.00016647577285766602,0.0,0.0013828277587890625,9.78819465637207,-0.1622600555419922,23.25,0.8597337603569031,1,1,21.0,21.0,16.5,-7.0,19.875,-0.0,0,0,0,0
driver_top20,clean,ablate,v5_qwen35_4b_169,168,23.25,0.8599002361297607,2.25,1.8144111633300781,1,1,0.0,0.00016647577285766602,0.0,0.0013828277587890625,9.78819465637207,-0.1622600555419922,23.25,0.8597337603569031,1,1,21.0,21.0,16.5,-7.0,19.875,-0.0,0,0,0,0
driver_top20,clean,ablate,v5_qwen35_4b_174,173,23.25,0.8599002361297607,2.25,1.8144111633300781,1,1,0.0,0.00016647577285766602,0.0,0.0013828277587890625,9.78819465637207,-0.1622600555419922,23.25,0.8597337603569031,1,1,21.0,21.0,16.5,-7.0,19.875,-0.0,0,0,0,0
driver_top20,clean,ablate,v5_qwen35_4b_187,186,23.25,0.8599002361297607,2.25,1.8144111633300781,1,1,0.0,0.00016647577285766602,0.0,0.0013828277587890625,9.78819465637207,-0.1622600555419922,23.25,0.8597337603569031,1,1,21.0,21.0,16.5,-7.0,19.875,-0.0,0,0,0,0
driver_top20,clean,ablate,v5_qwen35_4b_188,187,23.25,0.8599002361297607,2.25,1.8144111633300781,1,1,0.0,0.00016647577285766602,0.0,0.0013828277587890625,9.78819465637207,-0.1622600555419922,23.25,0.8597337603569031,1,1,21.0,21.0,16.5,-7.0,19.875,-0.0,0,0,0,0
driver_top20,clean,ablate,v5_qwen35_4b_213,212,23.25,0.8599002361297607,2.25,1.8144111633300781,1,1,0.0,0.00016647577285766602,0.0,0.0013828277587890625,9.78819465637207,-0.1622600555419922,23.25,0.8597337603569031,1,1,21.0,21.0,18.0,-4.5,20.625,-0.0,0,0,0,0
driver_top20,clean,ablate,v5_qwen35_4b_214,213,23.25,0.8599002361297607,2.25,1.8144111633300781,1,1,0.0,0.00016647577285766602,0.0,0.0013828277587890625,9.78819465637207,-0.1622600555419922,23.25,0.8597337603569031,1,1,21.0,21.0,18.0,-4.5,20.625,-0.0,0,0,0,0
driver_top20,clean,ablate,v5_qwen35_4b_216,215,23.25,0.8599002361297607,2.25,1.8144111633300781,1,1,0.0,0.00016647577285766602,0.0,0.0013828277587890625,9.78819465637207,-0.1622600555419922,23.25,0.8597337603569031,1,1,21.0,21.0,18.0,-4.5,20.625,-0.0,0,0,0,0
driver_top20,clean,ablate,v5_qwen35_4b_222,221,23.25,0.8599002361297607,2.25,1.8144111633300781,1,1,0.0,0.00016647577285766602,0.0,0.0013828277587890625,9.78819465637207,-0.1622600555419922,23.25,0.8597337603569031,1,1,21.0,21.0,18.0,-4.5,20.625,-0.0,0,0,0,0
driver_top20,clean,ablate,v5_qwen35_4b_224,223,23.25,0.8599002361297607,2.25,1.8144111633300781,1,1,0.0,0.00016647577285766602,0.0,0.0013828277587890625,9.78819465637207,-0.1622600555419922,23.25,0.8597337603569031,1,1,21.0,21.0,18.0,-4.5,20.625,-0.0,0,0,0,0
driver_top20,clean,ablate,v5_qwen35_4b_239,238,23.25,0.8565794825553894,2.25,1.7871112823486328,1,1,0.0,0.008211970329284668,0.125,0.06531715393066406,9.174510955810547,-0.15957164764404297,23.25,0.8483675122261047,1,1,21.125,21.0,16.75,-6.375,20.0,-0.0,0,0,0,0
driver_top20,clean,ablate,v5_qwen35_4b_241,240,23.25,0.8565794825553894,2.25,1.7871112823486328,1,1,0.0,0.008211970329284668,0.125,0.06531715393066406,9.174510955810547,-0.15957164764404297,23.25,0.8483675122261047,1,1,21.125,21.0,16.75,-6.375,20.0,-0.0,0,0,0,0
driver_top20,clean,ablate,v5_qwen35_4b_256,255,23.25,0.8565794825553894,2.25,1.7871112823486328,1,1,0.0,0.008211970329284668,0.125,0.06531715393066406,9.174510955810547,-0.15957164764404297,23.25,0.8483675122261047,1,1,21.125,21.0,18.0,-4.5,20.625,-0.0,0,0,0,0
driver_top20,clean,ablate,v5_qwen35_4b_269,268,23.25,0.8565794825553894,2.25,1.7871112823486328,1,1,0.0,0.008211970329284668,0.125,0.06531715393066406,9.174510955810547,-0.15957164764404297,23.25,0.8483675122261047,1,1,21.125,21.0,18.0,-4.5,20.625,-0.0,0,0,0,0
driver_top20,clean,ablate,v5_qwen35_4b_276,275,23.25,0.8462861776351929,2.125,1.7057056427001953,1,1,0.0,0.0004006624221801758,0.0,0.003078460693359375,9.275140762329102,-0.16168594360351562,23.25,0.8458855152130127,1,1,21.125,21.125,18.0,-4.5,20.625,-0.0,0,0,0,0
driver_top20,clean,ablate,v5_qwen35_4b_277,276,23.25,0.8462861776351929,2.125,1.7057056427001953,1,1,0.0,0.0004006624221801758,0.0,0.003078460693359375,9.275140762329102,-0.16168594360351562,23.25,0.8458855152130127,1,1,21.125,21.125,18.0,-4.5,20.625,-0.0,0,0,0,0
driver_top20,clean,ablate,v5_qwen35_4b_280,279,23.25,0.8462861776351929,2.125,1.7057056427001953,1,1,0.0,0.0004006624221801758,0.0,0.003078460693359375,9.275140762329102,-0.16168594360351562,23.25,0.8458855152130127,1,1,21.125,21.125,18.0,-4.5,20.625,-0.0,0,0,0,0
driver_top20,clean,ablate,v5_qwen35_4b_284,283,23.25,0.8462861776351929,2.125,1.7057056427001953,1,1,0.0,0.0004006624221801758,0.0,0.003078460693359375,9.275140762329102,-0.16168594360351562,23.25,0.8458855152130127,1,1,21.125,21.125,18.0,-4.5,20.625,-0.0,0,0,0,0
driver_top20,clean,ablate,v5_qwen35_4b_288,287,23.25,0.8462861776351929,2.125,1.7057056427001953,1,1,0.0,0.0004006624221801758,0.0,0.003078460693359375,9.275140762329102,-0.16168594360351562,23.25,0.8458855152130127,1,1,21.125,21.125,18.0,-4.5,20.625,-0.0,0,0,0,0
driver_top20,clean,ablate,v5_qwen35_4b_292,291,23.25,0.8462861776351929,2.125,1.7057056427001953,1,1,0.0,0.0004006624221801758,0.0,0.003078460693359375,9.275140762329102,-0.16168594360351562,23.25,0.8458855152130127,1,1,21.125,21.125,18.0,-4.5,20.625,-0.0,0,0,0,0
driver_top20,clean,ablate,v5_qwen35_4b_294,293,23.25,0.8462861776351929,2.125,1.7057056427001953,1,1,0.0,0.0004006624221801758,0.0,0.003078460693359375,9.275140762329102,-0.16168594360351562,23.25,0.8458855152130127,1,1,21.125,21.125,18.0,-4.5,20.625,-0.0,0,0,0,0
driver_top20,clean,ablate,v5_qwen35_4b_002,1,23.25,0.8442548513412476,2.0,1.690185546875,1,1,0.0,0.013572216033935547,0.125,0.09975814819335938,10.297334671020508,-0.14690017700195312,23.25,0.830682635307312,1,1,21.375,21.25,16.125,-7.25,19.6875,-0.0,0,0,0,0
driver_top20,clean,ablate,v5_qwen35_4b_012,11,23.25,0.8442770838737488,2.0,1.6903533935546875,1,1,0.0,-0.00042116641998291016,0.0,-0.003208160400390625,10.280780792236328,-0.1643810272216797,23.25,0.8446982502937317,1,1,21.25,21.25,16.25,-7.125,19.75,-0.0,0,0,0,0
driver_top20,clean,ablate,v5_qwen35_4b_015,14,23.25,0.8442770838737488,2.0,1.6903533935546875,1,1,0.0,-0.00042116641998291016,0.0,-0.003208160400390625,10.280780792236328,-0.1643810272216797,23.25,0.8446982502937317,1,1,21.25,21.25,16.25,-7.125,19.75,-0.0,0,0,0,0
driver_top20,clean,ablate,v5_qwen35_4b_037,36,23.25,0.8442770838737488,2.0,1.6903533935546875,1,1,0.0,-0.00042116641998291016,0.0,-0.003208160400390625,10.280780792236328,-0.1643810272216797,23.25,0.8446982502937317,1,1,21.25,21.25,16.75,-6.375,20.0,-0.0,0,0,0,0
driver_top20,clean,ablate,v5_qwen35_4b_042,41,23.25,0.8442770838737488,2.0,1.6903533935546875,1,1,0.0,-0.00042116641998291016,0.0,-0.003208160400390625,10.280780792236328,-0.1643810272216797,23.25,0.8446982502937317,1,1,21.25,21.25,16.75,-6.375,20.0,-0.0,0,0,0,0
driver_top20,clean,ablate,v5_qwen35_4b_044,43,23.25,0.8442770838737488,2.0,1.6903533935546875,1,1,0.0,-0.00042116641998291016,0.0,-0.003208160400390625,10.280780792236328,-0.1643810272216797,23.25,0.8446982502937317,1,1,21.25,21.25,16.75,-6.375,20.0,-0.0,0,0,0,0
driver_top20,clean,ablate,v5_qwen35_4b_115,114,23.625,0.8921701908111572,2.5,2.113048553466797,1,1,0.0,0.009118854999542236,0.125,0.09144973754882812,10.84386157989502,-0.15410327911376953,23.625,0.883051335811615,1,1,21.25,21.125,16.75,-6.375,20.1875,-0.0,0,0,0,0
driver_top20,clean,ablate,v5_qwen35_4b_126,125,23.625,0.8921701908111572,2.5,2.113048553466797,1,1,0.0,0.009118854999542236,0.125,0.09144973754882812,10.84386157989502,-0.15410327911376953,23.625,0.883051335811615,1,1,21.25,21.125,16.75,-6.375,20.1875,-0.0,0,0,0,0
driver_top20,clean,ablate,v5_qwen35_4b_127,126,23.625,0.8921701908111572,2.5,2.113048553466797,1,1,0.0,0.009118854999542236,0.125,0.09144973754882812,10.84386157989502,-0.15410327911376953,23.625,0.883051335811615,1,1,21.25,21.125,16.75,-6.375,20.1875,-0.0,0,0,0,0
driver_top20,clean,ablate,v5_qwen35_4b_134,133,23.625,0.8921701908111572,2.5,2.113048553466797,1,1,0.0,0.009118854999542236,0.125,0.09144973754882812,10.84386157989502,-0.15410327911376953,23.625,0.883051335811615,1,1,21.25,21.125,16.75,-6.375,20.1875,-0.0,0,0,0,0
driver_top20,clean,ablate,v5_qwen35_4b_140,139,23.625,0.8921701908111572,2.5,2.113048553466797,1,1,0.0,0.009118854999542236,0.125,0.09144973754882812,10.84386157989502,-0.15410327911376953,23.625,0.883051335811615,1,1,21.25,21.125,16.75,-6.375,20.1875,-0.0,0,0,0,0
driver_top20,clean,ablate,v5_qwen35_4b_142,141,23.625,0.8921701908111572,2.5,2.113048553466797,1,1,0.0,0.009118854999542236,0.125,0.09144973754882812,10.84386157989502,-0.15410327911376953,23.625,0.883051335811615,1,1,21.25,21.125,16.75,-6.375,20.1875,-0.0,0,0,0,0
driver_top20,clean,ablate,v5_qwen35_4b_146,145,23.625,0.8921701908111572,2.5,2.113048553466797,1,1,0.0,0.009118854999542236,0.125,0.09144973754882812,10.84386157989502,-0.15410327911376953,23.625,0.883051335811615,1,1,21.25,21.125,16.75,-6.375,20.1875,-0.0,0,0,0,0
driver_top20,clean,ablate,v5_qwen35_4b_150,149,23.625,0.8921701908111572,2.5,2.113048553466797,1,1,0.0,0.009118854999542236,0.125,0.09144973754882812,10.84386157989502,-0.15410327911376953,23.625,0.883051335811615,1,1,21.25,21.125,16.75,-6.375,20.1875,-0.0,0,0,0,0
driver_top20,clean,ablate,v5_qwen35_4b_168,167,23.25,0.8611912131309509,2.25,1.8251686096191406,1,1,0.0,0.010698556900024414,0.125,0.08675765991210938,9.69011116027832,-0.1470174789428711,23.25,0.8504926562309265,1,1,21.125,21.0,16.25,-7.125,19.75,-0.0,0,0,0,0
driver_top20,clean,ablate,v5_qwen35_4b_179,178,23.25,0.8611912131309509,2.25,1.8251686096191406,1,1,0.0,0.010698556900024414,0.125,0.08675765991210938,9.69011116027832,-0.1470174789428711,23.25,0.8504926562309265,1,1,21.125,21.0,16.25,-7.125,19.75,-0.0,0,0,0,0
driver_top20,clean,ablate,v5_qwen35_4b_183,182,23.25,0.8611912131309509,2.25,1.8251686096191406,1,1,0.0,0.010698556900024414,0.125,0.08675765991210938,9.69011116027832,-0.1470174789428711,23.25,0.8504926562309265,1,1,21.125,21.0,16.25,-7.125,19.75,-0.0,0,0,0,0
driver_top20,clean,ablate,v5_qwen35_4b_185,184,23.25,0.8611912131309509,2.25,1.8251686096191406,1,1,0.0,0.010698556900024414,0.125,0.08675765991210938,9.69011116027832,-0.1470174789428711,23.25,0.8504926562309265,1,1,21.125,21.0,16.25,-7.125,19.75,-0.0,0,0,0,0
driver_top20,clean,ablate,v5_qwen35_4b_186,185,23.25,0.8611912131309509,2.25,1.8251686096191406,1,1,0.0,0.010698556900024414,0.125,0.08675765991210938,9.69011116027832,-0.1470174789428711,23.25,0.8504926562309265,1,1,21.125,21.0,16.25,-7.125,19.75,-0.0,0,0,0,0
driver_top20,clean,ablate,v5_qwen35_4b_242,241,23.125,0.840975284576416,2.125,1.6654415130615234,1,1,0.0,0.011835813522338867,0.125,0.08595848083496094,9.000947952270508,-0.17377281188964844,23.125,0.8291394710540771,1,1,21.125,21.0,16.75,-6.375,19.9375,-0.0,0,0,0,0
driver_top20,clean,ablate,v5_qwen35_4b_249,248,23.125,0.840975284576416,2.125,1.6654415130615234,1,1,0.0,0.011835813522338867,0.125,0.08595848083496094,9.000947952270508,-0.17377281188964844,23.125,0.8291394710540771,1,1,21.125,21.0,16.75,-6.375,19.9375,-0.0,0,0,0,0
driver_top20,clean,ablate,v5_qwen35_4b_282,281,23.125,0.840975284576416,2.125,1.6654415130615234,1,1,0.0,0.011835813522338867,0.125,0.08595848083496094,9.000947952270508,-0.17377281188964844,23.125,0.8291394710540771,1,1,21.125,21.0,17.875,-4.75,20.5,-0.0,0,0,0,0
driver_top20,clean,ablate,v5_qwen35_4b_286,285,23.125,0.840975284576416,2.125,1.6654415130615234,1,1,0.0,0.011835813522338867,0.125,0.08595848083496094,9.000947952270508,-0.17377281188964844,23.125,0.8291394710540771,1,1,21.125,21.0,17.875,-4.75,20.5,-0.0,0,0,0,0
driver_top20,clean,ablate,v5_qwen35_4b_295,294,23.125,0.840975284576416,2.125,1.6654415130615234,1,1,0.0,0.011835813522338867,0.125,0.08595848083496094,9.000947952270508,-0.17377281188964844,23.125,0.8291394710540771,1,1,21.125,21.0,17.875,-4.75,20.5,-0.0,0,0,0,0
driver_top20,clean,ablate,v5_qwen35_4b_299,298,23.125,0.840975284576416,2.125,1.6654415130615234,1,1,0.0,0.011835813522338867,0.125,0.08595848083496094,9.000947952270508,-0.17377281188964844,23.125,0.8291394710540771,1,1,21.125,21.0,17.875,-4.75,20.5,-0.0,0,0,0,0
driver_top20,clean,ablate,v5_qwen35_4b_008,7,21.625,0.7003657221794128,1.375,0.8489742279052734,1,1,0.0,0.002003312110900879,0.0,0.009527206420898438,6.880993843078613,-0.17082977294921875,21.625,0.698362410068512,1,1,20.25,20.25,14.5,-7.625,18.0625,-0.0,0,0,0,0
driver_top20,clean,ablate,v5_qwen35_4b_122,121,22.625,0.8379326462745667,2.125,1.6428508758544922,1,1,0.0,-0.0017213821411132812,0.0,-0.012737274169921875,8.755080223083496,-0.14914703369140625,22.625,0.8396540284156799,1,1,20.5,20.5,15.0,-7.25,18.8125,-0.0,0,0,0,0
driver_top20,clean,ablate,v5_qwen35_4b_158,157,22.5,0.8201979994773865,2.0,1.5176162719726562,1,1,0.0,0.0011535882949829102,0.0,0.0078029632568359375,6.727972507476807,-0.12035655975341797,22.5,0.8190444111824036,1,1,20.5,20.5,14.5625,-7.6875,18.53125,-0.0,0,0,0,0
driver_top20,clean,ablate,v5_qwen35_4b_265,264,22.0,0.6946339011192322,1.25,0.8218154907226562,1,1,0.0,0.005215108394622803,0.0,0.024478912353515625,5.762340545654297,-0.1535506248474121,22.0,0.6894187927246094,1,1,20.75,20.75,16.875,-5.125,19.4375,-0.0,0,0,0,0
driver_top20,clean,ablate,v5_qwen35_4b_003,2,22.375,0.8136152029037476,2.0,1.4736061096191406,1,1,-0.125,-0.005416572093963623,0.0,-0.03612709045410156,9.142748832702637,-0.1634969711303711,22.5,0.8190317749977112,1,1,20.5,20.375,15.5625,-7.0625,19.03125,0.018018018018018018,0,0,0,0
driver_top20,clean,ablate,v5_qwen35_4b_011,10,22.25,0.808834433555603,2.0,1.4423885345458984,1,1,0.0,0.0014535188674926758,0.0,0.009380340576171875,8.653436660766602,-0.13901424407958984,22.25,0.8073809146881104,1,1,20.25,20.25,15.5625,-7.1875,18.90625,-0.0,0,0,0,0
driver_top20,clean,ablate,v5_qwen35_4b_033,32,22.25,0.808834433555603,2.0,1.4423885345458984,1,1,0.0,0.0014535188674926758,0.0,0.009380340576171875,8.653436660766602,-0.13901424407958984,22.25,0.8073809146881104,1,1,20.25,20.25,16.25,-6.125,19.25,-0.0,0,0,0,0
driver_top20,clean,ablate,v5_qwen35_4b_048,47,22.25,0.808834433555603,2.0,1.4423885345458984,1,1,0.0,0.0014535188674926758,0.0,0.009380340576171875,8.653436660766602,-0.13901424407958984,22.25,0.8073809146881104,1,1,20.25,20.25,16.25,-6.125,19.25,-0.0,0,0,0,0
driver_top20,clean,ablate,v5_qwen35_4b_070,69,22.125,0.7884586453437805,1.875,1.315591812133789,1,1,-0.125,-0.0021089911460876465,0.0,-0.012693405151367188,8.666074752807617,-0.16167068481445312,22.25,0.7905676364898682,1,1,20.375,20.25,17.5,-4.375,19.875,0.02631578947368421,0,0,0,0
driver_top20,clean,ablate,v5_qwen35_4b_124,123,22.625,0.847794771194458,2.25,1.7173442840576172,1,1,0.0,0.013905525207519531,0.125,0.10397148132324219,9.269362449645996,-0.1597137451171875,22.625,0.8338892459869385,1,1,20.5,20.375,16.375,-5.875,19.5,-0.0,0,0,0,0
driver_top20,clean,ablate,v5_qwen35_4b_125,124,22.625,0.8376394510269165,2.125,1.640695571899414,1,1,0.0,0.0011737942695617676,0.0,0.008607864379882812,9.443044662475586,-0.15665531158447266,22.625,0.8364656567573547,1,1,20.5,20.5,16.375,-6.0,19.5,-0.0,0,0,0,0
driver_top20,clean,ablate,v5_qwen35_4b_139,138,22.625,0.8376394510269165,2.125,1.640695571899414,1,1,0.0,0.0011737942695617676,0.0,0.008607864379882812,9.443044662475586,-0.15665531158447266,22.625,0.8364656567573547,1,1,20.5,20.5,16.375,-6.0,19.5,-0.0,0,0,0,0
driver_top20,clean,ablate,v5_qwen35_4b_203,202,22.625,0.8400499820709229,2.25,1.6585330963134766,1,1,0.0,0.011091768741607666,0.125,0.08034515380859375,7.938259601593018,-0.1333155632019043,22.625,0.8289582133293152,1,1,20.5,20.375,17.625,-4.25,20.125,-0.0,0,0,0,0
driver_top20,clean,ablate,v5_qwen35_4b_206,205,22.375,0.8049165606498718,2.0,1.4172420501708984,1,1,0.0,0.0012395381927490234,0.0,0.007875442504882812,7.759042739868164,-0.13219213485717773,22.375,0.8036770224571228,1,1,20.375,20.375,17.5,-4.375,19.9375,-0.0,0,0,0,0
driver_top20,clean,ablate,v5_qwen35_4b_212,211,22.625,0.8400499820709229,2.25,1.6585330963134766,1,1,0.0,0.011091768741607666,0.125,0.08034515380859375,7.938259601593018,-0.1333155632019043,22.625,0.8289582133293152,1,1,20.5,20.375,17.625,-4.25,20.125,-0.0,0,0,0,0
driver_top20,clean,ablate,v5_qwen35_4b_228,227,21.75,0.6765135526657104,1.375,0.7377223968505859,1,1,0.0,0.01681441068649292,0.125,0.07583999633789062,6.422919750213623,-0.13262414932250977,21.75,0.6596991419792175,1,1,20.5,20.375,16.375,-5.875,19.0625,-0.0,0,0,0,0
driver_top20,clean,ablate,v5_qwen35_4b_230,229,21.75,0.6765135526657104,1.375,0.7377223968505859,1,1,0.0,0.01681441068649292,0.125,0.07583999633789062,6.422919750213623,-0.13262414932250977,21.75,0.6596991419792175,1,1,20.5,20.375,16.375,-5.875,19.0625,-0.0,0,0,0,0
driver_top20,clean,ablate,v5_qwen35_4b_231,230,21.75,0.6765135526657104,1.375,0.7377223968505859,1,1,0.0,0.01681441068649292,0.125,0.07583999633789062,6.422919750213623,-0.13262414932250977,21.75,0.6596991419792175,1,1,20.5,20.375,16.375,-5.875,19.0625,-0.0,0,0,0,0
driver_top20,clean,ablate,v5_qwen35_4b_236,235,21.75,0.6765135526657104,1.375,0.7377223968505859,1,1,0.0,0.01681441068649292,0.125,0.07583999633789062,6.422919750213623,-0.13262414932250977,21.75,0.6596991419792175,1,1,20.5,20.375,16.375,-5.875,19.0625,-0.0,0,0,0,0
driver_top20,clean,ablate,v5_qwen35_4b_237,236,21.75,0.6765135526657104,1.375,0.7377223968505859,1,1,0.0,0.01681441068649292,0.125,0.07583999633789062,6.422919750213623,-0.13262414932250977,21.75,0.6596991419792175,1,1,20.5,20.375,16.375,-5.875,19.0625,-0.0,0,0,0,0
driver_top20,clean,ablate,v5_qwen35_4b_238,237,21.875,0.6885784864425659,1.375,0.7934055328369141,1,1,0.0,0.0023183226585388184,0.0,0.0107879638671875,7.010444641113281,-0.13927078247070312,21.875,0.6862601637840271,1,1,20.5,20.5,16.375,-6.0,19.125,-0.0,0,0,0,0
driver_top20,clean,ablate,v5_qwen35_4b_247,246,21.75,0.6765135526657104,1.375,0.7377223968505859,1,1,0.0,0.01681441068649292,0.125,0.07583999633789062,6.422919750213623,-0.13262414932250977,21.75,0.6596991419792175,1,1,20.5,20.375,16.375,-5.875,19.0625,-0.0,0,0,0,0
driver_top20,clean,ablate,v5_qwen35_4b_257,256,21.75,0.6765135526657104,1.375,0.7377223968505859,1,1,0.0,0.01681441068649292,0.125,0.07583999633789062,6.422919750213623,-0.13262414932250977,21.75,0.6596991419792175,1,1,20.5,20.375,17.5,-4.375,19.625,-0.0,0,0,0,0
driver_top20,clean,ablate,v5_qwen35_4b_291,290,21.75,0.6765135526657104,1.375,0.7377223968505859,1,1,0.0,0.01681441068649292,0.125,0.07583999633789062,6.422919750213623,-0.13262414932250977,21.75,0.6596991419792175,1,1,20.5,20.375,17.5,-4.375,19.625,-0.0,0,0,0,0
driver_top20,clean,ablate,v5_qwen35_4b_005,4,22.25,0.8098416924476624,2.0,1.4489078521728516,1,1,0.0,0.013008594512939453,0.125,0.08235931396484375,8.737579345703125,-0.15015029907226562,22.25,0.7968330979347229,1,1,20.375,20.25,15.5,-7.0,18.875,-0.0,0,0,0,0
driver_top20,clean,ablate,v5_qwen35_4b_013,12,22.125,0.7867826819419861,1.875,1.3055744171142578,1,1,0.0,0.0019005537033081055,0.0,0.011295318603515625,8.704824447631836,-0.17882347106933594,22.125,0.784882128238678,1,1,20.25,20.25,15.5625,-7.0625,18.84375,-0.0,0,0,0,0
driver_top20,clean,ablate,v5_qwen35_4b_026,25,22.125,0.7867826819419861,1.875,1.3055744171142578,1,1,0.0,0.0019005537033081055,0.0,0.011295318603515625,8.704824447631836,-0.17882347106933594,22.125,0.784882128238678,1,1,20.25,20.25,16.375,-5.875,19.25,-0.0,0,0,0,0
driver_top20,clean,ablate,v5_qwen35_4b_041,40,22.25,0.8098416924476624,2.0,1.4489078521728516,1,1,0.0,0.013008594512939453,0.125,0.08235931396484375,8.737579345703125,-0.15015029907226562,22.25,0.7968330979347229,1,1,20.375,20.25,16.375,-5.875,19.3125,-0.0,0,0,0,0
driver_top20,clean,ablate,v5_qwen35_4b_045,44,22.25,0.8098416924476624,2.0,1.4489078521728516,1,1,0.0,0.013008594512939453,0.125,0.08235931396484375,8.737579345703125,-0.15015029907226562,22.25,0.7968330979347229,1,1,20.375,20.25,16.375,-5.875,19.3125,-0.0,0,0,0,0
driver_top20,clean,ablate,v5_qwen35_4b_049,48,22.125,0.7867826819419861,1.875,1.3055744171142578,1,1,0.0,0.0019005537033081055,0.0,0.011295318603515625,8.704824447631836,-0.17882347106933594,22.125,0.784882128238678,1,1,20.25,20.25,16.375,-5.875,19.25,-0.0,0,0,0,0
driver_top20,clean,ablate,v5_qwen35_4b_117,116,22.5,0.8310924768447876,2.125,1.5933170318603516,1,1,-0.125,-0.015887975692749023,-0.125,-0.11772918701171875,9.307499885559082,-0.1555013656616211,22.625,0.8469804525375366,1,1,20.375,20.375,16.375,-5.875,19.5,0.02,0,0,0,0
driver_top20,clean,ablate,v5_qwen35_4b_137,136,22.5,0.8310924768447876,2.125,1.5933170318603516,1,1,-0.125,-0.015887975692749023,-0.125,-0.11772918701171875,9.307499885559082,-0.1555013656616211,22.625,0.8469804525375366,1,1,20.375,20.375,16.375,-5.875,19.5,0.02,0,0,0,0
driver_top20,clean,ablate,v5_qwen35_4b_141,140,22.5,0.8433969020843506,2.25,1.6836566925048828,1,1,-0.125,-0.005827605724334717,0.0,-0.04481697082519531,9.120383262634277,-0.15699100494384766,22.625,0.8492245078086853,1,1,20.375,20.25,16.375,-5.875,19.5,0.02,0,0,0,0
driver_top20,clean,ablate,v5_qwen35_4b_157,156,22.5,0.8362606763839722,2.25,1.6305980682373047,1,1,-0.125,-0.006230771541595459,0.0,-0.0462188720703125,7.93596887588501,-0.13173913955688477,22.625,0.8424914479255676,1,1,20.375,20.25,15.5625,-7.0625,19.09375,0.017699115044247787,0,0,0,0
driver_top20,clean,ablate,v5_qwen35_4b_227,226,21.75,0.675369918346405,1.375,0.7325019836425781,1,1,-0.125,-0.010730624198913574,0.0,-0.049373626708984375,6.673780918121338,-0.13533878326416016,21.875,0.6861005425453186,1,1,20.5,20.375,16.375,-5.875,19.125,0.022727272727272728,0,0,0,0
driver_top20,clean,ablate,v5_qwen35_4b_233,232,21.625,0.6589466333389282,1.25,0.6585311889648438,1,1,-0.125,-0.022719740867614746,-0.125,-0.10283088684082031,6.527368068695068,-0.11568164825439453,21.75,0.681666374206543,1,1,20.375,20.375,16.375,-5.875,19.0625,0.023255813953488372,0,0,0,0
driver_top20,clean,ablate,v5_qwen35_4b_235,234,21.75,0.675369918346405,1.375,0.7325019836425781,1,1,-0.125,-0.010730624198913574,0.0,-0.049373626708984375,6.673780918121338,-0.13533878326416016,21.875,0.6861005425453186,1,1,20.5,20.375,16.375,-5.875,19.125,0.022727272727272728,0,0,0,0
driver_top20,clean,ablate,v5_qwen35_4b_248,247,21.75,0.675369918346405,1.375,0.7325019836425781,1,1,-0.125,-0.010730624198913574,0.0,-0.049373626708984375,6.673780918121338,-0.13533878326416016,21.875,0.6861005425453186,1,1,20.5,20.375,16.375,-5.875,19.125,0.022727272727272728,0,0,0,0
driver_top20,clean,ablate,v5_qwen35_4b_250,249,21.75,0.675369918346405,1.375,0.7325019836425781,1,1,-0.125,-0.010730624198913574,0.0,-0.049373626708984375,6.673780918121338,-0.13533878326416016,21.875,0.6861005425453186,1,1,20.5,20.375,16.375,-5.875,19.125,0.022727272727272728,0,0,0,0
driver_top20,clean,ablate,v5_qwen35_4b_261,260,21.625,0.6589466333389282,1.25,0.6585311889648438,1,1,-0.125,-0.022719740867614746,-0.125,-0.10283088684082031,6.527368068695068,-0.11568164825439453,21.75,0.681666374206543,1,1,20.375,20.375,17.625,-4.125,19.6875,0.030303030303030304,0,0,0,0
driver_top20,clean,ablate,v5_qwen35_4b_274,273,21.75,0.6752718687057495,1.375,0.7320518493652344,1,1,-0.125,-0.010670244693756104,0.0,-0.049091339111328125,6.608294486999512,-0.13720464706420898,21.875,0.6859421133995056,1,1,20.5,20.375,17.5,-4.5,19.6875,0.02857142857142857,0,0,0,0
driver_top20,clean,ablate,v5_qwen35_4b_298,297,21.75,0.6792538166046143,1.375,0.7502670288085938,1,1,-0.125,-0.007409870624542236,0.0,-0.034221649169921875,6.6978278160095215,-0.12682104110717773,21.875,0.6866636872291565,1,1,20.5,20.375,17.5,-4.375,19.6875,0.02857142857142857,0,0,0,0
driver_top20,clean,ablate,v5_qwen35_4b_202,201,23.25,0.575566828250885,0.5,0.3045692443847656,1,1,-0.125,-0.0034836530685424805,0.0,-0.014276504516601562,6.623937129974365,-0.14068078994750977,23.375,0.5790504813194275,1,1,22.875,22.75,20.375,-1.875,21.875,0.041666666666666664,0,0,0,0
driver_top20,clean,ablate,v5_qwen35_4b_221,220,24.625,0.5808006525039673,0.375,0.3260517120361328,1,1,0.0,0.029501676559448242,0.125,0.12014007568359375,7.295625686645508,-0.09268617630004883,24.625,0.551298975944519,1,1,24.375,24.25,19.5,-2.875,22.0625,-0.0,0,0,0,0
driver_top20,clean,ablate,v5_qwen35_4b_051,50,23.625,0.5510618090629578,0.375,0.2049407958984375,1,1,0.0,0.02657139301300049,0.125,0.10692024230957031,7.047724723815918,-0.1546316146850586,23.625,0.5244904160499573,1,1,23.375,23.25,19.125,-2.75,21.375,-0.0,0,0,0,0
driver_top20,clean,ablate,v5_qwen35_4b_278,277,23.375,0.5905380845069885,0.625,0.36615753173828125,1,1,0.0,0.024714529514312744,0.125,0.10135650634765625,6.739995002746582,-0.13386917114257812,23.375,0.5658235549926758,1,1,22.875,22.75,19.375,-2.5,21.375,-0.0,0,0,0,0
driver_top20,clean,ablate,v5_qwen35_4b_062,61,23.75,0.5534716248512268,0.375,0.21468544006347656,1,1,0.0,0.0032806992530822754,0.0,0.013263702392578125,7.196258544921875,-0.1597428321838379,23.75,0.5501909255981445,1,1,23.375,23.375,19.5,-2.625,21.625,-0.0,0,0,0,0
driver_top20,clean,ablate,v5_qwen35_4b_068,67,23.75,0.5534716248512268,0.375,0.21468544006347656,1,1,0.0,0.0032806992530822754,0.0,0.013263702392578125,7.196258544921875,-0.1597428321838379,23.75,0.5501909255981445,1,1,23.375,23.375,19.5,-2.625,21.625,-0.0,0,0,0,0
driver_top20,clean,ablate,v5_qwen35_4b_209,208,23.625,0.5227450728416443,0.25,0.09102249145507812,1,1,0.0,0.027578204870224,0.125,0.11037445068359375,6.933995246887207,-0.14372682571411133,23.625,0.4951668679714203,1,1,23.5,23.375,19.5,-2.625,21.5625,-0.0,0,0,0,0
driver_top20,clean,ablate,v5_qwen35_4b_220,219,23.625,0.5227450728416443,0.25,0.09102249145507812,1,1,0.0,0.027578204870224,0.125,0.11037445068359375,6.933995246887207,-0.14372682571411133,23.625,0.4951668679714203,1,1,23.5,23.375,19.5,-2.625,21.5625,-0.0,0,0,0,0
driver_top20,clean,ablate,v5_qwen35_4b_225,224,23.625,0.5227450728416443,0.25,0.09102249145507812,1,1,0.0,0.027578204870224,0.125,0.11037445068359375,6.933995246887207,-0.14372682571411133,23.625,0.4951668679714203,1,1,23.5,23.375,19.5,-2.625,21.5625,-0.0,0,0,0,0
driver_top20,clean,ablate,v5_qwen35_4b_300,299,23.25,0.5405966639518738,0.375,0.1627178192138672,1,1,-0.125,-0.02900749444961548,-0.125,-0.11748886108398438,6.815248012542725,-0.13166141510009766,23.375,0.5696041584014893,1,1,22.875,22.875,19.625,-2.5,21.5,0.03333333333333333,0,0,0,0
driver_top20,clean,ablate,v5_qwen35_4b_293,292,24.75,0.9475374817848206,3.625,2.893707275390625,1,1,0.0,0.0040403008460998535,0.125,0.07846641540527344,6.584153652191162,-0.13327455520629883,24.75,0.9434971809387207,1,1,21.25,21.125,19.375,-3.0,22.0625,-0.0,0,0,0,0
driver_top20,clean,ablate,v5_qwen35_4b_066,65,23.625,0.57146155834198,0.5,0.2877922058105469,1,1,-0.125,-0.0016562342643737793,0.0,-0.00676727294921875,6.9446001052856445,-0.15151023864746094,23.75,0.5731177926063538,1,1,23.25,23.125,19.375,-2.625,21.5625,0.02857142857142857,0,0,0,0
driver_top20,clean,ablate,v5_qwen35_4b_197,196,23.25,0.47418642044067383,0.125,-0.10336875915527344,1,1,-0.125,-0.005394011735916138,0.0,-0.021623611450195312,6.408087730407715,-0.1498584747314453,23.375,0.47958043217658997,1,1,23.25,23.125,19.375,-2.375,21.375,0.03125,0,0,0,0
driver_top20,clean,ablate,v5_qwen35_4b_074,73,24.0,0.6136984825134277,0.625,0.4628639221191406,1,1,-0.125,-0.00043517351150512695,0.0,-0.0018367767333984375,7.364679336547852,-0.15561199188232422,24.125,0.6141336560249329,1,1,23.5,23.375,19.625,-2.625,21.875,0.027777777777777776,0,0,0,0
driver_top20,clean,ablate,v5_qwen35_4b_189,188,23.375,0.5387355089187622,0.375,0.1552257537841797,1,1,0.0,0.02853637933731079,0.125,0.11445045471191406,6.214875221252441,-0.14698553085327148,23.375,0.5101991295814514,1,1,23.125,23.0,19.125,-3.375,21.25,-0.0,0,0,0,0
driver_top20,clean,ablate,v5_qwen35_4b_223,222,23.625,0.5203642845153809,0.25,0.08148193359375,1,1,-0.125,-0.0011739730834960938,0.0,-0.0047054290771484375,6.982976913452148,-0.13459253311157227,23.75,0.521538257598877,1,1,23.5,23.375,19.625,-2.375,21.6875,0.030303030303030304,0,0,0,0
driver_top20,clean,ablate,v5_qwen35_4b_266,265,23.5,0.624006986618042,0.75,0.5065631866455078,1,1,-0.125,-0.005239248275756836,0.0,-0.022396087646484375,6.984082221984863,-0.1379842758178711,23.625,0.6292462348937988,1,1,22.875,22.75,19.5,-2.375,21.5625,0.030303030303030304,0,0,0,0
driver_top20,clean,ablate,v5_qwen35_4b_287,286,23.125,0.529574990272522,0.375,0.11841011047363281,1,1,0.0,0.02869868278503418,0.125,0.11493110656738281,6.759273052215576,-0.15425777435302734,23.125,0.5008763074874878,1,1,22.875,22.75,19.625,-2.375,21.375,-0.0,0,0,0,0
driver_top20,clean,ablate,v5_qwen35_4b_058,57,23.375,0.5210300087928772,0.25,0.08414649963378906,1,1,-0.125,-0.0020110011100769043,0.0,-0.008062362670898438,6.901435375213623,-0.16038131713867188,23.5,0.5230410099029541,1,1,23.25,23.125,19.625,-2.875,21.5625,0.03225806451612903,0,0,0,0
driver_top20,clean,ablate,v5_qwen35_4b_060,59,23.875,0.581322431564331,0.5,0.3281822204589844,1,1,-0.125,-0.0030333995819091797,0.0,-0.012479782104492188,7.410763740539551,-0.16249513626098633,24.0,0.5843558311462402,1,1,23.5,23.375,19.5,-2.5,21.75,0.027777777777777776,0,0,0,0
driver_top20,clean,ablate,v5_qwen35_4b_201,200,23.5,0.5109359622001648,0.25,0.04372978210449219,1,1,-0.125,-0.0014851689338684082,0.0,-0.0059452056884765625,6.867345333099365,-0.15440130233764648,23.625,0.5124211311340332,1,1,23.375,23.25,19.625,-2.5,21.625,0.03125,0,0,0,0
driver_top20,clean,ablate,v5_qwen35_4b_217,216,23.75,0.5792417526245117,0.5,0.3196392059326172,1,1,0.0,0.026621460914611816,0.125,0.10839653015136719,6.790646076202393,-0.13888978958129883,23.75,0.5526202917098999,1,1,23.375,23.25,19.5,-2.625,21.625,-0.0,0,0,0,0
driver_top20,clean,ablate,v5_qwen35_4b_218,217,23.5,0.5119736790657043,0.25,0.047882080078125,1,1,-0.125,-0.004758477210998535,0.0,-0.019052505493164062,6.817072868347168,-0.14490318298339844,23.625,0.5167321562767029,1,1,23.375,23.25,19.625,-2.625,21.625,0.03125,0,0,0,0
driver_top20,clean,ablate,v5_qwen35_4b_275,274,23.125,0.5243203639984131,0.375,0.09733009338378906,1,1,-0.125,-0.005012214183807373,0.0,-0.020107269287109375,6.728131294250488,-0.13630437850952148,23.25,0.5293325781822205,1,1,22.875,22.75,19.625,-2.625,21.4375,0.034482758620689655,0,0,0,0
driver_top20,clean,ablate,v5_qwen35_4b_297,296,23.25,0.5637680888175964,0.5,0.256439208984375,1,1,0.0,0.028454720973968506,0.125,0.11497688293457031,6.862475395202637,-0.15354108810424805,23.25,0.5353133678436279,1,1,22.875,22.75,19.75,-2.375,21.5,-0.0,0,0,0,0
driver_top20,clean,ablate,v5_qwen35_4b_050,49,23.75,0.6094157695770264,0.625,0.44483375549316406,1,1,-0.125,-0.002141118049621582,0.0,-0.009006500244140625,7.249683856964111,-0.1545696258544922,23.875,0.611556887626648,1,1,23.25,23.125,19.625,-2.5,21.75,0.029411764705882353,0,0,0,0
driver_top20,clean,ablate,v5_qwen35_4b_063,62,23.75,0.6094157695770264,0.625,0.44483375549316406,1,1,-0.125,-0.002141118049621582,0.0,-0.009006500244140625,7.249683856964111,-0.1545696258544922,23.875,0.611556887626648,1,1,23.25,23.125,19.625,-2.5,21.75,0.029411764705882353,0,0,0,0
driver_top20,clean,ablate,v5_qwen35_4b_067,66,23.75,0.6094157695770264,0.625,0.44483375549316406,1,1,-0.125,-0.002141118049621582,0.0,-0.009006500244140625,7.249683856964111,-0.1545696258544922,23.875,0.611556887626648,1,1,23.25,23.125,19.625,-2.5,21.75,0.029411764705882353,0,0,0,0
driver_top20,clean,ablate,v5_qwen35_4b_075,74,23.75,0.6094157695770264,0.625,0.44483375549316406,1,1,-0.125,-0.002141118049621582,0.0,-0.009006500244140625,7.249683856964111,-0.1545696258544922,23.875,0.611556887626648,1,1,23.25,23.125,19.625,-2.5,21.75,0.029411764705882353,0,0,0,0
driver_top20,clean,ablate,v5_qwen35_4b_198,197,23.625,0.5533961057662964,0.375,0.21438026428222656,1,1,-0.125,-0.003273308277130127,0.0,-0.013256072998046875,7.049522876739502,-0.14119434356689453,23.75,0.5566694140434265,1,1,23.375,23.25,19.875,-2.0,21.8125,0.03225806451612903,0,0,0,0
driver_top20,clean,ablate,v5_qwen35_4b_219,218,23.75,0.5825015902519226,0.5,0.33302879333496094,1,1,0.0,0.02934122085571289,0.125,0.11960220336914062,7.11415433883667,-0.14337635040283203,23.75,0.5531603693962097,1,1,23.375,23.25,19.625,-2.5,21.6875,-0.0,0,0,0,0
driver_top20,clean,ablate,v5_qwen35_4b_253,252,23.125,0.533370852470398,0.375,0.1336536407470703,1,1,-0.125,-0.030051231384277344,-0.125,-0.12137794494628906,6.83038854598999,-0.1538257598876953,23.25,0.5634220838546753,1,1,22.75,22.75,19.625,-2.5,21.4375,0.034482758620689655,0,0,0,0
driver_top20,clean,ablate,v5_qwen35_4b_200,199,24.0,0.7406250238418579,1.25,1.0491886138916016,1,1,-0.125,-0.022234082221984863,-0.125,-0.11919784545898438,7.972982406616211,-0.14508342742919922,24.125,0.7628591060638428,1,1,22.75,22.75,19.75,-2.25,21.9375,0.02857142857142857,0,0,0,0
driver_top20,clean,ablate,v5_qwen35_4b_031,30,23.625,0.6420206427574158,0.875,0.5841140747070312,1,1,-0.125,-0.005525946617126465,0.0,-0.024127960205078125,6.2133893966674805,-0.1460280418395996,23.75,0.6475465893745422,1,1,22.875,22.75,19.25,-3.0,21.5,0.027777777777777776,0,0,0,0
driver_top20,clean,ablate,v5_qwen35_4b_163,162,23.5,0.6111137270927429,0.75,0.45196533203125,1,1,0.0,0.02371293306350708,0.125,0.09876632690429688,5.751092910766602,-0.13367223739624023,23.5,0.5874007940292358,1,1,22.875,22.75,19.75,-1.875,21.625,-0.0,0,0,0,0
driver_top20,clean,ablate,v5_qwen35_4b_184,183,23.25,0.5146507024765015,0.25,0.05859375,1,1,-0.125,-0.004859030246734619,0.0,-0.019460678100585938,6.6750807762146,-0.1459341049194336,23.375,0.5195097327232361,1,1,23.125,23.0,20.0,-1.75,21.6875,0.037037037037037035,0,0,0,0
driver_top20,clean,ablate,v5_qwen35_4b_191,190,23.5,0.6111137270927429,0.75,0.45196533203125,1,1,0.0,0.02371293306350708,0.125,0.09876632690429688,5.751092910766602,-0.13367223739624023,23.5,0.5874007940292358,1,1,22.875,22.75,19.25,-3.0,21.375,-0.0,0,0,0,0
driver_top20,clean,ablate,v5_qwen35_4b_192,191,23.5,0.6111137270927429,0.75,0.45196533203125,1,1,0.0,0.02371293306350708,0.125,0.09876632690429688,5.751092910766602,-0.13367223739624023,23.5,0.5874007940292358,1,1,22.875,22.75,19.25,-3.0,21.375,-0.0,0,0,0,0
driver_top20,clean,ablate,v5_qwen35_4b_022,21,23.75,0.6713723540306091,1.0,0.7143669128417969,1,1,0.0,0.022549152374267578,0.125,0.10052680969238281,6.311559677124023,-0.16069412231445312,23.75,0.6488232016563416,1,1,22.875,22.75,19.625,-2.0,21.6875,-0.0,0,0,0,0
driver_top20,clean,ablate,v5_qwen35_4b_034,33,23.125,0.5251580476760864,0.375,0.10068511962890625,1,1,-0.125,-0.00249403715133667,0.0,-0.010005950927734375,6.0489630699157715,-0.15859699249267578,23.25,0.5276520848274231,1,1,22.875,22.75,19.375,-3.0,21.3125,0.03225806451612903,0,0,0,0
driver_top20,clean,ablate,v5_qwen35_4b_061,60,23.75,0.6713723540306091,1.0,0.7143669128417969,1,1,0.0,0.022549152374267578,0.125,0.10052680969238281,6.311559677124023,-0.16069412231445312,23.75,0.6488232016563416,1,1,22.875,22.75,19.75,-3.0,21.75,-0.0,0,0,0,0
driver_top20,clean,ablate,v5_qwen35_4b_069,68,23.125,0.5251580476760864,0.375,0.10068511962890625,1,1,-0.125,-0.00249403715133667,0.0,-0.010005950927734375,6.0489630699157715,-0.15859699249267578,23.25,0.5276520848274231,1,1,22.875,22.75,19.875,-3.0,21.5625,0.037037037037037035,0,0,0,0
driver_top20,clean,ablate,v5_qwen35_4b_162,161,23.625,0.6423320174217224,0.875,0.5854682922363281,1,1,0.0,0.023724019527435303,0.125,0.1018524169921875,6.010130882263184,-0.13672685623168945,23.625,0.6186079978942871,1,1,22.875,22.75,19.625,-2.0,21.625,-0.0,0,0,0,0
driver_top20,clean,ablate,v5_qwen35_4b_165,164,23.25,0.5389430522918701,0.375,0.15605926513671875,1,1,-0.125,-0.005409300327301025,0.0,-0.021787643432617188,6.021304607391357,-0.14413928985595703,23.375,0.5443523526191711,1,1,23.0,22.875,19.625,-2.25,21.5,0.03333333333333333,0,0,0,0
driver_top20,clean,ablate,v5_qwen35_4b_176,175,23.625,0.6423320174217224,0.875,0.5854682922363281,1,1,0.0,0.023724019527435303,0.125,0.1018524169921875,6.010130882263184,-0.13672685623168945,23.625,0.6186079978942871,1,1,22.875,22.75,19.625,-2.0,21.625,-0.0,0,0,0,0
driver_top20,clean,ablate,v5_qwen35_4b_177,176,23.625,0.6423320174217224,0.875,0.5854682922363281,1,1,0.0,0.023724019527435303,0.125,0.1018524169921875,6.010130882263184,-0.13672685623168945,23.625,0.6186079978942871,1,1,22.875,22.75,19.625,-2.0,21.625,-0.0,0,0,0,0
driver_top20,clean,ablate,v5_qwen35_4b_211,210,23.625,0.6200841665267944,0.75,0.48987579345703125,1,1,0.0,0.0011917948722839355,0.0,0.005054473876953125,6.084432601928711,-0.1493062973022461,23.625,0.6188923716545105,1,1,22.875,22.875,19.75,-3.0,21.6875,-0.0,0,0,0,0
driver_top20,clean,ablate,v5_qwen35_4b_246,245,22.5,0.4322628080844879,0.25,-0.27266883850097656,1,1,0.0,0.026232153177261353,0.125,0.10777091979980469,5.815182685852051,-0.12944936752319336,22.5,0.40603065490722656,1,1,22.375,22.25,19.375,-2.875,20.9375,-0.0,0,0,0,0
driver_top20,clean,ablate,v5_qwen35_4b_268,267,22.5,0.4322628080844879,0.25,-0.27266883850097656,1,1,0.0,0.026232153177261353,0.125,0.10777091979980469,5.815182685852051,-0.12944936752319336,22.5,0.40603065490722656,1,1,22.375,22.25,19.75,-3.0,21.125,-0.0,0,0,0,0
driver_top20,clean,ablate,v5_qwen35_4b_032,31,23.75,0.6175922751426697,0.625,0.47931861877441406,1,1,0.0,0.026725292205810547,0.125,0.11178970336914062,6.481826305389404,-0.17192459106445312,23.75,0.5908669829368591,1,1,23.25,23.125,19.5,-2.75,21.625,-0.0,0,0,0,0
driver_top20,clean,ablate,v5_qwen35_4b_194,193,23.375,0.5405502915382385,0.375,0.16252899169921875,1,1,-0.125,-0.002575218677520752,0.0,-0.0103759765625,5.894749641418457,-0.15270662307739258,23.5,0.5431255102157593,1,1,23.125,23.0,19.375,-2.875,21.4375,0.030303030303030304,0,0,0,0
driver_top20,clean,ablate,v5_qwen35_4b_195,194,23.625,0.5187499523162842,0.25,0.07501411437988281,1,1,0.0,0.0004665851593017578,0.0,0.00186920166015625,7.088159561157227,-0.1427626609802246,23.625,0.5182833671569824,1,1,23.375,23.375,19.375,-2.625,21.5,-0.0,0,0,0,0
driver_top20,clean,ablate,v5_qwen35_4b_019,18,23.25,0.5447000861167908,0.5,0.1792469024658203,1,1,0.0,0.02391904592514038,0.125,0.09610366821289062,6.320716857910156,-0.16047096252441406,23.25,0.5207810401916504,1,1,22.875,22.75,19.25,-2.75,21.25,-0.0,0,0,0,0
driver_top20,clean,ablate,v5_qwen35_4b_056,55,24.25,0.7039120197296143,1.0,0.8659744262695312,1,1,0.0,0.024305641651153564,0.125,0.11403083801269531,6.539206504821777,-0.15977859497070312,24.25,0.6796063780784607,1,1,23.375,23.25,19.25,-3.625,21.75,-0.0,0,0,0,0
driver_top20,clean,ablate,v5_qwen35_4b_057,56,23.875,0.6201096177101135,0.625,0.4899921417236328,1,1,-0.125,-0.003279447555541992,0.0,-0.013946533203125,6.416746139526367,-0.14456558227539062,24.0,0.6233890652656555,1,1,23.375,23.25,19.375,-3.5,21.6875,0.02702702702702703,0,0,0,0
driver_top20,clean,ablate,v5_qwen35_4b_190,189,24.125,0.6520670652389526,0.75,0.6281185150146484,1,1,-0.125,-0.027435243129730225,-0.125,-0.12334823608398438,6.56357479095459,-0.1551365852355957,24.25,0.6795023083686829,1,1,23.375,23.375,19.375,-2.75,21.8125,0.02564102564102564,0,0,0,0
driver_top20,clean,ablate,v5_qwen35_4b_199,198,24.0,0.624442994594574,0.625,0.5084304809570312,1,1,0.0,0.025944113731384277,0.125,0.10923385620117188,6.574301242828369,-0.14356756210327148,24.0,0.5984988808631897,1,1,23.5,23.375,19.375,-2.875,21.6875,-0.0,0,0,0,0
driver_top20,clean,ablate,v5_qwen35_4b_240,239,23.625,0.6265271902084351,0.75,0.5173206329345703,1,1,-0.125,-0.027854323387145996,-0.125,-0.12100601196289062,6.433722972869873,-0.14994001388549805,23.75,0.654381513595581,1,1,22.875,22.875,19.375,-2.75,21.5625,0.02857142857142857,0,0,0,0
driver_top20,clean,ablate,v5_qwen35_4b_279,278,23.625,0.6257671117782593,0.75,0.5140724182128906,1,1,0.0,0.02469247579574585,0.125,0.104156494140625,6.377861976623535,-0.13036441802978516,23.625,0.6010746359825134,1,1,23.0,22.875,19.25,-3.625,21.4375,-0.0,0,0,0,0
driver_top20,clean,ablate,v5_qwen35_4b_173,172,23.375,0.5372400283813477,0.375,0.14920806884765625,1,1,-0.125,-0.003954589366912842,0.0,-0.015916824340820312,6.465854167938232,-0.14206171035766602,23.5,0.5411946177482605,1,1,23.125,23.0,19.25,-2.75,21.375,0.029411764705882353,0,0,0,0
driver_top20,clean,ablate,v5_qwen35_4b_193,192,24.125,0.670893669128418,0.875,0.7122116088867188,1,1,-0.125,-0.0032775402069091797,0.0,-0.014883041381835938,8.13583755493164,-0.1621389389038086,24.25,0.6741712093353271,1,1,23.375,23.25,19.375,-2.5,21.8125,0.02564102564102564,0,0,0,0
driver_top20,clean,ablate,v5_qwen35_4b_196,195,23.625,0.5248220562934875,0.25,0.0993499755859375,1,1,0.0,0.0010533928871154785,0.0,0.0042247772216796875,7.231035232543945,-0.1559772491455078,23.625,0.5237686634063721,1,1,23.375,23.375,19.75,-2.25,21.6875,-0.0,0,0,0,0
driver_top20,clean,ablate,v5_qwen35_4b_207,206,23.375,0.5602915287017822,0.5,0.24231338500976562,1,1,0.0,0.025371253490447998,0.125,0.10243415832519531,6.387297630310059,-0.1403336524963379,23.375,0.5349202752113342,1,1,23.0,22.875,19.75,-3.25,21.5625,-0.0,0,0,0,0
driver_top20,clean,ablate,v5_qwen35_4b_210,209,23.625,0.501126766204834,0.125,0.0044879913330078125,1,1,0.0,0.00015485286712646484,0.0,0.00061798095703125,7.078907012939453,-0.12952756881713867,23.625,0.5009719133377075,1,1,23.5,23.5,19.5,-2.875,21.5625,-0.0,0,0,0,0
driver_top20,clean,ablate,v5_qwen35_4b_071,70,23.5,0.7209147214889526,1.375,0.9489688873291016,1,1,0.0,0.017394065856933594,0.125,0.08488082885742188,11.282011985778809,-0.16069316864013672,23.5,0.703520655632019,1,1,22.25,22.125,19.375,-3.0,21.4375,-0.0,0,0,0,0
driver_top20,clean,ablate,v5_qwen35_4b_170,169,23.375,0.643730103969574,0.875,0.5915603637695312,1,1,0.0,0.02789098024368286,0.125,0.11966514587402344,6.395589351654053,-0.11974668502807617,23.375,0.6158391237258911,1,1,22.625,22.5,18.875,-2.625,21.125,-0.0,0,0,0,0
driver_top20,clean,ablate,v5_qwen35_4b_178,177,23.5,0.6036030650138855,0.625,0.4204730987548828,1,1,-0.125,-0.0022920966148376465,0.0,-0.00959014892578125,6.094125747680664,-0.12903165817260742,23.625,0.6058951616287231,1,1,23.0,22.875,19.875,-1.5,21.75,0.03333333333333333,0,0,0,0
driver_top20,clean,ablate,v5_qwen35_4b_175,174,22.875,0.4691249430179596,0.125,-0.12368583679199219,1,1,0.0,0.029159605503082275,0.125,0.11764717102050781,5.5377326011657715,-0.14391565322875977,22.875,0.4399653375148773,1,0,22.875,22.75,19.0,-2.875,20.9375,-0.0,0,0,0,0
driver_top20,clean,ablate,v5_qwen35_4b_171,170,24.125,0.7199414968490601,1.125,0.9441452026367188,1,1,0.0,0.02239614725112915,0.125,0.10853195190429688,6.659628868103027,-0.1385507583618164,24.125,0.6975453495979309,1,1,23.125,23.0,19.875,-1.375,22.0,-0.0,0,0,0,0
driver_top20,clean,ablate,v5_qwen35_4b_009,8,23.625,0.6075997352600098,0.625,0.4372081756591797,1,1,0.0,0.025761723518371582,0.125,0.10690879821777344,7.227785587310791,-0.1734771728515625,23.625,0.5818380117416382,1,1,23.125,23.0,19.0,-3.0,21.3125,-0.0,0,0,0,0
driver_top20,clean,ablate,v5_qwen35_4b_052,51,23.75,0.6725857853889465,1.0,0.7198734283447266,1,1,0.0,0.02505648136138916,0.125,0.11170578002929688,6.053643226623535,-0.1545095443725586,23.75,0.6475293040275574,1,1,22.875,22.75,20.25,-2.75,22.0,-0.0,0,0,0,0
driver_top20,clean,ablate,v5_qwen35_4b_076,75,21.125,0.44578227400779724,0.375,-0.21778488159179688,1,1,-0.125,-0.01297670602798462,0.0,-0.052387237548828125,8.230789184570312,-0.14644622802734375,21.25,0.45875898003578186,1,1,20.875,20.75,15.875,-7.25,18.5625,0.023255813953488372,0,0,0,0
driver_top20,clean,ablate,v5_qwen35_4b_077,76,21.125,0.44578227400779724,0.375,-0.21778488159179688,1,1,-0.125,-0.01297670602798462,0.0,-0.052387237548828125,8.230789184570312,-0.14644622802734375,21.25,0.45875898003578186,1,1,20.875,20.75,15.875,-7.25,18.5625,0.023255813953488372,0,0,0,0
driver_top20,clean,ablate,v5_qwen35_4b_078,77,21.125,0.44578227400779724,0.375,-0.21778488159179688,1,1,-0.125,-0.01297670602798462,0.0,-0.052387237548828125,8.230789184570312,-0.14644622802734375,21.25,0.45875898003578186,1,1,20.875,20.75,15.875,-7.25,18.5625,0.023255813953488372,0,0,0,0
driver_top20,clean,ablate,v5_qwen35_4b_079,78,21.125,0.44578227400779724,0.375,-0.21778488159179688,1,1,-0.125,-0.01297670602798462,0.0,-0.052387237548828125,8.230789184570312,-0.14644622802734375,21.25,0.45875898003578186,1,1,20.875,20.75,15.875,-7.25,18.5625,0.023255813953488372,0,0,0,0
driver_top20,clean,ablate,v5_qwen35_4b_080,79,21.125,0.44578227400779724,0.375,-0.21778488159179688,1,1,-0.125,-0.01297670602798462,0.0,-0.052387237548828125,8.230789184570312,-0.14644622802734375,21.25,0.45875898003578186,1,1,20.875,20.75,15.875,-7.25,18.5625,0.023255813953488372,0,0,0,0
driver_top20,clean,ablate,v5_qwen35_4b_081,80,21.125,0.44578227400779724,0.375,-0.21778488159179688,1,1,-0.125,-0.01297670602798462,0.0,-0.052387237548828125,8.230789184570312,-0.14644622802734375,21.25,0.45875898003578186,1,1,20.875,20.75,15.875,-7.25,18.5625,0.023255813953488372,0,0,0,0
driver_top20,clean,ablate,v5_qwen35_4b_082,81,21.125,0.44578227400779724,0.375,-0.21778488159179688,1,1,-0.125,-0.01297670602798462,0.0,-0.052387237548828125,8.230789184570312,-0.14644622802734375,21.25,0.45875898003578186,1,1,20.875,20.75,15.875,-7.25,18.5625,0.023255813953488372,0,0,0,0
driver_top20,clean,ablate,v5_qwen35_4b_083,82,21.125,0.4463891386985779,0.375,-0.2153301239013672,1,1,-0.125,-0.019235461950302124,0.0,-0.0775604248046875,8.217853546142578,-0.15041351318359375,21.25,0.46562460064888,1,1,20.875,20.75,15.9375,-7.3125,18.59375,0.023529411764705882,0,0,0,0
driver_top20,clean,ablate,v5_qwen35_4b_084,83,21.125,0.4463891386985779,0.375,-0.2153301239013672,1,1,-0.125,-0.019235461950302124,0.0,-0.0775604248046875,8.217853546142578,-0.15041351318359375,21.25,0.46562460064888,1,1,20.875,20.75,15.9375,-7.3125,18.59375,0.023529411764705882,0,0,0,0
driver_top20,clean,ablate,v5_qwen35_4b_087,86,21.125,0.4463891386985779,0.375,-0.2153301239013672,1,1,-0.125,-0.019235461950302124,0.0,-0.0775604248046875,8.217853546142578,-0.15041351318359375,21.25,0.46562460064888,1,1,20.875,20.75,15.9375,-7.3125,18.59375,0.023529411764705882,0,0,0,0
driver_top20,clean,ablate,v5_qwen35_4b_088,87,21.125,0.4463891386985779,0.375,-0.2153301239013672,1,1,-0.125,-0.019235461950302124,0.0,-0.0775604248046875,8.217853546142578,-0.15041351318359375,21.25,0.46562460064888,1,1,20.875,20.75,15.9375,-7.3125,18.59375,0.023529411764705882,0,0,0,0
driver_top20,clean,ablate,v5_qwen35_4b_089,88,21.125,0.4463891386985779,0.375,-0.2153301239013672,1,1,-0.125,-0.019235461950302124,0.0,-0.0775604248046875,8.217853546142578,-0.15041351318359375,21.25,0.46562460064888,1,1,20.875,20.75,15.9375,-7.3125,18.59375,0.023529411764705882,0,0,0,0
driver_top20,clean,ablate,v5_qwen35_4b_090,89,21.125,0.4463891386985779,0.375,-0.2153301239013672,1,1,-0.125,-0.019235461950302124,0.0,-0.0775604248046875,8.217853546142578,-0.15041351318359375,21.25,0.46562460064888,1,1,20.875,20.75,15.9375,-7.3125,18.59375,0.023529411764705882,0,0,0,0
driver_top20,clean,ablate,v5_qwen35_4b_091,90,21.125,0.4463891386985779,0.375,-0.2153301239013672,1,1,-0.125,-0.019235461950302124,0.0,-0.0775604248046875,8.217853546142578,-0.15041351318359375,21.25,0.46562460064888,1,1,20.875,20.75,15.9375,-7.3125,18.59375,0.023529411764705882,0,0,0,0
driver_top20,clean,ablate,v5_qwen35_4b_092,91,21.125,0.4463891386985779,0.375,-0.2153301239013672,1,1,-0.125,-0.019235461950302124,0.0,-0.0775604248046875,8.217853546142578,-0.15041351318359375,21.25,0.46562460064888,1,1,20.875,20.75,15.9375,-7.3125,18.59375,0.023529411764705882,0,0,0,0
driver_top20,clean,ablate,v5_qwen35_4b_093,92,21.125,0.4463891386985779,0.375,-0.2153301239013672,1,1,-0.125,-0.019235461950302124,0.0,-0.0775604248046875,8.217853546142578,-0.15041351318359375,21.25,0.46562460064888,1,1,20.875,20.75,15.9375,-7.3125,18.59375,0.023529411764705882,0,0,0,0
driver_top20,clean,ablate,v5_qwen35_4b_094,93,21.125,0.4463891386985779,0.375,-0.2153301239013672,1,1,-0.125,-0.019235461950302124,0.0,-0.0775604248046875,8.217853546142578,-0.15041351318359375,21.25,0.46562460064888,1,1,20.875,20.75,15.9375,-7.3125,18.59375,0.023529411764705882,0,0,0,0
driver_top20,clean,ablate,v5_qwen35_4b_095,94,21.125,0.4463891386985779,0.375,-0.2153301239013672,1,1,-0.125,-0.019235461950302124,0.0,-0.0775604248046875,8.217853546142578,-0.15041351318359375,21.25,0.46562460064888,1,1,20.875,20.75,15.9375,-7.3125,18.59375,0.023529411764705882,0,0,0,0
driver_top20,clean,ablate,v5_qwen35_4b_096,95,21.125,0.4463891386985779,0.375,-0.2153301239013672,1,1,-0.125,-0.019235461950302124,0.0,-0.0775604248046875,8.217853546142578,-0.15041351318359375,21.25,0.46562460064888,1,1,20.875,20.75,15.9375,-7.3125,18.59375,0.023529411764705882,0,0,0,0
driver_top20,clean,ablate,v5_qwen35_4b_097,96,21.125,0.4463891386985779,0.375,-0.2153301239013672,1,1,-0.125,-0.019235461950302124,0.0,-0.0775604248046875,8.217853546142578,-0.15041351318359375,21.25,0.46562460064888,1,1,20.875,20.75,15.9375,-7.3125,18.59375,0.023529411764705882,0,0,0,0
driver_top20,clean,ablate,v5_qwen35_4b_099,98,21.125,0.4463891386985779,0.375,-0.2153301239013672,1,1,-0.125,-0.019235461950302124,0.0,-0.0775604248046875,8.217853546142578,-0.15041351318359375,21.25,0.46562460064888,1,1,20.875,20.75,15.9375,-7.3125,18.59375,0.023529411764705882,0,0,0,0
driver_top20,clean,ablate,v5_qwen35_4b_100,99,21.125,0.4463891386985779,0.375,-0.2153301239013672,1,1,-0.125,-0.019235461950302124,0.0,-0.0775604248046875,8.217853546142578,-0.15041351318359375,21.25,0.46562460064888,1,1,20.875,20.75,15.9375,-7.3125,18.59375,0.023529411764705882,0,0,0,0
driver_top20,clean,ablate,v5_qwen35_4b_101,100,21.125,0.4463891386985779,0.375,-0.2153301239013672,1,1,-0.125,-0.019235461950302124,0.0,-0.0775604248046875,8.217853546142578,-0.15041351318359375,21.25,0.46562460064888,1,1,20.875,20.75,15.9375,-7.3125,18.59375,0.023529411764705882,0,0,0,0
driver_top20,clean,ablate,v5_qwen35_4b_102,101,21.125,0.4463891386985779,0.375,-0.2153301239013672,1,1,-0.125,-0.019235461950302124,0.0,-0.0775604248046875,8.217853546142578,-0.15041351318359375,21.25,0.46562460064888,1,1,20.875,20.75,15.9375,-7.3125,18.59375,0.023529411764705882,0,0,0,0
driver_top20,clean,ablate,v5_qwen35_4b_103,102,21.125,0.4463891386985779,0.375,-0.2153301239013672,1,1,-0.125,-0.019235461950302124,0.0,-0.0775604248046875,8.217853546142578,-0.15041351318359375,21.25,0.46562460064888,1,1,20.875,20.75,15.9375,-7.3125,18.59375,0.023529411764705882,0,0,0,0
driver_top20,clean,ablate,v5_qwen35_4b_104,103,21.125,0.4463891386985779,0.375,-0.2153301239013672,1,1,-0.125,-0.019235461950302124,0.0,-0.0775604248046875,8.217853546142578,-0.15041351318359375,21.25,0.46562460064888,1,1,20.875,20.75,15.9375,-7.3125,18.59375,0.023529411764705882,0,0,0,0
driver_top20,clean,ablate,v5_qwen35_4b_105,104,21.125,0.4463891386985779,0.375,-0.2153301239013672,1,1,-0.125,-0.019235461950302124,0.0,-0.0775604248046875,8.217853546142578,-0.15041351318359375,21.25,0.46562460064888,1,1,20.875,20.75,15.9375,-7.3125,18.59375,0.023529411764705882,0,0,0,0
driver_top20,clean,ablate,v5_qwen35_4b_106,105,21.125,0.4463891386985779,0.375,-0.2153301239013672,1,1,-0.125,-0.019235461950302124,0.0,-0.0775604248046875,8.217853546142578,-0.15041351318359375,21.25,0.46562460064888,1,1,20.875,20.75,15.9375,-7.3125,18.59375,0.023529411764705882,0,0,0,0
driver_top20,clean,ablate,v5_qwen35_4b_107,106,21.125,0.4463891386985779,0.375,-0.2153301239013672,1,1,-0.125,-0.019235461950302124,0.0,-0.0775604248046875,8.217853546142578,-0.15041351318359375,21.25,0.46562460064888,1,1,20.875,20.75,15.9375,-7.3125,18.59375,0.023529411764705882,0,0,0,0
driver_top20,clean,ablate,v5_qwen35_4b_108,107,21.125,0.4463891386985779,0.375,-0.2153301239013672,1,1,-0.125,-0.019235461950302124,0.0,-0.0775604248046875,8.217853546142578,-0.15041351318359375,21.25,0.46562460064888,1,1,20.875,20.75,15.9375,-7.3125,18.59375,0.023529411764705882,0,0,0,0
driver_top20,clean,ablate,v5_qwen35_4b_109,108,21.125,0.4463891386985779,0.375,-0.2153301239013672,1,1,-0.125,-0.019235461950302124,0.0,-0.0775604248046875,8.217853546142578,-0.15041351318359375,21.25,0.46562460064888,1,1,20.875,20.75,15.9375,-7.3125,18.59375,0.023529411764705882,0,0,0,0
driver_top20,clean,ablate,v5_qwen35_4b_110,109,21.125,0.4463891386985779,0.375,-0.2153301239013672,1,1,-0.125,-0.019235461950302124,0.0,-0.0775604248046875,8.217853546142578,-0.15041351318359375,21.25,0.46562460064888,1,1,20.875,20.75,15.9375,-7.3125,18.59375,0.023529411764705882,0,0,0,0
driver_top20,clean,ablate,v5_qwen35_4b_111,110,21.125,0.4463891386985779,0.375,-0.2153301239013672,1,1,-0.125,-0.019235461950302124,0.0,-0.0775604248046875,8.217853546142578,-0.15041351318359375,21.25,0.46562460064888,1,1,20.875,20.75,15.9375,-7.3125,18.59375,0.023529411764705882,0,0,0,0
driver_top20,clean,ablate,v5_qwen35_4b_112,111,21.125,0.4463891386985779,0.375,-0.2153301239013672,1,1,-0.125,-0.019235461950302124,0.0,-0.0775604248046875,8.217853546142578,-0.15041351318359375,21.25,0.46562460064888,1,1,20.875,20.75,15.9375,-7.3125,18.59375,0.023529411764705882,0,0,0,0
driver_top20,clean,ablate,v5_qwen35_4b_116,115,21.125,0.4463891386985779,0.375,-0.2153301239013672,1,1,-0.125,-0.019235461950302124,0.0,-0.0775604248046875,8.217853546142578,-0.15041351318359375,21.25,0.46562460064888,1,1,20.875,20.75,16.625,-6.5,18.9375,0.02702702702702703,0,0,0,0
driver_top20,clean,ablate,v5_qwen35_4b_129,128,21.125,0.4463891386985779,0.375,-0.2153301239013672,1,1,-0.125,-0.019235461950302124,0.0,-0.0775604248046875,8.217853546142578,-0.15041351318359375,21.25,0.46562460064888,1,1,20.875,20.75,16.625,-6.5,18.9375,0.02702702702702703,0,0,0,0
driver_top20,clean,ablate,v5_qwen35_4b_132,131,21.125,0.4463891386985779,0.375,-0.2153301239013672,1,1,-0.125,-0.019235461950302124,0.0,-0.0775604248046875,8.217853546142578,-0.15041351318359375,21.25,0.46562460064888,1,1,20.875,20.75,16.625,-6.5,18.9375,0.02702702702702703,0,0,0,0
driver_top20,clean,ablate,v5_qwen35_4b_138,137,21.125,0.4463891386985779,0.375,-0.2153301239013672,1,1,-0.125,-0.019235461950302124,0.0,-0.0775604248046875,8.217853546142578,-0.15041351318359375,21.25,0.46562460064888,1,1,20.875,20.75,16.625,-6.5,18.9375,0.02702702702702703,0,0,0,0
driver_top20,clean,ablate,v5_qwen35_4b_143,142,21.125,0.4463891386985779,0.375,-0.2153301239013672,1,1,-0.125,-0.019235461950302124,0.0,-0.0775604248046875,8.217853546142578,-0.15041351318359375,21.25,0.46562460064888,1,1,20.875,20.75,16.625,-6.5,18.9375,0.02702702702702703,0,0,0,0
driver_top20,clean,ablate,v5_qwen35_4b_029,28,21.625,0.5610974431037903,0.75,0.24556732177734375,1,1,-0.125,-0.029285311698913574,-0.125,-0.11992645263671875,2.5858495235443115,-0.14044928550720215,21.75,0.5903827548027039,1,1,20.875,20.875,17.5,-3.625,19.625,0.029411764705882353,0,0,0,0
driver_top20,clean,ablate,v5_qwen35_4b_086,85,21.375,0.5107836723327637,0.625,0.04308509826660156,1,1,-0.125,-0.011995136737823486,0.0,-0.04803657531738281,8.340058326721191,-0.14067363739013672,21.5,0.5227788090705872,1,1,20.875,20.75,15.75,-7.375,18.625,0.021739130434782608,0,0,0,0
driver_top20,clean,ablate,v5_qwen35_4b_258,257,26.25,0.9663389921188354,3.375,3.357156753540039,1,1,0.0,0.004251837730407715,0.125,0.12335777282714844,11.22555923461914,-0.04203033447265625,26.25,0.9620871543884277,1,1,23.0,22.875,20.125,-2.25,23.1875,-0.0,0,0,0,0
driver_top20,clean,ablate,v5_qwen35_4b_252,251,24.375,0.8540709614753723,2.125,1.7668514251708984,1,1,0.0,0.0007599592208862305,0.0,0.006084442138671875,5.4145026206970215,-0.12238788604736328,24.375,0.8533110022544861,1,1,22.25,22.25,20.25,-1.5,22.3125,-0.0,0,0,0,0
driver_top20,clean,ablate,v5_qwen35_4b_006,5,24.75,0.8968915939331055,2.875,2.163105010986328,1,1,0.0,0.011667847633361816,0.125,0.12029266357421875,6.462814807891846,-0.1330709457397461,24.75,0.8852237462997437,1,1,22.0,21.875,17.5,-4.25,21.125,-0.0,0,0,0,0
driver_top20,clean,ablate,v5_qwen35_4b_004,3,25.875,0.9042119979858398,2.25,2.2449188232421875,1,1,0.0,2.980232238769531e-07,0.0,3.814697265625e-06,11.155327796936035,-0.07021045684814453,25.875,0.904211699962616,1,1,23.625,23.625,16.25,-6.375,21.0625,-0.0,0,0,0,0
driver_top20,clean,ablate,v5_qwen35_4b_154,153,26.125,0.9463856220245361,2.875,2.8708248138427734,1,1,-0.125,-0.005996227264404297,-0.125,-0.12491607666015625,11.54927921295166,-0.05827140808105469,26.25,0.9523818492889404,1,1,23.25,23.25,15.3125,-6.0625,20.78125,0.011428571428571429,0,0,0,0
driver_top20,clean,ablate,v5_qwen35_4b_119,118,26.875,0.9818403124809265,4.0,3.990215301513672,1,1,0.0,3.933906555175781e-06,0.0,0.0002269744873046875,11.805252075195312,-0.033614158630371094,26.875,0.9818363785743713,1,1,22.875,22.875,18.625,-4.5,22.75,-0.0,0,0,0,0
driver_top20,clean,ablate,v5_qwen35_4b_010,9,21.5,0.37320640683174133,0.25,-0.5185451507568359,1,1,0.0,0.017465204000473022,0.125,0.07540702819824219,4.200219631195068,-0.15778827667236328,21.5,0.3557412028312683,1,1,21.375,21.25,16.125,-5.75,18.8125,-0.0,0,0,0,0
driver_top20,clean,ablate,v5_qwen35_4b_151,150,27.75,0.9963529109954834,5.625,5.610162734985352,1,1,0.0,3.5762786865234375e-07,0.0,0.0001392364501953125,11.537175178527832,-0.051837921142578125,27.75,0.9963525533676147,1,1,22.125,22.125,15.6875,-6.3125,21.71875,-0.0,0,0,0,0
driver_top20,clean,ablate,v5_qwen35_4b_289,288,27.375,0.9858596920967102,4.25,4.244468688964844,1,1,0.0,-5.364418029785156e-07,0.0,-4.38690185546875e-05,11.27401351928711,-0.03523445129394531,27.375,0.9858602285385132,1,1,23.125,23.125,19.25,-3.5,23.3125,-0.0,0,0,0,0
driver_top20,clean,ablate,v5_qwen35_4b_244,243,25.0,0.9362195730209351,2.75,2.6863784790039062,1,1,-0.125,-0.00029581785202026367,0.0,-0.0049686431884765625,9.817614555358887,-0.09709548950195312,25.125,0.9365153908729553,1,1,22.375,22.25,18.75,-1.625,21.9375,0.0196078431372549,0,0,0,0
random_layer_matched,corrupt,ablate,v5_qwen35_4b_285,284,19.25,0.026611478999257088,-2.625,-3.5994834899902344,7,0,0.0,0.0,0.0,0.0,-7.982270240783691,0.0,19.25,0.026611478999257088,7,0,21.875,21.875,23.125,3.625,21.1875,0.0,0,0,0,0
random_layer_matched,corrupt,ablate,v5_qwen35_4b_016,15,15.0625,0.00036328393616713583,-7.1875,-7.920005798339844,37,0,0.0,0.0,0.0,0.0,-12.965229034423828,0.0,15.0625,0.00036328393616713583,37,0,22.25,22.25,21.375,0.75,18.21875,0.0,0,0,0,0
random_layer_matched,corrupt,ablate,v5_qwen35_4b_036,35,15.6875,0.0005659908056259155,-6.3125,-7.476409912109375,24,0,0.0,0.0,0.0,0.0,-14.794962882995605,0.0,15.6875,0.0005659908056259155,24,0,22.0,22.0,21.375,0.75,18.53125,0.0,0,0,0,0
random_layer_matched,corrupt,ablate,v5_qwen35_4b_085,84,15.0,0.0002715383598115295,-7.875,-8.211160659790039,32,0,0.0,0.0,0.0,0.0,-13.890664100646973,0.0,15.0,0.0002715383598115295,32,0,22.875,22.875,21.875,1.0,18.4375,0.0,0,0,0,0
random_layer_matched,corrupt,ablate,v5_qwen35_4b_133,132,15.6875,0.0005659908056259155,-6.3125,-7.476409912109375,24,0,0.0,0.0,0.0,0.0,-14.794962882995605,0.0,15.6875,0.0005659908056259155,24,0,22.0,22.0,22.0,1.125,18.84375,0.0,0,0,0,0
random_layer_matched,corrupt,ablate,v5_qwen35_4b_147,146,15.6875,0.0005659908056259155,-6.3125,-7.476409912109375,24,0,0.0,0.0,0.0,0.0,-14.794962882995605,0.0,15.6875,0.0005659908056259155,24,0,22.0,22.0,22.0,1.125,18.84375,0.0,0,0,0,0
random_layer_matched,corrupt,ablate,v5_qwen35_4b_260,259,17.125,0.004728089086711407,-4.5,-5.349544525146484,13,0,0.0,0.0,0.0,0.0,-13.1074857711792,0.0,17.125,0.004728089086711407,13,0,21.625,21.625,22.0,1.0,19.5625,0.0,0,0,0,0
random_layer_matched,corrupt,ablate,v5_qwen35_4b_263,262,16.625,0.002541137160733342,-5.5,-5.972635269165039,13,0,0.0,0.0,0.0,0.0,-14.024591445922852,0.0,16.625,0.002541137160733342,13,0,22.125,22.125,21.625,0.625,19.125,0.0,0,0,0,0
random_layer_matched,corrupt,ablate,v5_qwen35_4b_296,295,17.25,0.005526520311832428,-4.375,-5.192705154418945,13,0,0.0,0.0,0.0,0.0,-12.948308944702148,0.0,17.25,0.005526520311832428,13,0,21.625,21.625,22.0,1.0,19.625,0.0,0,0,0,0
random_layer_matched,corrupt,ablate,v5_qwen35_4b_040,39,16.0,0.0014336265157908201,-5.5,-6.546169281005859,19,0,0.0,0.0,0.0,0.0,-11.373147964477539,0.0,16.0,0.0014336265157908201,19,0,21.5,21.5,22.625,2.125,19.3125,0.0,0,0,0,0
random_layer_matched,corrupt,ablate,v5_qwen35_4b_054,53,17.375,0.01076662540435791,-3.25,-4.520547866821289,9,0,0.0,0.0,0.0,0.0,-10.02280044555664,0.0,17.375,0.01076662540435791,9,0,20.625,20.625,22.625,2.125,20.0,0.0,0,0,0,0
random_layer_matched,corrupt,ablate,v5_qwen35_4b_229,228,16.0,0.0014336265157908201,-5.5,-6.546169281005859,19,0,0.0,0.0,0.0,0.0,-11.373147964477539,0.0,16.0,0.0014336265157908201,19,0,21.5,21.5,22.5,1.75,19.25,0.0,0,0,0,0
random_layer_matched,corrupt,ablate,v5_qwen35_4b_047,46,17.0,0.0016123714158311486,-5.875,-6.428464889526367,14,0,0.0,1.2328382581472397e-07,0.0,7.62939453125e-05,-5.789952278137207,-0.0034847259521484375,17.0,0.001612248132005334,14,0,22.875,22.875,22.125,0.25,19.5625,0.0,0,0,0,0
random_layer_matched,corrupt,ablate,v5_qwen35_4b_271,270,19.375,0.02411150373518467,-3.0,-3.7007007598876953,8,0,0.0,0.0,0.0,0.0,-10.982481002807617,0.0,19.375,0.02411150373518467,8,0,22.375,22.375,21.875,0.375,20.625,0.0,0,0,0,0
random_layer_matched,corrupt,ablate,v5_qwen35_4b_039,38,16.5,0.0004487092955969274,-6.875,-7.708703994750977,14,0,0.0,0.0,0.0,0.0,-9.711893081665039,0.0,16.5,0.0004487092955969274,14,0,23.375,23.375,22.625,0.625,19.5625,0.0,0,0,0,0
random_layer_matched,corrupt,ablate,v5_qwen35_4b_215,214,19.25,0.026442645117640495,-2.875,-3.606019973754883,7,0,0.0,0.0,0.0,0.0,-7.623354911804199,0.0,19.25,0.026442645117640495,7,0,22.125,22.125,22.625,0.5,20.9375,0.0,0,0,0,0
random_layer_matched,corrupt,ablate,v5_qwen35_4b_245,244,15.125,0.00028842315077781677,-7.875,-8.150814056396484,22,0,0.0,0.0,0.0,0.0,-15.525566101074219,0.0,15.125,0.00028842315077781677,22,0,23.0,23.0,21.0,0.25,18.0625,0.0,0,0,0,0
random_layer_matched,corrupt,ablate,v5_qwen35_4b_161,160,15.6875,0.00028296676464378834,-8.0625,-8.169912338256836,26,0,0.0,0.0,0.0,0.0,-18.665973663330078,0.0,15.6875,0.00028296676464378834,26,0,23.75,23.75,23.125,2.0,19.40625,0.0,0,0,0,0
random_layer_matched,corrupt,ablate,v5_qwen35_4b_121,120,15.875,0.000584287045057863,-7.0,-7.444557189941406,14,0,0.0,0.0,0.0,0.0,-16.424888610839844,0.0,15.875,0.000584287045057863,14,0,22.875,22.875,23.5,3.125,19.6875,0.0,0,0,0,0
random_layer_matched,corrupt,ablate,v5_qwen35_4b_181,180,15.875,0.0004341156454756856,-7.625,-7.741781234741211,18,0,0.0,0.0,0.0,0.0,-17.049211502075195,0.0,15.875,0.0004341156454756856,18,0,23.5,23.5,23.25,1.75,19.5625,0.0,0,0,0,0
random_layer_matched,corrupt,ablate,v5_qwen35_4b_259,258,17.375,0.0029934528283774853,-5.625,-5.808349609375,9,0,0.0,0.0,0.0,0.0,-16.227548599243164,0.0,17.375,0.0029934528283774853,9,0,23.0,23.0,22.75,1.25,20.0625,0.0,0,0,0,0
random_layer_matched,corrupt,ablate,v5_qwen35_4b_283,282,17.875,0.007192389108240604,-4.25,-4.927558898925781,12,0,0.0,0.0,0.0,0.0,-12.070793151855469,0.0,17.875,0.007192389108240604,12,0,22.125,22.125,22.125,0.5,20.0,0.0,0,0,0,0
random_layer_matched,corrupt,ablate,v5_qwen35_4b_272,271,20.25,0.023833781480789185,-3.5,-3.712543487548828,4,0,0.0,0.0,0.0,0.0,-10.626363754272461,0.0,20.25,0.023833781480789185,4,0,23.75,23.75,24.0,2.0,22.125,0.0,0,0,0,0
random_layer_matched,corrupt,ablate,v5_qwen35_4b_043,42,16.75,0.0010190227767452598,-5.625,-6.887922286987305,23,0,0.0,0.0,0.0,0.0,-7.07011079788208,0.0,16.75,0.0010190227767452598,23,0,22.375,22.375,23.375,1.125,20.0625,0.0,0,0,0,0
random_layer_matched,corrupt,ablate,v5_qwen35_4b_166,165,19.375,0.022394785657525063,-3.125,-3.776317596435547,7,0,0.0,0.0,0.0,0.0,-8.058036804199219,0.0,19.375,0.022394785657525063,7,0,22.5,22.5,23.0,1.25,21.1875,0.0,0,0,0,0
random_layer_matched,corrupt,ablate,v5_qwen35_4b_055,54,19.125,0.008234563283622265,-4.625,-4.791162490844727,6,0,0.0,0.0,0.0,0.0,-14.862603187561035,0.0,19.125,0.008234563283622265,6,0,23.75,23.75,23.0,1.25,21.0625,0.0,0,0,0,0
random_layer_matched,corrupt,ablate,v5_qwen35_4b_130,129,16.625,0.0007519206847064197,-6.625,-7.192148208618164,20,0,0.0,0.0,0.0,0.0,-8.893729209899902,0.0,16.625,0.0007519206847064197,20,0,23.25,23.25,22.125,1.375,19.375,0.0,0,0,0,0
random_layer_matched,corrupt,ablate,v5_qwen35_4b_182,181,15.8125,0.0003367864992469549,-7.8125,-7.995744705200195,28,0,0.0,0.0,0.0,0.0,-4.733323097229004,0.0,15.8125,0.0003367864992469549,28,0,23.625,23.625,22.25,0.75,19.03125,0.0,0,0,0,0
random_layer_matched,corrupt,ablate,v5_qwen35_4b_065,64,18.125,0.012375902384519577,-3.25,-4.379596710205078,10,0,0.0,0.0,0.0,0.0,-6.574199199676514,0.0,18.125,0.012375902384519577,10,0,21.375,21.375,21.25,0.375,19.6875,0.0,0,0,0,0
random_layer_matched,corrupt,ablate,v5_qwen35_4b_001,0,17.5,0.005607474595308304,-4.875,-5.178064346313477,11,0,0.0,0.0,0.0,0.0,-3.6529700756073,0.0,17.5,0.005607474595308304,11,0,22.375,22.375,23.375,2.125,20.4375,0.0,0,0,0,0
random_layer_matched,corrupt,ablate,v5_qwen35_4b_053,52,17.5,0.01063617505133152,-3.625,-4.532854080200195,8,0,0.0,0.0,0.0,0.0,-9.542526245117188,0.0,17.5,0.01063617505133152,8,0,21.125,21.125,22.375,1.875,19.9375,0.0,0,0,0,0
random_layer_matched,corrupt,ablate,v5_qwen35_4b_155,154,15.125,0.000691266031935811,-6.125,-7.276355743408203,29,0,0.0,0.0,0.0,0.0,-10.779214859008789,0.0,15.125,0.000691266031935811,29,0,21.25,21.25,22.5,2.125,18.8125,0.0,0,0,0,0
random_layer_matched,corrupt,ablate,v5_qwen35_4b_120,119,16.125,0.0015327390283346176,-5.375,-6.479213714599609,18,0,0.0,0.0,0.0,0.0,-11.04650592803955,0.0,16.125,0.0015327390283346176,18,0,21.5,21.5,22.625,2.25,19.375,0.0,0,0,0,0
random_layer_matched,corrupt,ablate,v5_qwen35_4b_232,231,16.125,0.0015327390283346176,-5.375,-6.479213714599609,18,0,0.0,0.0,0.0,0.0,-11.04650592803955,0.0,16.125,0.0015327390283346176,18,0,21.5,21.5,22.625,2.125,19.375,0.0,0,0,0,0
random_layer_matched,corrupt,ablate,v5_qwen35_4b_226,225,17.875,0.0015776028158143163,-5.75,-6.450286865234375,7,0,0.0,0.0,0.0,0.0,-12.649713516235352,0.0,17.875,0.0015776028158143163,7,0,23.625,23.625,23.75,2.0,20.8125,0.0,0,0,0,0
random_layer_matched,corrupt,ablate,v5_qwen35_4b_123,122,15.75,0.0007548145949840546,-6.75,-7.188314437866211,18,0,0.0,0.0,0.0,0.0,-16.607288360595703,0.0,15.75,0.0007548145949840546,18,0,22.5,22.5,22.625,1.625,19.1875,0.0,0,0,0,0
random_layer_matched,corrupt,ablate,v5_qwen35_4b_030,29,15.8125,0.0006831566570326686,-6.9375,-7.2881317138671875,18,0,0.0,0.0,0.0,0.0,-16.669353485107422,0.0,15.8125,0.0006831566570326686,18,0,22.75,22.75,21.875,0.75,18.84375,0.0,0,0,0,0
random_layer_matched,corrupt,ablate,v5_qwen35_4b_205,204,18.0,0.010180831886827946,-4.125,-4.577053070068359,7,0,0.0,0.0,0.0,0.0,-14.222402572631836,0.0,18.0,0.010180831886827946,7,0,22.125,22.125,22.0,1.125,20.0,0.0,0,0,0,0
random_layer_matched,corrupt,ablate,v5_qwen35_4b_208,207,19.625,0.024552777409553528,-3.25,-3.6820945739746094,5,0,0.0,0.0,0.0,0.0,-11.674933433532715,0.0,19.625,0.024552777409553528,5,0,22.875,22.875,22.5,0.25,21.0625,0.0,0,0,0,0
random_layer_matched,corrupt,ablate,v5_qwen35_4b_159,158,15.6875,0.00029626820469275117,-7.9375,-8.123966217041016,23,0,0.0,0.0,0.0,0.0,-18.801408767700195,0.0,15.6875,0.00029626820469275117,23,0,23.625,23.625,24.0,2.875,19.84375,0.0,0,0,0,0
random_layer_matched,corrupt,ablate,v5_qwen35_4b_262,261,18.625,0.01131616160273552,-4.0,-4.47016716003418,4,0,0.0,0.0,0.0,0.0,-15.713029861450195,0.0,18.625,0.01131616160273552,4,0,22.625,22.625,23.5,2.625,21.0625,0.0,0,0,0,0
random_layer_matched,corrupt,ablate,v5_qwen35_4b_281,280,18.625,0.01131616160273552,-4.0,-4.47016716003418,4,0,0.0,0.0,0.0,0.0,-15.713029861450195,0.0,18.625,0.01131616160273552,4,0,22.625,22.625,23.5,2.625,21.0625,0.0,0,0,0,0
random_layer_matched,corrupt,ablate,v5_qwen35_4b_153,152,15.8125,0.0006699152290821075,-7.1875,-7.307706832885742,19,0,0.0,0.0,0.0,0.0,-17.366289138793945,0.0,15.8125,0.0006699152290821075,19,0,23.0,23.0,23.0,2.625,19.40625,0.0,0,0,0,0
random_layer_matched,corrupt,ablate,v5_qwen35_4b_017,16,15.5625,0.0005975848180241883,-7.3125,-7.422033309936523,19,0,0.0,0.0,0.0,0.0,-16.732988357543945,0.0,15.5625,0.0005975848180241883,19,0,22.875,22.875,22.375,1.875,18.96875,0.0,0,0,0,0
random_layer_matched,corrupt,ablate,v5_qwen35_4b_023,22,15.5625,0.0005975848180241883,-7.3125,-7.422033309936523,19,0,0.0,0.0,0.0,0.0,-16.732988357543945,0.0,15.5625,0.0005975848180241883,19,0,22.875,22.875,22.375,1.875,18.96875,0.0,0,0,0,0
random_layer_matched,corrupt,ablate,v5_qwen35_4b_027,26,16.5,0.0015204609371721745,-6.25,-6.48724365234375,13,0,0.0,0.0,0.0,0.0,-17.35210418701172,0.0,16.5,0.0015204609371721745,13,0,22.75,22.75,22.375,1.875,19.4375,0.0,0,0,0,0
random_layer_matched,corrupt,ablate,v5_qwen35_4b_028,27,16.5,0.0015204609371721745,-6.25,-6.48724365234375,13,0,0.0,0.0,0.0,0.0,-17.35210418701172,0.0,16.5,0.0015204609371721745,13,0,22.75,22.75,22.375,1.875,19.4375,0.0,0,0,0,0
random_layer_matched,corrupt,ablate,v5_qwen35_4b_035,34,16.5,0.0015204609371721745,-6.25,-6.48724365234375,13,0,0.0,0.0,0.0,0.0,-17.35210418701172,0.0,16.5,0.0015204609371721745,13,0,22.75,22.75,22.375,1.875,19.4375,0.0,0,0,0,0
random_layer_matched,corrupt,ablate,v5_qwen35_4b_046,45,16.375,0.0014829718274995685,-6.25,-6.512247085571289,13,0,0.0,0.0,0.0,0.0,-17.10579490661621,0.0,16.375,0.0014829718274995685,13,0,22.625,22.625,22.25,1.75,19.3125,0.0,0,0,0,0
random_layer_matched,corrupt,ablate,v5_qwen35_4b_059,58,17.5,0.007692760322242975,-4.625,-4.859783172607422,5,0,0.0,0.0,0.0,0.0,-15.465605735778809,0.0,17.5,0.007692760322242975,5,0,22.125,22.125,22.25,1.75,19.875,0.0,0,0,0,0
random_layer_matched,corrupt,ablate,v5_qwen35_4b_064,63,17.5,0.007692760322242975,-4.625,-4.859783172607422,5,0,0.0,0.0,0.0,0.0,-15.465605735778809,0.0,17.5,0.007692760322242975,5,0,22.125,22.125,22.25,1.75,19.875,0.0,0,0,0,0
random_layer_matched,corrupt,ablate,v5_qwen35_4b_113,112,16.375,0.0014829718274995685,-6.25,-6.512247085571289,13,0,0.0,0.0,0.0,0.0,-17.10579490661621,0.0,16.375,0.0014829718274995685,13,0,22.625,22.625,22.875,2.375,19.625,0.0,0,0,0,0
random_layer_matched,corrupt,ablate,v5_qwen35_4b_118,117,16.375,0.0014829718274995685,-6.25,-6.512247085571289,13,0,0.0,0.0,0.0,0.0,-17.10579490661621,0.0,16.375,0.0014829718274995685,13,0,22.625,22.625,22.875,2.375,19.625,0.0,0,0,0,0
random_layer_matched,corrupt,ablate,v5_qwen35_4b_149,148,16.375,0.0014829718274995685,-6.25,-6.512247085571289,13,0,0.0,0.0,0.0,0.0,-17.10579490661621,0.0,16.375,0.0014829718274995685,13,0,22.625,22.625,22.875,2.375,19.625,0.0,0,0,0,0
random_layer_matched,corrupt,ablate,v5_qwen35_4b_152,151,15.1875,0.00041164830327033997,-7.6875,-7.794946670532227,21,0,0.0,0.0,0.0,0.0,-16.644325256347656,0.0,15.1875,0.00041164830327033997,21,0,22.875,22.875,22.875,2.5,19.03125,0.0,0,0,0,0
random_layer_matched,corrupt,ablate,v5_qwen35_4b_156,155,15.1875,0.00041164830327033997,-7.6875,-7.794946670532227,21,0,0.0,0.0,0.0,0.0,-16.644325256347656,0.0,15.1875,0.00041164830327033997,21,0,22.875,22.875,22.875,2.5,19.03125,0.0,0,0,0,0
random_layer_matched,corrupt,ablate,v5_qwen35_4b_167,166,15.1875,0.00041164830327033997,-7.6875,-7.794946670532227,21,0,0.0,0.0,0.0,0.0,-16.644325256347656,0.0,15.1875,0.00041164830327033997,21,0,22.875,22.875,22.875,2.5,19.03125,0.0,0,0,0,0
random_layer_matched,corrupt,ablate,v5_qwen35_4b_172,171,15.5,0.0005599741125479341,-7.375,-7.4870758056640625,19,0,0.0,0.0,0.0,0.0,-16.750507354736328,0.0,15.5,0.0005599741125479341,19,0,22.875,22.875,22.875,2.375,19.1875,0.0,0,0,0,0
random_layer_matched,corrupt,ablate,v5_qwen35_4b_234,233,16.125,0.0011738680768758059,-6.5,-6.746299743652344,14,0,0.0,0.0,0.0,0.0,-17.18423843383789,0.0,16.125,0.0011738680768758059,14,0,22.625,22.625,22.125,1.625,19.125,0.0,0,0,0,0
random_layer_matched,corrupt,ablate,v5_qwen35_4b_243,242,16.375,0.0014829718274995685,-6.25,-6.512247085571289,13,0,0.0,0.0,0.0,0.0,-17.10579490661621,0.0,16.375,0.0014829718274995685,13,0,22.625,22.625,22.25,1.625,19.3125,0.0,0,0,0,0
random_layer_matched,corrupt,ablate,v5_qwen35_4b_251,250,16.375,0.0014829718274995685,-6.25,-6.512247085571289,13,0,0.0,0.0,0.0,0.0,-17.10579490661621,0.0,16.375,0.0014829718274995685,13,0,22.625,22.625,22.25,1.625,19.3125,0.0,0,0,0,0
random_layer_matched,corrupt,ablate,v5_qwen35_4b_254,253,17.5,0.007692760322242975,-4.625,-4.859783172607422,5,0,0.0,0.0,0.0,0.0,-15.465605735778809,0.0,17.5,0.007692760322242975,5,0,22.125,22.125,22.25,1.625,19.875,0.0,0,0,0,0
random_layer_matched,corrupt,ablate,v5_qwen35_4b_255,254,17.5,0.007692760322242975,-4.625,-4.859783172607422,5,0,0.0,0.0,0.0,0.0,-15.465605735778809,0.0,17.5,0.007692760322242975,5,0,22.125,22.125,22.25,1.625,19.875,0.0,0,0,0,0
random_layer_matched,corrupt,ablate,v5_qwen35_4b_264,263,17.375,0.006734809838235378,-4.75,-4.993738174438477,8,0,0.0,0.0,0.0,0.0,-15.339722633361816,0.0,17.375,0.006734809838235378,8,0,22.125,22.125,22.125,1.625,19.75,0.0,0,0,0,0
random_layer_matched,corrupt,ablate,v5_qwen35_4b_273,272,17.375,0.007479283958673477,-4.625,-4.888141632080078,6,0,0.0,0.0,0.0,0.0,-15.442423820495605,0.0,17.375,0.007479283958673477,6,0,22.0,22.0,22.25,1.75,19.8125,0.0,0,0,0,0
random_layer_matched,corrupt,ablate,v5_qwen35_4b_290,289,17.5,0.008517909795045853,-4.5,-4.757061004638672,4,0,0.0,0.0,0.0,0.0,-15.498957633972168,0.0,17.5,0.008517909795045853,4,0,22.0,22.0,22.125,1.625,19.8125,0.0,0,0,0,0
random_layer_matched,corrupt,ablate,v5_qwen35_4b_267,266,17.5,0.0031504917424172163,-5.25,-5.7570648193359375,7,0,0.0,0.0,0.0,0.0,-17.04813003540039,0.0,17.5,0.0031504917424172163,7,0,22.75,22.75,22.375,1.625,19.9375,0.0,0,0,0,0
random_layer_matched,corrupt,ablate,v5_qwen35_4b_148,147,15.5625,0.0003644706157501787,-7.3125,-7.916721343994141,16,0,0.0,0.0,0.0,0.0,-18.064531326293945,0.0,15.5625,0.0003644706157501787,16,0,22.875,22.875,23.75,2.875,19.65625,0.0,0,0,0,0
random_layer_matched,corrupt,ablate,v5_qwen35_4b_180,179,14.5,0.00011481838009785861,-8.875,-9.072061538696289,35,0,0.0,0.0,0.0,0.0,-18.802005767822266,0.0,14.5,0.00011481838009785861,35,0,23.375,23.375,23.25,2.625,18.875,0.0,0,0,0,0
random_layer_matched,corrupt,ablate,v5_qwen35_4b_072,71,19.125,0.045829154551029205,-2.25,-3.035968780517578,5,0,0.0,0.0,0.0,0.0,-7.65198278427124,0.0,19.125,0.045829154551029205,5,0,21.375,21.375,22.5,1.875,20.8125,0.0,0,0,0,0
random_layer_matched,corrupt,ablate,v5_qwen35_4b_073,72,19.625,0.02403872087597847,-3.25,-3.7037830352783203,5,0,0.0,0.0,0.0,0.0,-9.471048355102539,0.0,19.625,0.02403872087597847,5,0,22.875,22.875,23.25,0.25,21.4375,0.0,0,0,0,0
random_layer_matched,corrupt,ablate,v5_qwen35_4b_270,269,19.625,0.09470392763614655,-1.0,-2.257568359375,5,0,0.0,0.0,0.0,0.0,-6.767003536224365,0.0,19.625,0.09470392763614655,5,0,20.625,20.625,22.5,1.75,21.0625,0.0,0,0,0,0
random_layer_matched,corrupt,ablate,v5_qwen35_4b_038,37,17.875,0.00275857700034976,-5.375,-5.890296936035156,10,0,0.0,0.0,0.0,0.0,-9.951678276062012,0.0,17.875,0.00275857700034976,10,0,23.25,23.25,23.375,2.375,20.625,0.0,0,0,0,0
random_layer_matched,corrupt,ablate,v5_qwen35_4b_204,203,20.625,0.04627777636051178,-2.625,-3.0257320404052734,4,0,0.0,0.0,0.0,0.0,-6.459027290344238,0.0,20.625,0.04627777636051178,4,0,23.25,23.25,24.25,0.875,22.4375,0.0,0,0,0,0
random_layer_matched,corrupt,ablate,v5_qwen35_4b_007,6,16.25,0.0005475919460877776,-7.25,-7.509458541870117,24,0,0.0,0.0,0.0,0.0,-17.880626678466797,0.0,16.25,0.0005475919460877776,24,0,23.5,23.5,23.375,2.0,19.8125,0.0,0,0,0,0
random_layer_matched,corrupt,ablate,v5_qwen35_4b_014,13,16.25,0.0005475919460877776,-7.25,-7.509458541870117,24,0,0.0,0.0,0.0,0.0,-17.880626678466797,0.0,16.25,0.0005475919460877776,24,0,23.5,23.5,23.375,2.0,19.8125,0.0,0,0,0,0
random_layer_matched,corrupt,ablate,v5_qwen35_4b_018,17,16.25,0.0005475919460877776,-7.25,-7.509458541870117,24,0,0.0,0.0,0.0,0.0,-17.880626678466797,0.0,16.25,0.0005475919460877776,24,0,23.5,23.5,23.375,2.0,19.8125,0.0,0,0,0,0
random_layer_matched,corrupt,ablate,v5_qwen35_4b_020,19,16.25,0.0005475919460877776,-7.25,-7.509458541870117,24,0,0.0,0.0,0.0,0.0,-17.880626678466797,0.0,16.25,0.0005475919460877776,24,0,23.5,23.5,23.375,2.0,19.8125,0.0,0,0,0,0
random_layer_matched,corrupt,ablate,v5_qwen35_4b_021,20,16.25,0.0005475919460877776,-7.25,-7.509458541870117,24,0,0.0,0.0,0.0,0.0,-17.880626678466797,0.0,16.25,0.0005475919460877776,24,0,23.5,23.5,23.375,2.0,19.8125,0.0,0,0,0,0
random_layer_matched,corrupt,ablate,v5_qwen35_4b_024,23,16.25,0.0005475919460877776,-7.25,-7.509458541870117,24,0,0.0,0.0,0.0,0.0,-17.880626678466797,0.0,16.25,0.0005475919460877776,24,0,23.5,23.5,23.375,2.0,19.8125,0.0,0,0,0,0
random_layer_matched,corrupt,ablate,v5_qwen35_4b_025,24,16.5,0.0007085565594024956,-7.0,-7.251596450805664,19,0,0.0,0.0,0.0,0.0,-17.89034652709961,0.0,16.5,0.0007085565594024956,19,0,23.5,23.5,23.375,2.125,19.9375,0.0,0,0,0,0
random_layer_matched,corrupt,ablate,v5_qwen35_4b_098,97,16.5,0.0007085565594024956,-7.0,-7.251596450805664,19,0,0.0,0.0,0.0,0.0,-17.89034652709961,0.0,16.5,0.0007085565594024956,19,0,23.5,23.5,23.5,2.25,20.0,0.0,0,0,0,0
random_layer_matched,corrupt,ablate,v5_qwen35_4b_114,113,16.75,0.0009985906071960926,-6.375,-6.908195495605469,11,0,0.0,0.0,0.0,0.0,-17.65980339050293,0.0,16.75,0.0009985906071960926,11,0,23.125,23.125,23.5,2.25,20.125,0.0,0,0,0,0
random_layer_matched,corrupt,ablate,v5_qwen35_4b_128,127,16.75,0.0009985906071960926,-6.375,-6.908195495605469,11,0,0.0,0.0,0.0,0.0,-17.65980339050293,0.0,16.75,0.0009985906071960926,11,0,23.125,23.125,23.5,2.25,20.125,0.0,0,0,0,0
random_layer_matched,corrupt,ablate,v5_qwen35_4b_131,130,16.75,0.0009985906071960926,-6.375,-6.908195495605469,11,0,0.0,0.0,0.0,0.0,-17.65980339050293,0.0,16.75,0.0009985906071960926,11,0,23.125,23.125,23.5,2.25,20.125,0.0,0,0,0,0
random_layer_matched,corrupt,ablate,v5_qwen35_4b_135,134,16.75,0.0009985906071960926,-6.375,-6.908195495605469,11,0,0.0,0.0,0.0,0.0,-17.65980339050293,0.0,16.75,0.0009985906071960926,11,0,23.125,23.125,23.5,2.25,20.125,0.0,0,0,0,0
random_layer_matched,corrupt,ablate,v5_qwen35_4b_136,135,16.75,0.0009985906071960926,-6.375,-6.908195495605469,11,0,0.0,0.0,0.0,0.0,-17.65980339050293,0.0,16.75,0.0009985906071960926,11,0,23.125,23.125,23.5,2.25,20.125,0.0,0,0,0,0
random_layer_matched,corrupt,ablate,v5_qwen35_4b_144,143,16.75,0.0009985906071960926,-6.375,-6.908195495605469,11,0,0.0,0.0,0.0,0.0,-17.65980339050293,0.0,16.75,0.0009985906071960926,11,0,23.125,23.125,23.5,2.25,20.125,0.0,0,0,0,0
random_layer_matched,corrupt,ablate,v5_qwen35_4b_145,144,16.75,0.0009985906071960926,-6.375,-6.908195495605469,11,0,0.0,0.0,0.0,0.0,-17.65980339050293,0.0,16.75,0.0009985906071960926,11,0,23.125,23.125,23.5,2.25,20.125,0.0,0,0,0,0
random_layer_matched,corrupt,ablate,v5_qwen35_4b_160,159,16.5,0.0007085565594024956,-7.0,-7.251596450805664,19,0,0.0,0.0,0.0,0.0,-17.89034652709961,0.0,16.5,0.0007085565594024956,19,0,23.5,23.5,23.25,2.25,19.875,0.0,0,0,0,0
random_layer_matched,corrupt,ablate,v5_qwen35_4b_164,163,16.5,0.0007085565594024956,-7.0,-7.251596450805664,19,0,0.0,0.0,0.0,0.0,-17.89034652709961,0.0,16.5,0.0007085565594024956,19,0,23.5,23.5,23.25,2.25,19.875,0.0,0,0,0,0
random_layer_matched,corrupt,ablate,v5_qwen35_4b_169,168,16.5,0.0007085565594024956,-7.0,-7.251596450805664,19,0,0.0,0.0,0.0,0.0,-17.89034652709961,0.0,16.5,0.0007085565594024956,19,0,23.5,23.5,23.25,2.25,19.875,0.0,0,0,0,0
random_layer_matched,corrupt,ablate,v5_qwen35_4b_174,173,16.5,0.0007085565594024956,-7.0,-7.251596450805664,19,0,0.0,0.0,0.0,0.0,-17.89034652709961,0.0,16.5,0.0007085565594024956,19,0,23.5,23.5,23.25,2.25,19.875,0.0,0,0,0,0
random_layer_matched,corrupt,ablate,v5_qwen35_4b_187,186,16.5,0.0007085565594024956,-7.0,-7.251596450805664,19,0,0.0,0.0,0.0,0.0,-17.89034652709961,0.0,16.5,0.0007085565594024956,19,0,23.5,23.5,23.25,2.25,19.875,0.0,0,0,0,0
random_layer_matched,corrupt,ablate,v5_qwen35_4b_188,187,16.5,0.0007085565594024956,-7.0,-7.251596450805664,19,0,0.0,0.0,0.0,0.0,-17.89034652709961,0.0,16.5,0.0007085565594024956,19,0,23.5,23.5,23.25,2.25,19.875,0.0,0,0,0,0
random_layer_matched,corrupt,ablate,v5_qwen35_4b_213,212,18.0,0.006687911693006754,-4.5,-5.0007781982421875,7,0,0.0,0.0,0.0,0.0,-16.08746910095215,0.0,18.0,0.006687911693006754,7,0,22.5,22.5,23.25,2.25,20.625,0.0,0,0,0,0
random_layer_matched,corrupt,ablate,v5_qwen35_4b_214,213,18.0,0.006687911693006754,-4.5,-5.0007781982421875,7,0,0.0,0.0,0.0,0.0,-16.08746910095215,0.0,18.0,0.006687911693006754,7,0,22.5,22.5,23.25,2.25,20.625,0.0,0,0,0,0
random_layer_matched,corrupt,ablate,v5_qwen35_4b_216,215,18.0,0.006687911693006754,-4.5,-5.0007781982421875,7,0,0.0,0.0,0.0,0.0,-16.08746910095215,0.0,18.0,0.006687911693006754,7,0,22.5,22.5,23.25,2.25,20.625,0.0,0,0,0,0
random_layer_matched,corrupt,ablate,v5_qwen35_4b_222,221,18.0,0.006687911693006754,-4.5,-5.0007781982421875,7,0,0.0,0.0,0.0,0.0,-16.08746910095215,0.0,18.0,0.006687911693006754,7,0,22.5,22.5,23.25,2.25,20.625,0.0,0,0,0,0
random_layer_matched,corrupt,ablate,v5_qwen35_4b_224,223,18.0,0.006687911693006754,-4.5,-5.0007781982421875,7,0,0.0,0.0,0.0,0.0,-16.08746910095215,0.0,18.0,0.006687911693006754,7,0,22.5,22.5,23.25,2.25,20.625,0.0,0,0,0,0
random_layer_matched,corrupt,ablate,v5_qwen35_4b_239,238,16.75,0.0009985906071960926,-6.375,-6.908195495605469,11,0,0.0,0.0,0.0,0.0,-17.65980339050293,0.0,16.75,0.0009985906071960926,11,0,23.125,23.125,23.25,2.125,20.0,0.0,0,0,0,0
random_layer_matched,corrupt,ablate,v5_qwen35_4b_241,240,16.75,0.0009985906071960926,-6.375,-6.908195495605469,11,0,0.0,0.0,0.0,0.0,-17.65980339050293,0.0,16.75,0.0009985906071960926,11,0,23.125,23.125,23.25,2.125,20.0,0.0,0,0,0,0
random_layer_matched,corrupt,ablate,v5_qwen35_4b_256,255,18.0,0.006687911693006754,-4.5,-5.0007781982421875,7,0,0.0,0.0,0.0,0.0,-16.08746910095215,0.0,18.0,0.006687911693006754,7,0,22.5,22.5,23.25,2.125,20.625,0.0,0,0,0,0
random_layer_matched,corrupt,ablate,v5_qwen35_4b_269,268,18.0,0.006687911693006754,-4.5,-5.0007781982421875,7,0,0.0,0.0,0.0,0.0,-16.08746910095215,0.0,18.0,0.006687911693006754,7,0,22.5,22.5,23.25,2.125,20.625,0.0,0,0,0,0
random_layer_matched,corrupt,ablate,v5_qwen35_4b_276,275,18.0,0.006896168924868107,-4.5,-4.969902038574219,7,0,0.0,0.0,0.0,0.0,-16.154268264770508,0.0,18.0,0.006896168924868107,7,0,22.5,22.5,23.25,2.125,20.625,0.0,0,0,0,0
random_layer_matched,corrupt,ablate,v5_qwen35_4b_277,276,18.0,0.006896168924868107,-4.5,-4.969902038574219,7,0,0.0,0.0,0.0,0.0,-16.154268264770508,0.0,18.0,0.006896168924868107,7,0,22.5,22.5,23.25,2.125,20.625,0.0,0,0,0,0
random_layer_matched,corrupt,ablate,v5_qwen35_4b_280,279,18.0,0.006896168924868107,-4.5,-4.969902038574219,7,0,0.0,0.0,0.0,0.0,-16.154268264770508,0.0,18.0,0.006896168924868107,7,0,22.5,22.5,23.25,2.125,20.625,0.0,0,0,0,0
random_layer_matched,corrupt,ablate,v5_qwen35_4b_284,283,18.0,0.006896168924868107,-4.5,-4.969902038574219,7,0,0.0,0.0,0.0,0.0,-16.154268264770508,0.0,18.0,0.006896168924868107,7,0,22.5,22.5,23.25,2.125,20.625,0.0,0,0,0,0
random_layer_matched,corrupt,ablate,v5_qwen35_4b_288,287,18.0,0.006896168924868107,-4.5,-4.969902038574219,7,0,0.0,0.0,0.0,0.0,-16.154268264770508,0.0,18.0,0.006896168924868107,7,0,22.5,22.5,23.25,2.125,20.625,0.0,0,0,0,0
random_layer_matched,corrupt,ablate,v5_qwen35_4b_292,291,18.0,0.006896168924868107,-4.5,-4.969902038574219,7,0,0.0,0.0,0.0,0.0,-16.154268264770508,0.0,18.0,0.006896168924868107,7,0,22.5,22.5,23.25,2.125,20.625,0.0,0,0,0,0
random_layer_matched,corrupt,ablate,v5_qwen35_4b_294,293,18.0,0.006896168924868107,-4.5,-4.969902038574219,7,0,0.0,0.0,0.0,0.0,-16.154268264770508,0.0,18.0,0.006896168924868107,7,0,22.5,22.5,23.25,2.125,20.625,0.0,0,0,0,0
random_layer_matched,corrupt,ablate,v5_qwen35_4b_002,1,16.125,0.0005488589522428811,-7.25,-7.507144927978516,26,0,0.0,0.0,0.0,0.0,-18.10282325744629,0.0,16.125,0.0005488589522428811,26,0,23.375,23.375,23.25,1.875,19.6875,0.0,0,0,0,0
random_layer_matched,corrupt,ablate,v5_qwen35_4b_012,11,16.25,0.0006166362436488271,-7.125,-7.3906402587890625,23,0,0.0,0.0,0.0,0.0,-18.084800720214844,0.0,16.25,0.0006166362436488271,23,0,23.375,23.375,23.25,2.0,19.75,0.0,0,0,0,0
random_layer_matched,corrupt,ablate,v5_qwen35_4b_015,14,16.25,0.0006166362436488271,-7.125,-7.3906402587890625,23,0,0.0,0.0,0.0,0.0,-18.084800720214844,0.0,16.25,0.0006166362436488271,23,0,23.375,23.375,23.25,2.0,19.75,0.0,0,0,0,0
random_layer_matched,corrupt,ablate,v5_qwen35_4b_037,36,16.75,0.0010443365899845958,-6.375,-6.86335563659668,12,0,0.0,0.0,0.0,0.0,-17.757553100585938,0.0,16.75,0.0010443365899845958,12,0,23.125,23.125,23.25,2.0,20.0,0.0,0,0,0,0
random_layer_matched,corrupt,ablate,v5_qwen35_4b_042,41,16.75,0.0010443365899845958,-6.375,-6.86335563659668,12,0,0.0,0.0,0.0,0.0,-17.757553100585938,0.0,16.75,0.0010443365899845958,12,0,23.125,23.125,23.25,2.0,20.0,0.0,0,0,0,0
random_layer_matched,corrupt,ablate,v5_qwen35_4b_044,43,16.75,0.0010443365899845958,-6.375,-6.86335563659668,12,0,0.0,0.0,0.0,0.0,-17.757553100585938,0.0,16.75,0.0010443365899845958,12,0,23.125,23.125,23.25,2.0,20.0,0.0,0,0,0,0
random_layer_matched,corrupt,ablate,v5_qwen35_4b_115,114,16.75,0.0010443365899845958,-6.375,-6.86335563659668,12,0,0.0,0.0,0.0,0.0,-17.757553100585938,0.0,16.75,0.0010443365899845958,12,0,23.125,23.125,23.625,2.375,20.1875,0.0,0,0,0,0
random_layer_matched,corrupt,ablate,v5_qwen35_4b_126,125,16.75,0.0010443365899845958,-6.375,-6.86335563659668,12,0,0.0,0.0,0.0,0.0,-17.757553100585938,0.0,16.75,0.0010443365899845958,12,0,23.125,23.125,23.625,2.375,20.1875,0.0,0,0,0,0
random_layer_matched,corrupt,ablate,v5_qwen35_4b_127,126,16.75,0.0010443365899845958,-6.375,-6.86335563659668,12,0,0.0,0.0,0.0,0.0,-17.757553100585938,0.0,16.75,0.0010443365899845958,12,0,23.125,23.125,23.625,2.375,20.1875,0.0,0,0,0,0
random_layer_matched,corrupt,ablate,v5_qwen35_4b_134,133,16.75,0.0010443365899845958,-6.375,-6.86335563659668,12,0,0.0,0.0,0.0,0.0,-17.757553100585938,0.0,16.75,0.0010443365899845958,12,0,23.125,23.125,23.625,2.375,20.1875,0.0,0,0,0,0
random_layer_matched,corrupt,ablate,v5_qwen35_4b_140,139,16.75,0.0010443365899845958,-6.375,-6.86335563659668,12,0,0.0,0.0,0.0,0.0,-17.757553100585938,0.0,16.75,0.0010443365899845958,12,0,23.125,23.125,23.625,2.375,20.1875,0.0,0,0,0,0
random_layer_matched,corrupt,ablate,v5_qwen35_4b_142,141,16.75,0.0010443365899845958,-6.375,-6.86335563659668,12,0,0.0,0.0,0.0,0.0,-17.757553100585938,0.0,16.75,0.0010443365899845958,12,0,23.125,23.125,23.625,2.375,20.1875,0.0,0,0,0,0
random_layer_matched,corrupt,ablate,v5_qwen35_4b_146,145,16.75,0.0010443365899845958,-6.375,-6.86335563659668,12,0,0.0,0.0,0.0,0.0,-17.757553100585938,0.0,16.75,0.0010443365899845958,12,0,23.125,23.125,23.625,2.375,20.1875,0.0,0,0,0,0
random_layer_matched,corrupt,ablate,v5_qwen35_4b_150,149,16.75,0.0010443365899845958,-6.375,-6.86335563659668,12,0,0.0,0.0,0.0,0.0,-17.757553100585938,0.0,16.75,0.0010443365899845958,12,0,23.125,23.125,23.625,2.375,20.1875,0.0,0,0,0,0
random_layer_matched,corrupt,ablate,v5_qwen35_4b_168,167,16.25,0.0006166362436488271,-7.125,-7.3906402587890625,23,0,0.0,0.0,0.0,0.0,-18.084800720214844,0.0,16.25,0.0006166362436488271,23,0,23.375,23.375,23.25,2.125,19.75,0.0,0,0,0,0
random_layer_matched,corrupt,ablate,v5_qwen35_4b_179,178,16.25,0.0006166362436488271,-7.125,-7.3906402587890625,23,0,0.0,0.0,0.0,0.0,-18.084800720214844,0.0,16.25,0.0006166362436488271,23,0,23.375,23.375,23.25,2.125,19.75,0.0,0,0,0,0
random_layer_matched,corrupt,ablate,v5_qwen35_4b_183,182,16.25,0.0006166362436488271,-7.125,-7.3906402587890625,23,0,0.0,0.0,0.0,0.0,-18.084800720214844,0.0,16.25,0.0006166362436488271,23,0,23.375,23.375,23.25,2.125,19.75,0.0,0,0,0,0
random_layer_matched,corrupt,ablate,v5_qwen35_4b_185,184,16.25,0.0006166362436488271,-7.125,-7.3906402587890625,23,0,0.0,0.0,0.0,0.0,-18.084800720214844,0.0,16.25,0.0006166362436488271,23,0,23.375,23.375,23.25,2.125,19.75,0.0,0,0,0,0
random_layer_matched,corrupt,ablate,v5_qwen35_4b_186,185,16.25,0.0006166362436488271,-7.125,-7.3906402587890625,23,0,0.0,0.0,0.0,0.0,-18.084800720214844,0.0,16.25,0.0006166362436488271,23,0,23.375,23.375,23.25,2.125,19.75,0.0,0,0,0,0
random_layer_matched,corrupt,ablate,v5_qwen35_4b_242,241,16.75,0.0010443365899845958,-6.375,-6.86335563659668,12,0,0.0,0.0,0.0,0.0,-17.757553100585938,0.0,16.75,0.0010443365899845958,12,0,23.125,23.125,23.125,2.0,19.9375,0.0,0,0,0,0
random_layer_matched,corrupt,ablate,v5_qwen35_4b_249,248,16.75,0.0010443365899845958,-6.375,-6.86335563659668,12,0,0.0,0.0,0.0,0.0,-17.757553100585938,0.0,16.75,0.0010443365899845958,12,0,23.125,23.125,23.125,2.0,19.9375,0.0,0,0,0,0
random_layer_matched,corrupt,ablate,v5_qwen35_4b_282,281,17.875,0.005645131692290306,-4.75,-5.171333312988281,8,0,0.0,0.0,0.0,0.0,-16.436128616333008,0.0,17.875,0.005645131692290306,8,0,22.625,22.625,23.125,2.0,20.5,0.0,0,0,0,0
random_layer_matched,corrupt,ablate,v5_qwen35_4b_286,285,17.875,0.005645131692290306,-4.75,-5.171333312988281,8,0,0.0,0.0,0.0,0.0,-16.436128616333008,0.0,17.875,0.005645131692290306,8,0,22.625,22.625,23.125,2.0,20.5,0.0,0,0,0,0
random_layer_matched,corrupt,ablate,v5_qwen35_4b_295,294,17.875,0.005645131692290306,-4.75,-5.171333312988281,8,0,0.0,0.0,0.0,0.0,-16.436128616333008,0.0,17.875,0.005645131692290306,8,0,22.625,22.625,23.125,2.0,20.5,0.0,0,0,0,0
random_layer_matched,corrupt,ablate,v5_qwen35_4b_299,298,17.875,0.005645131692290306,-4.75,-5.171333312988281,8,0,0.0,0.0,0.0,0.0,-16.436128616333008,0.0,17.875,0.005645131692290306,8,0,22.625,22.625,23.125,2.0,20.5,0.0,0,0,0,0
random_layer_matched,corrupt,ablate,v5_qwen35_4b_008,7,14.5,0.0003313183842692524,-7.625,-8.012136459350586,43,0,0.0,0.0,0.0,0.0,-17.894115447998047,0.0,14.5,0.0003313183842692524,43,0,22.125,22.125,21.625,1.375,18.0625,0.0,0,0,0,0
random_layer_matched,corrupt,ablate,v5_qwen35_4b_122,121,15.0,0.0004016219172626734,-7.25,-7.81962776184082,26,0,0.0,0.0,0.0,0.0,-18.93631935119629,0.0,15.0,0.0004016219172626734,26,0,22.25,22.25,22.625,2.125,18.8125,0.0,0,0,0,0
random_layer_matched,corrupt,ablate,v5_qwen35_4b_158,157,14.5625,0.00033609982347115874,-7.6875,-7.997800827026367,42,0,0.0,0.0,0.0,0.0,-18.18425941467285,0.0,14.5625,0.00033609982347115874,42,0,22.25,22.25,22.5,2.0,18.53125,0.0,0,0,0,0
random_layer_matched,corrupt,ablate,v5_qwen35_4b_265,264,16.875,0.004074973054230213,-5.125,-5.49884033203125,8,0,0.0,0.0,0.0,0.0,-17.13174819946289,0.0,16.875,0.004074973054230213,8,0,22.0,22.0,22.0,1.25,19.4375,0.0,0,0,0,0
random_layer_matched,corrupt,ablate,v5_qwen35_4b_003,2,15.5625,0.000641667633317411,-7.0625,-7.350828170776367,31,0,0.0,0.0,0.0,0.0,-18.407747268676758,0.0,15.5625,0.000641667633317411,31,0,22.625,22.625,22.5,2.0,19.03125,0.0,0,0,0,0
random_layer_matched,corrupt,ablate,v5_qwen35_4b_011,10,15.5625,0.0006073143449611962,-7.1875,-7.405885696411133,29,0,0.0,0.0,0.0,0.0,-18.470539093017578,0.0,15.5625,0.0006073143449611962,29,0,22.75,22.75,22.25,2.0,18.90625,0.0,0,0,0,0
random_layer_matched,corrupt,ablate,v5_qwen35_4b_033,32,16.25,0.0014820188516750932,-6.125,-6.512901306152344,18,0,0.0,0.0,0.0,0.0,-18.441133499145508,0.0,16.25,0.0014820188516750932,18,0,22.375,22.375,22.25,2.0,19.25,0.0,0,0,0,0
random_layer_matched,corrupt,ablate,v5_qwen35_4b_048,47,16.25,0.0014820188516750932,-6.125,-6.512901306152344,18,0,0.0,0.0,0.0,0.0,-18.441133499145508,0.0,16.25,0.0014820188516750932,18,0,22.375,22.375,22.25,2.0,19.25,0.0,0,0,0,0
random_layer_matched,corrupt,ablate,v5_qwen35_4b_070,69,17.5,0.00884167943149805,-4.375,-4.7194366455078125,5,0,0.0,0.0,0.0,0.0,-16.789098739624023,0.0,17.5,0.00884167943149805,5,0,21.875,21.875,22.25,1.875,19.875,0.0,0,0,0,0
random_layer_matched,corrupt,ablate,v5_qwen35_4b_124,123,16.375,0.0018249666318297386,-5.875,-6.304405212402344,15,0,0.0,0.0,0.0,0.0,-18.354955673217773,0.0,16.375,0.0018249666318297386,15,0,22.25,22.25,22.625,2.125,19.5,0.0,0,0,0,0
random_layer_matched,corrupt,ablate,v5_qwen35_4b_125,124,16.375,0.001570428255945444,-6.0,-6.454870223999023,18,0,0.0,0.0,0.0,0.0,-18.31229591369629,0.0,16.375,0.001570428255945444,18,0,22.375,22.375,22.625,2.125,19.5,0.0,0,0,0,0
random_layer_matched,corrupt,ablate,v5_qwen35_4b_139,138,16.375,0.001570428255945444,-6.0,-6.454870223999023,18,0,0.0,0.0,0.0,0.0,-18.31229591369629,0.0,16.375,0.001570428255945444,18,0,22.375,22.375,22.625,2.125,19.5,0.0,0,0,0,0
random_layer_matched,corrupt,ablate,v5_qwen35_4b_203,202,17.625,0.009332310408353806,-4.25,-4.664939880371094,6,0,0.0,0.0,0.0,0.0,-16.649810791015625,0.0,17.625,0.009332310408353806,6,0,21.875,21.875,22.625,2.125,20.125,0.0,0,0,0,0
random_layer_matched,corrupt,ablate,v5_qwen35_4b_206,205,17.5,0.00884167943149805,-4.375,-4.7194366455078125,5,0,0.0,0.0,0.0,0.0,-16.789098739624023,0.0,17.5,0.00884167943149805,5,0,21.875,21.875,22.375,2.0,19.9375,0.0,0,0,0,0
random_layer_matched,corrupt,ablate,v5_qwen35_4b_212,211,17.625,0.009332310408353806,-4.25,-4.664939880371094,6,0,0.0,0.0,0.0,0.0,-16.649810791015625,0.0,17.625,0.009332310408353806,6,0,21.875,21.875,22.625,2.125,20.125,0.0,0,0,0,0
random_layer_matched,corrupt,ablate,v5_qwen35_4b_228,227,16.375,0.0018249666318297386,-5.875,-6.304405212402344,15,0,0.0,0.0,0.0,0.0,-18.354955673217773,0.0,16.375,0.0018249666318297386,15,0,22.25,22.25,21.75,1.25,19.0625,0.0,0,0,0,0
random_layer_matched,corrupt,ablate,v5_qwen35_4b_230,229,16.375,0.0018249666318297386,-5.875,-6.304405212402344,15,0,0.0,0.0,0.0,0.0,-18.354955673217773,0.0,16.375,0.0018249666318297386,15,0,22.25,22.25,21.75,1.25,19.0625,0.0,0,0,0,0
random_layer_matched,corrupt,ablate,v5_qwen35_4b_231,230,16.375,0.0018249666318297386,-5.875,-6.304405212402344,15,0,0.0,0.0,0.0,0.0,-18.354955673217773,0.0,16.375,0.0018249666318297386,15,0,22.25,22.25,21.75,1.25,19.0625,0.0,0,0,0,0
random_layer_matched,corrupt,ablate,v5_qwen35_4b_236,235,16.375,0.0018249666318297386,-5.875,-6.304405212402344,15,0,0.0,0.0,0.0,0.0,-18.354955673217773,0.0,16.375,0.0018249666318297386,15,0,22.25,22.25,21.75,1.25,19.0625,0.0,0,0,0,0
random_layer_matched,corrupt,ablate,v5_qwen35_4b_237,236,16.375,0.0018249666318297386,-5.875,-6.304405212402344,15,0,0.0,0.0,0.0,0.0,-18.354955673217773,0.0,16.375,0.0018249666318297386,15,0,22.25,22.25,21.75,1.25,19.0625,0.0,0,0,0,0
random_layer_matched,corrupt,ablate,v5_qwen35_4b_238,237,16.375,0.001570428255945444,-6.0,-6.454870223999023,18,0,0.0,0.0,0.0,0.0,-18.31229591369629,0.0,16.375,0.001570428255945444,18,0,22.375,22.375,21.875,1.375,19.125,0.0,0,0,0,0
random_layer_matched,corrupt,ablate,v5_qwen35_4b_247,246,16.375,0.0018249666318297386,-5.875,-6.304405212402344,15,0,0.0,0.0,0.0,0.0,-18.354955673217773,0.0,16.375,0.0018249666318297386,15,0,22.25,22.25,21.75,1.25,19.0625,0.0,0,0,0,0
random_layer_matched,corrupt,ablate,v5_qwen35_4b_257,256,17.5,0.00884167943149805,-4.375,-4.7194366455078125,5,0,0.0,0.0,0.0,0.0,-16.789098739624023,0.0,17.5,0.00884167943149805,5,0,21.875,21.875,21.75,1.25,19.625,0.0,0,0,0,0
random_layer_matched,corrupt,ablate,v5_qwen35_4b_291,290,17.5,0.00884167943149805,-4.375,-4.7194366455078125,5,0,0.0,0.0,0.0,0.0,-16.789098739624023,0.0,17.5,0.00884167943149805,5,0,21.875,21.875,21.75,1.25,19.625,0.0,0,0,0,0
random_layer_matched,corrupt,ablate,v5_qwen35_4b_005,4,15.5,0.0006943017360754311,-7.0,-7.271942138671875,29,0,0.0,0.0,0.0,0.0,-18.40878677368164,0.0,15.5,0.0006943017360754311,29,0,22.5,22.5,22.25,1.875,18.875,0.0,0,0,0,0
random_layer_matched,corrupt,ablate,v5_qwen35_4b_013,12,15.5625,0.0006759362877346575,-7.0625,-7.298765182495117,27,0,0.0,0.0,0.0,0.0,-18.486417770385742,0.0,15.5625,0.0006759362877346575,27,0,22.625,22.625,22.125,1.875,18.84375,0.0,0,0,0,0
random_layer_matched,corrupt,ablate,v5_qwen35_4b_026,25,16.375,0.0018199029145762324,-5.875,-6.307188034057617,17,0,0.0,0.0,0.0,0.0,-18.374942779541016,0.0,16.375,0.0018199029145762324,17,0,22.25,22.25,22.125,1.875,19.25,0.0,0,0,0,0
random_layer_matched,corrupt,ablate,v5_qwen35_4b_041,40,16.375,0.001830375986173749,-5.875,-6.301441192626953,19,0,0.0,0.0,0.0,0.0,-18.466537475585938,0.0,16.375,0.001830375986173749,19,0,22.25,22.25,22.25,1.875,19.3125,0.0,0,0,0,0
random_layer_matched,corrupt,ablate,v5_qwen35_4b_045,44,16.375,0.001830375986173749,-5.875,-6.301441192626953,19,0,0.0,0.0,0.0,0.0,-18.466537475585938,0.0,16.375,0.001830375986173749,19,0,22.25,22.25,22.25,1.875,19.3125,0.0,0,0,0,0
random_layer_matched,corrupt,ablate,v5_qwen35_4b_049,48,16.375,0.0018199029145762324,-5.875,-6.307188034057617,17,0,0.0,0.0,0.0,0.0,-18.374942779541016,0.0,16.375,0.0018199029145762324,17,0,22.25,22.25,22.125,1.875,19.25,0.0,0,0,0,0
random_layer_matched,corrupt,ablate,v5_qwen35_4b_117,116,16.375,0.0018199029145762324,-5.875,-6.307188034057617,17,0,0.0,0.0,0.0,0.0,-18.374942779541016,0.0,16.375,0.0018199029145762324,17,0,22.25,22.25,22.625,2.25,19.5,0.0,0,0,0,0
random_layer_matched,corrupt,ablate,v5_qwen35_4b_137,136,16.375,0.0018199029145762324,-5.875,-6.307188034057617,17,0,0.0,0.0,0.0,0.0,-18.374942779541016,0.0,16.375,0.0018199029145762324,17,0,22.25,22.25,22.625,2.25,19.5,0.0,0,0,0,0
random_layer_matched,corrupt,ablate,v5_qwen35_4b_141,140,16.375,0.001830375986173749,-5.875,-6.301441192626953,19,0,0.0,0.0,0.0,0.0,-18.466537475585938,0.0,16.375,0.001830375986173749,19,0,22.25,22.25,22.625,2.25,19.5,0.0,0,0,0,0
random_layer_matched,corrupt,ablate,v5_qwen35_4b_157,156,15.5625,0.0006759362877346575,-7.0625,-7.298765182495117,27,0,0.0,0.0,0.0,0.0,-18.486417770385742,0.0,15.5625,0.0006759362877346575,27,0,22.625,22.625,22.625,2.25,19.09375,0.0,0,0,0,0
random_layer_matched,corrupt,ablate,v5_qwen35_4b_227,226,16.375,0.0018199029145762324,-5.875,-6.307188034057617,17,0,0.0,0.0,0.0,0.0,-18.374942779541016,0.0,16.375,0.0018199029145762324,17,0,22.25,22.25,21.875,1.375,19.125,0.0,0,0,0,0
random_layer_matched,corrupt,ablate,v5_qwen35_4b_233,232,16.375,0.001830375986173749,-5.875,-6.301441192626953,19,0,0.0,0.0,0.0,0.0,-18.466537475585938,0.0,16.375,0.001830375986173749,19,0,22.25,22.25,21.75,1.375,19.0625,0.0,0,0,0,0
random_layer_matched,corrupt,ablate,v5_qwen35_4b_235,234,16.375,0.0018199029145762324,-5.875,-6.307188034057617,17,0,0.0,0.0,0.0,0.0,-18.374942779541016,0.0,16.375,0.0018199029145762324,17,0,22.25,22.25,21.875,1.375,19.125,0.0,0,0,0,0
random_layer_matched,corrupt,ablate,v5_qwen35_4b_248,247,16.375,0.0018199029145762324,-5.875,-6.307188034057617,17,0,0.0,0.0,0.0,0.0,-18.374942779541016,0.0,16.375,0.0018199029145762324,17,0,22.25,22.25,21.875,1.375,19.125,0.0,0,0,0,0
random_layer_matched,corrupt,ablate,v5_qwen35_4b_250,249,16.375,0.0018199029145762324,-5.875,-6.307188034057617,17,0,0.0,0.0,0.0,0.0,-18.374942779541016,0.0,16.375,0.0018199029145762324,17,0,22.25,22.25,21.875,1.375,19.125,0.0,0,0,0,0
random_layer_matched,corrupt,ablate,v5_qwen35_4b_261,260,17.625,0.010868935845792294,-4.125,-4.510963439941406,6,0,0.0,0.0,0.0,0.0,-16.56675910949707,0.0,17.625,0.010868935845792294,6,0,21.75,21.75,21.75,1.375,19.6875,0.0,0,0,0,0
random_layer_matched,corrupt,ablate,v5_qwen35_4b_274,273,17.5,0.008061088621616364,-4.5,-4.812646865844727,5,0,0.0,0.0,0.0,0.0,-16.848115921020508,0.0,17.5,0.008061088621616364,5,0,22.0,22.0,21.875,1.375,19.6875,0.0,0,0,0,0
random_layer_matched,corrupt,ablate,v5_qwen35_4b_298,297,17.5,0.008719369769096375,-4.375,-4.733491897583008,6,0,0.0,0.0,0.0,0.0,-16.868783950805664,0.0,17.5,0.008719369769096375,6,0,21.875,21.875,21.875,1.375,19.6875,0.0,0,0,0,0
random_layer_matched,corrupt,ablate,v5_qwen35_4b_202,201,20.375,0.09454387426376343,-1.875,-2.259408950805664,2,0,0.0,0.0,0.0,0.0,-6.762568473815918,0.0,20.375,0.09454387426376343,2,0,22.25,22.25,23.375,0.5,21.875,0.0,0,0,0,0
random_layer_matched,corrupt,ablate,v5_qwen35_4b_221,220,19.5,0.018734535202383995,-2.875,-3.9584999084472656,5,0,0.0,-0.0006763264536857605,0.0,-0.036151885986328125,-4.295412063598633,-0.006453037261962891,19.5,0.019410861656069756,5,0,22.375,22.375,24.625,0.25,22.0625,0.0,0,0,0,0
random_layer_matched,corrupt,ablate,v5_qwen35_4b_051,50,19.125,0.027655621990561485,-2.75,-3.559915542602539,5,0,0.0,0.0,0.0,0.0,-7.319972991943359,0.0,19.125,0.027655621990561485,5,0,21.875,21.875,23.625,0.25,21.375,0.0,0,0,0,0
random_layer_matched,corrupt,ablate,v5_qwen35_4b_278,277,19.375,0.03502671420574188,-2.5,-3.3160247802734375,5,0,0.0,0.0,0.0,0.0,-7.090640544891357,0.0,19.375,0.03502671420574188,5,0,21.875,21.875,23.375,0.5,21.375,0.0,0,0,0,0
random_layer_matched,corrupt,ablate,v5_qwen35_4b_062,61,19.5,0.03670622780919075,-2.625,-3.267444610595703,5,0,0.0,0.0,0.0,0.0,-7.246484756469727,0.0,19.5,0.03670622780919075,5,0,22.125,22.125,23.75,0.375,21.625,0.0,0,0,0,0
random_layer_matched,corrupt,ablate,v5_qwen35_4b_068,67,19.5,0.03670622780919075,-2.625,-3.267444610595703,5,0,0.0,0.0,0.0,0.0,-7.246484756469727,0.0,19.5,0.03670622780919075,5,0,22.125,22.125,23.75,0.375,21.625,0.0,0,0,0,0
random_layer_matched,corrupt,ablate,v5_qwen35_4b_209,208,19.5,0.0366109199821949,-2.625,-3.270143508911133,5,0,0.0,0.0,0.0,0.0,-7.281005859375,0.0,19.5,0.0366109199821949,5,0,22.125,22.125,23.625,0.125,21.5625,0.0,0,0,0,0
random_layer_matched,corrupt,ablate,v5_qwen35_4b_220,219,19.5,0.0366109199821949,-2.625,-3.270143508911133,5,0,0.0,0.0,0.0,0.0,-7.281005859375,0.0,19.5,0.0366109199821949,5,0,22.125,22.125,23.625,0.125,21.5625,0.0,0,0,0,0
random_layer_matched,corrupt,ablate,v5_qwen35_4b_225,224,19.5,0.0366109199821949,-2.625,-3.270143508911133,5,0,0.0,0.0,0.0,0.0,-7.281005859375,0.0,19.5,0.0366109199821949,5,0,22.125,22.125,23.625,0.125,21.5625,0.0,0,0,0,0
random_layer_matched,corrupt,ablate,v5_qwen35_4b_300,299,19.625,0.03894484415650368,-2.5,-3.2059154510498047,5,0,0.0,0.0,0.0,0.0,-7.192119121551514,0.0,19.625,0.03894484415650368,5,0,22.125,22.125,23.375,0.5,21.5,0.0,0,0,0,0
random_layer_matched,corrupt,ablate,v5_qwen35_4b_293,292,19.375,0.027442187070846558,-3.0,-3.5678749084472656,4,0,0.0,0.0,0.0,0.0,-8.23132038116455,0.0,19.375,0.027442187070846558,4,0,22.375,22.375,24.75,3.5,22.0625,0.0,0,0,0,0
random_layer_matched,corrupt,ablate,v5_qwen35_4b_066,65,19.375,0.03382420912384987,-2.625,-3.352201461791992,5,0,0.0,0.0,0.0,0.0,-7.780594348907471,0.0,19.375,0.03382420912384987,5,0,22.0,22.0,23.75,0.5,21.5625,0.0,0,0,0,0
random_layer_matched,corrupt,ablate,v5_qwen35_4b_197,196,19.375,0.02998344972729683,-2.375,-3.4767093658447266,7,0,0.0,1.6689300537109375e-06,0.0,5.7220458984375e-05,-6.4074931144714355,-0.0016965866088867188,19.375,0.02998178079724312,7,0,21.75,21.75,23.375,0.125,21.375,0.0,0,0,0,0
random_layer_matched,corrupt,ablate,v5_qwen35_4b_074,73,19.625,0.037366509437561035,-2.625,-3.2489280700683594,5,0,0.0,0.0,0.0,0.0,-7.383699893951416,0.0,19.625,0.037366509437561035,5,0,22.25,22.25,24.125,0.625,21.875,0.0,0,0,0,0
random_layer_matched,corrupt,ablate,v5_qwen35_4b_189,188,19.125,0.014731371775269508,-3.375,-4.202976226806641,7,0,0.0,-2.1792948246002197e-07,0.0,-1.52587890625e-05,-6.4232940673828125,-0.002113819122314453,19.125,0.014731589704751968,7,0,22.5,22.5,23.375,0.25,21.25,0.0,0,0,0,0
random_layer_matched,corrupt,ablate,v5_qwen35_4b_223,222,19.625,0.04235493391752243,-2.375,-3.1184253692626953,5,0,0.0,0.0,0.0,0.0,-7.30742883682251,0.0,19.625,0.04235493391752243,5,0,22.0,22.0,23.75,0.25,21.6875,0.0,0,0,0,0
random_layer_matched,corrupt,ablate,v5_qwen35_4b_266,265,19.5,0.039955783635377884,-2.375,-3.179241180419922,5,0,0.0,0.0,0.0,0.0,-7.243834495544434,0.0,19.5,0.039955783635377884,5,0,21.875,21.875,23.625,0.75,21.5625,0.0,0,0,0,0
random_layer_matched,corrupt,ablate,v5_qwen35_4b_287,286,19.625,0.04235493391752243,-2.375,-3.1184253692626953,5,0,0.0,0.0,0.0,0.0,-7.30742883682251,0.0,19.625,0.04235493391752243,5,0,22.0,22.0,23.125,0.25,21.375,0.0,0,0,0,0
random_layer_matched,corrupt,ablate,v5_qwen35_4b_058,57,19.625,0.03420625254511833,-2.875,-3.3405704498291016,5,0,0.0,0.0,0.0,0.0,-8.46015453338623,0.0,19.625,0.03420625254511833,5,0,22.5,22.5,23.5,0.25,21.5625,0.0,0,0,0,0
random_layer_matched,corrupt,ablate,v5_qwen35_4b_060,59,19.5,0.03673437982797623,-2.5,-3.2666473388671875,5,0,0.0,0.0,0.0,0.0,-7.1692214012146,0.0,19.5,0.03673437982797623,5,0,22.0,22.0,24.0,0.5,21.75,0.0,0,0,0,0
random_layer_matched,corrupt,ablate,v5_qwen35_4b_201,200,19.625,0.04089660942554474,-2.5,-3.1549835205078125,5,0,0.0,0.0,0.0,0.0,-7.418107986450195,0.0,19.625,0.04089660942554474,5,0,22.125,22.125,23.625,0.25,21.625,0.0,0,0,0,0
random_layer_matched,corrupt,ablate,v5_qwen35_4b_217,216,19.5,0.03579164296388626,-2.625,-3.2936248779296875,5,0,0.0,0.0,0.0,0.0,-7.270823001861572,0.0,19.5,0.03579164296388626,5,0,22.125,22.125,23.75,0.375,21.625,0.0,0,0,0,0
random_layer_matched,corrupt,ablate,v5_qwen35_4b_218,217,19.625,0.03781021758913994,-2.625,-3.236661911010742,5,0,0.0,0.0,0.0,0.0,-7.475377082824707,0.0,19.625,0.03781021758913994,5,0,22.25,22.25,23.625,0.25,21.625,0.0,0,0,0,0
random_layer_matched,corrupt,ablate,v5_qwen35_4b_275,274,19.625,0.03781021758913994,-2.625,-3.236661911010742,5,0,0.0,0.0,0.0,0.0,-7.475377082824707,0.0,19.625,0.03781021758913994,5,0,22.25,22.25,23.25,0.375,21.4375,0.0,0,0,0,0
random_layer_matched,corrupt,ablate,v5_qwen35_4b_297,296,19.75,0.0462866947054863,-2.375,-3.0255393981933594,5,0,0.0,0.0,0.0,0.0,-7.42717170715332,0.0,19.75,0.0462866947054863,5,0,22.125,22.125,23.25,0.375,21.5,0.0,0,0,0,0
random_layer_matched,corrupt,ablate,v5_qwen35_4b_050,49,19.625,0.0423416942358017,-2.5,-3.1187515258789062,5,0,0.0,0.0,0.0,0.0,-7.438788890838623,0.0,19.625,0.0423416942358017,5,0,22.125,22.125,23.875,0.625,21.75,0.0,0,0,0,0
random_layer_matched,corrupt,ablate,v5_qwen35_4b_063,62,19.625,0.0423416942358017,-2.5,-3.1187515258789062,5,0,0.0,0.0,0.0,0.0,-7.438788890838623,0.0,19.625,0.0423416942358017,5,0,22.125,22.125,23.875,0.625,21.75,0.0,0,0,0,0
random_layer_matched,corrupt,ablate,v5_qwen35_4b_067,66,19.625,0.0423416942358017,-2.5,-3.1187515258789062,5,0,0.0,0.0,0.0,0.0,-7.438788890838623,0.0,19.625,0.0423416942358017,5,0,22.125,22.125,23.875,0.625,21.75,0.0,0,0,0,0
random_layer_matched,corrupt,ablate,v5_qwen35_4b_075,74,19.625,0.0423416942358017,-2.5,-3.1187515258789062,5,0,0.0,0.0,0.0,0.0,-7.438788890838623,0.0,19.625,0.0423416942358017,5,0,22.125,22.125,23.875,0.625,21.75,0.0,0,0,0,0
random_layer_matched,corrupt,ablate,v5_qwen35_4b_198,197,19.875,0.049933210015296936,-1.875,-2.9458885192871094,5,0,0.0,0.0021630600094795227,0.125,0.04656028747558594,-5.807098388671875,-0.008574962615966797,19.875,0.04777015000581741,5,0,21.875,21.75,23.75,0.375,21.8125,0.0,0,0,0,0
random_layer_matched,corrupt,ablate,v5_qwen35_4b_219,218,19.625,0.04238104820251465,-2.5,-3.1177806854248047,5,0,0.0,0.0,0.0,0.0,-7.229538440704346,0.0,19.625,0.04238104820251465,5,0,22.125,22.125,23.75,0.375,21.6875,0.0,0,0,0,0
random_layer_matched,corrupt,ablate,v5_qwen35_4b_253,252,19.625,0.04238104820251465,-2.5,-3.1177806854248047,5,0,0.0,0.0,0.0,0.0,-7.229538440704346,0.0,19.625,0.04238104820251465,5,0,22.125,22.125,23.25,0.5,21.4375,0.0,0,0,0,0
random_layer_matched,corrupt,ablate,v5_qwen35_4b_200,199,19.75,0.04721134528517723,-2.25,-3.0047950744628906,5,0,0.0,0.0,0.0,0.0,-6.135420799255371,0.0,19.75,0.04721134528517723,5,0,22.0,22.0,24.125,1.375,21.9375,0.0,0,0,0,0
random_layer_matched,corrupt,ablate,v5_qwen35_4b_031,30,19.25,0.022823553532361984,-3.0,-3.7569217681884766,7,0,0.0,2.289004623889923e-05,0.0,0.001026153564453125,-6.96131706237793,-0.00017309188842773438,19.25,0.022800663486123085,7,0,22.25,22.25,23.75,0.875,21.5,0.0,0,0,0,0
random_layer_matched,corrupt,ablate,v5_qwen35_4b_163,162,19.75,0.04101484268903732,-1.875,-3.151998519897461,6,0,0.0,0.0007173530757427216,0.0,0.018390655517578125,-3.998927593231201,-0.001293182373046875,19.75,0.0402974896132946,6,0,21.625,21.625,23.5,0.625,21.625,0.0,0,0,0,0
random_layer_matched,corrupt,ablate,v5_qwen35_4b_184,183,20.0,0.050783492624759674,-1.75,-2.928119659423828,5,0,0.0,3.047659993171692e-05,0.0,0.00063323974609375,-2.1469178199768066,0.007154941558837891,20.0,0.05075301602482796,5,0,21.75,21.75,23.375,0.25,21.6875,0.0,0,0,0,0
random_layer_matched,corrupt,ablate,v5_qwen35_4b_191,190,19.25,0.022823553532361984,-3.0,-3.7569217681884766,7,0,0.0,2.289004623889923e-05,0.0,0.001026153564453125,-6.96131706237793,-0.00017309188842773438,19.25,0.022800663486123085,7,0,22.25,22.25,23.5,0.625,21.375,0.0,0,0,0,0
random_layer_matched,corrupt,ablate,v5_qwen35_4b_192,191,19.25,0.022823553532361984,-3.0,-3.7569217681884766,7,0,0.0,2.289004623889923e-05,0.0,0.001026153564453125,-6.96131706237793,-0.00017309188842773438,19.25,0.022800663486123085,7,0,22.25,22.25,23.5,0.625,21.375,0.0,0,0,0,0
random_layer_matched,corrupt,ablate,v5_qwen35_4b_022,21,19.625,0.03714212030172348,-2.0,-3.2552127838134766,6,0,0.0,0.000721227377653122,0.0,0.020357131958007812,-4.002016067504883,-0.00951695442199707,19.625,0.03642089292407036,6,0,21.625,21.625,23.75,0.875,21.6875,0.0,0,0,0,0
random_layer_matched,corrupt,ablate,v5_qwen35_4b_034,33,19.375,0.021623698994517326,-3.0,-3.8121509552001953,7,0,0.0,-3.371387720108032e-07,0.0,-1.52587890625e-05,-6.338131904602051,-0.004630565643310547,19.375,0.021624036133289337,7,0,22.375,22.375,23.25,0.375,21.3125,0.0,0,0,0,0
random_layer_matched,corrupt,ablate,v5_qwen35_4b_061,60,19.75,0.03391042724251747,-3.0,-3.3495635986328125,4,0,0.0,0.0,0.0,0.0,-8.852746963500977,0.0,19.75,0.03391042724251747,4,0,22.75,22.75,23.75,0.875,21.75,0.0,0,0,0,0
random_layer_matched,corrupt,ablate,v5_qwen35_4b_069,68,19.875,0.03362564742565155,-3.0,-3.3582897186279297,4,0,0.0,0.0,0.0,0.0,-8.938735008239746,0.0,19.875,0.03362564742565155,4,0,22.875,22.875,23.25,0.375,21.5625,0.0,0,0,0,0
random_layer_matched,corrupt,ablate,v5_qwen35_4b_162,161,19.625,0.03714212030172348,-2.0,-3.2552127838134766,6,0,0.0,0.000721227377653122,0.0,0.020357131958007812,-4.002016067504883,-0.00951695442199707,19.625,0.03642089292407036,6,0,21.625,21.625,23.625,0.75,21.625,0.0,0,0,0,0
random_layer_matched,corrupt,ablate,v5_qwen35_4b_165,164,19.625,0.030642826110124588,-2.25,-3.454282760620117,7,0,0.0,3.3490359783172607e-06,0.0,0.0001125335693359375,-3.884815216064453,-0.011865854263305664,19.625,0.03063947707414627,7,0,21.875,21.875,23.375,0.375,21.5,0.0,0,0,0,0
random_layer_matched,corrupt,ablate,v5_qwen35_4b_176,175,19.625,0.03714212030172348,-2.0,-3.2552127838134766,6,0,0.0,0.000721227377653122,0.0,0.020357131958007812,-4.002016067504883,-0.00951695442199707,19.625,0.03642089292407036,6,0,21.625,21.625,23.625,0.75,21.625,0.0,0,0,0,0
random_layer_matched,corrupt,ablate,v5_qwen35_4b_177,176,19.625,0.03714212030172348,-2.0,-3.2552127838134766,6,0,0.0,0.000721227377653122,0.0,0.020357131958007812,-4.002016067504883,-0.00951695442199707,19.625,0.03642089292407036,6,0,21.625,21.625,23.625,0.75,21.625,0.0,0,0,0,0
random_layer_matched,corrupt,ablate,v5_qwen35_4b_211,210,19.75,0.0338459275662899,-3.0,-3.351533889770508,4,0,0.0,0.0,0.0,0.0,-8.872928619384766,0.0,19.75,0.0338459275662899,4,0,22.75,22.75,23.625,0.75,21.6875,0.0,0,0,0,0
random_layer_matched,corrupt,ablate,v5_qwen35_4b_246,245,19.375,0.025854567065835,-2.875,-3.629119873046875,7,0,0.0,-0.0003030877560377121,0.0,-0.011964797973632812,-6.86749792098999,-0.0031576156616210938,19.375,0.02615765482187271,7,0,22.25,22.25,22.5,0.125,20.9375,0.0,0,0,0,0
random_layer_matched,corrupt,ablate,v5_qwen35_4b_268,267,19.75,0.0338459275662899,-3.0,-3.351533889770508,4,0,0.0,0.0,0.0,0.0,-8.872928619384766,0.0,19.75,0.0338459275662899,4,0,22.75,22.75,22.5,0.125,21.125,0.0,0,0,0,0
random_layer_matched,corrupt,ablate,v5_qwen35_4b_032,31,19.5,0.026398951187729836,-2.75,-3.6077213287353516,7,0,0.0,-0.0005171690136194229,0.0,-0.019931793212890625,-5.682681560516357,-0.005991458892822266,19.5,0.02691612020134926,7,0,22.25,22.25,23.75,0.5,21.625,0.0,0,0,0,0
random_layer_matched,corrupt,ablate,v5_qwen35_4b_194,193,19.375,0.023969396948814392,-2.875,-3.7067642211914062,7,0,0.0,-6.704218685626984e-05,0.0,-0.00286102294921875,-6.316536903381348,-0.006473064422607422,19.375,0.024036439135670662,7,0,22.25,22.25,23.5,0.375,21.4375,0.0,0,0,0,0
random_layer_matched,corrupt,ablate,v5_qwen35_4b_195,194,19.375,0.022919761016964912,-2.625,-3.7526073455810547,7,0,0.0,0.0004675108939409256,0.0,0.021085739135742188,-5.899693012237549,-0.0013380050659179688,19.375,0.022452250123023987,7,0,22.0,22.0,23.625,0.25,21.5,0.0,0,0,0,0
random_layer_matched,corrupt,ablate,v5_qwen35_4b_019,18,19.25,0.020035695284605026,-2.75,-3.8900508880615234,7,0,0.0,3.168359398841858e-05,0.0,0.0016155242919921875,-3.85593318939209,-0.009522438049316406,19.25,0.020004011690616608,7,0,22.0,22.0,23.25,0.375,21.25,0.0,0,0,0,0
random_layer_matched,corrupt,ablate,v5_qwen35_4b_056,55,19.25,0.017825396731495857,-3.625,-4.009174346923828,6,0,0.0,0.0,0.0,0.0,-8.832362174987793,0.0,19.25,0.017825396731495857,6,0,22.875,22.875,24.25,0.875,21.75,0.0,0,0,0,0
random_layer_matched,corrupt,ablate,v5_qwen35_4b_057,56,19.375,0.019722955301404,-3.5,-3.9060802459716797,6,0,0.0,0.0,0.0,0.0,-8.784597396850586,0.0,19.375,0.019722955301404,6,0,22.875,22.875,24.0,0.625,21.6875,0.0,0,0,0,0
random_layer_matched,corrupt,ablate,v5_qwen35_4b_190,189,19.375,0.02425016649067402,-2.75,-3.694826126098633,7,0,0.0,-0.0005942508578300476,0.0,-0.02481842041015625,-5.325618267059326,0.008036136627197266,19.375,0.024844417348504066,7,0,22.125,22.125,24.25,0.875,21.8125,0.0,0,0,0,0
random_layer_matched,corrupt,ablate,v5_qwen35_4b_199,198,19.375,0.02263469807803631,-2.875,-3.7654190063476562,7,0,0.0,2.2174790501594543e-05,0.0,0.001003265380859375,-5.678947925567627,0.008150100708007812,19.375,0.022612523287534714,7,0,22.25,22.25,24.0,0.5,21.6875,0.0,0,0,0,0
random_layer_matched,corrupt,ablate,v5_qwen35_4b_240,239,19.375,0.02425016649067402,-2.75,-3.694826126098633,7,0,0.0,-0.0005942508578300476,0.0,-0.02481842041015625,-5.325618267059326,0.008036136627197266,19.375,0.024844417348504066,7,0,22.125,22.125,23.75,0.875,21.5625,0.0,0,0,0,0
random_layer_matched,corrupt,ablate,v5_qwen35_4b_279,278,19.25,0.017798731103539467,-3.625,-4.010698318481445,6,0,0.0,0.0,0.0,0.0,-8.778388023376465,0.0,19.25,0.017798731103539467,6,0,22.875,22.875,23.625,0.625,21.4375,0.0,0,0,0,0
random_layer_matched,corrupt,ablate,v5_qwen35_4b_173,172,19.25,0.018686307594180107,-2.875,-3.961149215698242,7,0,0.0,-0.0007895529270172119,-0.125,-0.042186737060546875,-3.896364450454712,-0.0017113685607910156,19.25,0.01947586052119732,7,0,22.0,22.125,23.5,0.375,21.375,0.0,0,0,0,0
random_layer_matched,corrupt,ablate,v5_qwen35_4b_193,192,19.375,0.028826158493757248,-2.5,-3.517263412475586,6,0,0.0,1.7900019884109497e-05,0.0,0.0006389617919921875,-4.278136253356934,0.004680633544921875,19.375,0.02880825847387314,6,0,21.875,21.875,24.25,0.875,21.8125,0.0,0,0,0,0
random_layer_matched,corrupt,ablate,v5_qwen35_4b_196,195,19.75,0.036525458097457886,-2.25,-3.2725772857666016,5,0,0.0,2.83755362033844e-05,0.0,0.0008068084716796875,-5.550505638122559,0.001967906951904297,19.75,0.0364970825612545,5,0,22.0,22.0,23.625,0.25,21.6875,0.0,0,0,0,0
random_layer_matched,corrupt,ablate,v5_qwen35_4b_207,206,19.75,0.026399575173854828,-3.25,-3.607677459716797,5,0,0.0,0.0,0.0,0.0,-8.901191711425781,0.0,19.75,0.026399575173854828,5,0,23.0,23.0,23.375,0.375,21.5625,0.0,0,0,0,0
random_layer_matched,corrupt,ablate,v5_qwen35_4b_210,209,19.5,0.029334548860788345,-2.875,-3.4992446899414062,5,0,0.0,0.0,0.0,0.0,-7.978080749511719,0.0,19.5,0.029334548860788345,5,0,22.375,22.375,23.625,0.125,21.5625,0.0,0,0,0,0
random_layer_matched,corrupt,ablate,v5_qwen35_4b_071,70,19.375,0.02571937069296837,-3.0,-3.634481430053711,5,0,0.0,0.0,0.0,0.0,-8.197752952575684,0.0,19.375,0.02571937069296837,5,0,22.375,22.375,23.5,1.25,21.4375,0.0,0,0,0,0
random_layer_matched,corrupt,ablate,v5_qwen35_4b_170,169,18.875,0.02176927775144577,-2.625,-3.805299758911133,7,0,0.0,0.0004429798573255539,0.0,0.0210113525390625,-2.1786253452301025,-0.008681058883666992,18.875,0.021326297894120216,7,0,21.5,21.5,23.375,0.75,21.125,0.0,0,0,0,0
random_layer_matched,corrupt,ablate,v5_qwen35_4b_178,177,19.75,0.04822559654712677,-1.625,-2.982492446899414,5,0,-0.125,-0.00685485452413559,-0.125,-0.1401348114013672,-3.271094560623169,0.010444402694702148,19.875,0.05508045107126236,5,0,21.375,21.375,23.625,0.625,21.75,-0.03333333333333333,0,0,0,0
random_layer_matched,corrupt,ablate,v5_qwen35_4b_175,174,19.0,0.018622837960720062,-2.875,-3.964618682861328,7,0,0.0,-2.5354325771331787e-05,0.0,-0.0013866424560546875,-2.477891445159912,0.014792919158935547,19.0,0.018648192286491394,7,0,21.875,21.875,22.875,0.0,20.9375,0.0,0,0,0,0
random_layer_matched,corrupt,ablate,v5_qwen35_4b_171,170,19.875,0.05590797960758209,-1.375,-2.826570510864258,5,0,0.0,0.0003803260624408722,0.0,0.0072307586669921875,-2.8654961585998535,0.0030999183654785156,19.875,0.05552765354514122,5,0,21.25,21.25,24.125,1.0,22.0,0.0,0,0,0,0
random_layer_matched,corrupt,ablate,v5_qwen35_4b_009,8,19.0,0.017628692090511322,-3.0,-4.020484924316406,7,0,0.0,0.00010260380804538727,0.0,0.00594329833984375,-2.798980474472046,-0.0049822330474853516,19.0,0.017526088282465935,7,0,22.0,22.0,23.625,0.5,21.3125,0.0,0,0,0,0
random_layer_matched,corrupt,ablate,v5_qwen35_4b_052,51,20.25,0.04379823058843613,-2.75,-3.0834007263183594,3,0,0.0,0.0,0.0,0.0,-8.004514694213867,0.0,20.25,0.04379823058843613,3,0,23.0,23.0,23.75,0.875,22.0,0.0,0,0,0,0
random_layer_matched,corrupt,ablate,v5_qwen35_4b_076,75,15.875,0.0004939163918606937,-7.25,-7.612674713134766,29,0,0.0,0.0,0.0,0.0,-12.806502342224121,0.0,15.875,0.0004939163918606937,29,0,23.125,23.125,21.25,0.375,18.5625,0.0,0,0,0,0
random_layer_matched,corrupt,ablate,v5_qwen35_4b_077,76,15.875,0.0004939163918606937,-7.25,-7.612674713134766,29,0,0.0,0.0,0.0,0.0,-12.806502342224121,0.0,15.875,0.0004939163918606937,29,0,23.125,23.125,21.25,0.375,18.5625,0.0,0,0,0,0
random_layer_matched,corrupt,ablate,v5_qwen35_4b_078,77,15.875,0.0004939163918606937,-7.25,-7.612674713134766,29,0,0.0,0.0,0.0,0.0,-12.806502342224121,0.0,15.875,0.0004939163918606937,29,0,23.125,23.125,21.25,0.375,18.5625,0.0,0,0,0,0
random_layer_matched,corrupt,ablate,v5_qwen35_4b_079,78,15.875,0.0004939163918606937,-7.25,-7.612674713134766,29,0,0.0,0.0,0.0,0.0,-12.806502342224121,0.0,15.875,0.0004939163918606937,29,0,23.125,23.125,21.25,0.375,18.5625,0.0,0,0,0,0
random_layer_matched,corrupt,ablate,v5_qwen35_4b_080,79,15.875,0.0004939163918606937,-7.25,-7.612674713134766,29,0,0.0,0.0,0.0,0.0,-12.806502342224121,0.0,15.875,0.0004939163918606937,29,0,23.125,23.125,21.25,0.375,18.5625,0.0,0,0,0,0
random_layer_matched,corrupt,ablate,v5_qwen35_4b_081,80,15.875,0.0004939163918606937,-7.25,-7.612674713134766,29,0,0.0,0.0,0.0,0.0,-12.806502342224121,0.0,15.875,0.0004939163918606937,29,0,23.125,23.125,21.25,0.375,18.5625,0.0,0,0,0,0
random_layer_matched,corrupt,ablate,v5_qwen35_4b_082,81,15.875,0.0004939163918606937,-7.25,-7.612674713134766,29,0,0.0,0.0,0.0,0.0,-12.806502342224121,0.0,15.875,0.0004939163918606937,29,0,23.125,23.125,21.25,0.375,18.5625,0.0,0,0,0,0
random_layer_matched,corrupt,ablate,v5_qwen35_4b_083,82,15.9375,0.0004879979242105037,-7.3125,-7.624734878540039,29,0,0.0,0.0,0.0,0.0,-12.791871070861816,0.0,15.9375,0.0004879979242105037,29,0,23.25,23.25,21.25,0.375,18.59375,0.0,0,0,0,0
random_layer_matched,corrupt,ablate,v5_qwen35_4b_084,83,15.9375,0.0004879979242105037,-7.3125,-7.624734878540039,29,0,0.0,0.0,0.0,0.0,-12.791871070861816,0.0,15.9375,0.0004879979242105037,29,0,23.25,23.25,21.25,0.375,18.59375,0.0,0,0,0,0
random_layer_matched,corrupt,ablate,v5_qwen35_4b_087,86,15.9375,0.0004879979242105037,-7.3125,-7.624734878540039,29,0,0.0,0.0,0.0,0.0,-12.791871070861816,0.0,15.9375,0.0004879979242105037,29,0,23.25,23.25,21.25,0.375,18.59375,0.0,0,0,0,0
random_layer_matched,corrupt,ablate,v5_qwen35_4b_088,87,15.9375,0.0004879979242105037,-7.3125,-7.624734878540039,29,0,0.0,0.0,0.0,0.0,-12.791871070861816,0.0,15.9375,0.0004879979242105037,29,0,23.25,23.25,21.25,0.375,18.59375,0.0,0,0,0,0
random_layer_matched,corrupt,ablate,v5_qwen35_4b_089,88,15.9375,0.0004879979242105037,-7.3125,-7.624734878540039,29,0,0.0,0.0,0.0,0.0,-12.791871070861816,0.0,15.9375,0.0004879979242105037,29,0,23.25,23.25,21.25,0.375,18.59375,0.0,0,0,0,0
random_layer_matched,corrupt,ablate,v5_qwen35_4b_090,89,15.9375,0.0004879979242105037,-7.3125,-7.624734878540039,29,0,0.0,0.0,0.0,0.0,-12.791871070861816,0.0,15.9375,0.0004879979242105037,29,0,23.25,23.25,21.25,0.375,18.59375,0.0,0,0,0,0
random_layer_matched,corrupt,ablate,v5_qwen35_4b_091,90,15.9375,0.0004879979242105037,-7.3125,-7.624734878540039,29,0,0.0,0.0,0.0,0.0,-12.791871070861816,0.0,15.9375,0.0004879979242105037,29,0,23.25,23.25,21.25,0.375,18.59375,0.0,0,0,0,0
random_layer_matched,corrupt,ablate,v5_qwen35_4b_092,91,15.9375,0.0004879979242105037,-7.3125,-7.624734878540039,29,0,0.0,0.0,0.0,0.0,-12.791871070861816,0.0,15.9375,0.0004879979242105037,29,0,23.25,23.25,21.25,0.375,18.59375,0.0,0,0,0,0
random_layer_matched,corrupt,ablate,v5_qwen35_4b_093,92,15.9375,0.0004879979242105037,-7.3125,-7.624734878540039,29,0,0.0,0.0,0.0,0.0,-12.791871070861816,0.0,15.9375,0.0004879979242105037,29,0,23.25,23.25,21.25,0.375,18.59375,0.0,0,0,0,0
random_layer_matched,corrupt,ablate,v5_qwen35_4b_094,93,15.9375,0.0004879979242105037,-7.3125,-7.624734878540039,29,0,0.0,0.0,0.0,0.0,-12.791871070861816,0.0,15.9375,0.0004879979242105037,29,0,23.25,23.25,21.25,0.375,18.59375,0.0,0,0,0,0
random_layer_matched,corrupt,ablate,v5_qwen35_4b_095,94,15.9375,0.0004879979242105037,-7.3125,-7.624734878540039,29,0,0.0,0.0,0.0,0.0,-12.791871070861816,0.0,15.9375,0.0004879979242105037,29,0,23.25,23.25,21.25,0.375,18.59375,0.0,0,0,0,0
random_layer_matched,corrupt,ablate,v5_qwen35_4b_096,95,15.9375,0.0004879979242105037,-7.3125,-7.624734878540039,29,0,0.0,0.0,0.0,0.0,-12.791871070861816,0.0,15.9375,0.0004879979242105037,29,0,23.25,23.25,21.25,0.375,18.59375,0.0,0,0,0,0
random_layer_matched,corrupt,ablate,v5_qwen35_4b_097,96,15.9375,0.0004879979242105037,-7.3125,-7.624734878540039,29,0,0.0,0.0,0.0,0.0,-12.791871070861816,0.0,15.9375,0.0004879979242105037,29,0,23.25,23.25,21.25,0.375,18.59375,0.0,0,0,0,0
random_layer_matched,corrupt,ablate,v5_qwen35_4b_099,98,15.9375,0.0004879979242105037,-7.3125,-7.624734878540039,29,0,0.0,0.0,0.0,0.0,-12.791871070861816,0.0,15.9375,0.0004879979242105037,29,0,23.25,23.25,21.25,0.375,18.59375,0.0,0,0,0,0
random_layer_matched,corrupt,ablate,v5_qwen35_4b_100,99,15.9375,0.0004879979242105037,-7.3125,-7.624734878540039,29,0,0.0,0.0,0.0,0.0,-12.791871070861816,0.0,15.9375,0.0004879979242105037,29,0,23.25,23.25,21.25,0.375,18.59375,0.0,0,0,0,0
random_layer_matched,corrupt,ablate,v5_qwen35_4b_101,100,15.9375,0.0004879979242105037,-7.3125,-7.624734878540039,29,0,0.0,0.0,0.0,0.0,-12.791871070861816,0.0,15.9375,0.0004879979242105037,29,0,23.25,23.25,21.25,0.375,18.59375,0.0,0,0,0,0
random_layer_matched,corrupt,ablate,v5_qwen35_4b_102,101,15.9375,0.0004879979242105037,-7.3125,-7.624734878540039,29,0,0.0,0.0,0.0,0.0,-12.791871070861816,0.0,15.9375,0.0004879979242105037,29,0,23.25,23.25,21.25,0.375,18.59375,0.0,0,0,0,0
random_layer_matched,corrupt,ablate,v5_qwen35_4b_103,102,15.9375,0.0004879979242105037,-7.3125,-7.624734878540039,29,0,0.0,0.0,0.0,0.0,-12.791871070861816,0.0,15.9375,0.0004879979242105037,29,0,23.25,23.25,21.25,0.375,18.59375,0.0,0,0,0,0
random_layer_matched,corrupt,ablate,v5_qwen35_4b_104,103,15.9375,0.0004879979242105037,-7.3125,-7.624734878540039,29,0,0.0,0.0,0.0,0.0,-12.791871070861816,0.0,15.9375,0.0004879979242105037,29,0,23.25,23.25,21.25,0.375,18.59375,0.0,0,0,0,0
random_layer_matched,corrupt,ablate,v5_qwen35_4b_105,104,15.9375,0.0004879979242105037,-7.3125,-7.624734878540039,29,0,0.0,0.0,0.0,0.0,-12.791871070861816,0.0,15.9375,0.0004879979242105037,29,0,23.25,23.25,21.25,0.375,18.59375,0.0,0,0,0,0
random_layer_matched,corrupt,ablate,v5_qwen35_4b_106,105,15.9375,0.0004879979242105037,-7.3125,-7.624734878540039,29,0,0.0,0.0,0.0,0.0,-12.791871070861816,0.0,15.9375,0.0004879979242105037,29,0,23.25,23.25,21.25,0.375,18.59375,0.0,0,0,0,0
random_layer_matched,corrupt,ablate,v5_qwen35_4b_107,106,15.9375,0.0004879979242105037,-7.3125,-7.624734878540039,29,0,0.0,0.0,0.0,0.0,-12.791871070861816,0.0,15.9375,0.0004879979242105037,29,0,23.25,23.25,21.25,0.375,18.59375,0.0,0,0,0,0
random_layer_matched,corrupt,ablate,v5_qwen35_4b_108,107,15.9375,0.0004879979242105037,-7.3125,-7.624734878540039,29,0,0.0,0.0,0.0,0.0,-12.791871070861816,0.0,15.9375,0.0004879979242105037,29,0,23.25,23.25,21.25,0.375,18.59375,0.0,0,0,0,0
random_layer_matched,corrupt,ablate,v5_qwen35_4b_109,108,15.9375,0.0004879979242105037,-7.3125,-7.624734878540039,29,0,0.0,0.0,0.0,0.0,-12.791871070861816,0.0,15.9375,0.0004879979242105037,29,0,23.25,23.25,21.25,0.375,18.59375,0.0,0,0,0,0
random_layer_matched,corrupt,ablate,v5_qwen35_4b_110,109,15.9375,0.0004879979242105037,-7.3125,-7.624734878540039,29,0,0.0,0.0,0.0,0.0,-12.791871070861816,0.0,15.9375,0.0004879979242105037,29,0,23.25,23.25,21.25,0.375,18.59375,0.0,0,0,0,0
random_layer_matched,corrupt,ablate,v5_qwen35_4b_111,110,15.9375,0.0004879979242105037,-7.3125,-7.624734878540039,29,0,0.0,0.0,0.0,0.0,-12.791871070861816,0.0,15.9375,0.0004879979242105037,29,0,23.25,23.25,21.25,0.375,18.59375,0.0,0,0,0,0
random_layer_matched,corrupt,ablate,v5_qwen35_4b_112,111,15.9375,0.0004879979242105037,-7.3125,-7.624734878540039,29,0,0.0,0.0,0.0,0.0,-12.791871070861816,0.0,15.9375,0.0004879979242105037,29,0,23.25,23.25,21.25,0.375,18.59375,0.0,0,0,0,0
random_layer_matched,corrupt,ablate,v5_qwen35_4b_116,115,16.625,0.0009718415676616132,-6.5,-6.935367584228516,16,0,0.0,0.0,0.0,0.0,-15.462002754211426,0.0,16.625,0.0009718415676616132,16,0,23.125,23.125,21.25,0.375,18.9375,0.0,0,0,0,0
random_layer_matched,corrupt,ablate,v5_qwen35_4b_129,128,16.625,0.0009718415676616132,-6.5,-6.935367584228516,16,0,0.0,0.0,0.0,0.0,-15.462002754211426,0.0,16.625,0.0009718415676616132,16,0,23.125,23.125,21.25,0.375,18.9375,0.0,0,0,0,0
random_layer_matched,corrupt,ablate,v5_qwen35_4b_132,131,16.625,0.0009718415676616132,-6.5,-6.935367584228516,16,0,0.0,0.0,0.0,0.0,-15.462002754211426,0.0,16.625,0.0009718415676616132,16,0,23.125,23.125,21.25,0.375,18.9375,0.0,0,0,0,0
random_layer_matched,corrupt,ablate,v5_qwen35_4b_138,137,16.625,0.0009718415676616132,-6.5,-6.935367584228516,16,0,0.0,0.0,0.0,0.0,-15.462002754211426,0.0,16.625,0.0009718415676616132,16,0,23.125,23.125,21.25,0.375,18.9375,0.0,0,0,0,0
random_layer_matched,corrupt,ablate,v5_qwen35_4b_143,142,16.625,0.0009718415676616132,-6.5,-6.935367584228516,16,0,0.0,0.0,0.0,0.0,-15.462002754211426,0.0,16.625,0.0009718415676616132,16,0,23.125,23.125,21.25,0.375,18.9375,0.0,0,0,0,0
random_layer_matched,corrupt,ablate,v5_qwen35_4b_029,28,17.5,0.009069452062249184,-3.625,-4.693778991699219,8,0,0.0,0.0,0.0,0.0,-6.634163856506348,0.0,17.5,0.009069452062249184,8,0,21.125,21.125,21.75,0.875,19.625,0.0,0,0,0,0
random_layer_matched,corrupt,ablate,v5_qwen35_4b_086,85,15.75,0.0004324647889006883,-7.375,-7.745601654052734,30,0,0.0,0.0,0.0,0.0,-12.608646392822266,0.0,15.75,0.0004324647889006883,30,0,23.125,23.125,21.5,0.625,18.625,0.0,0,0,0,0
random_layer_matched,corrupt,ablate,v5_qwen35_4b_258,257,20.125,0.06093231588602066,-2.25,-2.735149383544922,4,0,0.0,0.0,0.0,0.0,-7.4331817626953125,0.0,20.125,0.06093231588602066,4,0,22.375,22.375,26.25,3.25,23.1875,0.0,0,0,0,0
random_layer_matched,corrupt,ablate,v5_qwen35_4b_252,251,20.125,0.08158424496650696,-1.5,-2.421079635620117,4,0,-0.125,-0.005539461970329285,0.0,-0.07175064086914062,-2.510922431945801,-0.00039768218994140625,20.25,0.08712370693683624,3,0,21.75,21.625,24.375,2.125,22.3125,-0.030303030303030304,0,0,0,0
random_layer_matched,corrupt,ablate,v5_qwen35_4b_006,5,17.375,0.00594127643853426,-4.375,-5.119922637939453,12,0,-0.125,-0.0007857712917029858,-0.125,-0.12500381469726562,-3.416991710662842,0.005281209945678711,17.5,0.0067270477302372456,11,0,21.75,21.75,24.75,2.75,21.125,-0.017241379310344827,0,0,0,0
random_layer_matched,corrupt,ablate,v5_qwen35_4b_004,3,16.25,0.0008916197111830115,-6.375,-7.021617889404297,23,0,0.0,1.725275069475174e-07,0.0,0.0001926422119140625,-1.712411880493164,0.0012345314025878906,16.25,0.000891447183676064,23,0,22.625,22.625,25.875,2.25,21.0625,0.0,0,0,0,0
random_layer_matched,corrupt,ablate,v5_qwen35_4b_154,153,15.25,0.0004934253520332277,-6.125,-7.6136932373046875,36,0,-0.0625,-4.1796884033828974e-05,-0.0625,-0.08135223388671875,-0.8146898150444031,-0.00920778512954712,15.3125,0.0005352222360670567,36,0,21.375,21.375,26.25,3.0,20.78125,-0.005714285714285714,0,0,0,0
random_layer_matched,corrupt,ablate,v5_qwen35_4b_119,118,18.625,0.005731381010264158,-4.5,-5.156070709228516,7,0,0.0,0.0,0.0,0.0,-7.357873916625977,0.0,18.625,0.005731381010264158,7,0,23.125,23.125,26.875,4.0,22.75,0.0,0,0,0,0
random_layer_matched,corrupt,ablate,v5_qwen35_4b_010,9,16.125,0.0010229848558083177,-5.75,-6.884056091308594,26,0,0.0,3.3283140510320663e-07,0.0,0.000324249267578125,-6.040188312530518,0.012006282806396484,16.125,0.0010226520244032145,26,0,21.875,21.875,21.5,0.125,18.8125,0.0,0,0,0,0
random_layer_matched,corrupt,ablate,v5_qwen35_4b_151,150,15.625,0.0008155109244398773,-6.5,-7.110921859741211,27,0,-0.0625,-0.00011184584582224488,-0.1875,-0.1286334991455078,-4.888239860534668,-0.006829261779785156,15.6875,0.0009273567702621222,26,0,22.0,22.125,27.75,5.625,21.71875,-0.0051813471502590676,0,0,0,0
random_layer_matched,corrupt,ablate,v5_qwen35_4b_289,288,19.25,0.01723237708210945,-3.5,-4.043601989746094,5,0,0.0,0.0,0.0,0.0,-8.778910636901855,0.0,19.25,0.01723237708210945,5,0,22.75,22.75,27.375,4.25,23.3125,0.0,0,0,0,0
random_layer_matched,corrupt,ablate,v5_qwen35_4b_244,243,18.625,0.05426740646362305,-1.75,-2.858102798461914,7,0,-0.125,-0.006667792797088623,-0.125,-0.12296295166015625,-0.2194536328315735,0.003050506114959717,18.75,0.06093519926071167,6,0,20.375,20.375,25.125,2.75,21.9375,-0.0196078431372549,0,0,0,0
