group,side,direction,sample_id,pair_index,intervened_tool_logit,intervened_tool_probability,intervened_top1_margin,intervened_log_odds,intervened_tool_rank,intervened_is_tool_top1,tool_logit_delta,tool_probability_delta,top1_margin_delta,log_odds_delta,gate_score,gate_score_delta,baseline_tool_logit,baseline_tool_probability,baseline_tool_rank,baseline_is_tool_top1,baseline_best_non_tool_logit,intervened_best_non_tool_logit,paired_target_tool_logit,paired_target_margin,paired_tool_logit_midpoint,tool_logit_gap_progress,raw_tool_logit_midpoint_flip,raw_tool_logit_reached_paired_target,margin_boundary_flip,top1_flip_same_direction
suppressor_top20,corrupt,ablate,v5_granite_3p3_8b_270,209,15.9375,0.10946790874004364,-1.8125,-2.0962085723876953,3,0,-0.0625,0.005701884627342224,0.0625,0.05987548828125,-38.604122161865234,1.8857192993164062,16.0,0.10376602411270142,3,0,17.875,17.75,19.75,3.625,17.875,-0.016666666666666666,0,0,0,0
suppressor_top20,corrupt,ablate,v5_granite_3p3_8b_078,55,15.4375,0.025695333257317543,-2.9375,-3.635435104370117,4,0,0.1875,0.007775835692882538,0.4375,0.36837196350097656,-47.328914642333984,2.0279998779296875,15.25,0.017919497564435005,4,0,18.625,18.375,19.25,2.5,17.25,0.046875,0,0,0,0
suppressor_top20,corrupt,ablate,v5_granite_3p3_8b_229,168,14.6875,0.01804029382765293,-3.3125,-3.9969615936279297,3,0,0.125,0.0030083563178777695,0.125,0.1854991912841797,-46.16603469848633,2.287677764892578,14.5625,0.015031937509775162,3,0,18.0,18.0,19.5,2.875,17.03125,0.02531645569620253,0,0,0,0
suppressor_top20,corrupt,ablate,v5_granite_3p3_8b_084,61,15.5625,0.061193231493234634,-2.1875,-2.7305946350097656,3,0,0.0625,0.009714826941490173,0.1875,0.18317222595214844,-42.93388366699219,2.3906707763671875,15.5,0.05147840455174446,3,0,17.875,17.75,18.625,1.25,17.0625,0.02,0,0,0,0
suppressor_top20,corrupt,ablate,v5_granite_3p3_8b_097,74,16.125,0.11832521855831146,-1.375,-2.0083999633789062,3,0,0.125,0.021758079528808594,0.125,0.22757720947265625,-37.86661148071289,2.2845458984375,16.0,0.09656713902950287,3,0,17.5,17.5,18.75,1.75,17.375,0.045454545454545456,0,0,0,0
suppressor_top20,corrupt,ablate,v5_granite_3p3_8b_222,161,15.0625,0.02461232990026474,-2.9375,-3.6796131134033203,3,0,0.1875,0.00642215833067894,0.3125,0.308929443359375,-44.75478744506836,2.2498741149902344,14.875,0.0181901715695858,3,0,18.125,18.0,19.75,3.0,17.3125,0.038461538461538464,0,0,0,0
suppressor_top20,corrupt,ablate,v5_granite_3p3_8b_297,236,14.6875,0.0045141009613871574,-4.9375,-5.396047592163086,4,0,0.1875,0.001354168402031064,0.3125,0.3580131530761719,-48.93589782714844,2.820404052734375,14.5,0.0031599325593560934,7,0,19.75,19.625,19.125,2.875,16.8125,0.04054054054054054,0,0,0,0
suppressor_top20,corrupt,ablate,v5_granite_3p3_8b_226,165,14.6875,0.01903628744184971,-3.1875,-3.9422149658203125,3,0,0.25,0.005844700150191784,0.375,0.3727092742919922,-45.032859802246094,2.3366775512695312,14.4375,0.013191587291657925,4,0,18.0,17.875,20.125,3.25,17.28125,0.04395604395604396,0,0,0,0
suppressor_top20,corrupt,ablate,v5_granite_3p3_8b_058,35,14.75,0.010185997001826763,-3.875,-4.57652473449707,4,0,0.0625,0.001693730242550373,0.1875,0.18356704711914062,-45.0651741027832,2.2677993774414062,14.6875,0.00849226675927639,4,0,18.75,18.625,18.625,1.5,16.65625,0.015873015873015872,0,0,0,0
suppressor_top20,corrupt,ablate,v5_granite_3p3_8b_093,70,15.3125,0.056826088577508926,-2.1875,-2.8092727661132812,3,0,0.0,0.008524153381586075,0.125,0.17152023315429688,-37.680965423583984,2.2949790954589844,15.3125,0.04830193519592285,3,0,17.625,17.5,18.625,1.125,16.96875,0.0,0,0,0,0
suppressor_top20,corrupt,ablate,v5_granite_3p3_8b_194,141,14.875,0.0047373645938932896,-5.0,-5.347545623779297,5,0,0.0625,0.0004541543312370777,0.0625,0.10123252868652344,-50.39374923706055,3.1348495483398438,14.8125,0.004283210262656212,6,0,19.875,19.875,20.125,3.5,17.46875,0.011764705882352941,0,0,0,0
suppressor_top20,corrupt,ablate,v5_granite_3p3_8b_287,226,14.625,0.005118381232023239,-4.75,-5.269807815551758,5,0,0.125,0.0012978590093553066,0.25,0.29375267028808594,-47.5235710144043,2.7840042114257812,14.5,0.0038205222226679325,5,0,19.5,19.375,19.375,2.875,16.9375,0.02564102564102564,0,0,0,0
suppressor_top20,corrupt,ablate,v5_granite_3p3_8b_292,231,14.625,0.005542021244764328,-4.75,-5.189857482910156,5,0,0.1875,0.0014849985018372536,0.3125,0.3134002685546875,-48.06324768066406,2.875743865966797,14.4375,0.004057022742927074,8,0,19.5,19.375,19.75,3.25,17.09375,0.03529411764705882,0,0,0,0
suppressor_top20,corrupt,ablate,v5_granite_3p3_8b_141,88,14.875,0.009302129037678242,-4.25,-4.668190002441406,4,0,0.1875,0.0032946988940238953,0.4375,0.4405651092529297,-45.06425857543945,2.3614273071289062,14.6875,0.0060074301436543465,4,0,19.375,19.125,20.125,3.375,17.40625,0.034482758620689655,0,0,0,0
suppressor_top20,corrupt,ablate,v5_granite_3p3_8b_230,169,14.375,0.0075087095610797405,-4.375,-4.884178161621094,3,0,0.25,0.002231963910162449,0.25,0.3549976348876953,-48.32865524291992,2.3620948791503906,14.125,0.005276745650917292,5,0,18.75,18.75,18.875,1.625,16.5,0.05263157894736842,0,0,0,0
suppressor_top20,corrupt,ablate,v5_granite_3p3_8b_254,193,15.0625,0.0394548624753952,-2.5625,-3.192361831665039,3,0,0.0625,0.006554782390594482,0.1875,0.18848419189453125,-37.67397689819336,2.2302513122558594,15.0,0.03290008008480072,3,0,17.75,17.625,20.125,3.5,17.5625,0.012195121951219513,0,0,0,0
suppressor_top20,corrupt,ablate,v5_granite_3p3_8b_085,62,15.0625,0.026004629209637642,-2.9375,-3.6231536865234375,3,0,0.25,0.00693838857114315,0.375,0.3174552917480469,-43.51738357543945,2.07232666015625,14.8125,0.01906624063849449,3,0,18.125,18.0,18.625,1.125,16.71875,0.06557377049180328,0,0,0,0
suppressor_top20,corrupt,ablate,v5_granite_3p3_8b_146,93,14.625,0.00821536686271429,-4.125,-4.793519973754883,4,0,0.125,0.001697341911494732,0.25,0.23314476013183594,-46.15256881713867,2.4111328125,14.5,0.006518024951219559,5,0,18.875,18.75,20.125,3.375,17.3125,0.022222222222222223,0,0,0,0
suppressor_top20,corrupt,ablate,v5_granite_3p3_8b_220,159,14.5625,0.012409573420882225,-3.8125,-4.376823425292969,3,0,0.25,0.004268343560397625,0.375,0.4258384704589844,-46.67095184326172,2.186859130859375,14.3125,0.0081412298604846,4,0,18.5,18.375,20.25,3.125,17.28125,0.042105263157894736,0,0,0,0
suppressor_top20,corrupt,ablate,v5_granite_3p3_8b_266,205,14.5625,0.019072603434324265,-3.1875,-3.9402637481689453,4,0,0.0,0.0030799079686403275,0.25,0.17926025390625,-40.972206115722656,2.4555816650390625,14.5625,0.015992695465683937,4,0,18.0,17.75,18.875,2.375,16.71875,0.0,0,0,0,0
suppressor_top20,corrupt,ablate,v5_granite_3p3_8b_284,223,15.375,0.010399957187473774,-4.375,-4.555519104003906,4,0,0.0,0.0003549940884113312,0.0,0.03508758544921875,-47.33860778808594,3.1375999450683594,15.375,0.010044963099062443,3,0,19.75,19.75,20.125,3.625,17.75,0.0,0,0,0,0
suppressor_top20,corrupt,ablate,v5_granite_3p3_8b_083,60,15.6875,0.04251362010836601,-2.4375,-3.1145095825195312,3,0,0.1875,0.011018387973308563,0.3125,0.3114299774169922,-44.83047866821289,2.3629722595214844,15.5,0.03149523213505745,3,0,18.25,18.125,19.0,2.0,17.25,0.05357142857142857,0,0,0,0
suppressor_top20,corrupt,ablate,v5_granite_3p3_8b_155,102,16.25,0.0687665194272995,-2.125,-2.6058177947998047,3,0,0.125,0.014534305781126022,0.25,0.2529315948486328,-40.67109680175781,2.580913543701172,16.125,0.05423221364617348,3,0,18.5,18.375,20.125,3.5,18.125,0.03125,0,0,0,0
suppressor_top20,corrupt,ablate,v5_granite_3p3_8b_225,164,15.3125,0.027289291843771935,-2.8125,-3.573617935180664,3,0,0.1875,0.00718139111995697,0.4375,0.31273460388183594,-47.1147346496582,2.0768394470214844,15.125,0.020107900723814964,3,0,18.375,18.125,19.5,3.125,17.3125,0.04285714285714286,0,0,0,0
suppressor_top20,corrupt,ablate,v5_granite_3p3_8b_233,172,14.6875,0.012601961381733418,-3.6875,-4.361242294311523,3,0,0.1875,0.003856801427900791,0.3125,0.36925506591796875,-47.4025993347168,2.3165245056152344,14.5,0.008745159953832626,3,0,18.5,18.375,19.875,2.875,17.1875,0.03488372093023256,0,0,0,0
suppressor_top20,corrupt,ablate,v5_granite_3p3_8b_259,198,14.8125,0.018373768776655197,-3.5625,-3.978311538696289,3,0,0.25,0.005698134191334248,0.375,0.3770294189453125,-43.200401306152344,2.4447784423828125,14.5625,0.01267563458532095,3,0,18.5,18.375,19.125,2.75,16.84375,0.0547945205479452,0,0,0,0
suppressor_top20,corrupt,ablate,v5_granite_3p3_8b_165,112,15.125,0.029864005744457245,-3.0,-3.480804443359375,3,0,0.25,0.006654944270849228,0.25,0.25894927978515625,-40.72920227050781,2.3963775634765625,14.875,0.023209061473608017,3,0,18.125,18.125,19.875,3.25,17.375,0.05,0,0,0,0
suppressor_top20,corrupt,ablate,v5_granite_3p3_8b_277,216,15.125,0.003082336625084281,-5.375,-5.778993606567383,3,0,0.25,0.001139883534051478,0.375,0.4628772735595703,-49.088890075683594,2.8161048889160156,14.875,0.001942453091032803,5,0,20.625,20.5,18.75,1.75,16.8125,0.06451612903225806,0,0,0,0
suppressor_top20,corrupt,ablate,v5_granite_3p3_8b_057,34,15.3125,0.012971830554306507,-3.8125,-4.331943511962891,4,0,0.125,0.001520826481282711,0.125,0.12624168395996094,-47.27993392944336,2.2834930419921875,15.1875,0.011451004073023796,3,0,19.125,19.125,18.625,1.5,16.90625,0.03636363636363636,0,0,0,0
suppressor_top20,corrupt,ablate,v5_granite_3p3_8b_239,178,15.5625,0.032574769109487534,-2.8125,-3.391124725341797,3,0,0.25,0.009827550500631332,0.375,0.36920166015625,-46.99839782714844,2.160999298095703,15.3125,0.0227472186088562,3,0,18.5,18.375,19.5,2.875,17.40625,0.05970149253731343,0,0,0,0
suppressor_top20,corrupt,ablate,v5_granite_3p3_8b_041,18,16.0,0.02623252011835575,-3.0,-3.61419677734375,3,0,0.0,0.0029624849557876587,0.125,0.12287139892578125,-44.066490173339844,2.4224166870117188,16.0,0.023270035162568092,3,0,19.125,19.0,19.375,2.5,17.6875,0.0,0,0,0,0
suppressor_top20,corrupt,ablate,v5_granite_3p3_8b_052,29,15.875,0.0230602715164423,-3.125,-3.746337890625,3,0,0.125,0.006998369470238686,0.375,0.36879730224609375,-45.618247985839844,2.1360206604003906,15.75,0.016061902046203613,3,0,19.25,19.0,18.75,1.5,17.25,0.041666666666666664,0,0,0,0
suppressor_top20,corrupt,ablate,v5_granite_3p3_8b_063,40,15.5625,0.020744163542985916,-3.1875,-3.8545475006103516,3,0,0.25,0.007209021598100662,0.375,0.43431663513183594,-46.35978698730469,2.5308761596679688,15.3125,0.013535141944885254,3,0,18.875,18.75,17.75,1.0,16.53125,0.10256410256410256,0,0,0,0
suppressor_top20,corrupt,ablate,v5_granite_3p3_8b_235,174,15.5,0.019560907036066055,-3.25,-3.91448974609375,3,0,0.25,0.005273275077342987,0.375,0.3195037841796875,-50.736534118652344,2.6789894104003906,15.25,0.014287631958723068,3,0,18.875,18.75,20.125,3.5,17.6875,0.05128205128205128,0,0,0,0
suppressor_top20,corrupt,ablate,v5_granite_3p3_8b_290,229,15.625,0.008297054097056389,-4.5,-4.783540725708008,3,0,0.0625,0.0014157523401081562,0.1875,0.18851852416992188,-47.915672302246094,2.8750152587890625,15.5625,0.006881301756948233,4,0,20.25,20.125,19.75,3.25,17.65625,0.014925373134328358,0,0,0,0
suppressor_top20,corrupt,ablate,v5_granite_3p3_8b_054,31,15.5,0.022528978064656258,-3.375,-3.7701892852783203,3,0,0.25,0.008656078018248081,0.5,0.493682861328125,-48.23634338378906,2.497344970703125,15.25,0.013872900046408176,3,0,19.125,18.875,18.75,1.75,17.0,0.07142857142857142,0,0,0,0
suppressor_top20,corrupt,ablate,v5_granite_3p3_8b_068,45,16.5,0.10151263326406479,-1.75,-2.180551528930664,3,0,0.25,0.029829345643520355,0.375,0.3805885314941406,-45.00298309326172,2.7986183166503906,16.25,0.07168328762054443,3,0,18.375,18.25,18.0,1.875,17.125,0.14285714285714285,0,0,0,0
suppressor_top20,corrupt,ablate,v5_granite_3p3_8b_174,121,16.75,0.0407613143324852,-2.75,-3.158428192138672,3,0,0.25,0.015621175989508629,0.5,0.499420166015625,-46.13765335083008,3.132080078125,16.5,0.02514013834297657,3,0,19.75,19.5,21.25,4.875,18.875,0.05263157894736842,0,0,0,0
suppressor_top20,corrupt,ablate,v5_granite_3p3_8b_180,127,15.875,0.013728421181440353,-3.625,-4.274484634399414,3,0,0.1875,0.004832947626709938,0.4375,0.438812255859375,-47.75978088378906,3.0124473571777344,15.6875,0.008895473554730415,3,0,19.75,19.5,21.375,4.875,18.53125,0.03296703296703297,0,0,0,0
suppressor_top20,corrupt,ablate,v5_granite_3p3_8b_240,179,17.0,0.14449597895145416,-1.375,-1.7784614562988281,3,0,0.125,0.027866333723068237,0.25,0.24630355834960938,-41.32456588745117,2.6777420043945312,16.875,0.11662964522838593,3,0,18.5,18.375,19.75,3.75,18.3125,0.043478260869565216,0,0,0,0
suppressor_top20,corrupt,ablate,v5_granite_3p3_8b_264,203,16.0,0.08257457613945007,-1.625,-2.4078941345214844,3,0,0.25,0.027324918657541275,0.5,0.4311847686767578,-41.141624450683594,2.9220733642578125,15.75,0.0552496574819088,3,0,17.875,17.625,20.375,3.75,18.0625,0.05405405405405406,0,0,0,0
suppressor_top20,corrupt,ablate,v5_granite_3p3_8b_040,17,15.8125,0.024915996938943863,-3.0625,-3.6670398712158203,3,0,0.1875,0.006528610363602638,0.3125,0.3105144500732422,-44.34269714355469,2.4777069091796875,15.625,0.018387386575341225,3,0,19.0,18.875,19.0,1.875,17.3125,0.05555555555555555,0,0,0,0
suppressor_top20,corrupt,ablate,v5_granite_3p3_8b_153,100,15.375,0.014993437565863132,-3.5,-4.185056686401367,4,0,0.1875,0.005209997296333313,0.4375,0.43219757080078125,-48.626644134521484,2.4804649353027344,15.1875,0.00978344026952982,4,0,19.125,18.875,20.875,4.0,18.03125,0.03296703296703297,0,0,0,0
suppressor_top20,corrupt,ablate,v5_granite_3p3_8b_213,152,14.8125,0.011483878828585148,-4.1875,-4.455286026000977,4,0,0.375,0.00447264825925231,0.5,0.4979438781738281,-45.69734191894531,2.404552459716797,14.4375,0.007011230569332838,5,0,19.125,19.0,19.625,3.0,17.03125,0.07228915662650602,0,0,0,0
suppressor_top20,corrupt,ablate,v5_granite_3p3_8b_244,183,16.125,0.06667143851518631,-2.125,-2.639005661010742,3,0,0.125,0.01914256066083908,0.375,0.35874366760253906,-40.611061096191406,2.5840301513671875,16.0,0.04752887785434723,3,0,18.5,18.25,19.375,3.25,17.6875,0.037037037037037035,0,0,0,0
suppressor_top20,corrupt,ablate,v5_granite_3p3_8b_300,239,15.4375,0.010197713039815426,-4.3125,-4.5753631591796875,4,0,0.25,0.004110374022275209,0.5,0.5200920104980469,-47.35670471191406,3.203472137451172,15.1875,0.0060873390175402164,4,0,20.0,19.75,20.375,3.875,17.78125,0.04819277108433735,0,0,0,0
suppressor_top20,corrupt,ablate,v5_granite_3p3_8b_048,25,16.375,0.04723865166306496,-2.625,-3.0041751861572266,3,0,0.125,0.01004822924733162,0.25,0.24965476989746094,-46.40032196044922,2.00543212890625,16.25,0.03719042241573334,3,0,19.125,19.0,18.625,2.0,17.4375,0.05263157894736842,0,0,0,0
suppressor_top20,corrupt,ablate,v5_granite_3p3_8b_081,58,16.5,0.09416032582521439,-1.875,-2.2638893127441406,3,0,0.25,0.02514927089214325,0.375,0.3381175994873047,-44.681068420410156,2.276714324951172,16.25,0.06901105493307114,3,0,18.5,18.375,19.375,2.75,17.8125,0.08,0,0,0,0
suppressor_top20,corrupt,ablate,v5_granite_3p3_8b_100,77,16.25,0.10765553265810013,-1.5,-2.1149330139160156,3,0,0.0,0.009854301810264587,0.0,0.10698318481445312,-40.34679412841797,2.8387832641601562,16.25,0.09780123084783554,3,0,17.75,17.75,19.25,2.125,17.75,0.0,0,0,0,0
suppressor_top20,corrupt,ablate,v5_granite_3p3_8b_139,86,15.125,0.027636371552944183,-3.125,-3.5606212615966797,3,0,0.25,0.010876195505261421,0.5,0.5112476348876953,-45.9352912902832,2.477123260498047,14.875,0.016760176047682762,4,0,18.5,18.25,20.0,3.5,17.4375,0.04878048780487805,0,0,0,0
suppressor_top20,corrupt,ablate,v5_granite_3p3_8b_157,104,15.75,0.07201171666383743,-2.25,-2.556215286254883,3,0,0.25,0.02154627814888954,0.375,0.3784942626953125,-38.871795654296875,2.490764617919922,15.5,0.05046543851494789,3,0,18.125,18.0,20.25,3.375,17.875,0.05263157894736842,0,0,0,0
suppressor_top20,corrupt,ablate,v5_granite_3p3_8b_166,113,16.375,0.11180813610553741,-1.5,-2.0724220275878906,3,0,0.125,0.02549131214618683,0.25,0.28705787658691406,-40.40992736816406,2.7383384704589844,16.25,0.08631682395935059,3,0,18.0,17.875,20.75,4.125,18.5,0.027777777777777776,0,0,0,0
suppressor_top20,corrupt,ablate,v5_granite_3p3_8b_086,63,16.5,0.10684219002723694,-1.5,-2.123432159423828,3,0,0.25,0.03230133652687073,0.5,0.3955364227294922,-44.82381820678711,2.4637374877929688,16.25,0.07454085350036621,3,0,18.25,18.0,19.0,2.375,17.625,0.09090909090909091,0,0,0,0
suppressor_top20,corrupt,ablate,v5_granite_3p3_8b_091,68,16.875,0.13740070164203644,-1.375,-1.8370704650878906,3,0,0.125,0.02271425724029541,0.25,0.20669174194335938,-39.53488540649414,2.6516799926757812,16.75,0.11468644440174103,3,0,18.375,18.25,18.125,1.875,17.4375,0.09090909090909091,0,0,0,0
suppressor_top20,corrupt,ablate,v5_granite_3p3_8b_133,80,15.8125,0.040249891579151154,-2.5625,-3.1715869903564453,3,0,0.125,0.009494557976722717,0.375,0.27889442443847656,-42.463157653808594,2.5949630737304688,15.6875,0.030755333602428436,3,0,18.625,18.375,20.875,4.375,18.28125,0.024096385542168676,0,0,0,0
suppressor_top20,corrupt,ablate,v5_granite_3p3_8b_281,220,16.75,0.05564902350306511,-2.625,-2.8314571380615234,3,0,0.125,0.013660348951816559,0.25,0.29602622985839844,-44.2158203125,3.0041351318359375,16.625,0.04198867455124855,3,0,19.5,19.375,20.5,4.625,18.5625,0.03225806451612903,0,0,0,0
suppressor_top20,corrupt,ablate,v5_granite_3p3_8b_288,227,16.375,0.033077485859394073,-3.0,-3.3752880096435547,3,0,0.125,0.008033117279410362,0.25,0.28647613525390625,-46.133056640625,2.7760238647460938,16.25,0.02504436857998371,3,0,19.5,19.375,20.25,4.6875,18.25,0.03125,0,0,0,0
suppressor_top20,corrupt,ablate,v5_granite_3p3_8b_047,24,16.125,0.0352632999420166,-2.75,-3.3090343475341797,3,0,0.25,0.009064078330993652,0.25,0.30646514892578125,-45.07099914550781,2.7220993041992188,15.875,0.02619922161102295,3,0,18.875,18.875,18.875,1.625,17.375,0.08333333333333333,0,0,0,0
suppressor_top20,corrupt,ablate,v5_granite_3p3_8b_167,114,15.6875,0.049914974719285965,-2.1875,-2.946256637573242,3,0,0.125,0.012906789779663086,0.375,0.3126697540283203,-41.01614761352539,2.490673065185547,15.5625,0.03700818493962288,3,0,18.125,17.875,20.25,3.375,17.90625,0.02666666666666667,0,0,0,0
suppressor_top20,corrupt,ablate,v5_granite_3p3_8b_271,210,15.5,0.036728423088788986,-2.5,-3.2668094635009766,3,0,0.0,0.006118388846516609,0.25,0.1885509490966797,-40.70901870727539,2.4738082885742188,15.5,0.030610034242272377,3,0,18.25,18.0,19.875,3.125,17.6875,0.0,0,0,0,0
suppressor_top20,corrupt,ablate,v5_granite_3p3_8b_064,41,16.375,0.08572661131620407,-2.0,-2.3669910430908203,3,0,0.25,0.02367928996682167,0.375,0.34883689880371094,-43.68067932128906,2.7951278686523438,16.125,0.0620473213493824,3,0,18.5,18.375,17.625,1.125,16.875,0.16666666666666666,0,0,0,0
suppressor_top20,corrupt,ablate,v5_granite_3p3_8b_212,151,15.875,0.06561031192541122,-2.25,-2.6561851501464844,3,0,0.125,0.01418083906173706,0.25,0.25858306884765625,-42.79248809814453,2.5208511352539062,15.75,0.051429472863674164,3,0,18.25,18.125,19.875,3.5,17.8125,0.030303030303030304,0,0,0,0
suppressor_top20,corrupt,ablate,v5_granite_3p3_8b_249,188,16.375,0.11118985712528229,-1.375,-2.0786609649658203,3,0,0.25,0.02779579907655716,0.375,0.31845855712890625,-39.76241683959961,2.658061981201172,16.125,0.08339405804872513,3,0,17.875,17.75,20.125,3.375,18.125,0.0625,0,0,0,0
suppressor_top20,corrupt,ablate,v5_granite_3p3_8b_265,204,15.625,0.03711550310254097,-2.625,-3.25592041015625,3,0,0.1875,0.00953781045973301,0.1875,0.30689048767089844,-44.21525192260742,2.6483001708984375,15.4375,0.02757769264280796,3,0,18.25,18.25,19.875,2.875,17.65625,0.04225352112676056,0,0,0,0
suppressor_top20,corrupt,ablate,v5_granite_3p3_8b_293,232,16.125,0.021063169464468956,-3.625,-3.8389625549316406,3,0,0.0,0.0031981226056814194,0.125,0.16794204711914062,-44.684539794921875,3.001384735107422,16.125,0.017865046858787537,3,0,19.875,19.75,20.5,4.0,18.3125,0.0,0,0,0,0
suppressor_top20,corrupt,ablate,v5_granite_3p3_8b_028,5,15.125,0.021029513329267502,-3.375,-3.840604782104492,3,0,0.25,0.007639998570084572,0.5,0.45922279357910156,-42.443973541259766,2.262176513671875,14.875,0.01338951475918293,4,0,18.75,18.5,17.75,1.625,16.3125,0.08695652173913043,0,0,0,0
suppressor_top20,corrupt,ablate,v5_granite_3p3_8b_032,9,16.25,0.05706164240837097,-2.125,-2.8048877716064453,3,0,0.125,0.011878717690706253,0.25,0.24593162536621094,-40.509159088134766,2.4275588989257812,16.125,0.04518292471766472,3,0,18.5,18.375,18.625,2.0,17.375,0.05,0,0,0,0
suppressor_top20,corrupt,ablate,v5_granite_3p3_8b_044,21,16.25,0.05328303948044777,-2.25,-2.877401351928711,3,0,0.0,0.0003441758453845978,0.0,0.0068454742431640625,-44.777442932128906,2.642852783203125,16.25,0.05293886363506317,3,0,18.5,18.5,19.375,2.625,17.8125,0.0,0,0,0,0
suppressor_top20,corrupt,ablate,v5_granite_3p3_8b_053,30,15.75,0.023039186373353004,-3.25,-3.7472782135009766,3,0,0.25,0.007117839530110359,0.375,0.37679290771484375,-44.175987243652344,2.4015235900878906,15.5,0.015921346843242645,3,0,19.125,19.0,18.5,1.5,17.0,0.08333333333333333,0,0,0,0
suppressor_top20,corrupt,ablate,v5_granite_3p3_8b_055,32,16.125,0.03762446343898773,-2.5,-3.2417755126953125,3,0,0.125,0.00806630402803421,0.25,0.24964332580566406,-46.00971221923828,2.3627548217773438,16.0,0.02955815941095352,3,0,18.75,18.625,18.875,2.75,17.4375,0.043478260869565216,0,0,0,0
suppressor_top20,corrupt,ablate,v5_granite_3p3_8b_065,42,15.75,0.04444759711623192,-2.625,-3.068002700805664,3,0,0.375,0.01586095243692398,0.5,0.45783424377441406,-42.838783264160156,2.382251739501953,15.375,0.028586644679307938,3,0,18.5,18.375,18.125,1.75,16.75,0.13636363636363635,0,0,0,0
suppressor_top20,corrupt,ablate,v5_granite_3p3_8b_209,148,15.75,0.053657278418540955,-2.5,-2.8700122833251953,3,0,0.1875,0.0174320787191391,0.4375,0.4111175537109375,-43.492408752441406,2.5503196716308594,15.5625,0.036225199699401855,4,0,18.5,18.25,19.0,2.625,17.28125,0.05454545454545454,0,0,0,0
suppressor_top20,corrupt,ablate,v5_granite_3p3_8b_031,8,15.75,0.03475426882505417,-3.0,-3.324106216430664,3,0,0.0625,0.003157578408718109,0.0625,0.09851646423339844,-38.56386184692383,2.2012863159179688,15.6875,0.03159669041633606,3,0,18.75,18.75,18.75,2.375,17.21875,0.02040816326530612,0,0,0,0
suppressor_top20,corrupt,ablate,v5_granite_3p3_8b_046,23,15.875,0.02176506258547306,-3.25,-3.805469512939453,3,0,0.125,0.0038883276283740997,0.25,0.2007732391357422,-44.70932388305664,2.101764678955078,15.75,0.01787673495709896,3,0,19.25,19.125,19.125,2.125,17.4375,0.037037037037037035,0,0,0,0
suppressor_top20,corrupt,ablate,v5_granite_3p3_8b_071,48,16.125,0.05764220282435417,-2.5,-2.794158935546875,3,0,0.1875,0.01513262465596199,0.3125,0.32045555114746094,-44.52461242675781,2.471874237060547,15.9375,0.04250957816839218,3,0,18.75,18.625,17.875,1.0,16.90625,0.0967741935483871,0,0,0,0
suppressor_top20,corrupt,ablate,v5_granite_3p3_8b_135,82,15.5625,0.03054598532617092,-2.9375,-3.4575252532958984,3,0,0.25,0.009366843849420547,0.375,0.37583351135253906,-42.51641845703125,2.456714630126953,15.3125,0.021179141476750374,3,0,18.625,18.5,20.5,3.375,17.90625,0.04819277108433735,0,0,0,0
suppressor_top20,corrupt,ablate,v5_granite_3p3_8b_148,95,15.6875,0.015137286856770515,-3.5625,-4.175365447998047,3,0,0.125,0.0032657720148563385,0.25,0.24632835388183594,-46.278038024902344,2.2516136169433594,15.5625,0.011871514841914177,3,0,19.375,19.25,20.625,4.0,18.09375,0.024691358024691357,0,0,0,0
suppressor_top20,corrupt,ablate,v5_granite_3p3_8b_161,108,16.125,0.050523918122053146,-2.625,-2.933490753173828,3,0,0.25,0.01517820730805397,0.375,0.37313079833984375,-41.448402404785156,2.5623397827148438,15.875,0.035345710813999176,3,0,18.875,18.75,19.875,3.0,17.875,0.0625,0,0,0,0
suppressor_top20,corrupt,ablate,v5_granite_3p3_8b_186,133,15.0625,0.004712764173746109,-4.8125,-5.352775573730469,4,0,0.25,0.002187783131375909,0.625,0.6262340545654297,-48.21383285522461,2.724945068359375,14.8125,0.0025249810423702,5,0,20.25,19.875,20.25,2.875,17.53125,0.04597701149425287,0,0,0,0
suppressor_top20,corrupt,ablate,v5_granite_3p3_8b_217,156,16.25,0.07138697803020477,-2.0,-2.5655975341796875,3,0,0.25,0.014956928789615631,0.25,0.2510948181152344,-44.50191116333008,2.622833251953125,16.0,0.05643004924058914,3,0,18.25,18.25,20.625,4.0,18.3125,0.05405405405405406,0,0,0,0
suppressor_top20,corrupt,ablate,v5_granite_3p3_8b_038,15,16.25,0.042265601456165314,-2.375,-3.1206226348876953,3,0,-0.125,-0.0025984197854995728,0.0,-0.06238365173339844,-41.181427001953125,2.1099014282226562,16.375,0.044864021241664886,3,0,18.75,18.625,18.875,1.75,17.625,-0.05,0,0,0,0
suppressor_top20,corrupt,ablate,v5_granite_3p3_8b_039,16,15.875,0.031260475516319275,-2.875,-3.433664321899414,4,0,-0.0625,-0.0005097836256027222,-0.0625,-0.016704559326171875,-42.75580978393555,2.473041534423828,15.9375,0.031770259141922,3,0,18.75,18.75,19.5,2.0,17.71875,-0.017543859649122806,0,0,0,0
suppressor_top20,corrupt,ablate,v5_granite_3p3_8b_069,46,16.5,0.07889633625745773,-1.875,-2.4574623107910156,3,0,0.125,0.01329939067363739,0.25,0.198944091796875,-43.417484283447266,2.368366241455078,16.375,0.06559694558382034,3,0,18.5,18.375,18.25,1.5,17.3125,0.06666666666666667,0,0,0,0
suppressor_top20,corrupt,ablate,v5_granite_3p3_8b_076,53,15.625,0.03311596438288689,-2.75,-3.3740882873535156,3,0,0.125,0.0056229159235954285,0.25,0.1918811798095703,-43.453285217285156,2.1066513061523438,15.5,0.027493048459291458,3,0,18.5,18.375,18.875,1.25,17.1875,0.037037037037037035,0,0,0,0
suppressor_top20,corrupt,ablate,v5_granite_3p3_8b_094,71,15.75,0.06407222896814346,-1.875,-2.681550979614258,3,0,-0.0625,6.716698408126831e-05,0.0625,0.0011138916015625,-41.479129791259766,2.3549880981445312,15.8125,0.0640050619840622,3,0,17.75,17.625,19.0,2.0,17.40625,-0.0196078431372549,0,0,0,0
suppressor_top20,corrupt,ablate,v5_granite_3p3_8b_132,79,15.25,0.01677696406841278,-3.5,-4.070854187011719,3,0,0.1875,0.004547713324427605,0.3125,0.32079124450683594,-45.38594055175781,2.5277442932128906,15.0625,0.012229250743985176,4,0,18.875,18.75,20.125,2.875,17.59375,0.037037037037037035,0,0,0,0
suppressor_top20,corrupt,ablate,v5_granite_3p3_8b_185,132,15.375,0.007851934060454369,-4.125,-4.839136123657227,3,0,0.25,0.003081980161368847,0.5,0.5015220642089844,-47.247955322265625,2.816577911376953,15.125,0.004769953899085522,4,0,19.75,19.5,20.75,3.75,17.9375,0.044444444444444446,0,0,0,0
suppressor_top20,corrupt,ablate,v5_granite_3p3_8b_191,138,14.5625,0.00387188489548862,-5.1875,-5.550153732299805,5,0,0.25,0.0010752114467322826,0.25,0.3263874053955078,-48.734439849853516,2.6828346252441406,14.3125,0.002796673448756337,7,0,19.75,19.75,20.5,3.625,17.40625,0.04040404040404041,0,0,0,0
suppressor_top20,corrupt,ablate,v5_granite_3p3_8b_223,162,15.4375,0.02517564222216606,-3.1875,-3.656404495239258,3,0,0.125,0.004853392019867897,0.125,0.21912574768066406,-44.93925094604492,2.3736419677734375,15.3125,0.020322250202298164,3,0,18.625,18.625,20.375,3.25,17.84375,0.024691358024691357,0,0,0,0
suppressor_top20,corrupt,ablate,v5_granite_3p3_8b_263,202,15.375,0.030133076012134552,-3.0,-3.471555709838867,3,0,0.0,0.004389382898807526,0.125,0.16195297241210938,-40.414710998535156,2.2241897583007812,15.375,0.025743693113327026,3,0,18.5,18.375,20.375,3.125,17.875,0.0,0,0,0,0
suppressor_top20,corrupt,ablate,v5_granite_3p3_8b_295,234,14.75,0.003917875234037638,-5.375,-5.538295745849609,5,0,0.1875,0.0010974020697176456,0.3125,0.3297443389892578,-43.78086853027344,2.472034454345703,14.5625,0.002820473164319992,5,0,20.25,20.125,20.125,3.125,17.34375,0.033707865168539325,0,0,0,0
suppressor_top20,corrupt,ablate,v5_granite_3p3_8b_296,235,15.8125,0.01424464862793684,-3.8125,-4.23704719543457,3,0,0.1875,0.004190836101770401,0.3125,0.3526744842529297,-45.62669372558594,2.4992713928222656,15.625,0.010053812526166439,3,0,19.75,19.625,20.25,3.375,17.9375,0.04054054054054054,0,0,0,0
suppressor_top20,corrupt,ablate,v5_granite_3p3_8b_056,33,15.625,0.023217473179101944,-3.0,-3.7393856048583984,3,0,-0.1875,-0.003024263307452202,-0.0625,-0.1255512237548828,-44.68174362182617,2.004932403564453,15.8125,0.026241736486554146,3,0,18.75,18.625,19.5,1.625,17.65625,-0.05084745762711865,0,0,0,0
suppressor_top20,corrupt,ablate,v5_granite_3p3_8b_173,120,15.8125,0.014558124355971813,-3.9375,-4.214962005615234,3,0,0.125,0.003524244762957096,0.25,0.2807483673095703,-46.679412841796875,2.6186256408691406,15.6875,0.011033879593014717,3,0,19.875,19.75,21.125,4.25,18.40625,0.022988505747126436,0,0,0,0
suppressor_top20,corrupt,ablate,v5_granite_3p3_8b_211,150,16.75,0.13429972529411316,-1.5,-1.8634910583496094,3,0,0.125,0.02311546355485916,0.25,0.2152385711669922,-43.3016242980957,2.498504638671875,16.625,0.111184261739254,3,0,18.375,18.25,19.625,3.625,18.125,0.041666666666666664,0,0,0,0
suppressor_top20,corrupt,ablate,v5_granite_3p3_8b_219,158,15.5625,0.02980050817131996,-2.8125,-3.4829978942871094,3,0,0.125,0.005075864493846893,0.25,0.19194602966308594,-46.02074432373047,2.0725860595703125,15.4375,0.024724643677473068,3,0,18.5,18.375,20.5,3.75,17.96875,0.024691358024691357,0,0,0,0
suppressor_top20,corrupt,ablate,v5_granite_3p3_8b_236,175,15.125,0.01327300164848566,-3.625,-4.308681488037109,4,0,0.25,0.003428014926612377,0.25,0.3022441864013672,-45.655113220214844,2.131866455078125,14.875,0.009844986721873283,4,0,18.75,18.75,20.125,3.375,17.5,0.047619047619047616,0,0,0,0
suppressor_top20,corrupt,ablate,v5_granite_3p3_8b_283,222,15.875,0.019902201369404793,-3.625,-3.8968448638916016,3,0,0.0625,0.00220414437353611,0.0625,0.11962127685546875,-45.16519546508789,2.5662765502929688,15.8125,0.017698056995868683,3,0,19.5,19.5,20.25,3.875,18.03125,0.014084507042253521,0,0,0,0
suppressor_top20,corrupt,ablate,v5_granite_3p3_8b_066,43,16.125,0.06622201949357986,-2.125,-2.646251678466797,3,0,0.125,0.009276095777750015,0.25,0.1607952117919922,-44.78688430786133,2.683185577392578,16.0,0.05694592371582985,3,0,18.375,18.25,18.75,2.125,17.375,0.045454545454545456,0,0,0,0
suppressor_top20,corrupt,ablate,v5_granite_3p3_8b_077,54,16.625,0.11649185419082642,-1.5,-2.026102066040039,3,0,0.0,0.007317759096622467,0.125,0.07312965393066406,-43.071468353271484,2.0021133422851562,16.625,0.10917409509420395,3,0,18.25,18.125,19.75,2.5,18.1875,0.0,0,0,0,0
suppressor_top20,corrupt,ablate,v5_granite_3p3_8b_143,90,15.1875,0.01682231016457081,-3.4375,-4.068107604980469,3,0,0.0625,0.0028941258788108826,0.1875,0.19173049926757812,-41.71973419189453,2.3728408813476562,15.125,0.013928184285759926,4,0,18.75,18.625,20.625,3.875,17.875,0.011363636363636364,0,0,0,0
suppressor_top20,corrupt,ablate,v5_granite_3p3_8b_149,96,15.625,0.01926254853606224,-3.25,-3.9301605224609375,3,0,0.25,0.0051067182794213295,0.25,0.31323814392089844,-45.598533630371094,2.324993133544922,15.375,0.014155830256640911,3,0,18.875,18.875,20.625,3.75,18.0,0.047619047619047616,0,0,0,0
suppressor_top20,corrupt,ablate,v5_granite_3p3_8b_160,107,16.625,0.12447692453861237,-1.5,-1.9507198333740234,3,0,0.125,0.0214385986328125,0.25,0.21321487426757812,-38.048763275146484,2.4608688354492188,16.5,0.10303832590579987,3,0,18.25,18.125,20.875,4.25,18.6875,0.02857142857142857,0,0,0,0
suppressor_top20,corrupt,ablate,v5_granite_3p3_8b_168,115,16.0,0.06534004211425781,-2.0,-2.6605968475341797,3,0,0.0,0.007928542792797089,0.25,0.13781356811523438,-40.97215270996094,2.3388748168945312,16.0,0.057411499321460724,3,0,18.25,18.0,21.0,4.125,18.5,0.0,0,0,0,0
suppressor_top20,corrupt,ablate,v5_granite_3p3_8b_184,131,15.0,0.005722066853195429,-4.875,-5.157705307006836,4,0,0.1875,0.0017894068732857704,0.3125,0.3768119812011719,-45.333160400390625,2.7151641845703125,14.8125,0.003932659979909658,5,0,20.0,19.875,20.375,3.375,17.59375,0.033707865168539325,0,0,0,0
suppressor_top20,corrupt,ablate,v5_granite_3p3_8b_192,139,14.3125,0.0016594427870586514,-6.0625,-6.399625778198242,7,0,0.125,0.000517545617185533,0.375,0.37430763244628906,-49.8571891784668,2.8905868530273438,14.1875,0.0011418971698731184,9,0,20.625,20.375,20.125,3.0,17.15625,0.021052631578947368,0,0,0,0
suppressor_top20,corrupt,ablate,v5_granite_3p3_8b_241,180,16.625,0.11455468833446503,-1.625,-2.0450611114501953,3,0,-0.125,-0.007496409118175507,0.0,-0.07188606262207031,-38.201725006103516,2.5221214294433594,16.75,0.12205109745264053,3,0,18.375,18.25,19.875,3.625,18.3125,-0.04,0,0,0,0
suppressor_top20,corrupt,ablate,v5_granite_3p3_8b_299,238,16.5,0.025568287819623947,-3.5,-3.6405200958251953,4,0,-0.125,-2.508983016014099e-05,0.0,-0.001007080078125,-40.96902084350586,2.488666534423828,16.625,0.025593377649784088,4,0,20.125,20.0,20.75,4.0,18.6875,-0.030303030303030304,0,0,0,0
suppressor_top20,corrupt,ablate,v5_granite_3p3_8b_029,6,15.625,0.03277285024523735,-2.625,-3.384859085083008,3,0,0.125,0.007036302238702774,0.25,0.24893760681152344,-41.22252655029297,2.6530418395996094,15.5,0.025736548006534576,3,0,18.375,18.25,18.0,1.625,16.75,0.05,0,0,0,0
suppressor_top20,corrupt,ablate,v5_granite_3p3_8b_037,14,15.25,0.025330672040581703,-3.125,-3.6501083374023438,3,0,0.125,0.003107922151684761,0.125,0.13408279418945312,-40.26595687866211,2.4394989013671875,15.125,0.022222749888896942,3,0,18.375,18.375,17.875,1.375,16.5,0.045454545454545456,0,0,0,0
suppressor_top20,corrupt,ablate,v5_granite_3p3_8b_159,106,16.25,0.09992538392543793,-1.625,-2.1980743408203125,3,0,0.0,0.006178967654705048,0.125,0.07067489624023438,-38.97749328613281,2.633159637451172,16.25,0.09374641627073288,3,0,18.0,17.875,21.0,4.5,18.625,0.0,0,0,0,0
suppressor_top20,corrupt,ablate,v5_granite_3p3_8b_169,116,15.4375,0.04026360437273979,-2.4375,-3.1712284088134766,3,0,0.125,0.00824340432882309,0.25,0.23763465881347656,-39.827083587646484,2.1835708618164062,15.3125,0.0320202000439167,3,0,18.0,17.875,19.75,3.125,17.53125,0.028169014084507043,0,0,0,0
suppressor_top20,corrupt,ablate,v5_granite_3p3_8b_179,126,14.9375,0.003517632372677326,-4.9375,-5.646463394165039,3,0,0.125,0.001101830042898655,0.375,0.3768577575683594,-47.49702453613281,2.6327667236328125,14.8125,0.0024158023297786713,6,0,20.125,19.875,20.25,3.5,17.53125,0.022988505747126436,0,0,0,0
suppressor_top20,corrupt,ablate,v5_granite_3p3_8b_260,199,15.9375,0.07923094183206558,-1.9375,-2.4528579711914062,3,0,-0.0625,0.001325555145740509,-0.0625,0.018314361572265625,-37.3165168762207,2.346630096435547,16.0,0.07790538668632507,3,0,17.875,17.875,20.75,4.5,18.375,-0.013157894736842105,0,0,0,0
suppressor_top20,corrupt,ablate,v5_granite_3p3_8b_298,237,15.3125,0.00853748619556427,-4.1875,-4.754735946655273,4,0,0.0625,0.0014347238466143608,0.1875,0.18542861938476562,-47.33910369873047,2.673961639404297,15.25,0.007102762348949909,4,0,19.625,19.5,20.5,4.125,17.875,0.011904761904761904,0,0,0,0
suppressor_top20,corrupt,ablate,v5_granite_3p3_8b_049,26,15.6875,0.026480020955204964,-3.0625,-3.604551315307617,3,0,-0.125,-0.002138335257768631,-0.125,-0.07985877990722656,-44.76469039916992,2.6393165588378906,15.8125,0.028618356212973595,3,0,18.75,18.75,19.375,1.875,17.59375,-0.03508771929824561,0,0,0,0
suppressor_top20,corrupt,ablate,v5_granite_3p3_8b_050,27,16.25,0.06127161160111427,-2.25,-2.7292327880859375,3,0,0.0,0.006733343005180359,0.125,0.12356376647949219,-44.06867218017578,2.4626846313476562,16.25,0.054538268595933914,3,0,18.625,18.5,19.25,2.125,17.75,0.0,0,0,0,0
suppressor_top20,corrupt,ablate,v5_granite_3p3_8b_072,49,16.375,0.08813141286373138,-1.75,-2.336688995361328,3,0,0.25,0.02264193445444107,0.375,0.3214702606201172,-41.87818908691406,2.2789955139160156,16.125,0.06548947840929031,3,0,18.25,18.125,19.0,2.75,17.5625,0.08695652173913043,0,0,0,0
suppressor_top20,corrupt,ablate,v5_granite_3p3_8b_151,98,15.6875,0.027552712708711624,-2.8125,-3.563741683959961,3,0,-0.0625,-3.082677721977234e-05,0.0625,-0.0011539459228515625,-43.95433044433594,2.4420204162597656,15.75,0.027583539485931396,3,0,18.625,18.5,20.875,4.875,18.3125,-0.012195121951219513,0,0,0,0
suppressor_top20,corrupt,ablate,v5_granite_3p3_8b_183,130,15.25,0.00482975086197257,-4.875,-5.32813835144043,3,0,0.0625,0.0007066214457154274,0.0625,0.1588897705078125,-48.7678108215332,2.7623825073242188,15.1875,0.004123129416257143,5,0,20.125,20.125,20.75,4.125,17.96875,0.011235955056179775,0,0,0,0
suppressor_top20,corrupt,ablate,v5_granite_3p3_8b_189,136,15.375,0.011213131248950958,-4.125,-4.4794158935546875,3,0,0.0,0.0004239659756422043,0.0,0.03896903991699219,-45.79890441894531,2.7446937561035156,15.375,0.010789165273308754,3,0,19.5,19.5,20.125,3.875,17.75,0.0,0,0,0,0
suppressor_top20,corrupt,ablate,v5_granite_3p3_8b_197,144,15.625,0.009282035753130913,-4.5,-4.670366287231445,3,0,0.0625,0.000915059819817543,0.0625,0.10471153259277344,-45.06863784790039,3.2739410400390625,15.5625,0.00836697593331337,4,0,20.125,20.125,20.625,4.125,18.09375,0.012345679012345678,0,0,0,0
suppressor_top20,corrupt,ablate,v5_granite_3p3_8b_210,149,15.625,0.03768422454595566,-3.0,-3.2401275634765625,3,0,0.125,0.008078712970018387,0.25,0.24964141845703125,-43.00210189819336,2.461761474609375,15.5,0.02960551157593727,3,0,18.75,18.625,19.625,3.875,17.5625,0.030303030303030304,0,0,0,0
suppressor_top20,corrupt,ablate,v5_granite_3p3_8b_247,186,15.375,0.03159897401928902,-3.125,-3.422548294067383,3,0,0.1875,0.008931448683142662,0.3125,0.3413715362548828,-40.4162712097168,2.5015487670898438,15.1875,0.022667525336146355,3,0,18.625,18.5,19.625,3.125,17.40625,0.04225352112676056,0,0,0,0
suppressor_top20,corrupt,ablate,v5_granite_3p3_8b_248,187,15.8125,0.05255243927240372,-2.4375,-2.8919830322265625,3,0,0.125,0.005663380026817322,0.125,0.11998748779296875,-36.43112564086914,2.1921463012695312,15.6875,0.046889059245586395,3,0,18.25,18.25,19.25,2.625,17.46875,0.03508771929824561,0,0,0,0
suppressor_top20,corrupt,ablate,v5_granite_3p3_8b_279,218,14.5625,0.00201191334053874,-5.5625,-6.206668853759766,4,0,0.1875,0.0006289231823757291,0.3125,0.37546730041503906,-46.682037353515625,2.5655860900878906,14.375,0.001382990158163011,5,0,20.25,20.125,18.625,2.5,16.5,0.04411764705882353,0,0,0,0
suppressor_top20,corrupt,ablate,v5_granite_3p3_8b_080,57,16.5,0.10970082134008408,-1.625,-2.0938262939453125,3,0,0.0,0.007953397929668427,0.125,0.08415603637695312,-41.985530853271484,2.213287353515625,16.5,0.10174742341041565,3,0,18.25,18.125,19.375,2.75,17.9375,0.0,0,0,0,0
suppressor_top20,corrupt,ablate,v5_granite_3p3_8b_145,92,15.1875,0.016766365617513657,-3.4375,-4.071495056152344,4,0,0.0625,0.0020729145035147667,0.1875,0.1340808868408203,-46.58497619628906,2.20343017578125,15.125,0.01469345111399889,3,0,18.75,18.625,20.375,4.125,17.75,0.011904761904761904,0,0,0,0
suppressor_top20,corrupt,ablate,v5_granite_3p3_8b_177,124,14.5,0.0024936820846050978,-5.5,-5.99151611328125,5,0,0.25,0.0009466246701776981,0.375,0.4783496856689453,-48.39795684814453,2.579761505126953,14.25,0.0015470574144273996,5,0,20.125,20.0,19.5,3.0,16.875,0.047619047619047616,0,0,0,0
suppressor_top20,corrupt,ablate,v5_granite_3p3_8b_190,137,15.0,0.00818131398409605,-4.375,-4.797706604003906,3,0,0.1875,0.0019647586159408092,0.1875,0.27661895751953125,-46.285301208496094,2.531841278076172,14.8125,0.006216555368155241,3,0,19.375,19.375,20.25,4.0,17.53125,0.034482758620689655,0,0,0,0
suppressor_top20,corrupt,ablate,v5_granite_3p3_8b_243,182,15.75,0.0692492350935936,-2.125,-2.598299026489258,3,0,0.0625,0.010779649019241333,0.1875,0.18072128295898438,-37.80940628051758,2.3117713928222656,15.6875,0.058469586074352264,3,0,18.0,17.875,19.75,3.5,17.71875,0.015384615384615385,0,0,0,0
suppressor_top20,corrupt,ablate,v5_granite_3p3_8b_216,155,15.0625,0.02313697151839733,-3.0625,-3.7429351806640625,3,0,0.125,0.0038700252771377563,0.125,0.18700218200683594,-46.289642333984375,2.4841232299804688,14.9375,0.019266946241259575,3,0,18.125,18.125,20.25,4.0,17.59375,0.023529411764705882,0,0,0,0
suppressor_top20,corrupt,ablate,v5_granite_3p3_8b_232,171,14.4375,0.008596482686698437,-4.1875,-4.747791290283203,4,0,-0.125,-0.0001491764560341835,-0.125,-0.01735687255859375,-46.234710693359375,2.3639183044433594,14.5625,0.00874565914273262,3,0,18.625,18.625,19.875,3.875,17.21875,-0.023529411764705882,0,0,0,0
suppressor_top20,corrupt,ablate,v5_granite_3p3_8b_257,196,14.375,0.014505531638860703,-3.5,-4.218633651733398,3,0,0.0,0.0010718004778027534,0.125,0.077850341796875,-41.547752380371094,2.3813400268554688,14.375,0.013433731161057949,4,0,18.0,17.875,19.875,3.75,17.125,0.0,0,0,0,0
suppressor_top20,corrupt,ablate,v5_granite_3p3_8b_282,221,15.0625,0.006351583171635866,-4.9375,-5.052696228027344,4,0,0.0,8.052913472056389e-05,0.0,0.01284027099609375,-43.978904724121094,3.0606613159179688,15.0625,0.006271054036915302,4,0,20.0,20.0,19.875,2.875,17.46875,0.0,0,0,0,0
suppressor_top20,corrupt,ablate,v5_granite_3p3_8b_035,12,14.9375,0.01495278999209404,-3.4375,-4.18781852722168,3,0,0.0,0.000977892428636551,0.125,0.06862258911132812,-43.75281524658203,2.1706581115722656,14.9375,0.013974897563457489,4,0,18.5,18.375,17.875,1.25,16.40625,0.0,0,0,0,0
suppressor_top20,corrupt,ablate,v5_granite_3p3_8b_060,37,15.6875,0.0338544063270092,-3.0625,-3.3512725830078125,3,0,0.3125,0.011259438470005989,0.4375,0.4159278869628906,-42.79543685913086,2.351512908935547,15.375,0.022594967857003212,3,0,18.875,18.75,18.125,1.5,16.75,0.11363636363636363,0,0,0,0
suppressor_top20,corrupt,ablate,v5_granite_3p3_8b_138,85,15.0,0.016555223613977432,-3.5,-4.084384918212891,3,0,0.125,0.004585818387567997,0.375,0.32900047302246094,-42.29270935058594,2.3672409057617188,14.875,0.011969405226409435,4,0,18.75,18.5,20.875,4.375,17.875,0.020833333333333332,0,0,0,0
suppressor_top20,corrupt,ablate,v5_granite_3p3_8b_227,166,15.6875,0.03850527107715607,-2.6875,-3.2177181243896484,3,0,-0.0625,-0.0006994493305683136,-0.0625,-0.01873016357421875,-43.27613830566406,2.3100357055664062,15.75,0.03920472040772438,3,0,18.375,18.375,20.0,3.625,17.875,-0.014705882352941176,0,0,0,0
suppressor_top20,corrupt,ablate,v5_granite_3p3_8b_246,185,15.5,0.04074779897928238,-2.75,-3.1587753295898438,3,0,0.125,0.007523402571678162,0.25,0.2119312286376953,-39.400394439697266,2.462261199951172,15.375,0.03322439640760422,3,0,18.375,18.25,19.25,1.875,17.3125,0.03225806451612903,0,0,0,0
suppressor_top20,corrupt,ablate,v5_granite_3p3_8b_023,0,15.6875,0.024560505524277687,-3.0625,-3.681772232055664,3,0,0.0625,0.006473353132605553,0.3125,0.31255149841308594,-43.503700256347656,2.4963417053222656,15.625,0.018087152391672134,3,0,19.0,18.75,18.875,2.25,17.25,0.019230769230769232,0,0,0,0
suppressor_top20,corrupt,ablate,v5_granite_3p3_8b_095,72,15.125,0.0394839383661747,-2.75,-3.1915950775146484,3,0,-0.0625,-0.0007182545959949493,-0.0625,-0.01877593994140625,-38.81680679321289,2.4989585876464844,15.1875,0.04020219296216965,3,0,17.875,17.875,18.5,1.0,16.84375,-0.018867924528301886,0,0,0,0
suppressor_top20,corrupt,ablate,v5_granite_3p3_8b_200,147,16.125,0.02290831319987774,-3.5,-3.7531051635742188,3,0,0.0,0.0031540989875793457,0.125,0.1513538360595703,-46.94788360595703,3.1726951599121094,16.125,0.019754214212298393,3,0,19.75,19.625,21.0,4.5,18.5625,0.0,0,0,0,0
suppressor_top20,corrupt,ablate,v5_granite_3p3_8b_215,154,15.4375,0.031924739480018616,-2.9375,-3.411956787109375,3,0,0.25,0.009018158540129662,0.375,0.34122467041015625,-44.50175857543945,2.4130020141601562,15.1875,0.022906580939888954,4,0,18.5,18.375,18.625,2.25,16.90625,0.07272727272727272,0,0,0,0
suppressor_top20,corrupt,ablate,v5_granite_3p3_8b_221,160,14.75,0.01008987333625555,-4.125,-4.58610725402832,3,0,-0.0625,-0.00014128349721431732,-0.0625,-0.014049530029296875,-45.895633697509766,2.6091575622558594,14.8125,0.010231156833469868,3,0,18.875,18.875,20.125,3.75,17.46875,-0.011764705882352941,0,0,0,0
suppressor_top20,corrupt,ablate,v5_granite_3p3_8b_224,163,14.4375,0.009643800556659698,-4.0625,-4.631771087646484,3,0,-0.0625,-7.125828415155411e-05,-0.0625,-0.0074329376220703125,-44.70759582519531,2.336933135986328,14.5,0.009715058840811253,3,0,18.5,18.5,19.375,2.125,16.9375,-0.01282051282051282,0,0,0,0
suppressor_top20,corrupt,ablate,v5_granite_3p3_8b_255,194,15.6875,0.061929844319820404,-2.3125,-2.717844009399414,3,0,-0.25,-0.006151571869850159,-0.125,-0.10128211975097656,-35.787879943847656,2.3523597717285156,15.9375,0.06808141618967056,3,0,18.125,18.0,20.125,3.625,18.03125,-0.05970149253731343,0,0,0,0
suppressor_top20,corrupt,ablate,v5_granite_3p3_8b_258,197,14.75,0.01313221175223589,-3.625,-4.319488525390625,3,0,0.0625,0.002827026881277561,0.1875,0.2452869415283203,-42.19796371459961,2.285198211669922,14.6875,0.010305184870958328,3,0,18.5,18.375,20.0,3.625,17.34375,0.011764705882352941,0,0,0,0
suppressor_top20,corrupt,ablate,v5_granite_3p3_8b_042,19,14.75,0.012243746779859066,-3.75,-4.39044189453125,3,0,0.0,0.0013939589262008667,0.125,0.12228012084960938,-42.47624969482422,2.0822906494140625,14.75,0.0108497878536582,3,0,18.625,18.5,18.875,1.625,16.8125,0.0,0,0,0,0
suppressor_top20,corrupt,ablate,v5_granite_3p3_8b_154,101,15.8125,0.03431219235062599,-2.6875,-3.337360382080078,3,0,-0.0625,-9.164959192276001e-05,-0.0625,-0.0027637481689453125,-44.80105209350586,2.298450469970703,15.875,0.03440384194254875,3,0,18.5,18.5,21.0,4.875,18.4375,-0.012195121951219513,0,0,0,0
suppressor_top20,corrupt,ablate,v5_granite_3p3_8b_172,119,15.25,0.009974255226552486,-4.25,-4.597743988037109,3,0,0.1875,0.003201510291546583,0.3125,0.39032745361328125,-46.058433532714844,2.745098114013672,15.0625,0.006772744935005903,4,0,19.625,19.5,20.5,4.0,17.78125,0.034482758620689655,0,0,0,0
suppressor_top20,corrupt,ablate,v5_granite_3p3_8b_175,122,15.25,0.007915188558399677,-4.5,-4.831043243408203,3,0,0.125,0.002655348274856806,0.375,0.41135406494140625,-46.14006423950195,2.8548507690429688,15.125,0.0052598402835428715,3,0,20.0,19.75,20.75,4.25,17.9375,0.022222222222222223,0,0,0,0
suppressor_top20,corrupt,ablate,v5_granite_3p3_8b_188,135,15.0625,0.007798587437719107,-4.5625,-4.846004486083984,4,0,-0.0625,7.543712854385376e-07,-0.0625,9.5367431640625e-05,-45.68060302734375,2.688568115234375,15.125,0.007797833066433668,4,0,19.625,19.625,20.75,4.5,17.9375,-0.011111111111111112,0,0,0,0
suppressor_top20,corrupt,ablate,v5_granite_3p3_8b_238,177,14.75,0.011279474012553692,-4.0,-4.473451614379883,3,0,0.0,0.000996171496808529,0.0,0.09346961975097656,-46.96160888671875,2.573139190673828,14.75,0.010283302515745163,4,0,18.75,18.75,20.5,3.125,17.625,0.0,0,0,0,0
suppressor_top20,corrupt,ablate,v5_granite_3p3_8b_276,215,15.125,0.0037674300838261843,-5.25,-5.577602386474609,3,0,0.0625,0.001106207026168704,0.3125,0.34871482849121094,-48.28312301635742,2.9235000610351562,15.0625,0.0026612230576574802,5,0,20.625,20.375,18.375,2.25,16.71875,0.018867924528301886,0,0,0,0
suppressor_top20,corrupt,ablate,v5_granite_3p3_8b_061,38,16.125,0.08898747712373734,-1.875,-2.326082229614258,3,0,0.125,0.021730221807956696,0.375,0.30354881286621094,-45.298763275146484,2.7330703735351562,16.0,0.06725725531578064,3,0,18.25,18.0,18.0,1.875,17.0,0.0625,0,0,0,0
suppressor_top20,corrupt,ablate,v5_granite_3p3_8b_075,52,15.625,0.050539568066596985,-2.5,-2.9331607818603516,3,0,0.1875,0.008587464690208435,0.1875,0.19523239135742188,-44.155982971191406,2.2525482177734375,15.4375,0.04195210337638855,3,0,18.125,18.125,17.625,1.375,16.53125,0.08571428571428572,0,0,0,0
suppressor_top20,corrupt,ablate,v5_granite_3p3_8b_158,105,16.0,0.10808397084474564,-1.5,-2.1104793548583984,3,0,0.0625,0.016054362058639526,0.1875,0.17864036560058594,-39.22079849243164,2.590740203857422,15.9375,0.09202960878610611,3,0,17.625,17.5,20.625,4.25,18.28125,0.013333333333333334,0,0,0,0
suppressor_top20,corrupt,ablate,v5_granite_3p3_8b_198,145,14.375,0.003550206311047077,-5.25,-5.637210845947266,6,0,0.25,0.0011983432341367006,0.375,0.4129981994628906,-48.86804962158203,2.9880409240722656,14.125,0.0023518630769103765,9,0,19.75,19.625,20.375,3.75,17.25,0.04,0,0,0,0
suppressor_top20,corrupt,ablate,v5_granite_3p3_8b_242,181,15.25,0.02592100389301777,-2.875,-3.62646484375,3,0,-0.0625,0.0016093235462903976,0.1875,0.06574630737304688,-42.063411712646484,2.4930343627929688,15.3125,0.02431168034672737,3,0,18.375,18.125,19.625,2.75,17.46875,-0.014492753623188406,0,0,0,0
suppressor_top20,corrupt,ablate,v5_granite_3p3_8b_261,200,16.625,0.1888660043478012,-1.0,-1.4574089050292969,2,0,-0.125,0.007638156414031982,0.0,0.050655364990234375,-36.09177780151367,2.128692626953125,16.75,0.18122784793376923,3,0,17.75,17.625,20.75,4.625,18.75,-0.03125,0,0,0,0
suppressor_top20,corrupt,ablate,v5_granite_3p3_8b_278,217,15.625,0.013042496517300606,-3.875,-4.326438903808594,3,0,0.25,0.004462535493075848,0.375,0.4232921600341797,-45.83816146850586,2.8033409118652344,15.375,0.008579961024224758,3,0,19.625,19.5,19.125,2.875,17.25,0.06666666666666667,0,0,0,0
suppressor_top20,corrupt,ablate,v5_granite_3p3_8b_024,1,15.5625,0.043826017528772354,-2.5625,-3.082735061645508,3,0,-0.0625,0.0025749914348125458,0.0625,0.06324386596679688,-41.61310577392578,2.4482192993164062,15.625,0.04125102609395981,3,0,18.25,18.125,18.625,2.75,17.125,-0.020833333333333332,0,0,0,0
suppressor_top20,corrupt,ablate,v5_granite_3p3_8b_067,44,16.0,0.11277453601360321,-1.375,-2.0627212524414062,3,0,0.125,0.017772115767002106,0.125,0.1913318634033203,-42.897464752197266,2.7325286865234375,15.875,0.0950024202466011,3,0,17.375,17.375,18.5,2.625,17.1875,0.047619047619047616,0,0,0,0
suppressor_top20,corrupt,ablate,v5_granite_3p3_8b_087,64,16.25,0.10047353059053421,-1.5,-2.1919918060302734,3,0,0.125,0.0213591530919075,0.375,0.26247215270996094,-43.69892501831055,2.3487167358398438,16.125,0.07911437749862671,3,0,18.0,17.75,19.375,3.125,17.75,0.038461538461538464,0,0,0,0
suppressor_top20,corrupt,ablate,v5_granite_3p3_8b_089,66,16.125,0.12259775400161743,-1.375,-1.9680747985839844,3,0,0.0,0.013096325099468231,0.125,0.12778663635253906,-39.442378997802734,2.5915908813476562,16.125,0.1095014289021492,3,0,17.625,17.5,18.0,2.0,17.0625,0.0,0,0,0,0
suppressor_top20,corrupt,ablate,v5_granite_3p3_8b_171,118,15.5,0.011730058118700981,-4.125,-4.4338226318359375,3,0,0.125,0.003891812637448311,0.375,0.40706825256347656,-47.701438903808594,2.99749755859375,15.375,0.00783824548125267,3,0,19.875,19.625,20.625,4.375,18.0,0.023809523809523808,0,0,0,0
suppressor_top20,corrupt,ablate,v5_granite_3p3_8b_181,128,15.5,0.013642056845128536,-4.0,-4.2808837890625,3,0,0.125,0.0036449143663048744,0.25,0.314544677734375,-46.57766342163086,3.041881561279297,15.375,0.009997142478823662,3,0,19.625,19.5,20.375,3.875,17.875,0.025,0,0,0,0
suppressor_top20,corrupt,ablate,v5_granite_3p3_8b_234,173,16.0,0.09538912773132324,-1.875,-2.2495594024658203,3,0,0.0,0.005860663950443268,0.0,0.06986427307128906,-41.858272552490234,2.2662010192871094,16.0,0.08952846378087997,3,0,17.875,17.875,20.125,4.3125,18.0625,0.0,0,0,0,0
suppressor_top20,corrupt,ablate,v5_granite_3p3_8b_245,184,15.1875,0.03851611539721489,-2.5625,-3.2174205780029297,3,0,0.0,0.0021615177392959595,0.0,0.05999946594238281,-39.90147018432617,2.4977493286132812,15.1875,0.03635459765791893,3,0,17.75,17.75,19.125,2.375,17.15625,0.0,0,0,0,0
suppressor_top20,corrupt,ablate,v5_granite_3p3_8b_036,13,15.375,0.03526437655091286,-2.875,-3.309001922607422,3,0,0.125,0.009851323440670967,0.375,0.3377723693847656,-42.37839889526367,2.3424339294433594,15.25,0.02541305311024189,3,0,18.5,18.25,17.875,1.625,16.5625,0.047619047619047616,0,0,0,0
suppressor_top20,corrupt,ablate,v5_granite_3p3_8b_074,51,15.3125,0.04393836483359337,-2.4375,-3.0800533294677734,3,0,0.1875,0.011076707392930984,0.1875,0.30200767517089844,-43.626033782958984,2.8171119689941406,15.125,0.032861657440662384,3,0,17.75,17.75,17.5,1.375,16.3125,0.07894736842105263,0,0,0,0
suppressor_top20,corrupt,ablate,v5_granite_3p3_8b_152,99,15.1875,0.01775265485048294,-3.3125,-4.013330459594727,4,0,0.0,0.0011006183922290802,0.125,0.06512451171875,-44.99699020385742,2.3616371154785156,15.1875,0.01665203645825386,4,0,18.625,18.5,20.125,4.1875,17.65625,0.0,0,0,0,0
suppressor_top20,corrupt,ablate,v5_granite_3p3_8b_267,206,15.0625,0.04936087876558304,-2.4375,-2.9579925537109375,3,0,-0.125,0.0017570555210113525,0.0,0.038097381591796875,-37.72883224487305,2.208545684814453,15.1875,0.047603823244571686,3,0,17.625,17.5,20.0,3.25,17.59375,-0.025974025974025976,0,0,0,0
suppressor_top20,corrupt,ablate,v5_granite_3p3_8b_250,189,15.125,0.04315592721104622,-2.625,-3.0988388061523438,3,0,-0.125,-0.0019303970038890839,-0.125,-0.04577445983886719,-37.86558151245117,2.6034088134765625,15.25,0.0450863242149353,3,0,17.75,17.75,19.25,2.875,17.25,-0.03125,0,0,0,0
suppressor_top20,corrupt,ablate,v5_granite_3p3_8b_251,190,15.25,0.07845444232225418,-1.875,-2.463550567626953,3,0,0.0625,0.017496943473815918,0.1875,0.2711505889892578,-39.29993438720703,2.5691261291503906,15.1875,0.06095749884843826,3,0,17.25,17.125,20.25,4.0,17.71875,0.012345679012345678,0,0,0,0
suppressor_top20,corrupt,ablate,v5_granite_3p3_8b_274,213,14.8125,0.004359459970146418,-5.0625,-5.431055068969727,4,0,0.0,0.0009743412956595421,0.25,0.2539348602294922,-46.70890808105469,3.2173309326171875,14.8125,0.0033851186744868755,5,0,20.125,19.875,19.125,3.125,16.96875,0.0,0,0,0,0
suppressor_top20,corrupt,ablate,v5_granite_3p3_8b_025,2,15.0625,0.021551094949245453,-3.1875,-3.815563201904297,3,0,-0.125,0.001104230061173439,0.0,0.05372428894042969,-40.81461715698242,2.5633468627929688,15.1875,0.020446864888072014,3,0,18.375,18.25,18.625,2.25,16.90625,-0.03636363636363636,0,0,0,0
suppressor_top20,corrupt,ablate,v5_granite_3p3_8b_099,76,16.25,0.16373662650585175,-1.125,-1.630697250366211,3,0,-0.125,-0.007566496729850769,-0.125,-0.054264068603515625,-35.41667556762695,2.240795135498047,16.375,0.17130312323570251,3,0,17.375,17.375,19.375,2.25,17.875,-0.041666666666666664,0,0,0,0
suppressor_top20,corrupt,ablate,v5_granite_3p3_8b_164,111,16.25,0.10976912081241608,-1.625,-2.0931167602539062,3,0,-0.125,0.006435811519622803,0.0,0.06762886047363281,-39.3195915222168,2.80084228515625,16.375,0.10333330929279327,3,0,18.0,17.875,20.5,4.5,18.4375,-0.030303030303030304,0,0,0,0
suppressor_top20,corrupt,ablate,v5_granite_3p3_8b_285,224,15.5625,0.01349813211709261,-4.0625,-4.291633605957031,4,0,-0.125,0.0005730763077735901,0.0,0.04396629333496094,-44.24592208862305,2.8054885864257812,15.6875,0.01292505580931902,4,0,19.75,19.625,20.625,4.0,18.15625,-0.02531645569620253,0,0,0,0
suppressor_top20,corrupt,ablate,v5_granite_3p3_8b_059,36,16.5,0.1030556932091713,-1.875,-2.1637516021728516,3,0,0.0,0.0007991418242454529,0.0,0.00867462158203125,-40.421958923339844,2.6958084106445312,16.5,0.10225655138492584,3,0,18.375,18.375,18.25,1.875,17.375,0.0,0,0,0,0
suppressor_top20,corrupt,ablate,v5_granite_3p3_8b_199,146,15.125,0.011161980219185352,-4.125,-4.484039306640625,4,0,0.0625,0.002485758624970913,0.1875,0.2544364929199219,-45.976768493652344,2.6822586059570312,15.0625,0.00867622159421444,4,0,19.375,19.25,20.5,4.75,17.78125,0.011494252873563218,0,0,0,0
suppressor_top20,corrupt,ablate,v5_granite_3p3_8b_294,233,15.8125,0.018919387832283974,-3.6875,-3.9484901428222656,3,0,0.125,0.006119688041508198,0.375,0.39698219299316406,-46.45994567871094,3.069385528564453,15.6875,0.012799699790775776,3,0,19.75,19.5,20.75,4.25,18.21875,0.024691358024691357,0,0,0,0
suppressor_top20,corrupt,ablate,v5_granite_3p3_8b_096,73,15.9375,0.09387173503637314,-1.6875,-2.267271041870117,3,0,-0.4375,-0.031153760850429535,-0.3125,-0.32157325744628906,-40.79056167602539,2.47955322265625,16.375,0.12502549588680267,3,0,17.75,17.625,19.625,2.875,18.0,-0.1346153846153846,0,0,0,0
suppressor_top20,corrupt,ablate,v5_granite_3p3_8b_043,20,15.875,0.04136413708329201,-2.625,-3.1431198120117188,3,0,-0.25,0.004163391888141632,0.125,0.11042022705078125,-43.26090621948242,2.5129013061523438,16.125,0.037200745195150375,3,0,18.875,18.5,19.375,2.125,17.75,-0.07692307692307693,0,0,0,0
suppressor_top20,corrupt,ablate,v5_granite_3p3_8b_178,125,15.5,0.009748528711497784,-4.375,-4.6208648681640625,3,0,0.5,0.006139802280813456,1.0,0.9999351501464844,-46.90561294555664,3.0525665283203125,15.0,0.003608726430684328,4,0,20.375,19.875,20.5,3.875,17.75,0.09090909090909091,0,0,0,0
suppressor_top20,corrupt,ablate,v5_granite_3p3_8b_070,47,15.6875,0.0476188138127327,-2.5625,-2.995756149291992,3,0,-0.5625,-0.03587570786476135,-0.6875,-0.5999469757080078,-42.37785339355469,2.5320587158203125,16.25,0.08349452167749405,3,0,18.125,18.25,18.25,1.75,17.25,-0.28125,0,0,0,0
suppressor_top20,corrupt,ablate,v5_granite_3p3_8b_214,153,14.3125,0.008501908741891384,-4.0625,-4.758947372436523,5,0,0.125,0.0018585934303700924,0.25,0.2485523223876953,-46.950321197509766,1.9929237365722656,14.1875,0.006643315311521292,5,0,18.5,18.375,19.5,2.25,16.84375,0.023529411764705882,0,0,0,0
suppressor_top20,corrupt,ablate,v5_granite_3p3_8b_228,167,16.625,0.11125078797340393,-1.75,-2.0780506134033203,3,0,0.5,0.050005409866571426,0.625,0.6516380310058594,-42.0274543762207,2.5531005859375,16.125,0.061245378106832504,3,0,18.5,18.375,20.125,3.75,18.125,0.125,0,0,0,0
suppressor_top20,corrupt,ablate,v5_granite_3p3_8b_062,39,16.125,0.09924841672182083,-1.5,-2.2056198120117188,3,0,0.5625,0.05490909144282341,0.8125,0.8649387359619141,-41.28140640258789,3.11334228515625,15.5625,0.04433932527899742,3,0,17.875,17.625,19.25,2.75,17.40625,0.15254237288135594,0,0,0,0
suppressor_top20,corrupt,ablate,v5_granite_3p3_8b_098,75,16.125,0.11412250250577927,-1.625,-2.0493221282958984,3,0,-0.25,-0.02440374344587326,-0.25,-0.2217235565185547,-32.4205436706543,2.7302207946777344,16.375,0.13852624595165253,3,0,17.75,17.75,18.875,2.0,17.625,-0.1,0,0,0,0
suppressor_top20,corrupt,ablate,v5_granite_3p3_8b_291,230,16.625,0.049594197422266006,-2.75,-2.9530372619628906,3,0,0.25,0.015657830983400345,0.375,0.3957252502441406,-42.72327423095703,2.994842529296875,16.375,0.03393636643886566,3,0,19.5,19.375,20.875,5.125,18.625,0.05555555555555555,0,0,0,0
suppressor_top20,corrupt,ablate,v5_granite_3p3_8b_034,11,15.125,0.021761944517493248,-3.25,-3.8056106567382812,4,0,-0.125,-0.0016171634197235107,-0.125,-0.07333564758300781,-40.473087310791016,2.0992813110351562,15.25,0.02337910793721676,3,0,18.375,18.375,17.75,1.125,16.5,-0.05,0,0,0,0
suppressor_top20,corrupt,ablate,v5_granite_3p3_8b_142,89,14.4375,0.012535018846392632,-3.6875,-4.366634368896484,3,0,0.125,0.003355591557919979,0.375,0.3149604797363281,-39.18925857543945,2.4435997009277344,14.3125,0.009179427288472652,4,0,18.375,18.125,19.875,3.625,17.09375,0.02247191011235955,0,0,0,0
suppressor_top20,corrupt,ablate,v5_granite_3p3_8b_137,84,14.8125,0.012911145575344563,-3.8125,-4.336692810058594,3,0,0.125,0.0026449821889400482,0.125,0.23191070556640625,-42.79436492919922,2.0077972412109375,14.6875,0.010266163386404514,4,0,18.625,18.625,19.625,3.625,17.15625,0.02531645569620253,0,0,0,0
suppressor_top20,corrupt,ablate,v5_granite_3p3_8b_156,103,16.125,0.09998207539319992,-1.625,-2.1974411010742188,3,0,0.4375,0.04680640250444412,0.6875,0.6820926666259766,-36.666011810302734,2.450305938720703,15.6875,0.0531756728887558,3,0,18.0,17.75,20.125,4.25,17.90625,0.09859154929577464,0,0,0,0
suppressor_top20,corrupt,ablate,v5_granite_3p3_8b_231,170,14.75,0.017512939870357513,-3.5,-4.027172088623047,3,0,0.3125,0.007891230285167694,0.5625,0.6069145202636719,-44.287025451660156,2.7106361389160156,14.4375,0.00962170958518982,3,0,18.5,18.25,19.75,3.75,17.09375,0.058823529411764705,0,0,0,0
suppressor_top20,corrupt,ablate,v5_granite_3p3_8b_268,207,14.75,0.02438315562903881,-3.125,-3.689199447631836,3,0,0.375,0.010809328407049179,0.5,0.5967674255371094,-41.77228927612305,2.8456878662109375,14.375,0.013573827221989632,3,0,18.0,17.875,20.375,4.125,17.375,0.0625,0,0,0,0
suppressor_top20,corrupt,ablate,v5_granite_3p3_8b_182,129,15.4375,0.011630551889538765,-4.1875,-4.44244384765625,3,0,-0.125,0.0013390472158789635,0.125,0.12367057800292969,-41.916324615478516,3.417278289794922,15.5625,0.010291504673659801,3,0,19.875,19.625,20.375,4.25,17.96875,-0.025974025974025976,0,0,0,0
suppressor_top20,corrupt,ablate,v5_granite_3p3_8b_195,142,15.3125,0.010273207910358906,-4.3125,-4.567911148071289,3,0,0.1875,0.004541502799838781,0.5625,0.5881023406982422,-44.63116455078125,2.1724815368652344,15.125,0.0057317051105201244,4,0,20.0,19.625,19.125,3.3125,17.125,0.046875,0,0,0,0
suppressor_top20,corrupt,ablate,v5_granite_3p3_8b_092,69,16.0,0.09269050508737564,-1.625,-2.2812328338623047,3,0,0.0625,0.01921066641807556,0.3125,0.25321197509765625,-40.135887145996094,2.472400665283203,15.9375,0.07347983866930008,3,0,17.875,17.625,18.0,1.5,16.96875,0.030303030303030304,0,0,0,0
suppressor_top20,corrupt,ablate,v5_granite_3p3_8b_131,78,15.0,0.016131361946463585,-3.5,-4.110750198364258,3,0,-0.1875,-0.003249002620577812,-0.1875,-0.18680381774902344,-42.22236633300781,2.3482131958007812,15.1875,0.019380364567041397,3,0,18.5,18.5,20.5,4.6875,17.84375,-0.03529411764705882,0,0,0,0
suppressor_top20,corrupt,ablate,v5_granite_3p3_8b_079,56,15.625,0.07175108790397644,-2.25,-2.560117721557617,3,0,-0.125,0.011158771812915802,0.125,0.1809844970703125,-43.84563446044922,2.412220001220703,15.75,0.06059231609106064,3,0,18.125,17.875,19.375,2.625,17.5625,-0.034482758620689655,0,0,0,0
suppressor_top20,corrupt,ablate,v5_granite_3p3_8b_082,59,15.8125,0.10409589856863022,-1.5625,-2.152536392211914,3,0,0.0625,0.009618446230888367,-0.0625,0.10763740539550781,-41.45558166503906,2.4345779418945312,15.75,0.09447745233774185,3,0,17.25,17.375,19.0,2.5,17.375,0.019230769230769232,0,0,0,0
suppressor_top20,corrupt,ablate,v5_granite_3p3_8b_136,83,15.875,0.03601779788732529,-3.0,-3.2870826721191406,3,0,-0.125,0.0018940269947052002,0.0,0.055980682373046875,-41.64059066772461,2.4720916748046875,16.0,0.03412377089262009,3,0,19.0,18.875,20.375,4.25,18.1875,-0.02857142857142857,0,0,0,0
suppressor_top20,corrupt,ablate,v5_granite_3p3_8b_218,157,15.75,0.07016610354185104,-2.125,-2.5841598510742188,3,0,-0.0625,-0.002904161810874939,-0.1875,-0.04368400573730469,-42.04936599731445,2.2859573364257812,15.8125,0.07307026535272598,3,0,17.75,17.875,19.875,3.75,17.84375,-0.015384615384615385,0,0,0,0
suppressor_top20,corrupt,ablate,v5_granite_3p3_8b_163,110,15.375,0.04663833603262901,-2.5,-3.017589569091797,3,0,-0.125,-0.0016845017671585083,-0.125,-0.03724861145019531,-41.49643325805664,2.5179519653320312,15.5,0.04832283779978752,3,0,17.875,17.875,20.375,3.75,17.9375,-0.02564102564102564,0,0,0,0
suppressor_top20,corrupt,ablate,v5_granite_3p3_8b_237,176,14.5,0.01207953691482544,-4.0,-4.404109954833984,3,0,0.0,0.00045217201113700867,0.0,0.038608551025390625,-44.111209869384766,2.1469154357910156,14.5,0.01162736490368843,3,0,18.5,18.5,19.375,2.875,16.9375,0.0,0,0,0,0
suppressor_top20,corrupt,ablate,v5_granite_3p3_8b_030,7,15.3125,0.021715521812438965,-3.3125,-3.807798385620117,3,0,-0.25,-0.004719579592347145,-0.25,-0.20150184631347656,-39.01645278930664,2.0838851928710938,15.5625,0.02643510140478611,3,0,18.625,18.625,18.375,1.75,16.96875,-0.08888888888888889,0,0,0,0
suppressor_top20,corrupt,ablate,v5_granite_3p3_8b_187,134,15.5,0.010680648498237133,-4.375,-4.528602600097656,3,0,-0.0625,0.0006545819342136383,0.0625,0.06390571594238281,-46.73247146606445,2.8136978149414062,15.5625,0.010026066564023495,3,0,20.0,19.875,20.5,4.375,18.03125,-0.012658227848101266,0,0,0,0
suppressor_top20,corrupt,ablate,v5_granite_3p3_8b_289,228,15.875,0.013023994863033295,-4.125,-4.327869415283203,3,0,0.125,0.004189145751297474,0.375,0.3923225402832031,-46.92162322998047,3.1365623474121094,15.75,0.00883484911173582,4,0,20.25,20.0,20.5,3.75,18.125,0.02631578947368421,0,0,0,0
suppressor_top20,corrupt,ablate,v5_granite_3p3_8b_147,94,16.125,0.054534491151571274,-2.25,-2.852865219116211,3,0,0.125,0.01604039967060089,0.375,0.36515235900878906,-44.98743438720703,2.4228477478027344,16.0,0.03849409148097038,3,0,18.625,18.375,20.875,5.1875,18.4375,0.02564102564102564,0,0,0,0
suppressor_top20,corrupt,ablate,v5_granite_3p3_8b_150,97,15.75,0.04590267315506935,-2.625,-3.034261703491211,3,0,0.0,0.006481457501649857,0.125,0.15898895263671875,-36.70744323730469,2.52520751953125,15.75,0.039421215653419495,3,0,18.5,18.375,20.875,5.0625,18.3125,0.0,0,0,0,0
suppressor_top20,corrupt,ablate,v5_granite_3p3_8b_176,123,16.375,0.04356846213340759,-2.875,-3.088899612426758,3,0,0.25,0.022401995956897736,0.75,0.7450637817382812,-45.431663513183594,3.70989990234375,16.125,0.021166466176509857,3,0,19.75,19.25,21.0,5.4375,18.5625,0.05128205128205128,0,0,0,0
suppressor_top20,corrupt,ablate,v5_granite_3p3_8b_269,208,15.0,0.03558480739593506,-2.75,-3.29962158203125,3,0,-0.3125,-0.010746542364358902,-0.3125,-0.2751026153564453,-40.943607330322266,2.5353927612304688,15.3125,0.04633134976029396,3,0,17.75,17.75,20.125,2.875,17.71875,-0.06493506493506493,0,0,0,0
suppressor_top20,corrupt,ablate,v5_granite_3p3_8b_026,3,15.25,0.025118188932538033,-3.0,-3.6587448120117188,3,0,-0.25,-0.005067763850092888,-0.25,-0.1889972686767578,-41.129337310791016,2.06512451171875,15.5,0.03018595278263092,3,0,18.25,18.25,18.0,2.0625,16.75,-0.1,0,0,0,0
suppressor_top20,corrupt,ablate,v5_granite_3p3_8b_252,191,15.25,0.03022080846130848,-2.875,-3.4685592651367188,3,0,-0.125,-0.002211453393101692,-0.125,-0.072906494140625,-42.51766586303711,1.967254638671875,15.375,0.03243226185441017,3,0,18.125,18.125,19.625,2.125,17.5,-0.029411764705882353,0,0,0,0
suppressor_top20,corrupt,ablate,v5_granite_3p3_8b_273,212,15.5,0.011248224414885044,-4.375,-4.476249694824219,4,0,-0.0625,0.001956001855432987,0.1875,0.1930065155029297,-40.70020294189453,2.8237380981445312,15.5625,0.009292222559452057,4,0,20.125,19.875,20.125,2.75,17.84375,-0.0136986301369863,0,0,0,0
suppressor_top20,corrupt,ablate,v5_granite_3p3_8b_256,195,15.375,0.05638938397169113,-2.125,-2.8174476623535156,3,0,0.3125,0.02296866476535797,0.5625,0.5471591949462891,-40.30776596069336,2.6056289672851562,15.0625,0.03342071920633316,3,0,17.75,17.5,20.375,3.5,17.71875,0.058823529411764705,0,0,0,0
suppressor_top20,corrupt,ablate,v5_granite_3p3_8b_275,214,15.0,0.006707658059895039,-4.75,-4.997797012329102,3,0,0.0625,0.00144640589132905,0.1875,0.24433326721191406,-46.09803009033203,2.8636398315429688,14.9375,0.0052612521685659885,4,0,19.875,19.75,19.75,3.0,17.34375,0.012987012987012988,0,0,0,0
suppressor_top20,corrupt,ablate,v5_granite_3p3_8b_033,10,15.1875,0.023271190002560616,-3.1875,-3.7370147705078125,4,0,0.25,0.007845261134207249,0.375,0.41916656494140625,-45.29037094116211,1.8681983947753906,14.9375,0.015425928868353367,4,0,18.5,18.375,17.5,1.125,16.21875,0.0975609756097561,0,0,0,0
suppressor_top20,corrupt,ablate,v5_granite_3p3_8b_045,22,15.125,0.023085512220859528,-3.125,-3.7452163696289062,4,0,0.375,0.009630762040615082,0.5,0.5496807098388672,-41.98157501220703,1.6007423400878906,14.75,0.013454750180244446,4,0,18.375,18.25,18.625,1.25,16.6875,0.0967741935483871,0,0,0,0
suppressor_top20,corrupt,ablate,v5_granite_3p3_8b_090,67,15.5625,0.04938262701034546,-2.1875,-2.957538604736328,3,0,-0.0625,0.00028785690665245056,0.0625,0.0061397552490234375,-41.240116119384766,2.431133270263672,15.625,0.04909477010369301,3,0,17.875,17.75,17.875,1.125,16.75,-0.027777777777777776,0,0,0,0
suppressor_top20,corrupt,ablate,v5_granite_3p3_8b_144,91,14.0,0.0034858169965445995,-5.125,-5.655580520629883,9,0,0.0,0.0010319873690605164,0.375,0.35208702087402344,-46.66534423828125,2.3650550842285156,14.0,0.002453829627484083,9,0,19.5,19.125,18.75,1.875,16.375,0.0,0,0,0,0
suppressor_top20,corrupt,ablate,v5_granite_3p3_8b_253,192,14.125,0.013480561785399914,-3.5,-4.292959213256836,3,0,0.0,0.0029359329491853714,0.375,0.24860000610351562,-43.004119873046875,1.8107719421386719,14.125,0.010544628836214542,4,0,18.0,17.625,20.0,3.0,17.0625,0.0,0,0,0,0
suppressor_top20,corrupt,ablate,v5_granite_3p3_8b_162,109,14.375,0.017719244584441185,-3.25,-4.0152435302734375,5,0,0.25,0.006732524372637272,0.5,0.48479652404785156,-42.50817108154297,2.326068878173828,14.125,0.010986720211803913,6,0,17.875,17.625,19.25,2.875,16.6875,0.04878048780487805,0,0,0,0
suppressor_top20,corrupt,ablate,v5_granite_3p3_8b_272,211,14.1875,0.001964936964213848,-6.0625,-6.230340957641602,7,0,0.625,0.0011947840102948248,0.875,0.9378204345703125,-46.85863494873047,2.4835166931152344,13.5625,0.0007701529539190233,10,0,20.5,20.25,19.125,1.625,16.34375,0.11235955056179775,0,0,0,0
suppressor_top20,corrupt,ablate,v5_granite_3p3_8b_193,140,14.4375,0.003983089700341225,-5.1875,-5.521724700927734,7,0,0.25,0.0016456209123134613,0.5,0.534637451171875,-45.267608642578125,2.9093856811523438,14.1875,0.0023374687880277634,9,0,19.875,19.625,19.75,3.125,16.96875,0.0449438202247191,0,0,0,0
suppressor_top20,corrupt,ablate,v5_granite_3p3_8b_088,65,16.0,0.08379531651735306,-1.625,-2.391876220703125,3,0,-0.25,-0.016830965876579285,-0.25,-0.201568603515625,-34.61632537841797,2.2383575439453125,16.25,0.10062628239393234,3,0,17.625,17.625,18.875,1.875,17.5625,-0.09523809523809523,0,0,0,0
suppressor_top20,corrupt,ablate,v5_granite_3p3_8b_280,219,15.0625,0.004487521480768919,-5.1875,-5.401971817016602,4,0,0.125,0.0011441537644714117,0.25,0.29547119140625,-44.5150260925293,2.811046600341797,14.9375,0.0033433677162975073,6,0,20.375,20.25,20.125,3.25,17.53125,0.024096385542168676,0,0,0,0
suppressor_top20,corrupt,ablate,v5_granite_3p3_8b_051,28,14.6875,0.014174893498420715,-3.4375,-4.242025375366211,6,0,-0.1875,-0.002007940784096718,-0.1875,-0.13451194763183594,-39.851436614990234,1.8357658386230469,14.875,0.016182834282517433,5,0,18.125,18.125,19.25,1.25,17.0625,-0.04285714285714286,0,0,0,0
suppressor_top20,corrupt,ablate,v5_granite_3p3_8b_140,87,14.6875,0.016967367380857468,-3.5625,-4.059377670288086,3,0,0.1875,0.003968089818954468,0.3125,0.27042198181152344,-39.494384765625,2.0283432006835938,14.5,0.012999277561903,3,0,18.375,18.25,20.75,4.0,17.625,0.03,0,0,0,0
suppressor_top20,corrupt,ablate,v5_granite_3p3_8b_196,143,14.125,0.002909553935751319,-5.5,-5.836856842041016,7,0,0.0,0.0003873088862746954,0.125,0.14323997497558594,-42.6783332824707,2.3909530639648438,14.125,0.0025222450494766235,8,0,19.75,19.625,20.0,3.375,17.0625,0.0,0,0,0,0
suppressor_top20,corrupt,ablate,v5_granite_3p3_8b_027,4,13.9375,0.0028290641494095325,-5.1875,-5.864994049072266,9,0,0.0625,0.0006208345293998718,0.1875,0.24837875366210938,-45.408294677734375,2.006694793701172,13.875,0.0022082296200096607,10,0,19.25,19.125,17.5,0.75,15.6875,0.017241379310344827,0,0,0,0
suppressor_top20,corrupt,ablate,v5_granite_3p3_8b_134,81,13.625,0.0014384533278644085,-6.0,-6.542764663696289,11,0,0.0,0.00025674584321677685,0.25,0.19686317443847656,-41.87582015991211,2.301006317138672,13.625,0.0011817074846476316,11,0,19.875,19.625,19.5,2.125,16.5625,0.0,0,0,0,0
suppressor_top20,corrupt,ablate,v5_granite_3p3_8b_073,50,14.8125,0.015985263511538506,-3.6875,-4.119993209838867,3,0,0.1875,0.005185997113585472,0.3125,0.3974494934082031,-45.858070373535156,2.7035255432128906,14.625,0.010799266397953033,3,0,18.625,18.5,18.125,1.0,16.375,0.05357142857142857,0,0,0,0
suppressor_top20,corrupt,ablate,v5_granite_3p3_8b_286,225,14.3125,0.0024724313989281654,-5.5625,-6.000093460083008,9,0,0.0625,0.0007249676855280995,0.3125,0.3477630615234375,-47.925437927246094,2.4965591430664062,14.25,0.001747463713400066,9,0,20.125,19.875,18.75,1.75,16.5,0.013888888888888888,0,0,0,0
suppressor_top20,corrupt,ablate,v5_granite_3p3_8b_170,117,14.5,0.0023341155610978603,-5.75,-6.057804107666016,6,0,0.1875,0.0008741987403482199,0.4375,0.4701251983642578,-48.79404830932617,2.1725997924804688,14.3125,0.0014599168207496405,7,0,20.5,20.25,19.375,2.25,16.84375,0.037037037037037035,0,0,0,0
suppressor_top20,corrupt,ablate,v5_granite_3p3_8b_262,201,14.5,0.009368648752570152,-4.125,-4.66099739074707,6,0,0.1875,0.0027510682120919228,0.3125,0.35041046142578125,-46.118003845214844,2.3541221618652344,14.3125,0.0066175805404782295,7,0,18.75,18.625,19.375,1.75,16.84375,0.037037037037037035,0,0,0,0
driver_top20,clean,ablate,v5_granite_3p3_8b_270,209,19.625,0.9448211789131165,3.5,2.8404178619384766,1,1,-0.125,-0.009524405002593994,-0.125,-0.19951248168945312,18.26270866394043,-1.0474681854248047,19.75,0.9543455839157104,1,1,16.125,16.125,16.0,-1.875,17.875,0.03333333333333333,0,0,0,0
driver_top20,clean,ablate,v5_granite_3p3_8b_078,55,19.5,0.8743516802787781,2.625,1.939992904663086,1,1,0.25,0.02953439950942993,0.125,0.24547767639160156,11.814482688903809,-1.133321762084961,19.25,0.8448172807693481,1,1,16.75,16.875,15.25,-3.375,17.25,-0.0625,0,0,0,0
driver_top20,clean,ablate,v5_granite_3p3_8b_229,168,19.625,0.905737578868866,2.75,2.262666702270508,1,1,0.125,-0.0001849532127380371,-0.125,-0.002166748046875,19.024423599243164,-1.1805286407470703,19.5,0.905922532081604,1,1,16.625,16.875,14.5625,-3.4375,17.03125,-0.02531645569620253,0,0,0,0
driver_top20,clean,ablate,v5_granite_3p3_8b_084,61,18.875,0.681612491607666,1.25,0.7611846923828125,1,1,0.25,0.023499250411987305,0.0,0.10629463195800781,20.015451431274414,-0.7812728881835938,18.625,0.6581132411956787,1,1,17.375,17.625,15.5,-2.375,17.0625,-0.08,0,0,0,0
driver_top20,clean,ablate,v5_granite_3p3_8b_097,74,19.0,0.7896022796630859,1.875,1.3225269317626953,1,1,0.25,0.03276866674423218,0.125,0.18712997436523438,19.03818702697754,-1.0666828155517578,18.75,0.7568336129188538,1,1,17.0,17.125,16.0,-1.5,17.375,-0.09090909090909091,0,0,0,0
driver_top20,clean,ablate,v5_granite_3p3_8b_222,161,20.0,0.9358570575714111,3.375,2.680347442626953,1,1,0.25,0.021048307418823242,0.375,0.3065338134765625,21.313711166381836,-0.8883285522460938,19.75,0.9148087501525879,1,1,16.75,16.625,14.875,-3.25,17.3125,-0.05128205128205128,0,0,0,0
driver_top20,clean,ablate,v5_granite_3p3_8b_297,236,19.25,0.9027581810951233,2.625,2.228260040283203,1,1,0.125,-0.0075844526290893555,-0.25,-0.08956336975097656,18.23668670654297,-1.144765853881836,19.125,0.9103426337242126,1,1,16.25,16.625,14.5,-5.25,16.8125,-0.02702702702702703,0,0,0,0
driver_top20,clean,ablate,v5_granite_3p3_8b_226,165,20.375,0.9513084888458252,3.5,2.9723358154296875,1,1,0.25,0.015228986740112305,0.25,0.28827667236328125,22.07701873779297,-0.8910388946533203,20.125,0.9360795021057129,1,1,16.875,16.875,14.4375,-3.5625,17.28125,-0.04395604395604396,0,0,0,0
driver_top20,clean,ablate,v5_granite_3p3_8b_058,35,19.0,0.7769979238510132,1.625,1.2482566833496094,1,1,0.375,0.04795718193054199,0.125,0.2584972381591797,18.07895851135254,-0.6923618316650391,18.625,0.7290407419204712,1,1,17.125,17.375,14.6875,-4.0625,16.65625,-0.09523809523809523,0,0,0,0
driver_top20,clean,ablate,v5_granite_3p3_8b_093,70,19.0,0.7128154039382935,1.25,0.9090919494628906,1,1,0.375,0.044606029987335205,0.125,0.2090015411376953,16.751264572143555,-0.7335662841796875,18.625,0.6682093739509583,1,1,17.5,17.75,15.3125,-2.3125,16.96875,-0.11320754716981132,0,0,0,0
driver_top20,clean,ablate,v5_granite_3p3_8b_194,141,20.25,0.9627571702003479,3.5,3.252338409423828,1,1,0.125,0.001385509967803955,0.0,0.03796195983886719,19.074256896972656,-1.5212249755859375,20.125,0.961371660232544,1,1,16.625,16.75,14.8125,-5.0625,17.46875,-0.023529411764705882,0,0,0,0
driver_top20,clean,ablate,v5_granite_3p3_8b_287,226,19.375,0.8630268573760986,2.625,1.8406620025634766,1,1,0.0,-0.005442500114440918,-0.25,-0.0468292236328125,15.54167366027832,-1.157644271850586,19.375,0.8684693574905396,1,1,16.5,16.75,14.5,-5.0,16.9375,-0.0,0,0,0,0
driver_top20,clean,ablate,v5_granite_3p3_8b_292,231,19.75,0.9318404793739319,3.0,2.6153087615966797,1,1,0.0,-0.007910490036010742,-0.25,-0.1318187713623047,16.59754180908203,-1.1426620483398438,19.75,0.9397509694099426,1,1,16.5,16.75,14.4375,-5.0625,17.09375,-0.0,0,0,0,0
driver_top20,clean,ablate,v5_granite_3p3_8b_141,88,20.25,0.960702121257782,3.375,3.196491241455078,1,1,0.125,0.0007548332214355469,0.0,0.019807815551757812,17.810359954833984,-1.4818286895751953,20.125,0.9599472880363464,1,1,16.75,16.875,14.6875,-4.6875,17.40625,-0.022988505747126436,0,0,0,0
driver_top20,clean,ablate,v5_granite_3p3_8b_230,169,18.75,0.6962453126907349,1.25,0.8294792175292969,1,1,-0.125,-0.053833842277526855,-0.375,-0.26955604553222656,8.115281105041504,-1.2404193878173828,18.875,0.7500791549682617,1,1,17.25,17.5,14.125,-4.625,16.5,0.02631578947368421,0,0,0,0
driver_top20,clean,ablate,v5_granite_3p3_8b_254,193,20.25,0.9472746849060059,3.5,2.8884944915771484,1,1,0.125,0.008418440818786621,0.0,0.15706253051757812,19.13317108154297,-0.9221649169921875,20.125,0.9388562440872192,1,1,16.625,16.75,15.0,-2.75,17.5625,-0.024390243902439025,0,0,0,0
driver_top20,clean,ablate,v5_granite_3p3_8b_085,62,19.0,0.7072424292564392,1.5,0.8820247650146484,1,1,0.375,0.06666046380996704,0.375,0.3041362762451172,17.935243606567383,-0.9000244140625,18.625,0.6405819654464722,1,1,17.5,17.5,14.8125,-3.3125,16.71875,-0.09836065573770492,0,0,0,0
driver_top20,clean,ablate,v5_granite_3p3_8b_146,93,20.25,0.9595931768417358,3.375,3.167509078979492,1,1,0.125,0.0013268589973449707,0.0,0.03369331359863281,21.774133682250977,-1.4562721252441406,20.125,0.9582663178443909,1,1,16.75,16.875,14.5,-4.375,17.3125,-0.022222222222222223,0,0,0,0
driver_top20,clean,ablate,v5_granite_3p3_8b_220,159,20.375,0.9255015254020691,3.125,2.5195560455322266,1,1,0.125,0.00394827127456665,0.0,0.05591773986816406,19.984365463256836,-0.9933891296386719,20.25,0.9215532541275024,1,1,17.125,17.25,14.3125,-4.1875,17.28125,-0.021052631578947368,0,0,0,0
driver_top20,clean,ablate,v5_granite_3p3_8b_266,205,19.0,0.8384204506874084,2.25,1.6465225219726562,1,1,0.125,0.004240095615386963,-0.125,0.030971527099609375,16.798398971557617,-0.7714824676513672,18.875,0.8341803550720215,1,1,16.5,16.75,14.5625,-3.4375,16.71875,-0.028985507246376812,0,0,0,0
driver_top20,clean,ablate,v5_granite_3p3_8b_284,223,20.25,0.9451481103897095,3.5,2.8467025756835938,1,1,0.125,0.001846909523010254,-0.125,0.035068511962890625,17.83249282836914,-0.963226318359375,20.125,0.9433012008666992,1,1,16.5,16.75,15.375,-4.375,17.75,-0.02631578947368421,0,0,0,0
driver_top20,clean,ablate,v5_granite_3p3_8b_083,60,19.375,0.8107455372810364,2.125,1.4548606872558594,1,1,0.375,0.043130338191986084,0.125,0.25997161865234375,18.965015411376953,-1.1000804901123047,19.0,0.7676151990890503,1,1,17.0,17.25,15.5,-2.75,17.25,-0.10714285714285714,0,0,0,0
driver_top20,clean,ablate,v5_granite_3p3_8b_155,102,20.25,0.968085527420044,3.625,3.412261962890625,1,1,0.125,0.0042847394943237305,0.125,0.1304168701171875,18.853960037231445,-1.2395553588867188,20.125,0.9638007879257202,1,1,16.625,16.625,16.125,-2.375,18.125,-0.03125,0,0,0,0
driver_top20,clean,ablate,v5_granite_3p3_8b_225,164,19.625,0.9090173244476318,3.0,2.301694869995117,1,1,0.125,0.005056798458099365,-0.125,0.05967140197753906,15.788191795349121,-1.142735481262207,19.5,0.9039605259895325,1,1,16.375,16.625,15.125,-3.25,17.3125,-0.02857142857142857,0,0,0,0
driver_top20,clean,ablate,v5_granite_3p3_8b_233,172,19.75,0.882458508014679,2.375,2.015920639038086,1,1,-0.125,-0.03284657001495361,-0.5,-0.36428070068359375,13.818589210510254,-1.3059053421020508,19.875,0.9153050780296326,1,1,17.0,17.375,14.5,-4.0,17.1875,0.023255813953488372,0,0,0,0
driver_top20,clean,ablate,v5_granite_3p3_8b_259,198,19.125,0.8544468283653259,2.375,1.7699146270751953,1,1,0.0,-0.02106451988220215,-0.375,-0.1806812286376953,11.189803123474121,-1.378000259399414,19.125,0.8755113482475281,1,1,16.375,16.75,14.5625,-3.9375,16.84375,-0.0,0,0,0,0
driver_top20,clean,ablate,v5_granite_3p3_8b_165,112,20.125,0.9585190415382385,3.375,3.1401538848876953,1,1,0.25,0.007352590560913086,0.125,0.1708850860595703,21.46721076965332,-1.3115463256835938,19.875,0.9511664509773254,1,1,16.625,16.75,14.875,-3.25,17.375,-0.05,0,0,0,0
driver_top20,clean,ablate,v5_granite_3p3_8b_277,216,19.0,0.7640389800071716,1.625,1.1749534606933594,1,1,0.25,0.015625298023223877,-0.125,0.08478164672851562,14.590117454528809,-0.8722715377807617,18.75,0.7484136819839478,1,1,17.0,17.375,14.875,-5.75,16.8125,-0.06451612903225806,0,0,0,0
driver_top20,clean,ablate,v5_granite_3p3_8b_057,34,19.0,0.7286377549171448,1.5,0.9877204895019531,1,1,0.375,0.03592413663864136,0.0,0.17488479614257812,16.739208221435547,-1.1522064208984375,18.625,0.6927136182785034,1,1,17.125,17.5,15.1875,-3.9375,16.90625,-0.10909090909090909,0,0,0,0
driver_top20,clean,ablate,v5_granite_3p3_8b_239,178,19.75,0.9034854173660278,3.0,2.236562728881836,1,1,0.25,0.023485302925109863,0.125,0.24413299560546875,17.832744598388672,-0.8984718322753906,19.5,0.880000114440918,1,1,16.625,16.75,15.3125,-3.1875,17.40625,-0.05970149253731343,0,0,0,0
driver_top20,clean,ablate,v5_granite_3p3_8b_041,18,19.75,0.8997383713722229,2.75,2.194316864013672,1,1,0.375,0.03731459379196167,0.25,0.3587532043457031,18.680898666381836,-0.9180183410644531,19.375,0.8624237775802612,1,1,16.875,17.0,16.0,-3.125,17.6875,-0.1111111111111111,0,0,0,0
driver_top20,clean,ablate,v5_granite_3p3_8b_052,29,19.0,0.70949786901474,1.375,0.8929386138916016,1,1,0.25,0.017154812812805176,-0.125,0.08184432983398438,16.55866241455078,-0.9964046478271484,18.75,0.6923430562019348,1,1,17.25,17.625,15.75,-3.5,17.25,-0.08333333333333333,0,0,0,0
driver_top20,clean,ablate,v5_granite_3p3_8b_063,40,18.125,0.6640310287475586,1.625,0.6813087463378906,1,1,0.375,0.11362767219543457,0.625,0.47901153564453125,14.72554874420166,-0.9543313980102539,17.75,0.550403356552124,1,1,16.75,16.5,15.3125,-3.5625,16.53125,-0.15384615384615385,0,0,0,0
driver_top20,clean,ablate,v5_granite_3p3_8b_235,174,20.125,0.9255096912384033,3.375,2.519674301147461,1,1,0.0,-0.0007561445236206055,-0.125,-0.011020660400390625,12.627950668334961,-1.3566970825195312,20.125,0.9262658357620239,1,1,16.625,16.75,15.25,-3.625,17.6875,-0.0,0,0,0,0
driver_top20,clean,ablate,v5_granite_3p3_8b_290,229,19.875,0.9063971638679504,3.125,2.270416259765625,1,1,0.125,0.0016181468963623047,-0.125,0.018926620483398438,17.51207160949707,-1.1682701110839844,19.75,0.9047790169715881,1,1,16.5,16.75,15.5625,-4.6875,17.65625,-0.029850746268656716,0,0,0,0
driver_top20,clean,ablate,v5_granite_3p3_8b_054,31,18.75,0.7111586332321167,1.5,0.9010181427001953,1,1,0.0,-0.03238964080810547,-0.25,-0.16347503662109375,15.114006042480469,-1.4961071014404297,18.75,0.7435482740402222,1,1,17.0,17.25,15.25,-3.875,17.0,-0.0,0,0,0,0
driver_top20,clean,ablate,v5_granite_3p3_8b_068,45,18.25,0.7535900473594666,2.0,1.1178531646728516,1,1,0.25,0.057392656803131104,0.125,0.28859710693359375,15.752744674682617,-0.9581985473632812,18.0,0.6961973905563354,1,1,16.125,16.25,16.25,-2.125,17.125,-0.14285714285714285,0,0,0,0
driver_top20,clean,ablate,v5_granite_3p3_8b_174,121,21.375,0.9918596148490906,5.0,4.802732467651367,1,1,0.125,0.001105964183807373,0.125,0.1284923553466797,21.790605545043945,-1.4832801818847656,21.25,0.9907536506652832,1,1,16.375,16.375,16.5,-3.25,18.875,-0.02631578947368421,0,0,0,0
driver_top20,clean,ablate,v5_granite_3p3_8b_180,127,21.375,0.9906244874000549,4.875,4.660224914550781,1,1,0.0,-5.424022674560547e-05,0.0,-0.0058574676513671875,18.847259521484375,-1.6883087158203125,21.375,0.9906787276268005,1,1,16.5,16.5,15.6875,-4.0625,18.53125,-0.0,0,0,0,0
driver_top20,clean,ablate,v5_granite_3p3_8b_240,179,19.875,0.9401050209999084,3.625,2.7534008026123047,1,1,0.125,0.006768643856048584,-0.125,0.11429405212402344,17.70806312561035,-1.0448760986328125,19.75,0.9333363771438599,1,1,16.0,16.25,16.875,-1.625,18.3125,-0.043478260869565216,0,0,0,0
driver_top20,clean,ablate,v5_granite_3p3_8b_264,203,20.25,0.9412045478820801,3.25,2.7730941772460938,1,1,-0.125,-0.016247928142547607,-0.5,-0.3405628204345703,18.421018600463867,-1.2470645904541016,20.375,0.9574524760246277,1,1,16.625,17.0,15.75,-2.125,18.0625,0.02702702702702703,0,0,0,0
driver_top20,clean,ablate,v5_granite_3p3_8b_040,17,19.25,0.7830689549446106,1.625,1.283639907836914,1,1,0.25,-0.0064397454261779785,-0.25,-0.03832817077636719,20.608097076416016,-0.8307209014892578,19.0,0.7895087003707886,1,1,17.125,17.625,15.625,-3.375,17.3125,-0.07407407407407407,0,0,0,0
driver_top20,clean,ablate,v5_granite_3p3_8b_153,100,21.0,0.9805338382720947,4.125,3.919422149658203,1,1,0.125,0.002715587615966797,0.125,0.13336563110351562,20.24469757080078,-1.578409194946289,20.875,0.9778182506561279,1,1,16.875,16.875,15.1875,-3.9375,18.03125,-0.02197802197802198,0,0,0,0
driver_top20,clean,ablate,v5_granite_3p3_8b_213,152,19.625,0.8999372720718384,2.75,2.1965293884277344,1,1,0.0,-0.008810997009277344,-0.25,-0.1019134521484375,16.125526428222656,-1.0987911224365234,19.625,0.9087482690811157,1,1,16.625,16.875,14.4375,-4.6875,17.03125,-0.0,0,0,0,0
driver_top20,clean,ablate,v5_granite_3p3_8b_244,183,19.375,0.9197028875350952,3.375,2.4383163452148438,1,1,0.0,0.0009015202522277832,0.125,0.01214599609375,15.983833312988281,-1.106283187866211,19.375,0.9188013672828674,1,1,16.125,16.0,16.0,-2.5,17.6875,-0.0,0,0,0,0
driver_top20,clean,ablate,v5_granite_3p3_8b_300,239,20.5,0.9625311493873596,3.75,3.246063232421875,1,1,0.125,-0.0009741783142089844,-0.125,-0.027353286743164062,21.348812103271484,-1.0168170928955078,20.375,0.9635053277015686,1,1,16.5,16.75,15.1875,-4.8125,17.78125,-0.024096385542168676,0,0,0,0
driver_top20,clean,ablate,v5_granite_3p3_8b_048,25,18.875,0.8269254565238953,2.375,1.5639934539794922,1,1,0.25,0.041956961154937744,0.375,0.269134521484375,16.897451400756836,-1.0905742645263672,18.625,0.7849684953689575,1,1,16.625,16.5,16.25,-2.875,17.4375,-0.10526315789473684,0,0,0,0
driver_top20,clean,ablate,v5_granite_3p3_8b_081,58,19.625,0.9094583988189697,2.75,2.3070411682128906,1,1,0.25,0.010722756385803223,0.0,0.12378692626953125,18.839859008789062,-1.107147216796875,19.375,0.8987356424331665,1,1,16.625,16.875,16.25,-2.25,17.8125,-0.08,0,0,0,0
driver_top20,clean,ablate,v5_granite_3p3_8b_100,77,19.625,0.8472710847854614,2.125,1.7133560180664062,1,1,0.375,0.019704997539520264,0.0,0.1448822021484375,16.879451751708984,-1.03515625,19.25,0.8275660872459412,1,1,17.125,17.5,16.25,-1.5,17.75,-0.125,0,0,0,0
driver_top20,clean,ablate,v5_granite_3p3_8b_139,86,20.0,0.9648727774620056,3.5,3.3130226135253906,1,1,0.0,4.887580871582031e-06,0.0,0.00014495849609375,20.222591400146484,-1.3537311553955078,20.0,0.964867889881134,1,1,16.5,16.5,14.875,-3.625,17.4375,-0.0,0,0,0,0
driver_top20,clean,ablate,v5_granite_3p3_8b_157,104,20.25,0.9618512988090515,3.375,3.2273635864257812,1,1,0.0,0.00015944242477416992,0.0,0.00433349609375,21.22867202758789,-1.1971492767333984,20.25,0.9616918563842773,1,1,16.875,16.875,15.5,-2.625,17.875,-0.0,0,0,0,0
driver_top20,clean,ablate,v5_granite_3p3_8b_166,113,20.875,0.9791100025177002,4.125,3.847372055053711,1,1,0.125,0.0007598400115966797,0.0,0.036502838134765625,21.115459442138672,-1.7107086181640625,20.75,0.9783501625061035,1,1,16.625,16.75,16.25,-1.75,18.5,-0.027777777777777776,0,0,0,0
driver_top20,clean,ablate,v5_granite_3p3_8b_086,63,19.375,0.8785354495048523,2.5,1.9786319732666016,1,1,0.375,0.027194678783416748,0.125,0.2334747314453125,19.5240478515625,-0.8510532379150391,19.0,0.8513407707214355,1,1,16.625,16.875,16.25,-2.0,17.625,-0.13636363636363635,0,0,0,0
driver_top20,clean,ablate,v5_granite_3p3_8b_091,68,18.25,0.7058335542678833,2.0,0.8752346038818359,1,1,0.125,0.02278989553451538,0.125,0.10743904113769531,16.905548095703125,-0.9810123443603516,18.125,0.6830436587333679,1,1,16.25,16.25,16.75,-1.625,17.4375,-0.09090909090909091,0,0,0,0
driver_top20,clean,ablate,v5_granite_3p3_8b_133,80,21.0,0.986639142036438,4.5,4.301977157592773,1,1,0.125,0.0016278624534606934,0.125,0.11661911010742188,21.41924285888672,-1.4795398712158203,20.875,0.9850112795829773,1,1,16.5,16.5,15.6875,-2.9375,18.28125,-0.024096385542168676,0,0,0,0
driver_top20,clean,ablate,v5_granite_3p3_8b_281,220,20.75,0.982282817363739,4.875,4.015340805053711,1,1,0.25,0.005801558494567871,0.25,0.2891826629638672,17.865278244018555,-0.9476242065429688,20.5,0.9764812588691711,1,1,15.875,15.875,16.625,-2.875,18.5625,-0.06451612903225806,0,0,0,0
driver_top20,clean,ablate,v5_granite_3p3_8b_288,227,20.375,0.9755118489265442,4.5,3.6847782135009766,1,1,0.125,0.00014072656631469727,-0.1875,0.0058803558349609375,20.405841827392578,-0.8879623413085938,20.25,0.9753711223602295,1,1,15.5625,15.875,16.25,-3.25,18.25,-0.03125,0,0,0,0
driver_top20,clean,ablate,v5_granite_3p3_8b_047,24,19.25,0.7539002895355225,1.625,1.1195220947265625,1,1,0.375,0.031256258487701416,0.0,0.1619091033935547,19.465051651000977,-0.9503688812255859,18.875,0.722644031047821,1,1,17.25,17.625,15.875,-3.0,17.375,-0.125,0,0,0,0
driver_top20,clean,ablate,v5_granite_3p3_8b_167,114,20.5,0.9715713262557983,3.75,3.5315189361572266,1,1,0.25,0.011798977851867676,0.375,0.35938262939453125,21.23710823059082,-1.5125484466552734,20.25,0.9597723484039307,1,1,16.875,16.75,15.5625,-2.5625,17.90625,-0.05333333333333334,0,0,0,0
driver_top20,clean,ablate,v5_granite_3p3_8b_271,210,20.0,0.9200591444969177,3.25,2.443145751953125,1,1,0.125,0.005081355571746826,0.125,0.06716156005859375,21.56046485900879,-0.8669319152832031,19.875,0.9149777889251709,1,1,16.75,16.75,15.5,-2.75,17.6875,-0.02857142857142857,0,0,0,0
driver_top20,clean,ablate,v5_granite_3p3_8b_064,41,17.875,0.5941744446754456,1.5,0.38124847412109375,1,1,0.25,0.06811988353729248,0.375,0.27693748474121094,16.52284812927246,-0.9852657318115234,17.625,0.5260545611381531,1,1,16.5,16.375,16.125,-2.375,16.875,-0.16666666666666666,0,0,0,0
driver_top20,clean,ablate,v5_granite_3p3_8b_212,151,20.0,0.9307357668876648,3.25,2.598043441772461,1,1,0.125,-0.0010979771614074707,-0.25,-0.017162322998046875,18.56757354736328,-1.1908378601074219,19.875,0.9318337440490723,1,1,16.375,16.75,15.75,-2.5,17.8125,-0.030303030303030304,0,0,0,0
driver_top20,clean,ablate,v5_granite_3p3_8b_249,188,20.0,0.9069972634315491,2.875,2.2775096893310547,1,1,-0.125,-0.024042606353759766,-0.5,-0.32526206970214844,16.040477752685547,-1.1689643859863281,20.125,0.9310398697853088,1,1,16.75,17.125,16.125,-1.75,18.125,0.03125,0,0,0,0
driver_top20,clean,ablate,v5_granite_3p3_8b_265,204,20.0,0.9057306051254272,2.625,2.2625885009765625,1,1,0.125,-0.007892906665802002,-0.25,-0.0961151123046875,17.79612159729004,-1.1299591064453125,19.875,0.9136235117912292,1,1,17.0,17.375,15.4375,-2.8125,17.65625,-0.028169014084507043,0,0,0,0
driver_top20,clean,ablate,v5_granite_3p3_8b_293,232,20.625,0.9684553146362305,3.875,3.4242992401123047,1,1,0.125,-5.638599395751953e-05,-0.125,-0.0018482208251953125,21.883485794067383,-0.9694232940673828,20.5,0.968511700630188,1,1,16.5,16.75,16.125,-3.75,18.3125,-0.02857142857142857,0,0,0,0
driver_top20,clean,ablate,v5_granite_3p3_8b_028,5,18.0,0.6628178954124451,1.625,0.6758766174316406,1,1,0.25,0.04832392930984497,0.0,0.20963478088378906,15.654352188110352,-1.0539188385009766,17.75,0.6144939661026001,1,1,16.125,16.375,14.875,-3.875,16.3125,-0.08695652173913043,0,0,0,0
driver_top20,clean,ablate,v5_granite_3p3_8b_032,9,18.875,0.8051851987838745,2.25,1.4190235137939453,1,1,0.25,0.06390804052352905,0.25,0.3664073944091797,17.855327606201172,-0.8428726196289062,18.625,0.7412771582603455,1,1,16.625,16.625,16.125,-2.375,17.375,-0.1,0,0,0,0
driver_top20,clean,ablate,v5_granite_3p3_8b_044,21,19.625,0.8907623291015625,2.625,2.098550796508789,1,1,0.25,0.010898768901824951,0.0,0.10741424560546875,18.745189666748047,-1.0424957275390625,19.375,0.8798635601997375,1,1,16.75,17.0,16.25,-2.25,17.8125,-0.08,0,0,0,0
driver_top20,clean,ablate,v5_granite_3p3_8b_053,30,18.875,0.7326335906982422,1.625,1.0080242156982422,1,1,0.375,0.051194846630096436,0.125,0.2476329803466797,17.469083786010742,-1.0849037170410156,18.5,0.6814387440681458,1,1,17.0,17.25,15.5,-3.625,17.0,-0.125,0,0,0,0
driver_top20,clean,ablate,v5_granite_3p3_8b_055,32,19.0,0.8449902534484863,2.625,1.6958389282226562,1,1,0.125,-0.005586206912994385,-0.125,-0.04329109191894531,17.383790969848633,-0.9807929992675781,18.875,0.8505764603614807,1,1,16.125,16.375,16.0,-2.75,17.4375,-0.043478260869565216,0,0,0,0
driver_top20,clean,ablate,v5_granite_3p3_8b_065,42,18.5,0.769313395023346,2.125,1.2044410705566406,1,1,0.375,0.08048796653747559,0.375,0.4098091125488281,16.369956970214844,-1.0845108032226562,18.125,0.6888254284858704,1,1,16.375,16.375,15.375,-3.125,16.75,-0.13636363636363635,0,0,0,0
driver_top20,clean,ablate,v5_granite_3p3_8b_209,148,19.125,0.8343608379364014,2.375,1.6168556213378906,1,1,0.125,-0.00413590669631958,-0.25,-0.030231475830078125,16.861923217773438,-1.3280868530273438,19.0,0.838496744632721,1,1,16.375,16.75,15.5625,-2.9375,17.28125,-0.03636363636363636,0,0,0,0
driver_top20,clean,ablate,v5_granite_3p3_8b_031,8,19.0,0.8388636708259583,2.375,1.6497974395751953,1,1,0.25,0.03050774335861206,0.0,0.2104339599609375,17.86636734008789,-0.7510051727294922,18.75,0.8083559274673462,1,1,16.375,16.625,15.6875,-3.0625,17.21875,-0.08163265306122448,0,0,0,0
driver_top20,clean,ablate,v5_granite_3p3_8b_046,23,19.5,0.8331841230392456,2.375,1.6083641052246094,1,1,0.375,0.029893875122070312,0.25,0.20137786865234375,17.74311065673828,-0.8896141052246094,19.125,0.8032902479171753,1,1,17.0,17.125,15.75,-3.5,17.4375,-0.1111111111111111,0,0,0,0
driver_top20,clean,ablate,v5_granite_3p3_8b_071,48,18.25,0.5875336527824402,1.125,0.3537769317626953,1,1,0.375,0.09139114618301392,0.125,0.36920928955078125,14.6050443649292,-0.8890409469604492,17.875,0.49614250659942627,1,1,16.875,17.125,15.9375,-2.8125,16.90625,-0.1935483870967742,0,0,0,0
driver_top20,clean,ablate,v5_granite_3p3_8b_135,82,20.5,0.9568643569946289,3.25,3.0993099212646484,1,1,0.0,-0.0044640302658081055,-0.125,-0.11389732360839844,20.41616439819336,-1.4976253509521484,20.5,0.961328387260437,1,1,17.125,17.25,15.3125,-3.3125,17.90625,-0.0,0,0,0,0
driver_top20,clean,ablate,v5_granite_3p3_8b_148,95,20.875,0.9819069504737854,4.25,3.9939727783203125,1,1,0.25,0.004921972751617432,0.25,0.24563980102539062,22.095001220703125,-1.4141082763671875,20.625,0.976984977722168,1,1,16.625,16.625,15.5625,-3.8125,18.09375,-0.04938271604938271,0,0,0,0
driver_top20,clean,ablate,v5_granite_3p3_8b_161,108,20.0,0.9421133995056152,3.0,2.789640426635742,1,1,0.125,0.0011990666389465332,0.0,0.021778106689453125,18.08382797241211,-1.4538097381591797,19.875,0.9409143328666687,1,1,16.875,17.0,15.875,-3.0,17.875,-0.03125,0,0,0,0
driver_top20,clean,ablate,v5_granite_3p3_8b_186,133,20.375,0.9472568035125732,3.0,2.888134002685547,1,1,0.125,0.006549179553985596,0.125,0.12398529052734375,19.650192260742188,-1.3334770202636719,20.25,0.9407076239585876,1,1,17.375,17.375,14.8125,-5.4375,17.53125,-0.022988505747126436,0,0,0,0
driver_top20,clean,ablate,v5_granite_3p3_8b_217,156,20.625,0.9637708067893982,3.75,3.2809906005859375,1,1,0.0,-0.005407989025115967,-0.25,-0.16725730895996094,17.091854095458984,-1.0511531829833984,20.625,0.9691787958145142,1,1,16.625,16.875,16.0,-2.25,18.3125,-0.0,0,0,0,0
driver_top20,clean,ablate,v5_granite_3p3_8b_038,15,19.125,0.7319810390472412,1.5,1.0046958923339844,1,1,0.25,-0.003009200096130371,-0.25,-0.015392303466796875,17.438232421875,-0.6940574645996094,18.875,0.7349902391433716,1,1,17.125,17.625,16.375,-2.375,17.625,-0.1,0,0,0,0
driver_top20,clean,ablate,v5_granite_3p3_8b_039,16,19.625,0.8235946297645569,1.875,1.5408897399902344,1,1,0.125,-0.006717383861541748,-0.125,-0.04694366455078125,18.324390411376953,-0.6324329376220703,19.5,0.8303120136260986,1,1,17.5,17.75,15.9375,-2.8125,17.71875,-0.03508771929824561,0,0,0,0
driver_top20,clean,ablate,v5_granite_3p3_8b_069,46,18.625,0.7663065791130066,1.75,1.1875724792480469,1,1,0.375,0.07414793968200684,0.25,0.37734222412109375,16.10660743713379,-0.5729866027832031,18.25,0.6921586394309998,1,1,16.75,16.875,16.375,-2.125,17.3125,-0.2,0,0,0,0
driver_top20,clean,ablate,v5_granite_3p3_8b_076,53,19.25,0.7179001569747925,1.375,0.9340610504150391,1,1,0.375,0.03712058067321777,0.125,0.1767120361328125,18.119903564453125,-1.1314563751220703,18.875,0.6807795763015747,1,1,17.625,17.875,15.5,-3.0,17.1875,-0.1111111111111111,0,0,0,0
driver_top20,clean,ablate,v5_granite_3p3_8b_094,71,19.25,0.8111714124679565,1.875,1.4576358795166016,1,1,0.25,0.0036821365356445312,-0.125,0.023859024047851562,16.326183319091797,-0.8514041900634766,19.0,0.807489275932312,1,1,17.0,17.375,15.8125,-1.9375,17.40625,-0.0784313725490196,0,0,0,0
driver_top20,clean,ablate,v5_granite_3p3_8b_132,79,20.25,0.9516092538833618,3.125,2.9788436889648438,1,1,0.125,0.012029469013214111,0.25,0.23473548889160156,19.590471267700195,-1.448202133178711,20.125,0.9395797848701477,1,1,17.25,17.125,15.0625,-3.8125,17.59375,-0.024691358024691357,0,0,0,0
driver_top20,clean,ablate,v5_granite_3p3_8b_185,132,20.875,0.9763820767402649,3.875,3.7218570709228516,1,1,0.125,0.0028582215309143066,0.125,0.11717796325683594,20.27164649963379,-1.5619850158691406,20.75,0.9735238552093506,1,1,17.0,17.0,15.125,-4.625,17.9375,-0.022222222222222223,0,0,0,0
driver_top20,clean,ablate,v5_granite_3p3_8b_191,138,20.625,0.9712486863136292,3.75,3.519899368286133,1,1,0.125,0.004007160663604736,0.125,0.13461685180664062,20.63774299621582,-1.5050811767578125,20.5,0.9672415256500244,1,1,16.875,16.875,14.3125,-5.4375,17.40625,-0.020202020202020204,0,0,0,0
driver_top20,clean,ablate,v5_granite_3p3_8b_223,162,20.375,0.9187504649162292,2.875,2.4254894256591797,1,1,0.0,-0.016324102878570557,-0.375,-0.2418956756591797,15.649127006530762,-1.3487615585327148,20.375,0.9350745677947998,1,1,17.125,17.5,15.3125,-3.3125,17.84375,-0.0,0,0,0,0
driver_top20,clean,ablate,v5_granite_3p3_8b_263,202,20.5,0.9306642413139343,3.0,2.596933364868164,1,1,0.125,-0.0026238560676574707,-0.125,-0.04139518737792969,17.37880516052246,-1.1480636596679688,20.375,0.9332880973815918,1,1,17.25,17.5,15.375,-3.125,17.875,-0.025,0,0,0,0
driver_top20,clean,ablate,v5_granite_3p3_8b_295,234,20.25,0.9120422601699829,2.875,2.3388290405273438,1,1,0.125,-0.006719410419464111,-0.25,-0.0868072509765625,18.224117279052734,-1.3510074615478516,20.125,0.918761670589447,1,1,17.0,17.375,14.5625,-5.6875,17.34375,-0.02247191011235955,0,0,0,0
driver_top20,clean,ablate,v5_granite_3p3_8b_296,235,20.375,0.9337437152862549,3.125,2.645671844482422,1,1,0.125,-0.006123721599578857,-0.25,-0.103515625,19.991886138916016,-1.1995601654052734,20.25,0.9398674368858337,1,1,16.875,17.25,15.625,-4.125,17.9375,-0.02702702702702703,0,0,0,0
driver_top20,clean,ablate,v5_granite_3p3_8b_056,33,19.75,0.7635547518730164,1.5,1.1722640991210938,1,1,0.25,0.006578207015991211,-0.125,0.03609275817871094,18.690689086914062,-0.7247123718261719,19.5,0.7569765448570251,1,1,17.875,18.25,15.8125,-2.9375,17.65625,-0.06779661016949153,0,0,0,0
driver_top20,clean,ablate,v5_granite_3p3_8b_173,120,21.125,0.9834452271461487,4.25,4.08439826965332,1,1,0.0,-9.41157341003418e-05,0.0,-0.0057926177978515625,19.860361099243164,-1.5356311798095703,21.125,0.983539342880249,1,1,16.875,16.875,15.6875,-4.1875,18.40625,-0.0,0,0,0,0
driver_top20,clean,ablate,v5_granite_3p3_8b_211,150,19.875,0.9348688125610352,3.5,2.6640052795410156,1,1,0.25,0.010417819023132324,-0.125,0.15958786010742188,16.340351104736328,-0.9947319030761719,19.625,0.9244509935379028,1,1,16.0,16.375,16.625,-1.75,18.125,-0.08333333333333333,0,0,0,0
driver_top20,clean,ablate,v5_granite_3p3_8b_219,158,20.75,0.9552788138389587,3.625,3.0615577697753906,1,1,0.25,0.0018162727355957031,-0.125,0.041717529296875,20.028270721435547,-0.8618812561035156,20.5,0.953462541103363,1,1,16.75,17.125,15.4375,-3.0625,17.96875,-0.04938271604938271,0,0,0,0
driver_top20,clean,ablate,v5_granite_3p3_8b_236,175,20.5,0.9461117386817932,3.625,2.8654518127441406,1,1,0.375,0.01765739917755127,0.25,0.30226898193359375,20.383094787597656,-0.9211769104003906,20.125,0.9284543395042419,1,1,16.75,16.875,14.875,-3.875,17.5,-0.07142857142857142,0,0,0,0
driver_top20,clean,ablate,v5_granite_3p3_8b_283,222,20.375,0.952546238899231,3.75,2.9993839263916016,1,1,0.125,0.0008570551872253418,-0.125,0.018800735473632812,18.29301643371582,-1.0444717407226562,20.25,0.9516891837120056,1,1,16.375,16.625,15.8125,-3.6875,18.03125,-0.028169014084507043,0,0,0,0
driver_top20,clean,ablate,v5_granite_3p3_8b_066,43,19.0,0.8251991868019104,2.25,1.5519771575927734,1,1,0.25,0.03541988134384155,0.125,0.2283802032470703,17.471874237060547,-0.8717250823974609,18.75,0.7897793054580688,1,1,16.625,16.75,16.0,-2.375,17.375,-0.09090909090909091,0,0,0,0
driver_top20,clean,ablate,v5_granite_3p3_8b_077,54,20.0,0.8794400095939636,2.5,1.9871330261230469,1,1,0.25,0.007421970367431641,0.0,0.06821441650390625,19.155309677124023,-0.7317447662353516,19.75,0.872018039226532,1,1,17.25,17.5,16.625,-1.625,18.1875,-0.08,0,0,0,0
driver_top20,clean,ablate,v5_granite_3p3_8b_143,90,20.625,0.9723823070526123,3.75,3.5612945556640625,1,1,0.0,-0.0027847886085510254,-0.125,-0.10914802551269531,18.522756576538086,-1.3872184753417969,20.625,0.9751670956611633,1,1,16.75,16.875,15.125,-3.625,17.875,-0.0,0,0,0,0
driver_top20,clean,ablate,v5_granite_3p3_8b_149,96,20.75,0.9759450554847717,3.875,3.70306396484375,1,1,0.125,0.0032662153244018555,0.125,0.13066864013671875,20.145288467407227,-1.4438819885253906,20.625,0.9726788401603699,1,1,16.875,16.875,15.375,-3.5,18.0,-0.023809523809523808,0,0,0,0
driver_top20,clean,ablate,v5_granite_3p3_8b_160,107,20.875,0.9823358654975891,4.25,4.018396377563477,1,1,0.0,-0.00027626752853393555,0.0,-0.016048431396484375,19.371585845947266,-1.4297733306884766,20.875,0.982612133026123,1,1,16.625,16.625,16.5,-1.75,18.6875,-0.0,0,0,0,0
driver_top20,clean,ablate,v5_granite_3p3_8b_168,115,21.125,0.9825222492218018,4.25,4.029195785522461,1,1,0.125,0.002232968807220459,0.125,0.1225128173828125,22.33648109436035,-1.5063438415527344,21.0,0.9802892804145813,1,1,16.875,16.875,16.0,-2.25,18.5,-0.025,0,0,0,0
driver_top20,clean,ablate,v5_granite_3p3_8b_184,131,20.25,0.9493669271469116,3.125,2.9311885833740234,1,1,-0.125,-0.010321438312530518,-0.25,-0.23877525329589844,16.826297760009766,-1.5618896484375,20.375,0.9596883654594421,1,1,17.0,17.125,14.8125,-5.1875,17.59375,0.02247191011235955,0,0,0,0
driver_top20,clean,ablate,v5_granite_3p3_8b_192,139,20.25,0.9499875903129578,3.125,2.9441776275634766,1,1,0.125,0.0055675506591796875,0.125,0.11142921447753906,17.688913345336914,-1.4066200256347656,20.125,0.9444200396537781,1,1,17.125,17.125,14.1875,-6.4375,17.15625,-0.021052631578947368,0,0,0,0
driver_top20,clean,ablate,v5_granite_3p3_8b_241,180,20.0,0.9397246241569519,3.75,2.746664047241211,1,1,0.125,0.010235249996185303,0.125,0.16779136657714844,17.163379669189453,-0.891082763671875,19.875,0.9294893741607666,1,1,16.25,16.25,16.75,-1.625,18.3125,-0.04,0,0,0,0
driver_top20,clean,ablate,v5_granite_3p3_8b_299,238,21.0,0.9757567644119263,4.25,3.6950740814208984,1,1,0.25,0.006437718868255615,0.25,0.24212265014648438,21.85743522644043,-1.0075206756591797,20.75,0.9693190455436707,1,1,16.75,16.75,16.625,-3.5,18.6875,-0.06060606060606061,0,0,0,0
driver_top20,clean,ablate,v5_granite_3p3_8b_029,6,18.375,0.6798629760742188,1.75,0.753143310546875,1,1,0.375,0.07396668195724487,0.125,0.32304954528808594,15.782772064208984,-0.9275341033935547,18.0,0.6058962941169739,1,1,16.375,16.625,15.5,-2.875,16.75,-0.15,0,0,0,0
driver_top20,clean,ablate,v5_granite_3p3_8b_037,14,18.125,0.6416535377502441,1.5,0.5825481414794922,1,1,0.25,0.05762749910354614,0.125,0.2432270050048828,16.470319747924805,-0.8935699462890625,17.875,0.584026038646698,1,1,16.5,16.625,15.125,-3.25,16.5,-0.09090909090909091,0,0,0,0
driver_top20,clean,ablate,v5_granite_3p3_8b_159,106,21.0,0.9864876866340637,4.5,4.290557861328125,1,1,0.0,-0.0001361370086669922,0.0,-0.010255813598632812,20.670612335205078,-1.4177799224853516,21.0,0.9866238236427307,1,1,16.5,16.5,16.25,-1.75,18.625,-0.0,0,0,0,0
driver_top20,clean,ablate,v5_granite_3p3_8b_169,116,20.0,0.9570452570915222,3.375,3.103700637817383,1,1,0.25,0.011833369731903076,0.25,0.2557659149169922,19.63282012939453,-1.3980846405029297,19.75,0.9452118873596191,1,1,16.625,16.625,15.3125,-2.6875,17.53125,-0.056338028169014086,0,0,0,0
driver_top20,clean,ablate,v5_granite_3p3_8b_179,126,20.25,0.9645378589630127,3.5,3.303182601928711,1,1,0.0,-0.0005243420600891113,0.0,-0.015438079833984375,19.225059509277344,-1.4631919860839844,20.25,0.9650622010231018,1,1,16.75,16.75,14.8125,-5.3125,17.53125,-0.0,0,0,0,0
driver_top20,clean,ablate,v5_granite_3p3_8b_260,199,20.875,0.97627192735672,4.25,3.7170848846435547,1,1,0.125,-0.0019916296005249023,-0.25,-0.08970260620117188,23.35597801208496,-0.7618904113769531,20.75,0.9782635569572449,1,1,16.25,16.625,16.0,-1.875,18.375,-0.02631578947368421,0,0,0,0
driver_top20,clean,ablate,v5_granite_3p3_8b_298,237,20.625,0.9659174680709839,4.0,3.344297409057617,1,1,0.125,-9.566545486450195e-05,-0.125,-0.002910614013671875,19.978267669677734,-0.8087005615234375,20.5,0.9660131335258484,1,1,16.375,16.625,15.25,-4.375,17.875,-0.023809523809523808,0,0,0,0
driver_top20,clean,ablate,v5_granite_3p3_8b_049,26,19.625,0.820510745048523,1.875,1.5198078155517578,1,1,0.25,0.007476449012756348,0.0,0.04996490478515625,16.843324661254883,-0.764617919921875,19.375,0.8130342960357666,1,1,17.5,17.75,15.8125,-2.9375,17.59375,-0.07017543859649122,0,0,0,0
driver_top20,clean,ablate,v5_granite_3p3_8b_050,27,19.625,0.8411089181900024,2.125,1.6665000915527344,1,1,0.375,0.015342950820922852,0.0,0.11058807373046875,16.528484344482422,-1.2331962585449219,19.25,0.8257659673690796,1,1,17.125,17.5,16.25,-2.375,17.75,-0.125,0,0,0,0
driver_top20,clean,ablate,v5_granite_3p3_8b_072,49,19.25,0.9040964245796204,3.125,2.243593215942383,1,1,0.25,0.025927305221557617,0.375,0.2683887481689453,16.827259063720703,-0.9886913299560547,19.0,0.8781691193580627,1,1,16.25,16.125,16.125,-2.125,17.5625,-0.08695652173913043,0,0,0,0
driver_top20,clean,ablate,v5_granite_3p3_8b_151,98,20.875,0.988034188747406,4.75,4.413671493530273,1,1,0.0,-0.0009368062019348145,-0.125,-0.08244514465332031,22.372817993164062,-1.554483413696289,20.875,0.9889709949493408,1,1,16.0,16.125,15.75,-2.875,18.3125,-0.0,0,0,0,0
driver_top20,clean,ablate,v5_granite_3p3_8b_183,130,20.75,0.9797791242599487,4.125,3.8806076049804688,1,1,0.0,-0.00020647048950195312,0.0,-0.010488510131835938,18.61166763305664,-1.4346694946289062,20.75,0.9799855947494507,1,1,16.625,16.625,15.1875,-4.9375,17.96875,-0.0,0,0,0,0
driver_top20,clean,ablate,v5_granite_3p3_8b_189,136,20.25,0.9721360802650452,3.875,3.552165985107422,1,1,0.125,0.0010797381401062012,0.0,0.039127349853515625,20.88998794555664,-1.5672149658203125,20.125,0.971056342124939,1,1,16.25,16.375,15.375,-4.125,17.75,-0.02631578947368421,0,0,0,0
driver_top20,clean,ablate,v5_granite_3p3_8b_197,144,20.75,0.9823687672615051,4.25,4.020299911499023,1,1,0.125,0.001902937889099121,0.125,0.10443878173828125,20.14495849609375,-1.306192398071289,20.625,0.980465829372406,1,1,16.5,16.5,15.5625,-4.5625,18.09375,-0.024691358024691357,0,0,0,0
driver_top20,clean,ablate,v5_granite_3p3_8b_210,149,19.625,0.9377919435501099,3.5,2.7130470275878906,1,1,0.0,-0.00821906328201294,-0.375,-0.15042495727539062,17.18306541442871,-1.1468162536621094,19.625,0.9460110068321228,1,1,15.75,16.125,15.5,-3.25,17.5625,-0.0,0,0,0,0
driver_top20,clean,ablate,v5_granite_3p3_8b_247,186,19.625,0.916120171546936,2.875,2.390758514404297,1,1,0.0,-0.009823322296142578,-0.25,-0.13522720336914062,18.25873374938965,-0.9172286987304688,19.625,0.9259434938430786,1,1,16.5,16.75,15.1875,-3.4375,17.40625,-0.0,0,0,0,0
driver_top20,clean,ablate,v5_granite_3p3_8b_248,187,19.375,0.8688277006149292,2.5,1.890634536743164,1,1,0.125,0.011716365814208984,-0.125,0.09912872314453125,18.0537109375,-0.8490810394287109,19.25,0.8571113348007202,1,1,16.625,16.875,15.6875,-2.5625,17.46875,-0.03508771929824561,0,0,0,0
driver_top20,clean,ablate,v5_granite_3p3_8b_279,218,18.625,0.8162496089935303,2.0,1.4911422729492188,1,1,0.0,-0.03312551975250244,-0.5,-0.23856735229492188,14.98520565032959,-1.159642219543457,18.625,0.8493751287460327,1,1,16.125,16.625,14.375,-5.875,16.5,-0.0,0,0,0,0
driver_top20,clean,ablate,v5_granite_3p3_8b_080,57,19.75,0.8987829089164734,2.875,2.1837730407714844,1,1,0.375,0.02717745304107666,0.125,0.26854515075683594,17.92554473876953,-0.8674812316894531,19.375,0.8716054558753967,1,1,16.625,16.875,16.5,-1.75,17.9375,-0.13043478260869565,0,0,0,0
driver_top20,clean,ablate,v5_granite_3p3_8b_145,92,20.5,0.9785404205322266,4.125,3.8198909759521484,1,1,0.125,0.0007431507110595703,0.0,0.03480339050292969,20.846033096313477,-1.5839557647705078,20.375,0.977797269821167,1,1,16.25,16.375,15.125,-3.625,17.75,-0.023809523809523808,0,0,0,0
driver_top20,clean,ablate,v5_granite_3p3_8b_177,124,19.75,0.9490621089935303,3.125,2.9248695373535156,1,1,0.25,0.00734400749206543,0.125,0.1424560546875,19.43062973022461,-1.195241928100586,19.5,0.9417181015014648,1,1,16.5,16.625,14.25,-5.875,16.875,-0.047619047619047616,0,0,0,0
driver_top20,clean,ablate,v5_granite_3p3_8b_190,137,20.375,0.9772945642471313,4.125,3.7621841430664062,1,1,0.125,0.0028002262115478516,0.125,0.11916923522949219,19.413846969604492,-1.5755615234375,20.25,0.9744943380355835,1,1,16.25,16.25,14.8125,-4.5625,17.53125,-0.022988505747126436,0,0,0,0
driver_top20,clean,ablate,v5_granite_3p3_8b_243,182,19.75,0.9289052486419678,3.375,2.5699920654296875,1,1,0.0,-0.0031838417053222656,-0.125,-0.04923820495605469,17.61530113220215,-0.8228912353515625,19.75,0.93208909034729,1,1,16.25,16.375,15.6875,-2.3125,17.71875,-0.0,0,0,0,0
driver_top20,clean,ablate,v5_granite_3p3_8b_216,155,20.375,0.9673023819923401,4.0,3.3872108459472656,1,1,0.125,0.0037518739700317383,0.0,0.11250877380371094,18.224021911621094,-0.9379711151123047,20.25,0.9635505080223083,1,1,16.25,16.375,14.9375,-3.1875,17.59375,-0.023529411764705882,0,0,0,0
driver_top20,clean,ablate,v5_granite_3p3_8b_232,171,19.625,0.9347735047340393,3.25,2.6624393463134766,1,1,-0.25,-0.02227962017059326,-0.625,-0.4414539337158203,12.970754623413086,-1.0718040466308594,19.875,0.9570531249046326,1,1,16.0,16.375,14.5625,-4.0625,17.21875,0.047058823529411764,0,0,0,0
driver_top20,clean,ablate,v5_granite_3p3_8b_257,196,20.0,0.9459109902381897,3.5,2.8615169525146484,1,1,0.125,-0.0030379295349121094,-0.25,-0.06101417541503906,18.28908348083496,-1.2062129974365234,19.875,0.9489489197731018,1,1,16.125,16.5,14.375,-3.625,17.125,-0.022727272727272728,0,0,0,0
driver_top20,clean,ablate,v5_granite_3p3_8b_282,221,20.125,0.9205846786499023,2.875,2.4503135681152344,1,1,0.25,0.0033925771713256836,0.0,0.045520782470703125,17.445959091186523,-0.8731479644775391,19.875,0.9171921014785767,1,1,17.0,17.25,15.0625,-4.9375,17.46875,-0.05194805194805195,0,0,0,0
driver_top20,clean,ablate,v5_granite_3p3_8b_035,12,18.125,0.6022970676422119,1.125,0.41504478454589844,1,1,0.25,0.03538399934768677,-0.125,0.1457805633544922,14.821290969848633,-1.0384016036987305,17.875,0.5669130682945251,1,1,16.625,17.0,14.9375,-3.5625,16.40625,-0.0851063829787234,0,0,0,0
driver_top20,clean,ablate,v5_granite_3p3_8b_060,37,18.375,0.6873698830604553,1.625,0.7878513336181641,1,1,0.25,0.06203317642211914,0.125,0.2755889892578125,15.771459579467773,-0.9583244323730469,18.125,0.6253367066383362,1,1,16.625,16.75,15.375,-3.5,16.75,-0.09090909090909091,0,0,0,0
driver_top20,clean,ablate,v5_granite_3p3_8b_138,85,20.75,0.9821099638938904,4.25,4.005470275878906,1,1,-0.125,-0.0021315813064575195,-0.125,-0.1290264129638672,20.98375129699707,-1.5205249786376953,20.875,0.9842415452003479,1,1,16.5,16.5,14.875,-3.875,17.875,0.020833333333333332,0,0,0,0
driver_top20,clean,ablate,v5_granite_3p3_8b_227,166,20.125,0.9413576126098633,3.375,2.7758636474609375,1,1,0.125,-0.0036826133728027344,-0.25,-0.06876564025878906,20.049814224243164,-0.8376483917236328,20.0,0.945040225982666,1,1,16.375,16.75,15.75,-2.625,17.875,-0.029411764705882353,0,0,0,0
driver_top20,clean,ablate,v5_granite_3p3_8b_246,185,19.375,0.7856103181838989,1.625,1.2986640930175781,1,1,0.125,-0.01801741123199463,-0.25,-0.1104583740234375,17.46904945373535,-0.8808727264404297,19.25,0.8036277294158936,1,1,17.375,17.75,15.375,-3.0,17.3125,-0.03225806451612903,0,0,0,0
driver_top20,clean,ablate,v5_granite_3p3_8b_023,0,19.125,0.8374159336090088,2.625,1.6391258239746094,1,1,0.25,0.041024744510650635,0.375,0.2752361297607422,17.985414505004883,-0.8968944549560547,18.875,0.7963911890983582,1,1,16.625,16.5,15.625,-3.375,17.25,-0.07692307692307693,0,0,0,0
driver_top20,clean,ablate,v5_granite_3p3_8b_095,72,18.625,0.6254331469535828,0.75,0.5126724243164062,1,1,0.125,-0.03468680381774902,-0.25,-0.1511516571044922,14.94235610961914,-1.2482872009277344,18.5,0.6601199507713318,1,1,17.5,17.875,15.1875,-2.6875,16.84375,-0.03773584905660377,0,0,0,0
driver_top20,clean,ablate,v5_granite_3p3_8b_200,147,21.0,0.9861337542533875,4.5,4.264337539672852,1,1,0.0,0.00015485286712646484,0.0,0.01126861572265625,21.93673324584961,-1.5299224853515625,21.0,0.985978901386261,1,1,16.5,16.5,16.125,-3.625,18.5625,-0.0,0,0,0,0
driver_top20,clean,ablate,v5_granite_3p3_8b_215,154,18.625,0.7588033080101013,1.875,1.1461315155029297,1,1,0.0,-0.026798486709594727,-0.375,-0.15248680114746094,13.670644760131836,-1.1694259643554688,18.625,0.785601794719696,1,1,16.375,16.75,15.1875,-3.3125,16.90625,-0.0,0,0,0,0
driver_top20,clean,ablate,v5_granite_3p3_8b_221,160,20.0,0.9398882389068604,3.25,2.749551773071289,1,1,-0.125,-0.016515672206878662,-0.5,-0.33865928649902344,15.611658096313477,-1.0848522186279297,20.125,0.956403911113739,1,1,16.375,16.75,14.8125,-4.0625,17.46875,0.023529411764705882,0,0,0,0
driver_top20,clean,ablate,v5_granite_3p3_8b_224,163,19.625,0.8538079261779785,2.625,1.7647857666015625,1,1,0.25,0.046242594718933105,0.5,0.3305187225341797,17.607086181640625,-0.5807819366455078,19.375,0.8075653314590454,1,1,17.25,17.0,14.5,-4.0,16.9375,-0.05128205128205128,0,0,0,0
driver_top20,clean,ablate,v5_granite_3p3_8b_255,194,20.375,0.9590657949447632,4.0,3.1539974212646484,1,1,0.25,0.011291086673736572,0.375,0.2554435729980469,20.216327667236328,-0.6941261291503906,20.125,0.9477747082710266,1,1,16.5,16.375,15.9375,-2.1875,18.03125,-0.05970149253731343,0,0,0,0
driver_top20,clean,ablate,v5_granite_3p3_8b_258,197,20.375,0.9645419716835022,4.25,3.303304672241211,1,1,0.375,0.021512508392333984,0.625,0.49674415588378906,16.100505828857422,-1.2158794403076172,20.0,0.9430294632911682,1,1,16.375,16.125,14.6875,-3.8125,17.34375,-0.07058823529411765,0,0,0,0
driver_top20,clean,ablate,v5_granite_3p3_8b_042,19,19.125,0.7442686557769775,1.625,1.0682716369628906,1,1,0.25,0.02339845895767212,0.0,0.1194915771484375,18.50970458984375,-0.6748561859130859,18.875,0.7208701968193054,1,1,17.25,17.5,14.75,-3.875,16.8125,-0.06060606060606061,0,0,0,0
driver_top20,clean,ablate,v5_granite_3p3_8b_154,101,21.125,0.9895720481872559,5.0,4.552783966064453,1,1,0.125,0.0016809701919555664,0.125,0.15116310119628906,21.16712188720703,-1.4270973205566406,21.0,0.9878910779953003,1,1,16.125,16.125,15.875,-2.625,18.4375,-0.024390243902439025,0,0,0,0
driver_top20,clean,ablate,v5_granite_3p3_8b_172,119,20.5,0.9736387729644775,3.875,3.6091442108154297,1,1,0.0,-0.0024963021278381348,-0.125,-0.10204696655273438,20.366680145263672,-1.586496353149414,20.5,0.9761350750923157,1,1,16.5,16.625,15.0625,-4.5625,17.78125,-0.0,0,0,0,0
driver_top20,clean,ablate,v5_granite_3p3_8b_175,122,20.75,0.9820606708526611,4.25,4.002660751342773,1,1,0.0,9.506940841674805e-05,0.0,0.0053863525390625,20.16754150390625,-1.328439712524414,20.75,0.9819656014442444,1,1,16.5,16.5,15.125,-4.875,17.9375,-0.0,0,0,0,0
driver_top20,clean,ablate,v5_granite_3p3_8b_188,135,21.0,0.9884937405586243,4.75,4.453283309936523,1,1,0.25,0.003153681755065918,0.25,0.24541854858398438,22.548463821411133,-1.4860172271728516,20.75,0.9853400588035583,1,1,16.25,16.25,15.125,-4.5,17.9375,-0.044444444444444446,0,0,0,0
driver_top20,clean,ablate,v5_granite_3p3_8b_238,177,20.375,0.915562629699707,2.625,2.383525848388672,1,1,-0.125,-0.026454389095306396,-0.5,-0.4043445587158203,16.876253128051758,-1.5243244171142578,20.5,0.9420170187950134,1,1,17.375,17.75,14.75,-4.0,17.625,0.021739130434782608,0,0,0,0
driver_top20,clean,ablate,v5_granite_3p3_8b_276,215,18.625,0.784394383430481,2.125,1.291463851928711,1,1,0.25,0.036001622676849365,-0.125,0.2014026641845703,14.10007095336914,-1.0114727020263672,18.375,0.7483927607536316,1,1,16.125,16.5,15.0625,-5.5625,16.71875,-0.07547169811320754,0,0,0,0
driver_top20,clean,ablate,v5_granite_3p3_8b_061,38,18.125,0.7117162346839905,1.875,0.9037342071533203,1,1,0.125,0.03053140640258789,0.0,0.1445140838623047,14.07041072845459,-1.0707921981811523,18.0,0.6811848282814026,1,1,16.125,16.25,16.0,-2.25,17.0,-0.0625,0,0,0,0
driver_top20,clean,ablate,v5_granite_3p3_8b_075,52,18.0,0.6716457009315491,1.5,0.7156391143798828,1,1,0.375,0.0803176760673523,0.125,0.34618186950683594,14.467168807983398,-1.0130300521850586,17.625,0.5913280248641968,1,1,16.25,16.5,15.4375,-2.6875,16.53125,-0.17142857142857143,0,0,0,0
driver_top20,clean,ablate,v5_granite_3p3_8b_158,105,20.625,0.9814795851707458,4.25,3.9701900482177734,1,1,0.0,-0.00011855363845825195,0.0,-0.0065402984619140625,19.932109832763672,-1.4541053771972656,20.625,0.9815981388092041,1,1,16.375,16.375,15.9375,-1.6875,18.28125,-0.0,0,0,0,0
driver_top20,clean,ablate,v5_granite_3p3_8b_198,145,20.5,0.9749822616577148,3.875,3.662832260131836,1,1,0.125,0.0026180148124694824,0.125,0.10220909118652344,19.241422653198242,-1.515768051147461,20.375,0.9723642468452454,1,1,16.625,16.625,14.125,-5.625,17.25,-0.02,0,0,0,0
driver_top20,clean,ablate,v5_granite_3p3_8b_242,181,19.625,0.8871752023696899,2.5,2.0622081756591797,1,1,0.0,-0.011816263198852539,-0.25,-0.12386131286621094,15.265982627868652,-1.3832921981811523,19.625,0.8989914655685425,1,1,16.875,17.125,15.3125,-3.0625,17.46875,-0.0,0,0,0,0
driver_top20,clean,ablate,v5_granite_3p3_8b_261,200,20.875,0.9803375005722046,4.75,3.9091854095458984,1,1,0.125,0.0006921887397766113,0.125,0.03530311584472656,22.73838233947754,-0.8380603790283203,20.75,0.979645311832428,1,1,16.125,16.125,16.75,-1.0,18.75,-0.03125,0,0,0,0
driver_top20,clean,ablate,v5_granite_3p3_8b_278,217,19.125,0.8789731860160828,2.5,1.9827442169189453,1,1,0.0,-0.018587768077850342,-0.375,-0.1876659393310547,15.697640419006348,-1.3936452865600586,19.125,0.8975609540939331,1,1,16.25,16.625,15.375,-4.25,17.25,-0.0,0,0,0,0
driver_top20,clean,ablate,v5_granite_3p3_8b_024,1,18.875,0.8775679469108582,2.75,1.9695987701416016,1,1,0.25,0.023626208305358887,0.0,0.20374107360839844,17.76400375366211,-0.9865531921386719,18.625,0.8539417386054993,1,1,15.875,16.125,15.625,-2.625,17.125,-0.08333333333333333,0,0,0,0
driver_top20,clean,ablate,v5_granite_3p3_8b_067,44,18.625,0.8489881157875061,2.5,1.7266864776611328,1,1,0.125,0.0075337886810302734,-0.125,0.05759620666503906,15.829314231872559,-1.1323652267456055,18.5,0.8414543271064758,1,1,15.875,16.125,15.875,-1.5,17.1875,-0.047619047619047616,0,0,0,0
driver_top20,clean,ablate,v5_granite_3p3_8b_087,64,19.625,0.9344156384468079,3.375,2.6565818786621094,1,1,0.25,0.014189362525939941,0.25,0.21115684509277344,19.478458404541016,-0.6004505157470703,19.375,0.9202262759208679,1,1,16.25,16.25,16.125,-1.875,17.75,-0.07692307692307693,0,0,0,0
driver_top20,clean,ablate,v5_granite_3p3_8b_089,66,18.25,0.7671084403991699,2.0,1.192056655883789,1,1,0.25,0.03285932540893555,0.0,0.1757678985595703,14.84118366241455,-1.0538320541381836,18.0,0.7342491149902344,1,1,16.0,16.25,16.125,-1.5,17.0625,-0.13333333333333333,0,0,0,0
driver_top20,clean,ablate,v5_granite_3p3_8b_171,118,20.75,0.9842360019683838,4.375,4.1341400146484375,1,1,0.125,0.0002671480178833008,0.0,0.017078399658203125,20.430925369262695,-1.4434814453125,20.625,0.9839688539505005,1,1,16.25,16.375,15.375,-4.5,18.0,-0.023809523809523808,0,0,0,0
driver_top20,clean,ablate,v5_granite_3p3_8b_181,128,20.375,0.9725821018218994,3.75,3.568758010864258,1,1,0.0,-0.0029227137565612793,-0.125,-0.11572837829589844,20.13262176513672,-1.4805183410644531,20.375,0.9755048155784607,1,1,16.5,16.625,15.375,-4.25,17.875,-0.0,0,0,0,0
driver_top20,clean,ablate,v5_granite_3p3_8b_234,173,20.25,0.9700078964233398,4.125,3.4763736724853516,1,1,0.125,-0.00037533044815063477,-0.1875,-0.012983322143554688,19.301319122314453,-0.7401237487792969,20.125,0.9703832268714905,1,1,15.8125,16.125,16.0,-1.875,18.0625,-0.030303030303030304,0,0,0,0
driver_top20,clean,ablate,v5_granite_3p3_8b_245,184,19.25,0.8481740951538086,2.125,1.7203521728515625,1,1,0.125,-0.006919980049133301,-0.25,-0.054775238037109375,16.79244041442871,-0.7901058197021484,19.125,0.8550940752029419,1,1,16.75,17.125,15.1875,-2.5625,17.15625,-0.031746031746031744,0,0,0,0
driver_top20,clean,ablate,v5_granite_3p3_8b_036,13,18.125,0.707989513874054,1.5,0.8856372833251953,1,1,0.25,0.02222520112991333,-0.125,0.10524559020996094,16.2887020111084,-1.1515769958496094,17.875,0.6857643127441406,1,1,16.25,16.625,15.25,-3.25,16.5625,-0.09523809523809523,0,0,0,0
driver_top20,clean,ablate,v5_granite_3p3_8b_074,51,17.75,0.6135381460189819,1.375,0.4622058868408203,1,1,0.25,0.04194653034210205,0.0,0.173858642578125,13.559457778930664,-1.2365703582763672,17.5,0.5715916156768799,1,1,16.125,16.375,15.125,-2.625,16.3125,-0.10526315789473684,0,0,0,0
driver_top20,clean,ablate,v5_granite_3p3_8b_152,99,20.375,0.9831910729408264,4.375,4.06889533996582,1,1,0.25,0.003473639488220215,0.1875,0.1913928985595703,21.271833419799805,-1.365194320678711,20.125,0.9797174334526062,1,1,15.9375,16.0,15.1875,-3.4375,17.65625,-0.05063291139240506,0,0,0,0
driver_top20,clean,ablate,v5_granite_3p3_8b_267,206,20.125,0.9403056502342224,3.125,2.7569637298583984,1,1,0.125,-0.0025774240493774414,-0.125,-0.046875,19.897327423095703,-0.9865455627441406,20.0,0.9428830742835999,1,1,16.75,17.0,15.1875,-2.4375,17.59375,-0.025974025974025976,0,0,0,0
driver_top20,clean,ablate,v5_granite_3p3_8b_250,189,19.25,0.8760257363319397,2.375,1.955322265625,1,1,0.0,-0.031214594841003418,-0.5,-0.3250751495361328,18.585508346557617,-1.1155776977539062,19.25,0.9072403311729431,1,1,16.375,16.875,15.25,-2.5,17.25,-0.0,0,0,0,0
driver_top20,clean,ablate,v5_granite_3p3_8b_251,190,20.25,0.9594232439994812,3.625,3.1631393432617188,1,1,0.0,-0.008298397064208984,-0.375,-0.23740768432617188,21.039033889770508,-1.1012840270996094,20.25,0.9677216410636902,1,1,16.25,16.625,15.1875,-2.0625,17.71875,-0.0,0,0,0,0
driver_top20,clean,ablate,v5_granite_3p3_8b_274,213,19.125,0.8991373777389526,2.75,2.1876773834228516,1,1,0.0,-0.01570051908493042,-0.375,-0.1865100860595703,16.878358840942383,-1.2414093017578125,19.125,0.9148378968238831,1,1,16.0,16.375,14.8125,-5.3125,16.96875,-0.0,0,0,0,0
driver_top20,clean,ablate,v5_granite_3p3_8b_025,2,18.75,0.8016459345817566,2.0,1.3966121673583984,1,1,0.125,-0.00993424654006958,-0.25,-0.06370162963867188,18.35369873046875,-1.1460380554199219,18.625,0.8115801811218262,1,1,16.375,16.75,15.1875,-3.1875,16.90625,-0.03636363636363636,0,0,0,0
driver_top20,clean,ablate,v5_granite_3p3_8b_099,76,19.625,0.8592150807380676,2.125,1.8087844848632812,1,1,0.25,-0.0013703107833862305,-0.125,-0.01137542724609375,19.689966201782227,-0.9845466613769531,19.375,0.8605853915214539,1,1,17.125,17.5,16.375,-1.0,17.875,-0.08333333333333333,0,0,0,0
driver_top20,clean,ablate,v5_granite_3p3_8b_164,111,20.625,0.9841639399528503,4.5,4.129499435424805,1,1,0.125,0.0005781054496765137,0.0,0.03643798828125,22.32126235961914,-1.5142154693603516,20.5,0.9835858345031738,1,1,16.0,16.125,16.375,-1.625,18.4375,-0.030303030303030304,0,0,0,0
driver_top20,clean,ablate,v5_granite_3p3_8b_285,224,20.625,0.9666835069656372,3.75,3.367816925048828,1,1,0.0,-0.005053579807281494,-0.25,-0.16971969604492188,22.056640625,-1.0425949096679688,20.625,0.9717370867729187,1,1,16.625,16.875,15.6875,-4.0625,18.15625,-0.0,0,0,0,0
driver_top20,clean,ablate,v5_granite_3p3_8b_059,36,18.25,0.6697948575019836,1.625,0.7072582244873047,1,1,0.0,-0.023711204528808594,-0.25,-0.10930442810058594,15.295551300048828,-1.177877426147461,18.25,0.6935060620307922,1,1,16.375,16.625,16.5,-1.875,17.375,-0.0,0,0,0,0
driver_top20,clean,ablate,v5_granite_3p3_8b_199,146,20.5,0.9830442070960999,4.625,4.06004524230957,1,1,0.0,-0.0008325576782226562,-0.125,-0.05119895935058594,21.099781036376953,-1.5603504180908203,20.5,0.9838767647743225,1,1,15.75,15.875,15.0625,-4.3125,17.78125,-0.0,0,0,0,0
driver_top20,clean,ablate,v5_granite_3p3_8b_294,233,20.75,0.9691903591156006,3.875,3.4486351013183594,1,1,0.0,-0.006514370441436768,-0.375,-0.2442455291748047,18.262758255004883,-1.1822223663330078,20.75,0.9757047295570374,1,1,16.5,16.875,15.6875,-4.0625,18.21875,-0.0,0,0,0,0
driver_top20,clean,ablate,v5_granite_3p3_8b_096,73,19.625,0.9147497415542603,2.625,2.3730602264404297,1,1,0.0,-0.012817025184631348,-0.25,-0.17683792114257812,16.43328857421875,-1.4426536560058594,19.625,0.9275667667388916,1,1,16.75,17.0,16.375,-1.375,18.0,-0.0,0,0,0,0
driver_top20,clean,ablate,v5_granite_3p3_8b_043,20,19.625,0.8561406135559082,2.125,1.7835960388183594,1,1,0.25,0.005976438522338867,0.0,0.04770851135253906,17.037010192871094,-1.1359882354736328,19.375,0.8501641750335693,1,1,17.25,17.5,16.125,-2.75,17.75,-0.07692307692307693,0,0,0,0
driver_top20,clean,ablate,v5_granite_3p3_8b_178,125,20.625,0.9763908386230469,4.0,3.7222213745117188,1,1,0.125,0.002943575382232666,0.125,0.12050819396972656,19.380882263183594,-1.436227798461914,20.5,0.9734472632408142,1,1,16.625,16.625,15.0,-5.375,17.75,-0.022727272727272728,0,0,0,0
driver_top20,clean,ablate,v5_granite_3p3_8b_070,47,18.25,0.7093269228935242,1.5,0.8921165466308594,1,1,0.0,-0.027203083038330078,-0.25,-0.1358928680419922,17.720598220825195,-1.4429378509521484,18.25,0.7365300059318542,1,1,16.5,16.75,16.25,-1.875,17.25,-0.0,0,0,0,0
driver_top20,clean,ablate,v5_granite_3p3_8b_214,153,19.625,0.831155002117157,1.875,1.593832015991211,1,1,0.125,-0.025457024574279785,-0.375,-0.19359779357910156,16.35331916809082,-1.3044395446777344,19.5,0.8566120266914368,1,1,17.25,17.75,14.1875,-4.3125,16.84375,-0.023529411764705882,0,0,0,0
driver_top20,clean,ablate,v5_granite_3p3_8b_228,167,20.375,0.9634947180747986,4.125,3.2731151580810547,1,1,0.25,0.007942020893096924,0.375,0.2051239013671875,17.549264907836914,-0.6350002288818359,20.125,0.9555526971817017,1,1,16.375,16.25,16.125,-2.375,18.125,-0.0625,0,0,0,0
driver_top20,clean,ablate,v5_granite_3p3_8b_062,39,19.125,0.8556491732597351,2.625,1.7796134948730469,1,1,-0.125,-0.023651480674743652,-0.125,-0.2062091827392578,17.236114501953125,-1.479257583618164,19.25,0.8793006539344788,1,1,16.5,16.5,15.5625,-2.3125,17.40625,0.03389830508474576,0,0,0,0
driver_top20,clean,ablate,v5_granite_3p3_8b_098,75,19.0,0.7771903276443481,1.875,1.249368667602539,1,1,0.125,-0.009491443634033203,-0.125,-0.05566978454589844,18.628618240356445,-0.7888946533203125,18.875,0.7866817712783813,1,1,16.875,17.125,16.375,-1.375,17.625,-0.05,0,0,0,0
driver_top20,clean,ablate,v5_granite_3p3_8b_291,230,20.875,0.9824668169021606,4.75,4.025964736938477,1,1,0.0,-0.002877533435821533,-0.375,-0.18219757080078125,18.78095245361328,-0.8171520233154297,20.875,0.9853443503379822,1,1,15.75,16.125,16.375,-3.125,18.625,-0.0,0,0,0,0
driver_top20,clean,ablate,v5_granite_3p3_8b_034,11,17.875,0.579842746257782,1.125,0.3221263885498047,1,1,0.125,-0.00375288724899292,0.0,-0.015422821044921875,14.932191848754883,-0.9101438522338867,17.75,0.5835956335067749,1,1,16.625,16.75,15.25,-3.125,16.5,-0.05,0,0,0,0
driver_top20,clean,ablate,v5_granite_3p3_8b_142,89,19.875,0.959783673286438,3.5,3.172433853149414,1,1,0.0,-0.004558384418487549,-0.125,-0.1250438690185547,19.860593795776367,-1.3318862915039062,19.875,0.9643420577049255,1,1,16.25,16.375,14.3125,-4.0625,17.09375,-0.0,0,0,0,0
driver_top20,clean,ablate,v5_granite_3p3_8b_137,84,19.75,0.9580608010292053,3.5,3.1286888122558594,1,1,0.125,-0.002806425094604492,-0.125,-0.07218551635742188,19.353321075439453,-1.4695606231689453,19.625,0.9608672261238098,1,1,16.0,16.25,14.6875,-3.9375,17.15625,-0.02531645569620253,0,0,0,0
driver_top20,clean,ablate,v5_granite_3p3_8b_156,103,20.375,0.9814311265945435,4.4375,3.9675216674804688,1,1,0.25,0.003479599952697754,0.1875,0.1753082275390625,20.96673583984375,-1.168466567993164,20.125,0.9779515266418457,1,1,15.875,15.9375,15.6875,-2.3125,17.90625,-0.056338028169014086,0,0,0,0
driver_top20,clean,ablate,v5_granite_3p3_8b_231,170,20.0,0.955473005771637,3.75,3.0661144256591797,1,1,0.25,0.009689569473266602,0.0,0.20708656311035156,14.34774398803711,-0.9470424652099609,19.75,0.9457834362983704,1,1,16.0,16.25,14.4375,-4.0625,17.09375,-0.047058823529411764,0,0,0,0
driver_top20,clean,ablate,v5_granite_3p3_8b_268,207,20.375,0.962921679019928,3.75,3.2569427490234375,1,1,0.0,-0.004455685615539551,-0.375,-0.13264083862304688,15.577828407287598,-0.3569145202636719,20.375,0.9673773646354675,1,1,16.25,16.625,14.375,-3.625,17.375,-0.0,0,0,0,0
driver_top20,clean,ablate,v5_granite_3p3_8b_182,129,20.0,0.9675059914588928,3.875,3.393667221069336,1,1,-0.375,-0.011073470115661621,-0.375,-0.4280834197998047,20.01639175415039,-0.9008693695068359,20.375,0.9785794615745544,1,1,16.125,16.125,15.5625,-4.3125,17.96875,0.07792207792207792,0,0,0,0
driver_top20,clean,ablate,v5_granite_3p3_8b_195,142,19.25,0.9338575601577759,3.6875,2.6475143432617188,1,1,0.125,0.00883936882019043,0.375,0.13494491577148438,18.737829208374023,-1.4987640380859375,19.125,0.9250181913375854,1,1,15.8125,15.5625,15.125,-4.875,17.125,-0.03125,0,0,0,0
driver_top20,clean,ablate,v5_granite_3p3_8b_092,69,17.875,0.5953962206840515,1.125,0.3863182067871094,1,1,-0.125,-0.056595563888549805,-0.375,-0.2414875030517578,15.37181282043457,-1.836893081665039,18.0,0.6519917845726013,1,1,16.5,16.75,15.9375,-1.9375,16.96875,0.06060606060606061,0,0,0,0
driver_top20,clean,ablate,v5_granite_3p3_8b_131,78,20.25,0.981657862663269,4.3125,3.980043411254883,1,1,-0.25,-0.005349576473236084,-0.375,-0.3502521514892578,21.280887603759766,-1.8135414123535156,20.5,0.9870074391365051,1,1,15.8125,15.9375,15.1875,-3.3125,17.84375,0.047058823529411764,0,0,0,0
driver_top20,clean,ablate,v5_granite_3p3_8b_079,56,19.0,0.8242349028587341,2.0,1.5453052520751953,1,1,-0.375,-0.0650671124458313,-0.625,-0.5383243560791016,19.894987106323242,-1.0880241394042969,19.375,0.8893020153045654,1,1,16.75,17.0,15.75,-2.375,17.5625,0.10344827586206896,0,0,0,0
driver_top20,clean,ablate,v5_granite_3p3_8b_082,59,18.875,0.8435649275779724,2.25,1.6849956512451172,1,1,-0.125,-0.027234256267547607,-0.25,-0.22304916381835938,18.430816650390625,-1.236337661743164,19.0,0.87079918384552,1,1,16.5,16.625,15.75,-1.5,17.375,0.038461538461538464,0,0,0,0
driver_top20,clean,ablate,v5_granite_3p3_8b_136,83,20.25,0.97348952293396,3.875,3.603351593017578,1,1,-0.125,-0.007249951362609863,-0.375,-0.3268909454345703,19.814611434936523,-1.8742618560791016,20.375,0.9807394742965698,1,1,16.125,16.375,16.0,-3.0,18.1875,0.02857142857142857,0,0,0,0
driver_top20,clean,ablate,v5_granite_3p3_8b_218,157,20.0,0.951641857624054,3.625,2.9795570373535156,1,1,0.125,-0.0008447766304016113,-0.125,-0.0185089111328125,17.343215942382812,-1.027902603149414,19.875,0.9524866342544556,1,1,16.125,16.375,15.8125,-1.9375,17.84375,-0.03076923076923077,0,0,0,0
driver_top20,clean,ablate,v5_granite_3p3_8b_163,110,20.125,0.9601648449897766,3.5,3.1823558807373047,1,1,-0.25,-0.008788824081420898,-0.25,-0.2583808898925781,19.121746063232422,-1.9461708068847656,20.375,0.9689536690711975,1,1,16.625,16.625,15.5,-2.375,17.9375,0.05128205128205128,0,0,0,0
driver_top20,clean,ablate,v5_granite_3p3_8b_237,176,19.75,0.9162079095840454,2.75,2.39190673828125,1,1,0.375,0.0067909955978393555,-0.125,0.08537101745605469,16.07644271850586,-0.6503982543945312,19.375,0.909416913986206,1,1,16.5,17.0,14.5,-4.0,16.9375,-0.07692307692307693,0,0,0,0
driver_top20,clean,ablate,v5_granite_3p3_8b_030,7,18.25,0.6840131282806396,1.375,0.7722740173339844,1,1,-0.125,-0.051288723945617676,-0.375,-0.24941635131835938,17.04697036743164,-1.2627544403076172,18.375,0.7353018522262573,1,1,16.625,16.875,15.5625,-3.0625,16.96875,0.044444444444444446,0,0,0,0
driver_top20,clean,ablate,v5_granite_3p3_8b_187,134,20.375,0.9776570200920105,4.125,3.778646469116211,1,1,-0.125,-0.004817962646484375,-0.25,-0.247802734375,21.0682373046875,-2.090719223022461,20.5,0.9824749827384949,1,1,16.125,16.25,15.5625,-4.4375,18.03125,0.02531645569620253,0,0,0,0
driver_top20,clean,ablate,v5_granite_3p3_8b_289,228,20.375,0.9506084322929382,3.25,2.9573192596435547,1,1,-0.125,-0.016006171703338623,-0.5,-0.4083576202392578,16.978857040405273,-1.7119407653808594,20.5,0.9666146039962769,1,1,16.75,17.125,15.75,-4.5,18.125,0.02631578947368421,0,0,0,0
driver_top20,clean,ablate,v5_granite_3p3_8b_147,94,20.625,0.9858237504959106,4.6875,4.241916656494141,1,1,-0.25,-0.00505906343460083,-0.5,-0.4465179443359375,20.80344009399414,-1.564361572265625,20.875,0.9908828139305115,1,1,15.6875,15.9375,16.0,-2.625,18.4375,0.05128205128205128,0,0,0,0
driver_top20,clean,ablate,v5_granite_3p3_8b_150,97,20.625,0.984401524066925,4.625,4.144872665405273,1,1,-0.25,-0.005298137664794922,-0.4375,-0.4203453063964844,21.659387588500977,-1.9656963348388672,20.875,0.98969966173172,1,1,15.8125,16.0,15.75,-2.75,18.3125,0.04878048780487805,0,0,0,0
driver_top20,clean,ablate,v5_granite_3p3_8b_176,123,21.0,0.9917709827423096,5.375,4.791801452636719,1,1,0.0,-0.0005609989166259766,-0.0625,-0.07119941711425781,23.23821449279785,-1.6719036102294922,21.0,0.9923319816589355,1,1,15.5625,15.625,16.125,-3.625,18.5625,-0.0,0,0,0,0
driver_top20,clean,ablate,v5_granite_3p3_8b_269,208,20.25,0.9193340539932251,2.75,2.433330535888672,1,1,0.125,-0.0018649697303771973,-0.125,-0.025417327880859375,17.534427642822266,-0.8782176971435547,20.125,0.9211990237236023,1,1,17.25,17.5,15.3125,-2.4375,17.71875,-0.025974025974025976,0,0,0,0
driver_top20,clean,ablate,v5_granite_3p3_8b_026,3,18.375,0.7937473654747009,2.125,1.347665786743164,1,1,0.375,0.0685846209526062,0.0625,0.37744903564453125,14.593743324279785,-0.9670562744140625,18.0,0.7251627445220947,1,1,15.9375,16.25,15.5,-2.75,16.75,-0.15,0,0,0,0
driver_top20,clean,ablate,v5_granite_3p3_8b_252,191,19.875,0.8464199900627136,2.0,1.7067909240722656,1,1,0.25,-0.0025789737701416016,-0.125,-0.019979476928710938,17.668203353881836,-1.1188068389892578,19.625,0.8489989638328552,1,1,17.5,17.875,15.375,-2.75,17.5,-0.058823529411764705,0,0,0,0
driver_top20,clean,ablate,v5_granite_3p3_8b_273,212,20.125,0.8911745548248291,2.25,2.102794647216797,1,1,0.0,-0.03486508131027222,-0.5,-0.42459678649902344,18.866731643676758,-1.2429656982421875,20.125,0.9260396361351013,1,1,17.375,17.875,15.5625,-4.5625,17.84375,-0.0,0,0,0,0
driver_top20,clean,ablate,v5_granite_3p3_8b_256,195,20.5,0.9536914229393005,3.25,3.025012969970703,1,1,0.125,-0.0067261457443237305,-0.25,-0.1639690399169922,18.11136245727539,-0.7819690704345703,20.375,0.9604175686836243,1,1,16.875,17.25,15.0625,-2.6875,17.71875,-0.023529411764705882,0,0,0,0
driver_top20,clean,ablate,v5_granite_3p3_8b_275,214,19.75,0.9107653498649597,2.625,2.3230152130126953,1,1,0.0,-0.018743395805358887,-0.375,-0.2561511993408203,17.372108459472656,-0.8366222381591797,19.75,0.9295087456703186,1,1,16.75,17.125,14.9375,-4.9375,17.34375,-0.0,0,0,0,0
driver_top20,clean,ablate,v5_granite_3p3_8b_033,10,17.875,0.6582096815109253,1.125,0.6553249359130859,1,1,0.375,0.041951537132263184,0.0,0.18163108825683594,14.401080131530762,-1.067617416381836,17.5,0.6162581443786621,1,1,16.375,16.75,14.9375,-3.5625,16.21875,-0.14634146341463414,0,0,0,0
driver_top20,clean,ablate,v5_granite_3p3_8b_045,22,19.0,0.7226493954658508,1.25,0.9576320648193359,1,1,0.375,0.016161441802978516,0.0,0.07925033569335938,17.986204147338867,-0.8701667785644531,18.625,0.7064879536628723,1,1,17.375,17.75,14.75,-3.625,16.6875,-0.0967741935483871,0,0,0,0
driver_top20,clean,ablate,v5_granite_3p3_8b_090,67,18.0,0.6211797595024109,1.125,0.4945564270019531,1,1,0.125,0.009586811065673828,0.0,0.040546417236328125,14.553369522094727,-1.5302162170410156,17.875,0.6115929484367371,1,1,16.75,16.875,15.625,-2.25,16.75,-0.05555555555555555,0,0,0,0
driver_top20,clean,ablate,v5_granite_3p3_8b_144,91,18.875,0.8510437607765198,2.0,1.7428092956542969,1,1,0.125,0.015598595142364502,0.125,0.11808967590332031,19.02002716064453,-1.3018207550048828,18.75,0.8354451656341553,1,1,16.875,16.875,14.0,-5.5,16.375,-0.02631578947368421,0,0,0,0
driver_top20,clean,ablate,v5_granite_3p3_8b_253,192,19.875,0.9238714575767517,2.75,2.4961490631103516,1,1,-0.125,-0.012849509716033936,-0.25,-0.19868087768554688,15.421952247619629,-1.236515998840332,20.0,0.9367209672927856,1,1,17.0,17.125,14.125,-3.875,17.0625,0.02127659574468085,0,0,0,0
driver_top20,clean,ablate,v5_granite_3p3_8b_162,109,19.25,0.9145203232765198,2.625,2.3701210021972656,1,1,0.0,-0.014502286911010742,-0.25,-0.2016468048095703,18.343608856201172,-2.160013198852539,19.25,0.9290226101875305,1,1,16.375,16.625,14.125,-3.75,16.6875,-0.0,0,0,0,0
driver_top20,clean,ablate,v5_granite_3p3_8b_272,211,19.0,0.6985613703727722,1.125,0.8404541015625,1,1,-0.125,-0.07363331317901611,-0.5,-0.38028907775878906,13.96391487121582,-1.6312446594238281,19.125,0.7721946835517883,1,1,17.5,17.875,13.5625,-6.9375,16.34375,0.02247191011235955,0,0,0,0
driver_top20,clean,ablate,v5_granite_3p3_8b_193,140,19.625,0.9253584742546082,2.875,2.5174827575683594,1,1,-0.125,-0.015480756759643555,-0.25,-0.24902915954589844,19.983537673950195,-2.13531494140625,19.75,0.9408392310142517,1,1,16.625,16.75,14.1875,-5.6875,16.96875,0.02247191011235955,0,0,0,0
driver_top20,clean,ablate,v5_granite_3p3_8b_088,65,18.875,0.7445207834243774,1.5,1.0695991516113281,1,1,0.0,-0.03481036424636841,-0.375,-0.19217300415039062,17.161035537719727,-1.0446052551269531,18.875,0.7793311476707458,1,1,17.0,17.375,16.25,-1.375,17.5625,-0.0,0,0,0,0
driver_top20,clean,ablate,v5_granite_3p3_8b_280,219,20.25,0.9081990718841553,2.75,2.291837692260742,1,1,0.125,-0.012491703033447266,-0.5,-0.1599292755126953,16.20650291442871,-0.6995372772216797,20.125,0.9206907749176025,1,1,16.875,17.5,14.9375,-5.4375,17.53125,-0.024096385542168676,0,0,0,0
driver_top20,clean,ablate,v5_granite_3p3_8b_051,28,19.375,0.672348141670227,1.0,0.7188186645507812,1,1,0.125,-0.02894747257232666,-0.25,-0.1346454620361328,16.75434684753418,-0.9159336090087891,19.25,0.7012956142425537,1,1,18.0,18.375,14.875,-3.25,17.0625,-0.02857142857142857,0,0,0,0
driver_top20,clean,ablate,v5_granite_3p3_8b_140,87,20.75,0.9766733050346375,4.0,3.7345542907714844,1,1,0.0,-0.0003336668014526367,0.0,-0.01474761962890625,20.568227767944336,-1.452219009399414,20.75,0.9770069718360901,1,1,16.75,16.75,14.5,-3.875,17.625,-0.0,0,0,0,0
driver_top20,clean,ablate,v5_granite_3p3_8b_196,143,20.0,0.9403589367866516,3.125,2.757915496826172,1,1,0.0,-0.00987863540649414,-0.25,-0.19153404235839844,19.500202178955078,-1.7288932800292969,20.0,0.9502375721931458,1,1,16.625,16.875,14.125,-5.625,17.0625,-0.0,0,0,0,0
driver_top20,clean,ablate,v5_granite_3p3_8b_027,4,17.75,0.45282605290412903,1.0,-0.18926048278808594,1,1,0.25,0.04047253727912903,0.25,0.16498756408691406,14.899202346801758,-1.2709007263183594,17.5,0.412353515625,1,1,16.75,16.75,13.875,-5.375,15.6875,-0.06896551724137931,0,0,0,0
driver_top20,clean,ablate,v5_granite_3p3_8b_134,81,19.625,0.8777325749397278,2.125,1.97113037109375,1,1,0.125,-0.0009210705757141113,0.0,-0.008611679077148438,18.641061782836914,-1.267923355102539,19.5,0.8786536455154419,1,1,17.375,17.5,13.625,-6.25,16.5625,-0.02127659574468085,0,0,0,0
driver_top20,clean,ablate,v5_granite_3p3_8b_073,50,18.375,0.5937413573265076,0.875,0.3794517517089844,1,1,0.25,0.011253893375396729,-0.125,0.046459197998046875,14.88237190246582,-1.2365074157714844,18.125,0.5824874639511108,1,1,17.125,17.5,14.625,-4.0,16.375,-0.07142857142857142,0,0,0,0
driver_top20,clean,ablate,v5_granite_3p3_8b_286,225,18.625,0.7076519727706909,1.25,0.8840045928955078,1,1,-0.125,-0.07063746452331543,-0.5,-0.3717193603515625,13.746464729309082,-1.7323369979858398,18.75,0.7782894372940063,1,1,17.0,17.375,14.25,-5.875,16.5,0.027777777777777776,0,0,0,0
driver_top20,clean,ablate,v5_granite_3p3_8b_170,117,19.375,0.8915734887123108,2.25,2.106914520263672,1,1,0.0,7.76052474975586e-05,0.0,0.0008029937744140625,19.310571670532227,-1.4668254852294922,19.375,0.8914958834648132,1,1,17.125,17.125,14.3125,-6.1875,16.84375,-0.0,0,0,0,0
driver_top20,clean,ablate,v5_granite_3p3_8b_262,201,19.5,0.7889038324356079,1.625,1.318328857421875,1,1,0.125,-0.011599719524383545,-0.125,-0.07111358642578125,13.636065483093262,-1.4077882766723633,19.375,0.8005035519599915,1,1,17.625,17.875,14.3125,-4.4375,16.84375,-0.024691358024691357,0,0,0,0
random_layer_matched,corrupt,ablate,v5_granite_3p3_8b_270,209,16.0,0.10376602411270142,-1.875,-2.1560840606689453,3,0,0.0,0.0,0.0,0.0,-40.48984146118164,0.0,16.0,0.10376602411270142,3,0,17.875,17.875,19.75,3.625,17.875,0.0,0,0,0,0
random_layer_matched,corrupt,ablate,v5_granite_3p3_8b_078,55,15.25,0.017919497564435005,-3.375,-4.003807067871094,4,0,0.0,0.0,0.0,0.0,-49.35691452026367,0.0,15.25,0.017919497564435005,4,0,18.625,18.625,19.25,2.5,17.25,0.0,0,0,0,0
random_layer_matched,corrupt,ablate,v5_granite_3p3_8b_229,168,14.5625,0.015031937509775162,-3.4375,-4.182460784912109,3,0,0.0,0.0,0.0,0.0,-48.453712463378906,0.0,14.5625,0.015031937509775162,3,0,18.0,18.0,19.5,2.875,17.03125,0.0,0,0,0,0
random_layer_matched,corrupt,ablate,v5_granite_3p3_8b_084,61,15.5,0.05147840455174446,-2.375,-2.913766860961914,3,0,0.0,0.0,0.0,0.0,-45.324554443359375,0.0,15.5,0.05147840455174446,3,0,17.875,17.875,18.625,1.25,17.0625,0.0,0,0,0,0
random_layer_matched,corrupt,ablate,v5_granite_3p3_8b_097,74,16.0,0.09656713902950287,-1.5,-2.2359771728515625,3,0,0.0,0.0,0.0,0.0,-40.15115737915039,0.0,16.0,0.09656713902950287,3,0,17.5,17.5,18.75,1.75,17.375,0.0,0,0,0,0
random_layer_matched,corrupt,ablate,v5_granite_3p3_8b_222,161,14.875,0.0181901715695858,-3.25,-3.9885425567626953,3,0,0.0,0.0,0.0,0.0,-47.004661560058594,0.0,14.875,0.0181901715695858,3,0,18.125,18.125,19.75,3.0,17.3125,0.0,0,0,0,0
random_layer_matched,corrupt,ablate,v5_granite_3p3_8b_297,236,14.5,0.0031599325593560934,-5.25,-5.754060745239258,7,0,0.0,0.0,0.0,0.0,-51.75630187988281,0.0,14.5,0.0031599325593560934,7,0,19.75,19.75,19.125,2.875,16.8125,0.0,0,0,0,0
random_layer_matched,corrupt,ablate,v5_granite_3p3_8b_226,165,14.4375,0.013191587291657925,-3.5625,-4.314924240112305,4,0,0.0,0.0,0.0,0.0,-47.369537353515625,0.0,14.4375,0.013191587291657925,4,0,18.0,18.0,20.125,3.25,17.28125,0.0,0,0,0,0
random_layer_matched,corrupt,ablate,v5_granite_3p3_8b_058,35,14.6875,0.00849226675927639,-4.0625,-4.760091781616211,4,0,0.0,0.0,0.0,0.0,-47.33297348022461,0.0,14.6875,0.00849226675927639,4,0,18.75,18.75,18.625,1.5,16.65625,0.0,0,0,0,0
random_layer_matched,corrupt,ablate,v5_granite_3p3_8b_093,70,15.3125,0.04830193519592285,-2.3125,-2.980792999267578,3,0,0.0,0.0,0.0,0.0,-39.97594451904297,0.0,15.3125,0.04830193519592285,3,0,17.625,17.625,18.625,1.125,16.96875,0.0,0,0,0,0
random_layer_matched,corrupt,ablate,v5_granite_3p3_8b_194,141,14.8125,0.004283210262656212,-5.0625,-5.44877815246582,6,0,0.0,0.0,0.0,0.0,-53.52859878540039,0.0,14.8125,0.004283210262656212,6,0,19.875,19.875,20.125,3.5,17.46875,0.0,0,0,0,0
random_layer_matched,corrupt,ablate,v5_granite_3p3_8b_287,226,14.5,0.0038205222226679325,-5.0,-5.563560485839844,5,0,0.0,0.0,0.0,0.0,-50.30757522583008,0.0,14.5,0.0038205222226679325,5,0,19.5,19.5,19.375,2.875,16.9375,0.0,0,0,0,0
random_layer_matched,corrupt,ablate,v5_granite_3p3_8b_292,231,14.4375,0.004057022742927074,-5.0625,-5.503257751464844,8,0,0.0,0.0,0.0,0.0,-50.93899154663086,0.0,14.4375,0.004057022742927074,8,0,19.5,19.5,19.75,3.25,17.09375,0.0,0,0,0,0
random_layer_matched,corrupt,ablate,v5_granite_3p3_8b_141,88,14.6875,0.0060074301436543465,-4.6875,-5.108755111694336,4,0,0.0,0.0,0.0,0.0,-47.42568588256836,0.0,14.6875,0.0060074301436543465,4,0,19.375,19.375,20.125,3.375,17.40625,0.0,0,0,0,0
random_layer_matched,corrupt,ablate,v5_granite_3p3_8b_230,169,14.125,0.005276745650917292,-4.625,-5.239175796508789,5,0,0.0,0.0,0.0,0.0,-50.69075012207031,0.0,14.125,0.005276745650917292,5,0,18.75,18.75,18.875,1.625,16.5,0.0,0,0,0,0
random_layer_matched,corrupt,ablate,v5_granite_3p3_8b_254,193,15.0,0.03290008008480072,-2.75,-3.3808460235595703,3,0,0.0,0.0,0.0,0.0,-39.90422821044922,0.0,15.0,0.03290008008480072,3,0,17.75,17.75,20.125,3.5,17.5625,0.0,0,0,0,0
random_layer_matched,corrupt,ablate,v5_granite_3p3_8b_085,62,14.8125,0.01906624063849449,-3.3125,-3.9406089782714844,3,0,0.0,0.0,0.0,0.0,-45.5897102355957,0.0,14.8125,0.01906624063849449,3,0,18.125,18.125,18.625,1.125,16.71875,0.0,0,0,0,0
random_layer_matched,corrupt,ablate,v5_granite_3p3_8b_146,93,14.5,0.006518024951219559,-4.375,-5.026664733886719,5,0,0.0,0.0,0.0,0.0,-48.56370162963867,0.0,14.5,0.006518024951219559,5,0,18.875,18.875,20.125,3.375,17.3125,0.0,0,0,0,0
random_layer_matched,corrupt,ablate,v5_granite_3p3_8b_220,159,14.3125,0.0081412298604846,-4.1875,-4.802661895751953,4,0,0.0,0.0,0.0,0.0,-48.857810974121094,0.0,14.3125,0.0081412298604846,4,0,18.5,18.5,20.25,3.125,17.28125,0.0,0,0,0,0
random_layer_matched,corrupt,ablate,v5_granite_3p3_8b_266,205,14.5625,0.015992695465683937,-3.4375,-4.119524002075195,4,0,0.0,0.0,0.0,0.0,-43.42778778076172,0.0,14.5625,0.015992695465683937,4,0,18.0,18.0,18.875,2.375,16.71875,0.0,0,0,0,0
random_layer_matched,corrupt,ablate,v5_granite_3p3_8b_284,223,15.375,0.010044963099062443,-4.375,-4.590606689453125,3,0,0.0,0.0,0.0,0.0,-50.4762077331543,0.0,15.375,0.010044963099062443,3,0,19.75,19.75,20.125,3.625,17.75,0.0,0,0,0,0
random_layer_matched,corrupt,ablate,v5_granite_3p3_8b_083,60,15.5,0.03149523213505745,-2.75,-3.4259395599365234,3,0,0.0,0.0,0.0,0.0,-47.193450927734375,0.0,15.5,0.03149523213505745,3,0,18.25,18.25,19.0,2.0,17.25,0.0,0,0,0,0
random_layer_matched,corrupt,ablate,v5_granite_3p3_8b_155,102,16.125,0.05423221364617348,-2.375,-2.8587493896484375,3,0,0.0,0.0,0.0,0.0,-43.252010345458984,0.0,16.125,0.05423221364617348,3,0,18.5,18.5,20.125,3.5,18.125,0.0,0,0,0,0
random_layer_matched,corrupt,ablate,v5_granite_3p3_8b_225,164,15.125,0.020107900723814964,-3.25,-3.8863525390625,3,0,0.0,0.0,0.0,0.0,-49.19157409667969,0.0,15.125,0.020107900723814964,3,0,18.375,18.375,19.5,3.125,17.3125,0.0,0,0,0,0
random_layer_matched,corrupt,ablate,v5_granite_3p3_8b_233,172,14.5,0.008745159953832626,-4.0,-4.730497360229492,3,0,0.0,0.0,0.0,0.0,-49.71912384033203,0.0,14.5,0.008745159953832626,3,0,18.5,18.5,19.875,2.875,17.1875,0.0,0,0,0,0
random_layer_matched,corrupt,ablate,v5_granite_3p3_8b_259,198,14.5625,0.01267563458532095,-3.9375,-4.355340957641602,3,0,0.0,0.0,0.0,0.0,-45.645179748535156,0.0,14.5625,0.01267563458532095,3,0,18.5,18.5,19.125,2.75,16.84375,0.0,0,0,0,0
random_layer_matched,corrupt,ablate,v5_granite_3p3_8b_165,112,14.875,0.023209061473608017,-3.25,-3.7397537231445312,3,0,0.0,0.0,0.0,0.0,-43.125579833984375,0.0,14.875,0.023209061473608017,3,0,18.125,18.125,19.875,3.25,17.375,0.0,0,0,0,0
random_layer_matched,corrupt,ablate,v5_granite_3p3_8b_277,216,14.875,0.001942453091032803,-5.75,-6.241870880126953,5,0,0.0,0.0,0.0,0.0,-51.90499496459961,0.0,14.875,0.001942453091032803,5,0,20.625,20.625,18.75,1.75,16.8125,0.0,0,0,0,0
random_layer_matched,corrupt,ablate,v5_granite_3p3_8b_057,34,15.1875,0.011451004073023796,-3.9375,-4.458185195922852,3,0,0.0,0.0,0.0,0.0,-49.56342697143555,0.0,15.1875,0.011451004073023796,3,0,19.125,19.125,18.625,1.5,16.90625,0.0,0,0,0,0
random_layer_matched,corrupt,ablate,v5_granite_3p3_8b_239,178,15.3125,0.0227472186088562,-3.1875,-3.760326385498047,3,0,0.0,0.0,0.0,0.0,-49.15939712524414,0.0,15.3125,0.0227472186088562,3,0,18.5,18.5,19.5,2.875,17.40625,0.0,0,0,0,0
random_layer_matched,corrupt,ablate,v5_granite_3p3_8b_041,18,16.0,0.023270035162568092,-3.125,-3.7370681762695312,3,0,0.0,0.0,0.0,0.0,-46.48890686035156,0.0,16.0,0.023270035162568092,3,0,19.125,19.125,19.375,2.5,17.6875,0.0,0,0,0,0
random_layer_matched,corrupt,ablate,v5_granite_3p3_8b_052,29,15.75,0.016061902046203613,-3.5,-4.115135192871094,3,0,0.0,0.0,0.0,0.0,-47.754268646240234,0.0,15.75,0.016061902046203613,3,0,19.25,19.25,18.75,1.5,17.25,0.0,0,0,0,0
random_layer_matched,corrupt,ablate,v5_granite_3p3_8b_063,40,15.3125,0.013535141944885254,-3.5625,-4.2888641357421875,3,0,0.0,0.0,0.0,0.0,-48.890663146972656,0.0,15.3125,0.013535141944885254,3,0,18.875,18.875,17.75,1.0,16.53125,0.0,0,0,0,0
random_layer_matched,corrupt,ablate,v5_granite_3p3_8b_235,174,15.25,0.014287631958723068,-3.625,-4.2339935302734375,3,0,0.0,0.0,0.0,0.0,-53.415523529052734,0.0,15.25,0.014287631958723068,3,0,18.875,18.875,20.125,3.5,17.6875,0.0,0,0,0,0
random_layer_matched,corrupt,ablate,v5_granite_3p3_8b_290,229,15.5625,0.006881301756948233,-4.6875,-4.97205924987793,4,0,0.0,0.0,0.0,0.0,-50.790687561035156,0.0,15.5625,0.006881301756948233,4,0,20.25,20.25,19.75,3.25,17.65625,0.0,0,0,0,0
random_layer_matched,corrupt,ablate,v5_granite_3p3_8b_054,31,15.25,0.013872900046408176,-3.875,-4.263872146606445,3,0,0.0,0.0,0.0,0.0,-50.73368835449219,0.0,15.25,0.013872900046408176,3,0,19.125,19.125,18.75,1.75,17.0,0.0,0,0,0,0
random_layer_matched,corrupt,ablate,v5_granite_3p3_8b_068,45,16.25,0.07168328762054443,-2.125,-2.5611400604248047,3,0,0.0,0.0,0.0,0.0,-47.80160140991211,0.0,16.25,0.07168328762054443,3,0,18.375,18.375,18.0,1.875,17.125,0.0,0,0,0,0
random_layer_matched,corrupt,ablate,v5_granite_3p3_8b_174,121,16.5,0.02514013834297657,-3.25,-3.657848358154297,3,0,0.0,0.0,0.0,0.0,-49.26973342895508,0.0,16.5,0.02514013834297657,3,0,19.75,19.75,21.25,4.875,18.875,0.0,0,0,0,0
random_layer_matched,corrupt,ablate,v5_granite_3p3_8b_180,127,15.6875,0.008895473554730415,-4.0625,-4.713296890258789,3,0,0.0,0.0,0.0,0.0,-50.7722282409668,0.0,15.6875,0.008895473554730415,3,0,19.75,19.75,21.375,4.875,18.53125,0.0,0,0,0,0
random_layer_matched,corrupt,ablate,v5_granite_3p3_8b_240,179,16.875,0.11662964522838593,-1.625,-2.0247650146484375,3,0,0.0,0.0,0.0,0.0,-44.0023078918457,0.0,16.875,0.11662964522838593,3,0,18.5,18.5,19.75,3.75,18.3125,0.0,0,0,0,0
random_layer_matched,corrupt,ablate,v5_granite_3p3_8b_264,203,15.75,0.0552496574819088,-2.125,-2.839078903198242,3,0,0.0,0.0,0.0,0.0,-44.063697814941406,0.0,15.75,0.0552496574819088,3,0,17.875,17.875,20.375,3.75,18.0625,0.0,0,0,0,0
random_layer_matched,corrupt,ablate,v5_granite_3p3_8b_040,17,15.625,0.018387386575341225,-3.375,-3.9775543212890625,3,0,0.0,0.0,0.0,0.0,-46.820404052734375,0.0,15.625,0.018387386575341225,3,0,19.0,19.0,19.0,1.875,17.3125,0.0,0,0,0,0
random_layer_matched,corrupt,ablate,v5_granite_3p3_8b_153,100,15.1875,0.00978344026952982,-3.9375,-4.617254257202148,4,0,0.0,0.0,0.0,0.0,-51.10710906982422,0.0,15.1875,0.00978344026952982,4,0,19.125,19.125,20.875,4.0,18.03125,0.0,0,0,0,0
random_layer_matched,corrupt,ablate,v5_granite_3p3_8b_213,152,14.4375,0.007011230569332838,-4.6875,-4.953229904174805,5,0,0.0,0.0,0.0,0.0,-48.10189437866211,0.0,14.4375,0.007011230569332838,5,0,19.125,19.125,19.625,3.0,17.03125,0.0,0,0,0,0
random_layer_matched,corrupt,ablate,v5_granite_3p3_8b_244,183,16.0,0.04752887785434723,-2.5,-2.9977493286132812,3,0,0.0,0.0,0.0,0.0,-43.195091247558594,0.0,16.0,0.04752887785434723,3,0,18.5,18.5,19.375,3.25,17.6875,0.0,0,0,0,0
random_layer_matched,corrupt,ablate,v5_granite_3p3_8b_300,239,15.1875,0.0060873390175402164,-4.8125,-5.095455169677734,4,0,0.0,0.0,0.0,0.0,-50.560176849365234,0.0,15.1875,0.0060873390175402164,4,0,20.0,20.0,20.375,3.875,17.78125,0.0,0,0,0,0
random_layer_matched,corrupt,ablate,v5_granite_3p3_8b_048,25,16.25,0.03719042241573334,-2.875,-3.2538299560546875,3,0,0.0,0.0,0.0,0.0,-48.40575408935547,0.0,16.25,0.03719042241573334,3,0,19.125,19.125,18.625,2.0,17.4375,0.0,0,0,0,0
random_layer_matched,corrupt,ablate,v5_granite_3p3_8b_081,58,16.25,0.06901105493307114,-2.25,-2.6020069122314453,3,0,0.0,0.0,0.0,0.0,-46.95778274536133,0.0,16.25,0.06901105493307114,3,0,18.5,18.5,19.375,2.75,17.8125,0.0,0,0,0,0
random_layer_matched,corrupt,ablate,v5_granite_3p3_8b_100,77,16.25,0.09780123084783554,-1.5,-2.2219161987304688,3,0,0.0,0.0,0.0,0.0,-43.185577392578125,0.0,16.25,0.09780123084783554,3,0,17.75,17.75,19.25,2.125,17.75,0.0,0,0,0,0
random_layer_matched,corrupt,ablate,v5_granite_3p3_8b_139,86,14.875,0.016760176047682762,-3.625,-4.071868896484375,4,0,0.0,0.0,0.0,0.0,-48.41241455078125,0.0,14.875,0.016760176047682762,4,0,18.5,18.5,20.0,3.5,17.4375,0.0,0,0,0,0
random_layer_matched,corrupt,ablate,v5_granite_3p3_8b_157,104,15.5,0.05046543851494789,-2.625,-2.9347095489501953,3,0,0.0,0.0,0.0,0.0,-41.3625602722168,0.0,15.5,0.05046543851494789,3,0,18.125,18.125,20.25,3.375,17.875,0.0,0,0,0,0
random_layer_matched,corrupt,ablate,v5_granite_3p3_8b_166,113,16.25,0.08631682395935059,-1.75,-2.3594799041748047,3,0,0.0,0.0,0.0,0.0,-43.14826583862305,0.0,16.25,0.08631682395935059,3,0,18.0,18.0,20.75,4.125,18.5,0.0,0,0,0,0
random_layer_matched,corrupt,ablate,v5_granite_3p3_8b_086,63,16.25,0.07454085350036621,-2.0,-2.5189685821533203,3,0,0.0,0.0,0.0,0.0,-47.28755569458008,0.0,16.25,0.07454085350036621,3,0,18.25,18.25,19.0,2.375,17.625,0.0,0,0,0,0
random_layer_matched,corrupt,ablate,v5_granite_3p3_8b_091,68,16.75,0.11468644440174103,-1.625,-2.04376220703125,3,0,0.0,0.0,0.0,0.0,-42.18656539916992,0.0,16.75,0.11468644440174103,3,0,18.375,18.375,18.125,1.875,17.4375,0.0,0,0,0,0
random_layer_matched,corrupt,ablate,v5_granite_3p3_8b_133,80,15.6875,0.030755333602428436,-2.9375,-3.450481414794922,3,0,0.0,0.0,0.0,0.0,-45.05812072753906,0.0,15.6875,0.030755333602428436,3,0,18.625,18.625,20.875,4.375,18.28125,0.0,0,0,0,0
random_layer_matched,corrupt,ablate,v5_granite_3p3_8b_281,220,16.625,0.04198867455124855,-2.875,-3.127483367919922,3,0,0.0,0.0,0.0,0.0,-47.21995544433594,0.0,16.625,0.04198867455124855,3,0,19.5,19.5,20.5,4.625,18.5625,0.0,0,0,0,0
random_layer_matched,corrupt,ablate,v5_granite_3p3_8b_288,227,16.25,0.02504436857998371,-3.25,-3.661764144897461,3,0,0.0,0.0,0.0,0.0,-48.909080505371094,0.0,16.25,0.02504436857998371,3,0,19.5,19.5,20.25,4.6875,18.25,0.0,0,0,0,0
random_layer_matched,corrupt,ablate,v5_granite_3p3_8b_047,24,15.875,0.02619922161102295,-3.0,-3.615499496459961,3,0,0.0,0.0,0.0,0.0,-47.79309844970703,0.0,15.875,0.02619922161102295,3,0,18.875,18.875,18.875,1.625,17.375,0.0,0,0,0,0
random_layer_matched,corrupt,ablate,v5_granite_3p3_8b_167,114,15.5625,0.03700818493962288,-2.5625,-3.2589263916015625,3,0,0.0,0.0,0.0,0.0,-43.50682067871094,0.0,15.5625,0.03700818493962288,3,0,18.125,18.125,20.25,3.375,17.90625,0.0,0,0,0,0
random_layer_matched,corrupt,ablate,v5_granite_3p3_8b_271,210,15.5,0.030610034242272377,-2.75,-3.4553604125976562,3,0,0.0,0.0,0.0,0.0,-43.18282699584961,0.0,15.5,0.030610034242272377,3,0,18.25,18.25,19.875,3.125,17.6875,0.0,0,0,0,0
random_layer_matched,corrupt,ablate,v5_granite_3p3_8b_064,41,16.125,0.0620473213493824,-2.375,-2.7158279418945312,3,0,0.0,0.0,0.0,0.0,-46.475807189941406,0.0,16.125,0.0620473213493824,3,0,18.5,18.5,17.625,1.125,16.875,0.0,0,0,0,0
random_layer_matched,corrupt,ablate,v5_granite_3p3_8b_212,151,15.75,0.051429472863674164,-2.5,-2.9147682189941406,3,0,0.0,0.0,0.0,0.0,-45.31333923339844,0.0,15.75,0.051429472863674164,3,0,18.25,18.25,19.875,3.5,17.8125,0.0,0,0,0,0
random_layer_matched,corrupt,ablate,v5_granite_3p3_8b_249,188,16.125,0.08339405804872513,-1.75,-2.3971195220947266,3,0,0.0,0.0,0.0,0.0,-42.42047882080078,0.0,16.125,0.08339405804872513,3,0,17.875,17.875,20.125,3.375,18.125,0.0,0,0,0,0
random_layer_matched,corrupt,ablate,v5_granite_3p3_8b_265,204,15.4375,0.02757769264280796,-2.8125,-3.5628108978271484,3,0,0.0,0.0,0.0,0.0,-46.86355209350586,0.0,15.4375,0.02757769264280796,3,0,18.25,18.25,19.875,2.875,17.65625,0.0,0,0,0,0
random_layer_matched,corrupt,ablate,v5_granite_3p3_8b_293,232,16.125,0.017865046858787537,-3.75,-4.006904602050781,3,0,0.0,0.0,0.0,0.0,-47.6859245300293,0.0,16.125,0.017865046858787537,3,0,19.875,19.875,20.5,4.0,18.3125,0.0,0,0,0,0
random_layer_matched,corrupt,ablate,v5_granite_3p3_8b_028,5,14.875,0.01338951475918293,-3.875,-4.299827575683594,4,0,0.0,0.0,0.0,0.0,-44.70615005493164,0.0,14.875,0.01338951475918293,4,0,18.75,18.75,17.75,1.625,16.3125,0.0,0,0,0,0
random_layer_matched,corrupt,ablate,v5_granite_3p3_8b_032,9,16.125,0.04518292471766472,-2.375,-3.0508193969726562,3,0,0.0,0.0,0.0,0.0,-42.93671798706055,0.0,16.125,0.04518292471766472,3,0,18.5,18.5,18.625,2.0,17.375,0.0,0,0,0,0
random_layer_matched,corrupt,ablate,v5_granite_3p3_8b_044,21,16.25,0.05293886363506317,-2.25,-2.884246826171875,3,0,0.0,0.0,0.0,0.0,-47.42029571533203,0.0,16.25,0.05293886363506317,3,0,18.5,18.5,19.375,2.625,17.8125,0.0,0,0,0,0
random_layer_matched,corrupt,ablate,v5_granite_3p3_8b_053,30,15.5,0.015921346843242645,-3.625,-4.12407112121582,3,0,0.0,0.0,0.0,0.0,-46.577510833740234,0.0,15.5,0.015921346843242645,3,0,19.125,19.125,18.5,1.5,17.0,0.0,0,0,0,0
random_layer_matched,corrupt,ablate,v5_granite_3p3_8b_055,32,16.0,0.02955815941095352,-2.75,-3.4914188385009766,3,0,0.0,0.0,0.0,0.0,-48.372467041015625,0.0,16.0,0.02955815941095352,3,0,18.75,18.75,18.875,2.75,17.4375,0.0,0,0,0,0
random_layer_matched,corrupt,ablate,v5_granite_3p3_8b_065,42,15.375,0.028586644679307938,-3.125,-3.525836944580078,3,0,0.0,0.0,0.0,0.0,-45.22103500366211,0.0,15.375,0.028586644679307938,3,0,18.5,18.5,18.125,1.75,16.75,0.0,0,0,0,0
random_layer_matched,corrupt,ablate,v5_granite_3p3_8b_209,148,15.5625,0.036225199699401855,-2.9375,-3.281129837036133,4,0,0.0,0.0,0.0,0.0,-46.042728424072266,0.0,15.5625,0.036225199699401855,4,0,18.5,18.5,19.0,2.625,17.28125,0.0,0,0,0,0
random_layer_matched,corrupt,ablate,v5_granite_3p3_8b_031,8,15.6875,0.03159669041633606,-3.0625,-3.4226226806640625,3,0,0.0,0.0,0.0,0.0,-40.7651481628418,0.0,15.6875,0.03159669041633606,3,0,18.75,18.75,18.75,2.375,17.21875,0.0,0,0,0,0
random_layer_matched,corrupt,ablate,v5_granite_3p3_8b_046,23,15.75,0.01787673495709896,-3.5,-4.006242752075195,3,0,0.0,0.0,0.0,0.0,-46.81108856201172,0.0,15.75,0.01787673495709896,3,0,19.25,19.25,19.125,2.125,17.4375,0.0,0,0,0,0
random_layer_matched,corrupt,ablate,v5_granite_3p3_8b_071,48,15.9375,0.04250957816839218,-2.8125,-3.114614486694336,3,0,0.0,0.0,0.0,0.0,-46.99648666381836,0.0,15.9375,0.04250957816839218,3,0,18.75,18.75,17.875,1.0,16.90625,0.0,0,0,0,0
random_layer_matched,corrupt,ablate,v5_granite_3p3_8b_135,82,15.3125,0.021179141476750374,-3.3125,-3.8333587646484375,3,0,0.0,0.0,0.0,0.0,-44.9731330871582,0.0,15.3125,0.021179141476750374,3,0,18.625,18.625,20.5,3.375,17.90625,0.0,0,0,0,0
random_layer_matched,corrupt,ablate,v5_granite_3p3_8b_148,95,15.5625,0.011871514841914177,-3.8125,-4.421693801879883,3,0,0.0,0.0,0.0,0.0,-48.5296516418457,0.0,15.5625,0.011871514841914177,3,0,19.375,19.375,20.625,4.0,18.09375,0.0,0,0,0,0
random_layer_matched,corrupt,ablate,v5_granite_3p3_8b_161,108,15.875,0.035345710813999176,-3.0,-3.306621551513672,3,0,0.0,0.0,0.0,0.0,-44.0107421875,0.0,15.875,0.035345710813999176,3,0,18.875,18.875,19.875,3.0,17.875,0.0,0,0,0,0
random_layer_matched,corrupt,ablate,v5_granite_3p3_8b_186,133,14.8125,0.0025249810423702,-5.4375,-5.979009628295898,5,0,0.0,0.0,0.0,0.0,-50.938777923583984,0.0,14.8125,0.0025249810423702,5,0,20.25,20.25,20.25,2.875,17.53125,0.0,0,0,0,0
random_layer_matched,corrupt,ablate,v5_granite_3p3_8b_217,156,16.0,0.05643004924058914,-2.25,-2.816692352294922,3,0,0.0,0.0,0.0,0.0,-47.1247444152832,0.0,16.0,0.05643004924058914,3,0,18.25,18.25,20.625,4.0,18.3125,0.0,0,0,0,0
random_layer_matched,corrupt,ablate,v5_granite_3p3_8b_038,15,16.375,0.044864021241664886,-2.375,-3.058238983154297,3,0,0.0,0.0,0.0,0.0,-43.29132843017578,0.0,16.375,0.044864021241664886,3,0,18.75,18.75,18.875,1.75,17.625,0.0,0,0,0,0
random_layer_matched,corrupt,ablate,v5_granite_3p3_8b_039,16,15.9375,0.031770259141922,-2.8125,-3.416959762573242,3,0,0.0,0.0,0.0,0.0,-45.228851318359375,0.0,15.9375,0.031770259141922,3,0,18.75,18.75,19.5,2.0,17.71875,0.0,0,0,0,0
random_layer_matched,corrupt,ablate,v5_granite_3p3_8b_069,46,16.375,0.06559694558382034,-2.125,-2.6564064025878906,3,0,0.0,0.0,0.0,0.0,-45.785850524902344,0.0,16.375,0.06559694558382034,3,0,18.5,18.5,18.25,1.5,17.3125,0.0,0,0,0,0
random_layer_matched,corrupt,ablate,v5_granite_3p3_8b_076,53,15.5,0.027493048459291458,-3.0,-3.565969467163086,3,0,0.0,0.0,0.0,0.0,-45.5599365234375,0.0,15.5,0.027493048459291458,3,0,18.5,18.5,18.875,1.25,17.1875,0.0,0,0,0,0
random_layer_matched,corrupt,ablate,v5_granite_3p3_8b_094,71,15.8125,0.0640050619840622,-1.9375,-2.6826648712158203,3,0,0.0,0.0,0.0,0.0,-43.8341178894043,0.0,15.8125,0.0640050619840622,3,0,17.75,17.75,19.0,2.0,17.40625,0.0,0,0,0,0
random_layer_matched,corrupt,ablate,v5_granite_3p3_8b_132,79,15.0625,0.012229250743985176,-3.8125,-4.391645431518555,4,0,0.0,0.0,0.0,0.0,-47.9136848449707,0.0,15.0625,0.012229250743985176,4,0,18.875,18.875,20.125,2.875,17.59375,0.0,0,0,0,0
random_layer_matched,corrupt,ablate,v5_granite_3p3_8b_185,132,15.125,0.004769953899085522,-4.625,-5.340658187866211,4,0,0.0,0.0,0.0,0.0,-50.06453323364258,0.0,15.125,0.004769953899085522,4,0,19.75,19.75,20.75,3.75,17.9375,0.0,0,0,0,0
random_layer_matched,corrupt,ablate,v5_granite_3p3_8b_191,138,14.3125,0.002796673448756337,-5.4375,-5.8765411376953125,7,0,0.0,0.0,0.0,0.0,-51.417274475097656,0.0,14.3125,0.002796673448756337,7,0,19.75,19.75,20.5,3.625,17.40625,0.0,0,0,0,0
random_layer_matched,corrupt,ablate,v5_granite_3p3_8b_223,162,15.3125,0.020322250202298164,-3.3125,-3.875530242919922,3,0,0.0,0.0,0.0,0.0,-47.31289291381836,0.0,15.3125,0.020322250202298164,3,0,18.625,18.625,20.375,3.25,17.84375,0.0,0,0,0,0
random_layer_matched,corrupt,ablate,v5_granite_3p3_8b_263,202,15.375,0.025743693113327026,-3.125,-3.6335086822509766,3,0,0.0,0.0,0.0,0.0,-42.63890075683594,0.0,15.375,0.025743693113327026,3,0,18.5,18.5,20.375,3.125,17.875,0.0,0,0,0,0
random_layer_matched,corrupt,ablate,v5_granite_3p3_8b_295,234,14.5625,0.002820473164319992,-5.6875,-5.868040084838867,5,0,0.0,0.0,0.0,0.0,-46.25290298461914,0.0,14.5625,0.002820473164319992,5,0,20.25,20.25,20.125,3.125,17.34375,0.0,0,0,0,0
random_layer_matched,corrupt,ablate,v5_granite_3p3_8b_296,235,15.625,0.010053812526166439,-4.125,-4.5897216796875,3,0,0.0,0.0,0.0,0.0,-48.1259651184082,0.0,15.625,0.010053812526166439,3,0,19.75,19.75,20.25,3.375,17.9375,0.0,0,0,0,0
random_layer_matched,corrupt,ablate,v5_granite_3p3_8b_056,33,15.8125,0.026241736486554146,-2.9375,-3.6138343811035156,3,0,0.0,0.0,0.0,0.0,-46.686676025390625,0.0,15.8125,0.026241736486554146,3,0,18.75,18.75,19.5,1.625,17.65625,0.0,0,0,0,0
random_layer_matched,corrupt,ablate,v5_granite_3p3_8b_173,120,15.6875,0.011033879593014717,-4.1875,-4.495710372924805,3,0,0.0,0.0,0.0,0.0,-49.298038482666016,0.0,15.6875,0.011033879593014717,3,0,19.875,19.875,21.125,4.25,18.40625,0.0,0,0,0,0
random_layer_matched,corrupt,ablate,v5_granite_3p3_8b_211,150,16.625,0.111184261739254,-1.75,-2.0787296295166016,3,0,0.0,0.0,0.0,0.0,-45.80012893676758,0.0,16.625,0.111184261739254,3,0,18.375,18.375,19.625,3.625,18.125,0.0,0,0,0,0
random_layer_matched,corrupt,ablate,v5_granite_3p3_8b_219,158,15.4375,0.024724643677473068,-3.0625,-3.6749439239501953,3,0,0.0,0.0,0.0,0.0,-48.09333038330078,0.0,15.4375,0.024724643677473068,3,0,18.5,18.5,20.5,3.75,17.96875,0.0,0,0,0,0
random_layer_matched,corrupt,ablate,v5_granite_3p3_8b_236,175,14.875,0.009844986721873283,-3.875,-4.610925674438477,4,0,0.0,0.0,0.0,0.0,-47.78697967529297,0.0,14.875,0.009844986721873283,4,0,18.75,18.75,20.125,3.375,17.5,0.0,0,0,0,0
random_layer_matched,corrupt,ablate,v5_granite_3p3_8b_283,222,15.8125,0.017698056995868683,-3.6875,-4.01646614074707,3,0,0.0,0.0,0.0,0.0,-47.73147201538086,0.0,15.8125,0.017698056995868683,3,0,19.5,19.5,20.25,3.875,18.03125,0.0,0,0,0,0
random_layer_matched,corrupt,ablate,v5_granite_3p3_8b_066,43,16.0,0.05694592371582985,-2.375,-2.807046890258789,3,0,0.0,0.0,0.0,0.0,-47.470069885253906,0.0,16.0,0.05694592371582985,3,0,18.375,18.375,18.75,2.125,17.375,0.0,0,0,0,0
random_layer_matched,corrupt,ablate,v5_granite_3p3_8b_077,54,16.625,0.10917409509420395,-1.625,-2.099231719970703,3,0,0.0,0.0,0.0,0.0,-45.07358169555664,0.0,16.625,0.10917409509420395,3,0,18.25,18.25,19.75,2.5,18.1875,0.0,0,0,0,0
random_layer_matched,corrupt,ablate,v5_granite_3p3_8b_143,90,15.125,0.013928184285759926,-3.625,-4.259838104248047,4,0,0.0,0.0,0.0,0.0,-44.09257507324219,0.0,15.125,0.013928184285759926,4,0,18.75,18.75,20.625,3.875,17.875,0.0,0,0,0,0
random_layer_matched,corrupt,ablate,v5_granite_3p3_8b_149,96,15.375,0.014155830256640911,-3.5,-4.243398666381836,3,0,0.0,0.0,0.0,0.0,-47.923526763916016,0.0,15.375,0.014155830256640911,3,0,18.875,18.875,20.625,3.75,18.0,0.0,0,0,0,0
random_layer_matched,corrupt,ablate,v5_granite_3p3_8b_160,107,16.5,0.10303832590579987,-1.75,-2.1639347076416016,3,0,0.0,0.0,0.0,0.0,-40.5096321105957,0.0,16.5,0.10303832590579987,3,0,18.25,18.25,20.875,4.25,18.6875,0.0,0,0,0,0
random_layer_matched,corrupt,ablate,v5_granite_3p3_8b_168,115,16.0,0.057411499321460724,-2.25,-2.798410415649414,3,0,0.0,0.0,0.0,0.0,-43.31102752685547,0.0,16.0,0.057411499321460724,3,0,18.25,18.25,21.0,4.125,18.5,0.0,0,0,0,0
random_layer_matched,corrupt,ablate,v5_granite_3p3_8b_184,131,14.8125,0.003932659979909658,-5.1875,-5.534517288208008,5,0,0.0,0.0,0.0,0.0,-48.04832458496094,0.0,14.8125,0.003932659979909658,5,0,20.0,20.0,20.375,3.375,17.59375,0.0,0,0,0,0
random_layer_matched,corrupt,ablate,v5_granite_3p3_8b_192,139,14.1875,0.0011418971698731184,-6.4375,-6.773933410644531,9,0,0.0,0.0,0.0,0.0,-52.74777603149414,0.0,14.1875,0.0011418971698731184,9,0,20.625,20.625,20.125,3.0,17.15625,0.0,0,0,0,0
random_layer_matched,corrupt,ablate,v5_granite_3p3_8b_241,180,16.75,0.12205109745264053,-1.625,-1.973175048828125,3,0,0.0,0.0,0.0,0.0,-40.723846435546875,0.0,16.75,0.12205109745264053,3,0,18.375,18.375,19.875,3.625,18.3125,0.0,0,0,0,0
random_layer_matched,corrupt,ablate,v5_granite_3p3_8b_299,238,16.625,0.025593377649784088,-3.5,-3.6395130157470703,4,0,0.0,0.0,0.0,0.0,-43.45768737792969,0.0,16.625,0.025593377649784088,4,0,20.125,20.125,20.75,4.0,18.6875,0.0,0,0,0,0
random_layer_matched,corrupt,ablate,v5_granite_3p3_8b_029,6,15.5,0.025736548006534576,-2.875,-3.6337966918945312,3,0,0.0,0.0,0.0,0.0,-43.87556838989258,0.0,15.5,0.025736548006534576,3,0,18.375,18.375,18.0,1.625,16.75,0.0,0,0,0,0
random_layer_matched,corrupt,ablate,v5_granite_3p3_8b_037,14,15.125,0.022222749888896942,-3.25,-3.784191131591797,3,0,0.0,0.0,0.0,0.0,-42.7054557800293,0.0,15.125,0.022222749888896942,3,0,18.375,18.375,17.875,1.375,16.5,0.0,0,0,0,0
random_layer_matched,corrupt,ablate,v5_granite_3p3_8b_159,106,16.25,0.09374641627073288,-1.75,-2.268749237060547,3,0,0.0,0.0,0.0,0.0,-41.610652923583984,0.0,16.25,0.09374641627073288,3,0,18.0,18.0,21.0,4.5,18.625,0.0,0,0,0,0
random_layer_matched,corrupt,ablate,v5_granite_3p3_8b_169,116,15.3125,0.0320202000439167,-2.6875,-3.408863067626953,3,0,0.0,0.0,0.0,0.0,-42.01065444946289,0.0,15.3125,0.0320202000439167,3,0,18.0,18.0,19.75,3.125,17.53125,0.0,0,0,0,0
random_layer_matched,corrupt,ablate,v5_granite_3p3_8b_179,126,14.8125,0.0024158023297786713,-5.3125,-6.023321151733398,6,0,0.0,0.0,0.0,0.0,-50.129791259765625,0.0,14.8125,0.0024158023297786713,6,0,20.125,20.125,20.25,3.5,17.53125,0.0,0,0,0,0
random_layer_matched,corrupt,ablate,v5_granite_3p3_8b_260,199,16.0,0.07790538668632507,-1.875,-2.471172332763672,3,0,0.0,0.0,0.0,0.0,-39.66314697265625,0.0,16.0,0.07790538668632507,3,0,17.875,17.875,20.75,4.5,18.375,0.0,0,0,0,0
random_layer_matched,corrupt,ablate,v5_granite_3p3_8b_298,237,15.25,0.007102762348949909,-4.375,-4.940164566040039,4,0,0.0,0.0,0.0,0.0,-50.013065338134766,0.0,15.25,0.007102762348949909,4,0,19.625,19.625,20.5,4.125,17.875,0.0,0,0,0,0
random_layer_matched,corrupt,ablate,v5_granite_3p3_8b_049,26,15.8125,0.028618356212973595,-2.9375,-3.5246925354003906,3,0,0.0,0.0,0.0,0.0,-47.40400695800781,0.0,15.8125,0.028618356212973595,3,0,18.75,18.75,19.375,1.875,17.59375,0.0,0,0,0,0
random_layer_matched,corrupt,ablate,v5_granite_3p3_8b_050,27,16.25,0.054538268595933914,-2.375,-2.8527965545654297,3,0,0.0,0.0,0.0,0.0,-46.53135681152344,0.0,16.25,0.054538268595933914,3,0,18.625,18.625,19.25,2.125,17.75,0.0,0,0,0,0
random_layer_matched,corrupt,ablate,v5_granite_3p3_8b_072,49,16.125,0.06548947840929031,-2.125,-2.6581592559814453,3,0,0.0,0.0,0.0,0.0,-44.15718460083008,0.0,16.125,0.06548947840929031,3,0,18.25,18.25,19.0,2.75,17.5625,0.0,0,0,0,0
random_layer_matched,corrupt,ablate,v5_granite_3p3_8b_151,98,15.75,0.027583539485931396,-2.875,-3.5625877380371094,3,0,0.0,0.0,0.0,0.0,-46.3963508605957,0.0,15.75,0.027583539485931396,3,0,18.625,18.625,20.875,4.875,18.3125,0.0,0,0,0,0
random_layer_matched,corrupt,ablate,v5_granite_3p3_8b_183,130,15.1875,0.004123129416257143,-4.9375,-5.487028121948242,5,0,0.0,0.0,0.0,0.0,-51.53019332885742,0.0,15.1875,0.004123129416257143,5,0,20.125,20.125,20.75,4.125,17.96875,0.0,0,0,0,0
random_layer_matched,corrupt,ablate,v5_granite_3p3_8b_189,136,15.375,0.010789165273308754,-4.125,-4.51838493347168,3,0,0.0,0.0,0.0,0.0,-48.54359817504883,0.0,15.375,0.010789165273308754,3,0,19.5,19.5,20.125,3.875,17.75,0.0,0,0,0,0
random_layer_matched,corrupt,ablate,v5_granite_3p3_8b_197,144,15.5625,0.00836697593331337,-4.5625,-4.775077819824219,4,0,0.0,0.0,0.0,0.0,-48.34257888793945,0.0,15.5625,0.00836697593331337,4,0,20.125,20.125,20.625,4.125,18.09375,0.0,0,0,0,0
random_layer_matched,corrupt,ablate,v5_granite_3p3_8b_210,149,15.5,0.02960551157593727,-3.25,-3.4897689819335938,3,0,0.0,0.0,0.0,0.0,-45.463863372802734,0.0,15.5,0.02960551157593727,3,0,18.75,18.75,19.625,3.875,17.5625,0.0,0,0,0,0
random_layer_matched,corrupt,ablate,v5_granite_3p3_8b_247,186,15.1875,0.022667525336146355,-3.4375,-3.7639198303222656,3,0,0.0,0.0,0.0,0.0,-42.91781997680664,0.0,15.1875,0.022667525336146355,3,0,18.625,18.625,19.625,3.125,17.40625,0.0,0,0,0,0
random_layer_matched,corrupt,ablate,v5_granite_3p3_8b_248,187,15.6875,0.046889059245586395,-2.5625,-3.0119705200195312,3,0,0.0,0.0,0.0,0.0,-38.62327194213867,0.0,15.6875,0.046889059245586395,3,0,18.25,18.25,19.25,2.625,17.46875,0.0,0,0,0,0
random_layer_matched,corrupt,ablate,v5_granite_3p3_8b_279,218,14.375,0.001382990158163011,-5.875,-6.582136154174805,5,0,0.0,0.0,0.0,0.0,-49.247623443603516,0.0,14.375,0.001382990158163011,5,0,20.25,20.25,18.625,2.5,16.5,0.0,0,0,0,0
random_layer_matched,corrupt,ablate,v5_granite_3p3_8b_080,57,16.5,0.10174742341041565,-1.75,-2.1779823303222656,3,0,0.0,0.0,0.0,0.0,-44.19881820678711,0.0,16.5,0.10174742341041565,3,0,18.25,18.25,19.375,2.75,17.9375,0.0,0,0,0,0
random_layer_matched,corrupt,ablate,v5_granite_3p3_8b_145,92,15.125,0.01469345111399889,-3.625,-4.205575942993164,3,0,0.0,0.0,0.0,0.0,-48.78840637207031,0.0,15.125,0.01469345111399889,3,0,18.75,18.75,20.375,4.125,17.75,0.0,0,0,0,0
random_layer_matched,corrupt,ablate,v5_granite_3p3_8b_177,124,14.25,0.0015470574144273996,-5.875,-6.469865798950195,5,0,0.0,0.0,0.0,0.0,-50.977718353271484,0.0,14.25,0.0015470574144273996,5,0,20.125,20.125,19.5,3.0,16.875,0.0,0,0,0,0
random_layer_matched,corrupt,ablate,v5_granite_3p3_8b_190,137,14.8125,0.006216555368155241,-4.5625,-5.0743255615234375,3,0,0.0,0.0,0.0,0.0,-48.817142486572266,0.0,14.8125,0.006216555368155241,3,0,19.375,19.375,20.25,4.0,17.53125,0.0,0,0,0,0
random_layer_matched,corrupt,ablate,v5_granite_3p3_8b_243,182,15.6875,0.058469586074352264,-2.3125,-2.779020309448242,3,0,0.0,0.0,0.0,0.0,-40.121177673339844,0.0,15.6875,0.058469586074352264,3,0,18.0,18.0,19.75,3.5,17.71875,0.0,0,0,0,0
random_layer_matched,corrupt,ablate,v5_granite_3p3_8b_216,155,14.9375,0.019266946241259575,-3.1875,-3.9299373626708984,3,0,0.0,0.0,0.0,0.0,-48.773765563964844,0.0,14.9375,0.019266946241259575,3,0,18.125,18.125,20.25,4.0,17.59375,0.0,0,0,0,0
random_layer_matched,corrupt,ablate,v5_granite_3p3_8b_232,171,14.5625,0.00874565914273262,-4.0625,-4.730434417724609,3,0,0.0,0.0,0.0,0.0,-48.598628997802734,0.0,14.5625,0.00874565914273262,3,0,18.625,18.625,19.875,3.875,17.21875,0.0,0,0,0,0
random_layer_matched,corrupt,ablate,v5_granite_3p3_8b_257,196,14.375,0.013433731161057949,-3.625,-4.296483993530273,4,0,0.0,0.0,0.0,0.0,-43.92909240722656,0.0,14.375,0.013433731161057949,4,0,18.0,18.0,19.875,3.75,17.125,0.0,0,0,0,0
random_layer_matched,corrupt,ablate,v5_granite_3p3_8b_282,221,15.0625,0.006271054036915302,-4.9375,-5.0655364990234375,4,0,0.0,0.0,0.0,0.0,-47.03956604003906,0.0,15.0625,0.006271054036915302,4,0,20.0,20.0,19.875,2.875,17.46875,0.0,0,0,0,0
random_layer_matched,corrupt,ablate,v5_granite_3p3_8b_035,12,14.9375,0.013974897563457489,-3.5625,-4.256441116333008,4,0,0.0,0.0,0.0,0.0,-45.9234733581543,0.0,14.9375,0.013974897563457489,4,0,18.5,18.5,17.875,1.25,16.40625,0.0,0,0,0,0
random_layer_matched,corrupt,ablate,v5_granite_3p3_8b_060,37,15.375,0.022594967857003212,-3.5,-3.767200469970703,3,0,0.0,0.0,0.0,0.0,-45.146949768066406,0.0,15.375,0.022594967857003212,3,0,18.875,18.875,18.125,1.5,16.75,0.0,0,0,0,0
random_layer_matched,corrupt,ablate,v5_granite_3p3_8b_138,85,14.875,0.011969405226409435,-3.875,-4.413385391235352,4,0,0.0,0.0,0.0,0.0,-44.659950256347656,0.0,14.875,0.011969405226409435,4,0,18.75,18.75,20.875,4.375,17.875,0.0,0,0,0,0
random_layer_matched,corrupt,ablate,v5_granite_3p3_8b_227,166,15.75,0.03920472040772438,-2.625,-3.1989879608154297,3,0,0.0,0.0,0.0,0.0,-45.58617401123047,0.0,15.75,0.03920472040772438,3,0,18.375,18.375,20.0,3.625,17.875,0.0,0,0,0,0
random_layer_matched,corrupt,ablate,v5_granite_3p3_8b_246,185,15.375,0.03322439640760422,-3.0,-3.370706558227539,3,0,0.0,0.0,0.0,0.0,-41.86265563964844,0.0,15.375,0.03322439640760422,3,0,18.375,18.375,19.25,1.875,17.3125,0.0,0,0,0,0
random_layer_matched,corrupt,ablate,v5_granite_3p3_8b_023,0,15.625,0.018087152391672134,-3.375,-3.99432373046875,3,0,0.0,0.0,0.0,0.0,-46.00004196166992,0.0,15.625,0.018087152391672134,3,0,19.0,19.0,18.875,2.25,17.25,0.0,0,0,0,0
random_layer_matched,corrupt,ablate,v5_granite_3p3_8b_095,72,15.1875,0.04020219296216965,-2.6875,-3.172819137573242,3,0,0.0,0.0,0.0,0.0,-41.315765380859375,0.0,15.1875,0.04020219296216965,3,0,17.875,17.875,18.5,1.0,16.84375,0.0,0,0,0,0
random_layer_matched,corrupt,ablate,v5_granite_3p3_8b_200,147,16.125,0.019754214212298393,-3.625,-3.904458999633789,3,0,0.0,0.0,0.0,0.0,-50.12057876586914,0.0,16.125,0.019754214212298393,3,0,19.75,19.75,21.0,4.5,18.5625,0.0,0,0,0,0
random_layer_matched,corrupt,ablate,v5_granite_3p3_8b_215,154,15.1875,0.022906580939888954,-3.3125,-3.7531814575195312,4,0,0.0,0.0,0.0,0.0,-46.91476058959961,0.0,15.1875,0.022906580939888954,4,0,18.5,18.5,18.625,2.25,16.90625,0.0,0,0,0,0
random_layer_matched,corrupt,ablate,v5_granite_3p3_8b_221,160,14.8125,0.010231156833469868,-4.0625,-4.572057723999023,3,0,0.0,0.0,0.0,0.0,-48.504791259765625,0.0,14.8125,0.010231156833469868,3,0,18.875,18.875,20.125,3.75,17.46875,0.0,0,0,0,0
random_layer_matched,corrupt,ablate,v5_granite_3p3_8b_224,163,14.5,0.009715058840811253,-4.0,-4.624338150024414,3,0,0.0,0.0,0.0,0.0,-47.04452896118164,0.0,14.5,0.009715058840811253,3,0,18.5,18.5,19.375,2.125,16.9375,0.0,0,0,0,0
random_layer_matched,corrupt,ablate,v5_granite_3p3_8b_255,194,15.9375,0.06808141618967056,-2.1875,-2.6165618896484375,3,0,0.0,0.0,0.0,0.0,-38.14023971557617,0.0,15.9375,0.06808141618967056,3,0,18.125,18.125,20.125,3.625,18.03125,0.0,0,0,0,0
random_layer_matched,corrupt,ablate,v5_granite_3p3_8b_258,197,14.6875,0.010305184870958328,-3.8125,-4.564775466918945,3,0,0.0,0.0,0.0,0.0,-44.48316192626953,0.0,14.6875,0.010305184870958328,3,0,18.5,18.5,20.0,3.625,17.34375,0.0,0,0,0,0
random_layer_matched,corrupt,ablate,v5_granite_3p3_8b_042,19,14.75,0.0108497878536582,-3.875,-4.512722015380859,3,0,0.0,0.0,0.0,0.0,-44.55854034423828,0.0,14.75,0.0108497878536582,3,0,18.625,18.625,18.875,1.625,16.8125,0.0,0,0,0,0
random_layer_matched,corrupt,ablate,v5_granite_3p3_8b_154,101,15.875,0.03440384194254875,-2.625,-3.334596633911133,3,0,0.0,0.0,0.0,0.0,-47.09950256347656,0.0,15.875,0.03440384194254875,3,0,18.5,18.5,21.0,4.875,18.4375,0.0,0,0,0,0
random_layer_matched,corrupt,ablate,v5_granite_3p3_8b_172,119,15.0625,0.006772744935005903,-4.5625,-4.988071441650391,4,0,0.0,0.0,0.0,0.0,-48.803531646728516,0.0,15.0625,0.006772744935005903,4,0,19.625,19.625,20.5,4.0,17.78125,0.0,0,0,0,0
random_layer_matched,corrupt,ablate,v5_granite_3p3_8b_175,122,15.125,0.0052598402835428715,-4.875,-5.242397308349609,3,0,0.0,0.0,0.0,0.0,-48.99491500854492,0.0,15.125,0.0052598402835428715,3,0,20.0,20.0,20.75,4.25,17.9375,0.0,0,0,0,0
random_layer_matched,corrupt,ablate,v5_granite_3p3_8b_188,135,15.125,0.007797833066433668,-4.5,-4.846099853515625,4,0,0.0,0.0,0.0,0.0,-48.369171142578125,0.0,15.125,0.007797833066433668,4,0,19.625,19.625,20.75,4.5,17.9375,0.0,0,0,0,0
random_layer_matched,corrupt,ablate,v5_granite_3p3_8b_238,177,14.75,0.010283302515745163,-4.0,-4.566921234130859,4,0,0.0,0.0,0.0,0.0,-49.53474807739258,0.0,14.75,0.010283302515745163,4,0,18.75,18.75,20.5,3.125,17.625,0.0,0,0,0,0
random_layer_matched,corrupt,ablate,v5_granite_3p3_8b_276,215,15.0625,0.0026612230576574802,-5.5625,-5.92631721496582,5,0,0.0,0.0,0.0,0.0,-51.20662307739258,0.0,15.0625,0.0026612230576574802,5,0,20.625,20.625,18.375,2.25,16.71875,0.0,0,0,0,0
random_layer_matched,corrupt,ablate,v5_granite_3p3_8b_061,38,16.0,0.06725725531578064,-2.25,-2.6296310424804688,3,0,0.0,0.0,0.0,0.0,-48.03183364868164,0.0,16.0,0.06725725531578064,3,0,18.25,18.25,18.0,1.875,17.0,0.0,0,0,0,0
random_layer_matched,corrupt,ablate,v5_granite_3p3_8b_075,52,15.4375,0.04195210337638855,-2.6875,-3.1283931732177734,3,0,0.0,0.0,0.0,0.0,-46.408531188964844,0.0,15.4375,0.04195210337638855,3,0,18.125,18.125,17.625,1.375,16.53125,0.0,0,0,0,0
random_layer_matched,corrupt,ablate,v5_granite_3p3_8b_158,105,15.9375,0.09202960878610611,-1.6875,-2.2891197204589844,3,0,0.0,0.0,0.0,0.0,-41.81153869628906,0.0,15.9375,0.09202960878610611,3,0,17.625,17.625,20.625,4.25,18.28125,0.0,0,0,0,0
random_layer_matched,corrupt,ablate,v5_granite_3p3_8b_198,145,14.125,0.0023518630769103765,-5.625,-6.050209045410156,9,0,0.0,0.0,0.0,0.0,-51.8560905456543,0.0,14.125,0.0023518630769103765,9,0,19.75,19.75,20.375,3.75,17.25,0.0,0,0,0,0
random_layer_matched,corrupt,ablate,v5_granite_3p3_8b_242,181,15.3125,0.02431168034672737,-3.0625,-3.692211151123047,3,0,0.0,0.0,0.0,0.0,-44.55644607543945,0.0,15.3125,0.02431168034672737,3,0,18.375,18.375,19.625,2.75,17.46875,0.0,0,0,0,0
random_layer_matched,corrupt,ablate,v5_granite_3p3_8b_261,200,16.75,0.18122784793376923,-1.0,-1.5080642700195312,3,0,0.0,0.0,0.0,0.0,-38.2204704284668,0.0,16.75,0.18122784793376923,3,0,17.75,17.75,20.75,4.625,18.75,0.0,0,0,0,0
random_layer_matched,corrupt,ablate,v5_granite_3p3_8b_278,217,15.375,0.008579961024224758,-4.25,-4.749731063842773,3,0,0.0,0.0,0.0,0.0,-48.641502380371094,0.0,15.375,0.008579961024224758,3,0,19.625,19.625,19.125,2.875,17.25,0.0,0,0,0,0
random_layer_matched,corrupt,ablate,v5_granite_3p3_8b_024,1,15.625,0.04125102609395981,-2.625,-3.1459789276123047,3,0,0.0,0.0,0.0,0.0,-44.06132507324219,0.0,15.625,0.04125102609395981,3,0,18.25,18.25,18.625,2.75,17.125,0.0,0,0,0,0
random_layer_matched,corrupt,ablate,v5_granite_3p3_8b_067,44,15.875,0.0950024202466011,-1.5,-2.2540531158447266,3,0,0.0,0.0,0.0,0.0,-45.6299934387207,0.0,15.875,0.0950024202466011,3,0,17.375,17.375,18.5,2.625,17.1875,0.0,0,0,0,0
random_layer_matched,corrupt,ablate,v5_granite_3p3_8b_087,64,16.125,0.07911437749862671,-1.875,-2.4544639587402344,3,0,0.0,0.0,0.0,0.0,-46.04764175415039,0.0,16.125,0.07911437749862671,3,0,18.0,18.0,19.375,3.125,17.75,0.0,0,0,0,0
random_layer_matched,corrupt,ablate,v5_granite_3p3_8b_089,66,16.125,0.1095014289021492,-1.5,-2.0958614349365234,3,0,0.0,0.0,0.0,0.0,-42.03396987915039,0.0,16.125,0.1095014289021492,3,0,17.625,17.625,18.0,2.0,17.0625,0.0,0,0,0,0
random_layer_matched,corrupt,ablate,v5_granite_3p3_8b_171,118,15.375,0.00783824548125267,-4.5,-4.840890884399414,3,0,0.0,0.0,0.0,0.0,-50.698936462402344,0.0,15.375,0.00783824548125267,3,0,19.875,19.875,20.625,4.375,18.0,0.0,0,0,0,0
random_layer_matched,corrupt,ablate,v5_granite_3p3_8b_181,128,15.375,0.009997142478823662,-4.25,-4.595428466796875,3,0,0.0,0.0,0.0,0.0,-49.619544982910156,0.0,15.375,0.009997142478823662,3,0,19.625,19.625,20.375,3.875,17.875,0.0,0,0,0,0
random_layer_matched,corrupt,ablate,v5_granite_3p3_8b_234,173,16.0,0.08952846378087997,-1.875,-2.3194236755371094,3,0,0.0,0.0,0.0,0.0,-44.124473571777344,0.0,16.0,0.08952846378087997,3,0,17.875,17.875,20.125,4.3125,18.0625,0.0,0,0,0,0
random_layer_matched,corrupt,ablate,v5_granite_3p3_8b_245,184,15.1875,0.03635459765791893,-2.5625,-3.2774200439453125,3,0,0.0,0.0,0.0,0.0,-42.39921951293945,0.0,15.1875,0.03635459765791893,3,0,17.75,17.75,19.125,2.375,17.15625,0.0,0,0,0,0
random_layer_matched,corrupt,ablate,v5_granite_3p3_8b_036,13,15.25,0.02541305311024189,-3.25,-3.6467742919921875,3,0,0.0,0.0,0.0,0.0,-44.72083282470703,0.0,15.25,0.02541305311024189,3,0,18.5,18.5,17.875,1.625,16.5625,0.0,0,0,0,0
random_layer_matched,corrupt,ablate,v5_granite_3p3_8b_074,51,15.125,0.032861657440662384,-2.625,-3.382061004638672,3,0,0.0,0.0,0.0,0.0,-46.443145751953125,0.0,15.125,0.032861657440662384,3,0,17.75,17.75,17.5,1.375,16.3125,0.0,0,0,0,0
random_layer_matched,corrupt,ablate,v5_granite_3p3_8b_152,99,15.1875,0.01665203645825386,-3.4375,-4.078454971313477,4,0,0.0,0.0,0.0,0.0,-47.35862731933594,0.0,15.1875,0.01665203645825386,4,0,18.625,18.625,20.125,4.1875,17.65625,0.0,0,0,0,0
random_layer_matched,corrupt,ablate,v5_granite_3p3_8b_267,206,15.1875,0.047603823244571686,-2.4375,-2.9960899353027344,3,0,0.0,0.0,0.0,0.0,-39.9373779296875,0.0,15.1875,0.047603823244571686,3,0,17.625,17.625,20.0,3.25,17.59375,0.0,0,0,0,0
random_layer_matched,corrupt,ablate,v5_granite_3p3_8b_250,189,15.25,0.0450863242149353,-2.5,-3.0530643463134766,3,0,0.0,0.0,0.0,0.0,-40.468990325927734,0.0,15.25,0.0450863242149353,3,0,17.75,17.75,19.25,2.875,17.25,0.0,0,0,0,0
random_layer_matched,corrupt,ablate,v5_granite_3p3_8b_251,190,15.1875,0.06095749884843826,-2.0625,-2.734701156616211,3,0,0.0,0.0,0.0,0.0,-41.86906051635742,0.0,15.1875,0.06095749884843826,3,0,17.25,17.25,20.25,4.0,17.71875,0.0,0,0,0,0
random_layer_matched,corrupt,ablate,v5_granite_3p3_8b_274,213,14.8125,0.0033851186744868755,-5.3125,-5.684989929199219,5,0,0.0,0.0,0.0,0.0,-49.926239013671875,0.0,14.8125,0.0033851186744868755,5,0,20.125,20.125,19.125,3.125,16.96875,0.0,0,0,0,0
random_layer_matched,corrupt,ablate,v5_granite_3p3_8b_025,2,15.1875,0.020446864888072014,-3.1875,-3.8692874908447266,3,0,0.0,0.0,0.0,0.0,-43.37796401977539,0.0,15.1875,0.020446864888072014,3,0,18.375,18.375,18.625,2.25,16.90625,0.0,0,0,0,0
random_layer_matched,corrupt,ablate,v5_granite_3p3_8b_099,76,16.375,0.17130312323570251,-1.0,-1.5764331817626953,3,0,0.0,0.0,0.0,0.0,-37.657470703125,0.0,16.375,0.17130312323570251,3,0,17.375,17.375,19.375,2.25,17.875,0.0,0,0,0,0
random_layer_matched,corrupt,ablate,v5_granite_3p3_8b_164,111,16.375,0.10333330929279327,-1.625,-2.160745620727539,3,0,0.0,0.0,0.0,0.0,-42.12043380737305,0.0,16.375,0.10333330929279327,3,0,18.0,18.0,20.5,4.5,18.4375,0.0,0,0,0,0
random_layer_matched,corrupt,ablate,v5_granite_3p3_8b_285,224,15.6875,0.01292505580931902,-4.0625,-4.335599899291992,4,0,0.0,0.0,0.0,0.0,-47.05141067504883,0.0,15.6875,0.01292505580931902,4,0,19.75,19.75,20.625,4.0,18.15625,0.0,0,0,0,0
random_layer_matched,corrupt,ablate,v5_granite_3p3_8b_059,36,16.5,0.10225655138492584,-1.875,-2.172426223754883,3,0,0.0,0.0,0.0,0.0,-43.117767333984375,0.0,16.5,0.10225655138492584,3,0,18.375,18.375,18.25,1.875,17.375,0.0,0,0,0,0
random_layer_matched,corrupt,ablate,v5_granite_3p3_8b_199,146,15.0625,0.00867622159421444,-4.3125,-4.738475799560547,4,0,0.0,0.0,0.0,0.0,-48.659027099609375,0.0,15.0625,0.00867622159421444,4,0,19.375,19.375,20.5,4.75,17.78125,0.0,0,0,0,0
random_layer_matched,corrupt,ablate,v5_granite_3p3_8b_294,233,15.6875,0.012799699790775776,-4.0625,-4.34547233581543,3,0,0.0,0.0,0.0,0.0,-49.52933120727539,0.0,15.6875,0.012799699790775776,3,0,19.75,19.75,20.75,4.25,18.21875,0.0,0,0,0,0
random_layer_matched,corrupt,ablate,v5_granite_3p3_8b_096,73,15.9375,0.07873205095529556,-1.9375,-2.4597244262695312,3,0,-0.4375,-0.04629344493150711,-0.5625,-0.5140266418457031,-43.448486328125,-0.17837142944335938,16.375,0.12502549588680267,3,0,17.75,17.875,19.625,2.875,18.0,-0.1346153846153846,0,0,0,0
random_layer_matched,corrupt,ablate,v5_granite_3p3_8b_043,20,16.0,0.040108975023031235,-2.625,-3.175241470336914,3,0,-0.125,0.0029082298278808594,0.125,0.07829856872558594,-45.85346984863281,-0.07966232299804688,16.125,0.037200745195150375,3,0,18.875,18.625,19.375,2.125,17.75,-0.038461538461538464,0,0,0,0
random_layer_matched,corrupt,ablate,v5_granite_3p3_8b_178,125,15.3125,0.006142521742731333,-4.8125,-5.08637809753418,3,0,0.3125,0.0025337953120470047,0.5625,0.5344219207763672,-49.96569061279297,-0.007511138916015625,15.0,0.003608726430684328,4,0,20.375,20.125,20.5,3.875,17.75,0.056818181818181816,0,0,0,0
random_layer_matched,corrupt,ablate,v5_granite_3p3_8b_070,47,15.75,0.04502827674150467,-2.625,-3.054410934448242,3,0,-0.5,-0.03846624493598938,-0.75,-0.6586017608642578,-45.15904998779297,-0.24913787841796875,16.25,0.08349452167749405,3,0,18.125,18.375,18.25,1.75,17.25,-0.25,0,0,0,0
random_layer_matched,corrupt,ablate,v5_granite_3p3_8b_214,153,14.0625,0.005551906768232584,-4.4375,-5.188072204589844,5,0,-0.125,-0.0010914085432887077,-0.125,-0.180572509765625,-49.433685302734375,-0.49044036865234375,14.1875,0.006643315311521292,5,0,18.5,18.5,19.5,2.25,16.84375,-0.023529411764705882,0,0,0,0
random_layer_matched,corrupt,ablate,v5_granite_3p3_8b_228,167,16.625,0.10526412725448608,-1.75,-2.14007568359375,3,0,0.5,0.04401874914765358,0.625,0.5896129608154297,-44.49180603027344,0.08874893188476562,16.125,0.061245378106832504,3,0,18.5,18.375,20.125,3.75,18.125,0.125,0,0,0,0
random_layer_matched,corrupt,ablate,v5_granite_3p3_8b_062,39,15.9375,0.07082017511129379,-1.8125,-2.5741825103759766,3,0,0.375,0.02648084983229637,0.5,0.49637603759765625,-43.88787078857422,0.5068778991699219,15.5625,0.04433932527899742,3,0,17.875,17.75,19.25,2.75,17.40625,0.1016949152542373,0,0,0,0
random_layer_matched,corrupt,ablate,v5_granite_3p3_8b_098,75,16.375,0.1355161815881729,-1.375,-1.8530559539794922,3,0,0.0,-0.0030100643634796143,0.0,-0.025457382202148438,-34.7667121887207,0.3840522766113281,16.375,0.13852624595165253,3,0,17.75,17.75,18.875,2.0,17.625,0.0,0,0,0,0
random_layer_matched,corrupt,ablate,v5_granite_3p3_8b_291,230,16.375,0.0332389697432518,-3.125,-3.370248794555664,3,0,0.0,-0.0006973966956138611,0.0,-0.021486282348632812,-45.6435432434082,0.07457351684570312,16.375,0.03393636643886566,3,0,19.5,19.5,20.875,5.125,18.625,0.0,0,0,0,0
random_layer_matched,corrupt,ablate,v5_granite_3p3_8b_034,11,15.125,0.01939150132238865,-3.375,-3.923360824584961,3,0,-0.125,-0.00398760661482811,-0.25,-0.1910858154296875,-42.93620681762695,-0.36383819580078125,15.25,0.02337910793721676,3,0,18.375,18.5,17.75,1.125,16.5,-0.05,0,0,0,0
random_layer_matched,corrupt,ablate,v5_granite_3p3_8b_142,89,14.3125,0.009157726541161537,-4.0625,-4.683980941772461,4,0,0.0,-2.1700747311115265e-05,0.0,-0.0023860931396484375,-41.521812438964844,0.11104583740234375,14.3125,0.009179427288472652,4,0,18.375,18.375,19.875,3.625,17.09375,0.0,0,0,0,0
random_layer_matched,corrupt,ablate,v5_granite_3p3_8b_137,84,14.75,0.009042546153068542,-4.125,-4.696754455566406,4,0,0.0625,-0.0012236172333359718,-0.1875,-0.12815093994140625,-45.28224563598633,-0.4800834655761719,14.6875,0.010266163386404514,4,0,18.625,18.875,19.625,3.625,17.15625,0.012658227848101266,0,0,0,0
random_layer_matched,corrupt,ablate,v5_granite_3p3_8b_156,103,16.0,0.07662390172481537,-1.875,-2.489147186279297,3,0,0.3125,0.02344822883605957,0.4375,0.39038658142089844,-39.226741790771484,-0.11042404174804688,15.6875,0.0531756728887558,3,0,18.0,17.875,20.125,4.25,17.90625,0.07042253521126761,0,0,0,0
random_layer_matched,corrupt,ablate,v5_granite_3p3_8b_231,170,14.5625,0.01229086983948946,-3.8125,-4.386554718017578,3,0,0.125,0.0026691602542996407,0.25,0.24753189086914062,-46.681800842285156,0.3158607482910156,14.4375,0.00962170958518982,3,0,18.5,18.375,19.75,3.75,17.09375,0.023529411764705882,0,0,0,0
random_layer_matched,corrupt,ablate,v5_granite_3p3_8b_268,207,14.625,0.019475331529974937,-3.25,-3.9189605712890625,3,0,0.25,0.005901504307985306,0.375,0.3670063018798828,-44.421356201171875,0.19662094116210938,14.375,0.013573827221989632,3,0,18.0,17.875,20.375,4.125,17.375,0.041666666666666664,0,0,0,0
random_layer_matched,corrupt,ablate,v5_granite_3p3_8b_182,129,15.4375,0.008852783590555191,-4.4375,-4.71815299987793,4,0,-0.125,-0.0014387210831046104,-0.125,-0.15203857421875,-44.66898727416992,0.6646156311035156,15.5625,0.010291504673659801,3,0,19.875,19.875,20.375,4.25,17.96875,-0.025974025974025976,0,0,0,0
random_layer_matched,corrupt,ablate,v5_granite_3p3_8b_195,142,15.1875,0.0075718979351222515,-4.5625,-4.875732421875,3,0,0.0625,0.001840192824602127,0.3125,0.28028106689453125,-47.325721740722656,-0.5220756530761719,15.125,0.0057317051105201244,4,0,20.0,19.75,19.125,3.3125,17.125,0.015625,0,0,0,0
random_layer_matched,corrupt,ablate,v5_granite_3p3_8b_092,69,15.9375,0.07650209218263626,-1.9375,-2.4908695220947266,3,0,0.0,0.0030222535133361816,0.0,0.043575286865234375,-42.680416107177734,-0.0721282958984375,15.9375,0.07347983866930008,3,0,17.875,17.875,18.0,1.5,16.96875,0.0,0,0,0,0
random_layer_matched,corrupt,ablate,v5_granite_3p3_8b_131,78,14.9375,0.013385520316660404,-3.6875,-4.300127029418945,3,0,-0.25,-0.005994844250380993,-0.375,-0.37618064880371094,-44.390201568603516,0.18037796020507812,15.1875,0.019380364567041397,3,0,18.5,18.625,20.5,4.6875,17.84375,-0.047058823529411764,0,0,0,0
random_layer_matched,corrupt,ablate,v5_granite_3p3_8b_079,56,15.6875,0.06614869087934494,-2.3125,-2.6474342346191406,3,0,-0.0625,0.005556374788284302,0.0625,0.09366798400878906,-46.36663055419922,-0.10877609252929688,15.75,0.06059231609106064,3,0,18.125,18.0,19.375,2.625,17.5625,-0.017241379310344827,0,0,0,0
random_layer_matched,corrupt,ablate,v5_granite_3p3_8b_082,59,15.8125,0.09930463880300522,-1.5625,-2.2049903869628906,3,0,0.0625,0.004827186465263367,-0.0625,0.05518341064453125,-43.61365509033203,0.2765045166015625,15.75,0.09447745233774185,3,0,17.25,17.375,19.0,2.5,17.375,0.019230769230769232,0,0,0,0
random_layer_matched,corrupt,ablate,v5_granite_3p3_8b_136,83,16.0,0.0382218174636364,-2.875,-3.225400924682617,3,0,0.0,0.004098046571016312,0.125,0.11766242980957031,-44.34465408325195,-0.23197174072265625,16.0,0.03412377089262009,3,0,19.0,18.875,20.375,4.25,18.1875,0.0,0,0,0,0
random_layer_matched,corrupt,ablate,v5_granite_3p3_8b_218,157,15.75,0.06431388854980469,-2.125,-2.6775283813476562,3,0,-0.0625,-0.008756376802921295,-0.1875,-0.1370525360107422,-44.35478973388672,-0.019466400146484375,15.8125,0.07307026535272598,3,0,17.75,17.875,19.875,3.75,17.84375,-0.015384615384615385,0,0,0,0
random_layer_matched,corrupt,ablate,v5_granite_3p3_8b_163,110,15.375,0.0425812229514122,-2.5,-3.1128482818603516,3,0,-0.125,-0.0057416148483753204,-0.125,-0.13250732421875,-43.885276794433594,0.12910842895507812,15.5,0.04832283779978752,3,0,17.875,17.875,20.375,3.75,17.9375,-0.02564102564102564,0,0,0,0
random_layer_matched,corrupt,ablate,v5_granite_3p3_8b_237,176,14.375,0.01026944164186716,-4.125,-4.568279266357422,3,0,-0.125,-0.00135792326182127,-0.125,-0.12556076049804688,-46.25960922241211,-0.001483917236328125,14.5,0.01162736490368843,3,0,18.5,18.5,19.375,2.875,16.9375,-0.02564102564102564,0,0,0,0
random_layer_matched,corrupt,ablate,v5_granite_3p3_8b_030,7,15.4375,0.02075895480811596,-3.3125,-3.8538246154785156,3,0,-0.125,-0.005676146596670151,-0.25,-0.247528076171875,-41.195716857910156,-0.09537887573242188,15.5625,0.02643510140478611,3,0,18.625,18.75,18.375,1.75,16.96875,-0.044444444444444446,0,0,0,0
random_layer_matched,corrupt,ablate,v5_granite_3p3_8b_187,134,15.375,0.007250519935041666,-4.75,-4.919422149658203,4,0,-0.1875,-0.0027755466289818287,-0.3125,-0.32691383361816406,-49.64741134643555,-0.1012420654296875,15.5625,0.010026066564023495,3,0,20.0,20.125,20.5,4.375,18.03125,-0.0379746835443038,0,0,0,0
random_layer_matched,corrupt,ablate,v5_granite_3p3_8b_289,228,15.8125,0.010620961897075176,-4.3125,-4.534263610839844,4,0,0.0625,0.0017861127853393555,0.1875,0.1859283447265625,-49.96400451660156,0.09418106079101562,15.75,0.00883484911173582,4,0,20.25,20.125,20.5,3.75,18.125,0.013157894736842105,0,0,0,0
random_layer_matched,corrupt,ablate,v5_granite_3p3_8b_147,94,16.0,0.038647010922431946,-2.625,-3.2138938903808594,3,0,0.0,0.0001529194414615631,0.0,0.004123687744140625,-47.54945373535156,-0.13917160034179688,16.0,0.03849409148097038,3,0,18.625,18.625,20.875,5.1875,18.4375,0.0,0,0,0,0
random_layer_matched,corrupt,ablate,v5_granite_3p3_8b_150,97,15.875,0.04499657452106476,-2.625,-3.0551490783691406,3,0,0.125,0.005575358867645264,0.125,0.13810157775878906,-38.67488479614258,0.5577659606933594,15.75,0.039421215653419495,3,0,18.5,18.5,20.875,5.0625,18.3125,0.024390243902439025,0,0,0,0
random_layer_matched,corrupt,ablate,v5_granite_3p3_8b_176,123,16.375,0.03362938389182091,-3.125,-3.3581676483154297,3,0,0.25,0.01246291771531105,0.5,0.4757957458496094,-48.42976379394531,0.7117996215820312,16.125,0.021166466176509857,3,0,19.75,19.5,21.0,5.4375,18.5625,0.05128205128205128,0,0,0,0
random_layer_matched,corrupt,ablate,v5_granite_3p3_8b_269,208,15.0,0.030419085174798965,-2.875,-3.4618167877197266,3,0,-0.3125,-0.015912264585494995,-0.4375,-0.4372978210449219,-43.392452239990234,0.0865478515625,15.3125,0.04633134976029396,3,0,17.75,17.875,20.125,2.875,17.71875,-0.06493506493506493,0,0,0,0
random_layer_matched,corrupt,ablate,v5_granite_3p3_8b_026,3,15.25,0.02099628932774067,-3.125,-3.8422088623046875,3,0,-0.25,-0.009189663454890251,-0.375,-0.37246131896972656,-43.366554260253906,-0.17209243774414062,15.5,0.03018595278263092,3,0,18.25,18.375,18.0,2.0625,16.75,-0.1,0,0,0,0
random_layer_matched,corrupt,ablate,v5_granite_3p3_8b_252,191,15.1875,0.024116555228829384,-3.0625,-3.7004661560058594,3,0,-0.1875,-0.008315706625580788,-0.3125,-0.3048133850097656,-45.08293533325195,-0.5980148315429688,15.375,0.03243226185441017,3,0,18.125,18.25,19.625,2.125,17.5,-0.04411764705882353,0,0,0,0
random_layer_matched,corrupt,ablate,v5_granite_3p3_8b_273,212,15.4375,0.00820649042725563,-4.6875,-4.794605255126953,4,0,-0.125,-0.0010857321321964264,-0.125,-0.1253490447998047,-43.53348922729492,-0.009548187255859375,15.5625,0.009292222559452057,4,0,20.125,20.125,20.125,2.75,17.84375,-0.0273972602739726,0,0,0,0
random_layer_matched,corrupt,ablate,v5_granite_3p3_8b_256,195,15.25,0.04262755066156387,-2.375,-3.1117095947265625,3,0,0.1875,0.009206831455230713,0.3125,0.2528972625732422,-42.858699798583984,0.05469512939453125,15.0625,0.03342071920633316,3,0,17.75,17.625,20.375,3.5,17.71875,0.03529411764705882,0,0,0,0
random_layer_matched,corrupt,ablate,v5_granite_3p3_8b_275,214,14.8125,0.0041075339540839195,-5.1875,-5.490835189819336,4,0,-0.125,-0.001153718214482069,-0.25,-0.2487049102783203,-48.76216506958008,0.19950485229492188,14.9375,0.0052612521685659885,4,0,19.875,20.0,19.75,3.0,17.34375,-0.025974025974025976,0,0,0,0
random_layer_matched,corrupt,ablate,v5_granite_3p3_8b_033,10,15.0625,0.017389245331287384,-3.4375,-4.034381866455078,4,0,0.125,0.001963316462934017,0.125,0.12179946899414062,-47.504173278808594,-0.34560394287109375,14.9375,0.015425928868353367,4,0,18.5,18.5,17.5,1.125,16.21875,0.04878048780487805,0,0,0,0
random_layer_matched,corrupt,ablate,v5_granite_3p3_8b_045,22,15.0625,0.018377339467406273,-3.3125,-3.978109359741211,4,0,0.3125,0.004922589287161827,0.3125,0.3167877197265625,-43.8265495300293,-0.244232177734375,14.75,0.013454750180244446,4,0,18.375,18.375,18.625,1.25,16.6875,0.08064516129032258,0,0,0,0
random_layer_matched,corrupt,ablate,v5_granite_3p3_8b_090,67,15.4375,0.03664878010749817,-2.5625,-3.2690563201904297,3,0,-0.1875,-0.01244598999619484,-0.3125,-0.3053779602050781,-43.715030670166016,-0.043781280517578125,15.625,0.04909477010369301,3,0,17.875,18.0,17.875,1.125,16.75,-0.08333333333333333,0,0,0,0
random_layer_matched,corrupt,ablate,v5_granite_3p3_8b_144,91,14.0,0.002765607088804245,-5.375,-5.887744903564453,9,0,0.0,0.0003117774613201618,0.125,0.11992263793945312,-48.76762008666992,0.26277923583984375,14.0,0.002453829627484083,9,0,19.5,19.375,18.75,1.875,16.375,0.0,0,0,0,0
random_layer_matched,corrupt,ablate,v5_granite_3p3_8b_253,192,13.9375,0.009318961761891842,-3.9375,-4.666362762451172,5,0,-0.1875,-0.0012256670743227005,-0.0625,-0.12480354309082031,-45.035247802734375,-0.22035598754882812,14.125,0.010544628836214542,4,0,18.0,17.875,20.0,3.0,17.0625,-0.031914893617021274,0,0,0,0
random_layer_matched,corrupt,ablate,v5_granite_3p3_8b_162,109,14.25,0.013856738805770874,-3.5,-4.265048980712891,5,0,0.125,0.002870018593966961,0.25,0.23499107360839844,-44.663429260253906,0.17081069946289062,14.125,0.010986720211803913,6,0,17.875,17.75,19.25,2.875,16.6875,0.024390243902439025,0,0,0,0
random_layer_matched,corrupt,ablate,v5_granite_3p3_8b_272,211,13.875,0.001078109722584486,-6.625,-6.831478118896484,7,0,0.3125,0.00030795676866546273,0.3125,0.3366832733154297,-49.27164840698242,0.07050323486328125,13.5625,0.0007701529539190233,10,0,20.5,20.5,19.125,1.625,16.34375,0.056179775280898875,0,0,0,0
random_layer_matched,corrupt,ablate,v5_granite_3p3_8b_193,140,14.1875,0.0026481621898710728,-5.5625,-5.931253433227539,9,0,0.0,0.0003106934018433094,0.125,0.1251087188720703,-47.827857971191406,0.3491363525390625,14.1875,0.0023374687880277634,9,0,19.875,19.75,19.75,3.125,16.96875,0.0,0,0,0,0
random_layer_matched,corrupt,ablate,v5_granite_3p3_8b_088,65,16.0,0.07557430863380432,-1.75,-2.5040721893310547,3,0,-0.25,-0.02505197376012802,-0.375,-0.3137645721435547,-36.85637283325195,-0.001689910888671875,16.25,0.10062628239393234,3,0,17.625,17.75,18.875,1.875,17.5625,-0.09523809523809523,0,0,0,0
random_layer_matched,corrupt,ablate,v5_granite_3p3_8b_280,219,15.0,0.003637176239863038,-5.375,-5.612916946411133,6,0,0.0625,0.0002938085235655308,0.0625,0.08452606201171875,-46.743160247802734,0.5829124450683594,14.9375,0.0033433677162975073,6,0,20.375,20.375,20.125,3.25,17.53125,0.012048192771084338,0,0,0,0
random_layer_matched,corrupt,ablate,v5_granite_3p3_8b_051,28,14.75,0.011914771981537342,-3.625,-4.418008804321289,6,0,-0.125,-0.004268062300980091,-0.375,-0.31049537658691406,-41.755958557128906,-0.068756103515625,14.875,0.016182834282517433,5,0,18.125,18.375,19.25,1.25,17.0625,-0.02857142857142857,0,0,0,0
random_layer_matched,corrupt,ablate,v5_granite_3p3_8b_140,87,14.5,0.012999277561903,-3.875,-4.329799652099609,3,0,0.0,0.0,0.0,0.0,-41.522727966308594,0.0,14.5,0.012999277561903,3,0,18.375,18.375,20.75,4.0,17.625,0.0,0,0,0,0
random_layer_matched,corrupt,ablate,v5_granite_3p3_8b_196,143,14.125,0.0025222450494766235,-5.625,-5.980096817016602,8,0,0.0,0.0,0.0,0.0,-45.06928634643555,0.0,14.125,0.0025222450494766235,8,0,19.75,19.75,20.0,3.375,17.0625,0.0,0,0,0,0
random_layer_matched,corrupt,ablate,v5_granite_3p3_8b_027,4,13.875,0.0022082296200096607,-5.375,-6.113372802734375,10,0,0.0,0.0,0.0,0.0,-47.41498947143555,0.0,13.875,0.0022082296200096607,10,0,19.25,19.25,17.5,0.75,15.6875,0.0,0,0,0,0
random_layer_matched,corrupt,ablate,v5_granite_3p3_8b_134,81,13.625,0.0011817074846476316,-6.25,-6.739627838134766,11,0,0.0,0.0,0.0,0.0,-44.17682647705078,0.0,13.625,0.0011817074846476316,11,0,19.875,19.875,19.5,2.125,16.5625,0.0,0,0,0,0
random_layer_matched,corrupt,ablate,v5_granite_3p3_8b_073,50,14.625,0.010799266397953033,-4.0,-4.51744270324707,3,0,0.0,0.0,0.0,0.0,-48.56159591674805,0.0,14.625,0.010799266397953033,3,0,18.625,18.625,18.125,1.0,16.375,0.0,0,0,0,0
random_layer_matched,corrupt,ablate,v5_granite_3p3_8b_286,225,14.25,0.001747463713400066,-5.875,-6.347856521606445,9,0,0.0,0.0,0.0,0.0,-50.4219970703125,0.0,14.25,0.001747463713400066,9,0,20.125,20.125,18.75,1.75,16.5,0.0,0,0,0,0
random_layer_matched,corrupt,ablate,v5_granite_3p3_8b_170,117,14.3125,0.0014599168207496405,-6.1875,-6.527929306030273,7,0,0.0,0.0,0.0,0.0,-50.96664810180664,0.0,14.3125,0.0014599168207496405,7,0,20.5,20.5,19.375,2.25,16.84375,0.0,0,0,0,0
random_layer_matched,corrupt,ablate,v5_granite_3p3_8b_262,201,14.3125,0.0066175805404782295,-4.4375,-5.011407852172852,7,0,0.0,0.0,0.0,0.0,-48.47212600708008,0.0,14.3125,0.0066175805404782295,7,0,18.75,18.75,19.375,1.75,16.84375,0.0,0,0,0,0
